source_file,reference_type,href,resolved_path,exists
OEBPS/text/article-001-commentary-2011-12-12-deggh2.xhtml,link,detailed-toc.xhtml,OEBPS/text/detailed-toc.xhtml,true
OEBPS/text/article-001-commentary-2011-12-12-deggh2.xhtml,link,detailed-toc.xhtml,OEBPS/text/detailed-toc.xhtml,true
OEBPS/text/article-002-essay-2012-09-16-1w3ulz.xhtml,link,detailed-toc.xhtml,OEBPS/text/detailed-toc.xhtml,true
OEBPS/text/article-002-essay-2012-09-16-1w3ulz.xhtml,link,detailed-toc.xhtml,OEBPS/text/detailed-toc.xhtml,true
OEBPS/text/article-003-essay-2013-08-13-1u7u3gz.xhtml,link,detailed-toc.xhtml,OEBPS/text/detailed-toc.xhtml,true
OEBPS/text/article-003-essay-2013-08-13-1u7u3gz.xhtml,link,detailed-toc.xhtml,OEBPS/text/detailed-toc.xhtml,true
OEBPS/text/article-004-essay-2018-07-10-2r7slu.xhtml,link,detailed-toc.xhtml,OEBPS/text/detailed-toc.xhtml,true
OEBPS/text/article-004-essay-2018-07-10-2r7slu.xhtml,link,detailed-toc.xhtml,OEBPS/text/detailed-toc.xhtml,true
OEBPS/text/article-005-essay-undated-gaozhong-life.xhtml,link,detailed-toc.xhtml,OEBPS/text/detailed-toc.xhtml,true
OEBPS/text/article-005-essay-undated-gaozhong-life.xhtml,link,detailed-toc.xhtml,OEBPS/text/detailed-toc.xhtml,true
OEBPS/text/article-006-essay-2018-07-26-1tkzb2j.xhtml,link,detailed-toc.xhtml,OEBPS/text/detailed-toc.xhtml,true
OEBPS/text/article-006-essay-2018-07-26-1tkzb2j.xhtml,link,detailed-toc.xhtml,OEBPS/text/detailed-toc.xhtml,true
OEBPS/text/article-007-essay-2020-12-18-ffqqho.xhtml,link,detailed-toc.xhtml,OEBPS/text/detailed-toc.xhtml,true
OEBPS/text/article-007-essay-2020-12-18-ffqqho.xhtml,link,detailed-toc.xhtml,OEBPS/text/detailed-toc.xhtml,true
OEBPS/text/article-008-essay-2021-10-01-14j3a6w.xhtml,link,detailed-toc.xhtml,OEBPS/text/detailed-toc.xhtml,true
OEBPS/text/article-008-essay-2021-10-01-14j3a6w.xhtml,link,detailed-toc.xhtml,OEBPS/text/detailed-toc.xhtml,true
OEBPS/text/article-009-essay-2021-10-11-13nbyr5.xhtml,link,detailed-toc.xhtml,OEBPS/text/detailed-toc.xhtml,true
OEBPS/text/article-009-essay-2021-10-11-13nbyr5.xhtml,link,detailed-toc.xhtml,OEBPS/text/detailed-toc.xhtml,true
OEBPS/text/article-010-essay-2022-07-22-1qni7fh.xhtml,link,detailed-toc.xhtml,OEBPS/text/detailed-toc.xhtml,true
OEBPS/text/article-010-essay-2022-07-22-1qni7fh.xhtml,link,detailed-toc.xhtml,OEBPS/text/detailed-toc.xhtml,true
OEBPS/text/article-011-essay-2024-02-18-1ifohxo.xhtml,link,detailed-toc.xhtml,OEBPS/text/detailed-toc.xhtml,true
OEBPS/text/article-011-essay-2024-02-18-1ifohxo.xhtml,link,detailed-toc.xhtml,OEBPS/text/detailed-toc.xhtml,true
OEBPS/text/article-012-commentary-undated-12935ru.xhtml,link,detailed-toc.xhtml,OEBPS/text/detailed-toc.xhtml,true
OEBPS/text/article-012-commentary-undated-12935ru.xhtml,link,detailed-toc.xhtml,OEBPS/text/detailed-toc.xhtml,true
OEBPS/text/article-013-analysis-2009-09-09-cf40-193.xhtml,image,../images/p8gzpg-001_08a951c72c-84bf32c1-f2b77a4e.jpg,OEBPS/images/p8gzpg-001_08a951c72c-84bf32c1-f2b77a4e.jpg,true
OEBPS/text/article-013-analysis-2009-09-09-cf40-193.xhtml,image,../images/143s4fk-002_0df381c6b9-bf38be17-fa9189aa.jpg,OEBPS/images/143s4fk-002_0df381c6b9-bf38be17-fa9189aa.jpg,true
OEBPS/text/article-013-analysis-2009-09-09-cf40-193.xhtml,image,../images/h3t16o-003_396e95d2c7-69f352eb-4058265e.jpg,OEBPS/images/h3t16o-003_396e95d2c7-69f352eb-4058265e.jpg,true
OEBPS/text/article-013-analysis-2009-09-09-cf40-193.xhtml,image,../images/1xpm73x-004_f5ae8566f1-87d61256-e1644962.jpg,OEBPS/images/1xpm73x-004_f5ae8566f1-87d61256-e1644962.jpg,true
OEBPS/text/article-013-analysis-2009-09-09-cf40-193.xhtml,image,../images/1wyw0u7-005_f2292b2cb2-3be2efa7-416b94ec.jpg,OEBPS/images/1wyw0u7-005_f2292b2cb2-3be2efa7-416b94ec.jpg,true
OEBPS/text/article-013-analysis-2009-09-09-cf40-193.xhtml,link,detailed-toc.xhtml,OEBPS/text/detailed-toc.xhtml,true
OEBPS/text/article-013-analysis-2009-09-09-cf40-193.xhtml,link,detailed-toc.xhtml,OEBPS/text/detailed-toc.xhtml,true
OEBPS/text/article-014-representative-2010-10-12-1b8qs6i.xhtml,link,detailed-toc.xhtml,OEBPS/text/detailed-toc.xhtml,true
OEBPS/text/article-014-representative-2010-10-12-1b8qs6i.xhtml,link,detailed-toc.xhtml,OEBPS/text/detailed-toc.xhtml,true
OEBPS/text/article-015-representative-2011-04-27-e2sypg.xhtml,link,detailed-toc.xhtml,OEBPS/text/detailed-toc.xhtml,true
OEBPS/text/article-015-representative-2011-04-27-e2sypg.xhtml,link,detailed-toc.xhtml,OEBPS/text/detailed-toc.xhtml,true
OEBPS/text/article-016-analysis-2011-11-25-z31s07.xhtml,link,detailed-toc.xhtml,OEBPS/text/detailed-toc.xhtml,true
OEBPS/text/article-016-analysis-2011-11-25-z31s07.xhtml,link,detailed-toc.xhtml,OEBPS/text/detailed-toc.xhtml,true
OEBPS/text/article-017-analysis-2012-12-30-1fltqdh.xhtml,link,detailed-toc.xhtml,OEBPS/text/detailed-toc.xhtml,true
OEBPS/text/article-017-analysis-2012-12-30-1fltqdh.xhtml,link,detailed-toc.xhtml,OEBPS/text/detailed-toc.xhtml,true
OEBPS/text/article-018-analysis-2013-10-26-cf40-1458.xhtml,image,../images/z8pbll-001_b643bbd29c-01928a18-6f0b0b95.jpg,OEBPS/images/z8pbll-001_b643bbd29c-01928a18-6f0b0b95.jpg,true
OEBPS/text/article-018-analysis-2013-10-26-cf40-1458.xhtml,image,../images/1pufd06-002_e750b1225b-7f9bce2a-9a7e76ed.jpg,OEBPS/images/1pufd06-002_e750b1225b-7f9bce2a-9a7e76ed.jpg,true
OEBPS/text/article-018-analysis-2013-10-26-cf40-1458.xhtml,image,../images/co3w75-003_25d510247c-c727e8ec-0637a88c.jpg,OEBPS/images/co3w75-003_25d510247c-c727e8ec-0637a88c.jpg,true
OEBPS/text/article-018-analysis-2013-10-26-cf40-1458.xhtml,image,../images/1ijhzvh-004_bb7370786d-71f19fb1-e7d03955.jpg,OEBPS/images/1ijhzvh-004_bb7370786d-71f19fb1-e7d03955.jpg,true
OEBPS/text/article-018-analysis-2013-10-26-cf40-1458.xhtml,image,../images/ehz1vu-005_e7a7213194-734657ab-012ac7fa.jpg,OEBPS/images/ehz1vu-005_e7a7213194-734657ab-012ac7fa.jpg,true
OEBPS/text/article-018-analysis-2013-10-26-cf40-1458.xhtml,image,../images/1pmnro0-006_ac526ec16c-126d6110-1f25d893.jpg,OEBPS/images/1pmnro0-006_ac526ec16c-126d6110-1f25d893.jpg,true
OEBPS/text/article-018-analysis-2013-10-26-cf40-1458.xhtml,image,../images/d4g0su-007_9ca1c2065f-cf9bbad7-4995c258.jpg,OEBPS/images/d4g0su-007_9ca1c2065f-cf9bbad7-4995c258.jpg,true
OEBPS/text/article-018-analysis-2013-10-26-cf40-1458.xhtml,image,../images/1w5osoz-008_66aa922454-fd7d7027-3a7f4111.jpg,OEBPS/images/1w5osoz-008_66aa922454-fd7d7027-3a7f4111.jpg,true
OEBPS/text/article-018-analysis-2013-10-26-cf40-1458.xhtml,image,../images/1futo2w-009_f6dd72cec6-df127d5b-bb8d0992.jpg,OEBPS/images/1futo2w-009_f6dd72cec6-df127d5b-bb8d0992.jpg,true
OEBPS/text/article-018-analysis-2013-10-26-cf40-1458.xhtml,image,../images/8s84of-010_50d19f3ae1-f829bc3f-5ae47b59.jpg,OEBPS/images/8s84of-010_50d19f3ae1-f829bc3f-5ae47b59.jpg,true
OEBPS/text/article-018-analysis-2013-10-26-cf40-1458.xhtml,image,../images/ayj3vn-011_c94ae652f9-66fc4506-96e4fedf.jpg,OEBPS/images/ayj3vn-011_c94ae652f9-66fc4506-96e4fedf.jpg,true
OEBPS/text/article-018-analysis-2013-10-26-cf40-1458.xhtml,image,../images/10frizi-012_9dbfe5aff2-b12abb73-9465e17e.jpg,OEBPS/images/10frizi-012_9dbfe5aff2-b12abb73-9465e17e.jpg,true
OEBPS/text/article-018-analysis-2013-10-26-cf40-1458.xhtml,image,../images/vem0gn-013_5e31b442d4-e8348d44-ac147355.jpg,OEBPS/images/vem0gn-013_5e31b442d4-e8348d44-ac147355.jpg,true
OEBPS/text/article-018-analysis-2013-10-26-cf40-1458.xhtml,link,detailed-toc.xhtml,OEBPS/text/detailed-toc.xhtml,true
OEBPS/text/article-018-analysis-2013-10-26-cf40-1458.xhtml,link,detailed-toc.xhtml,OEBPS/text/detailed-toc.xhtml,true
OEBPS/text/article-019-analysis-2014-09-18-z3ob9o.xhtml,link,detailed-toc.xhtml,OEBPS/text/detailed-toc.xhtml,true
OEBPS/text/article-019-analysis-2014-09-18-z3ob9o.xhtml,link,detailed-toc.xhtml,OEBPS/text/detailed-toc.xhtml,true
OEBPS/text/article-020-representative-2018-07-31-lrxbyg.xhtml,link,detailed-toc.xhtml,OEBPS/text/detailed-toc.xhtml,true
OEBPS/text/article-020-representative-2018-07-31-lrxbyg.xhtml,link,detailed-toc.xhtml,OEBPS/text/detailed-toc.xhtml,true
OEBPS/text/article-021-analysis-2009-09-29-cf40-203.xhtml,image,../images/16bnmzo-001_58a52cd6cb-3219606c-c7c2b35e.jpg,OEBPS/images/16bnmzo-001_58a52cd6cb-3219606c-c7c2b35e.jpg,true
OEBPS/text/article-021-analysis-2009-09-29-cf40-203.xhtml,image,../images/75s72h-002_c971984149-e4c64b18-46fe41fd.jpg,OEBPS/images/75s72h-002_c971984149-e4c64b18-46fe41fd.jpg,true
OEBPS/text/article-021-analysis-2009-09-29-cf40-203.xhtml,image,../images/ykg4yu-003_18150ec20b-84979417-82c21aa2.jpg,OEBPS/images/ykg4yu-003_18150ec20b-84979417-82c21aa2.jpg,true
OEBPS/text/article-021-analysis-2009-09-29-cf40-203.xhtml,image,../images/1i4devj-004_a7bfa0f918-f36a366f-b44973ff.jpg,OEBPS/images/1i4devj-004_a7bfa0f918-f36a366f-b44973ff.jpg,true
OEBPS/text/article-021-analysis-2009-09-29-cf40-203.xhtml,link,detailed-toc.xhtml,OEBPS/text/detailed-toc.xhtml,true
OEBPS/text/article-021-analysis-2009-09-29-cf40-203.xhtml,link,detailed-toc.xhtml,OEBPS/text/detailed-toc.xhtml,true
OEBPS/text/article-022-analysis-2010-09-02-cf40-435.xhtml,image,../images/1k8kjmc-001_7a827a6523-6c1d1e38-0cc7c26b.jpg,OEBPS/images/1k8kjmc-001_7a827a6523-6c1d1e38-0cc7c26b.jpg,true
OEBPS/text/article-022-analysis-2010-09-02-cf40-435.xhtml,image,../images/14nukn0-002_c2e10ebad4-e9dbc231-e6a7e075.jpg,OEBPS/images/14nukn0-002_c2e10ebad4-e9dbc231-e6a7e075.jpg,true
OEBPS/text/article-022-analysis-2010-09-02-cf40-435.xhtml,image,../images/17lro9s-003_897469eae2-f257813b-ee9effb8.jpg,OEBPS/images/17lro9s-003_897469eae2-f257813b-ee9effb8.jpg,true
OEBPS/text/article-022-analysis-2010-09-02-cf40-435.xhtml,image,../images/y07oz2-004_53af56cb6b-e33f4d0b-9c530517.jpg,OEBPS/images/y07oz2-004_53af56cb6b-e33f4d0b-9c530517.jpg,true
OEBPS/text/article-022-analysis-2010-09-02-cf40-435.xhtml,image,../images/mmh6gx-005_d8be2fe517-604fb45f-7f40079c.jpg,OEBPS/images/mmh6gx-005_d8be2fe517-604fb45f-7f40079c.jpg,true
OEBPS/text/article-022-analysis-2010-09-02-cf40-435.xhtml,image,../images/16l98ie-006_63913fa3fa-3c14ce45-3814d073.jpg,OEBPS/images/16l98ie-006_63913fa3fa-3c14ce45-3814d073.jpg,true
OEBPS/text/article-022-analysis-2010-09-02-cf40-435.xhtml,image,../images/17rg3pn-007_0e8e0fd96d-e9f16a1a-af1350aa.jpg,OEBPS/images/17rg3pn-007_0e8e0fd96d-e9f16a1a-af1350aa.jpg,true
OEBPS/text/article-022-analysis-2010-09-02-cf40-435.xhtml,image,../images/kd0cn3-008_eeb06836f5-f4f778a5-e072c291.jpg,OEBPS/images/kd0cn3-008_eeb06836f5-f4f778a5-e072c291.jpg,true
OEBPS/text/article-022-analysis-2010-09-02-cf40-435.xhtml,image,../images/aem5mn-009_6a1a291fa1-b832bd02-189865cb.jpg,OEBPS/images/aem5mn-009_6a1a291fa1-b832bd02-189865cb.jpg,true
OEBPS/text/article-022-analysis-2010-09-02-cf40-435.xhtml,image,../images/t944g8-010_ca70e64402-4a3c767f-744ee114.jpg,OEBPS/images/t944g8-010_ca70e64402-4a3c767f-744ee114.jpg,true
OEBPS/text/article-022-analysis-2010-09-02-cf40-435.xhtml,image,../images/1v410d0-011_980b80dca4-c56f5b34-6e993a38.jpg,OEBPS/images/1v410d0-011_980b80dca4-c56f5b34-6e993a38.jpg,true
OEBPS/text/article-022-analysis-2010-09-02-cf40-435.xhtml,image,../images/1q4lqff-012_1fc35f0ff1-a8638a87-ceeac482.jpg,OEBPS/images/1q4lqff-012_1fc35f0ff1-a8638a87-ceeac482.jpg,true
OEBPS/text/article-022-analysis-2010-09-02-cf40-435.xhtml,image,../images/gi3tia-013_7c79c3bd2c-e9bf60ec-49828f90.jpg,OEBPS/images/gi3tia-013_7c79c3bd2c-e9bf60ec-49828f90.jpg,true
OEBPS/text/article-022-analysis-2010-09-02-cf40-435.xhtml,image,../images/1k8269j-014_33c9cdfc5b-1758076e-0b7de042.jpg,OEBPS/images/1k8269j-014_33c9cdfc5b-1758076e-0b7de042.jpg,true
OEBPS/text/article-022-analysis-2010-09-02-cf40-435.xhtml,image,../images/1wj3sd2-015_e7f9af31cd-862075a0-4db7d297.jpg,OEBPS/images/1wj3sd2-015_e7f9af31cd-862075a0-4db7d297.jpg,true
OEBPS/text/article-022-analysis-2010-09-02-cf40-435.xhtml,image,../images/a8fs40-016_24d3fc0f91-ed937380-ba420bff.jpg,OEBPS/images/a8fs40-016_24d3fc0f91-ed937380-ba420bff.jpg,true
OEBPS/text/article-022-analysis-2010-09-02-cf40-435.xhtml,image,../images/18lmdp-017_f703db0301-f3f81961-70819d42.jpg,OEBPS/images/18lmdp-017_f703db0301-f3f81961-70819d42.jpg,true
OEBPS/text/article-022-analysis-2010-09-02-cf40-435.xhtml,image,../images/u6wrjo-018_5f601a67bf-f2b163a0-a449daee.jpg,OEBPS/images/u6wrjo-018_5f601a67bf-f2b163a0-a449daee.jpg,true
OEBPS/text/article-022-analysis-2010-09-02-cf40-435.xhtml,image,../images/1s5qrkw-019_7b9f899d65-02ba6d04-46f49cdc.jpg,OEBPS/images/1s5qrkw-019_7b9f899d65-02ba6d04-46f49cdc.jpg,true
OEBPS/text/article-022-analysis-2010-09-02-cf40-435.xhtml,image,../images/1xxfepb-020_9b02381650-0eb14239-d777ffcc.jpg,OEBPS/images/1xxfepb-020_9b02381650-0eb14239-d777ffcc.jpg,true
OEBPS/text/article-022-analysis-2010-09-02-cf40-435.xhtml,image,../images/1u7n4mh-021_c14b336cec-77f57a97-19e40947.jpg,OEBPS/images/1u7n4mh-021_c14b336cec-77f57a97-19e40947.jpg,true
OEBPS/text/article-022-analysis-2010-09-02-cf40-435.xhtml,image,../images/8hajgk-022_d330f248f3-2f60bdc6-dccdec7d.jpg,OEBPS/images/8hajgk-022_d330f248f3-2f60bdc6-dccdec7d.jpg,true
OEBPS/text/article-022-analysis-2010-09-02-cf40-435.xhtml,image,../images/13e6lts-023_0c9e0f5cb1-9897c469-1df2aee5.jpg,OEBPS/images/13e6lts-023_0c9e0f5cb1-9897c469-1df2aee5.jpg,true
OEBPS/text/article-022-analysis-2010-09-02-cf40-435.xhtml,image,../images/1kj98nv-024_bbfd72cd55-c3830e35-35d05f40.jpg,OEBPS/images/1kj98nv-024_bbfd72cd55-c3830e35-35d05f40.jpg,true
OEBPS/text/article-022-analysis-2010-09-02-cf40-435.xhtml,image,../images/1o5g2fk-025_9992c34f12-91d7a1d8-07e07d4b.jpg,OEBPS/images/1o5g2fk-025_9992c34f12-91d7a1d8-07e07d4b.jpg,true
OEBPS/text/article-022-analysis-2010-09-02-cf40-435.xhtml,image,../images/1v7mqjx-026_41db0017a0-33090f3f-6b1aabee.jpg,OEBPS/images/1v7mqjx-026_41db0017a0-33090f3f-6b1aabee.jpg,true
OEBPS/text/article-022-analysis-2010-09-02-cf40-435.xhtml,image,../images/1mmkohr-027_c09971d7bc-c2cb1233-a0a49c2b.jpg,OEBPS/images/1mmkohr-027_c09971d7bc-c2cb1233-a0a49c2b.jpg,true
OEBPS/text/article-022-analysis-2010-09-02-cf40-435.xhtml,image,../images/11mqv7y-028_608292ce9a-17003349-2c3d0b41.jpg,OEBPS/images/11mqv7y-028_608292ce9a-17003349-2c3d0b41.jpg,true
OEBPS/text/article-022-analysis-2010-09-02-cf40-435.xhtml,image,../images/1h9pulf-029_24d5d7c064-26e40ff8-a0a49c2b.jpg,OEBPS/images/1h9pulf-029_24d5d7c064-26e40ff8-a0a49c2b.jpg,true
OEBPS/text/article-022-analysis-2010-09-02-cf40-435.xhtml,image,../images/1wjiyxg-030_8b76143a42-2fe5b69b-63da71c5.jpg,OEBPS/images/1wjiyxg-030_8b76143a42-2fe5b69b-63da71c5.jpg,true
OEBPS/text/article-022-analysis-2010-09-02-cf40-435.xhtml,image,../images/9tbpzc-031_18123c8e5e-0694639e-a0a49c2b.jpg,OEBPS/images/9tbpzc-031_18123c8e5e-0694639e-a0a49c2b.jpg,true
OEBPS/text/article-022-analysis-2010-09-02-cf40-435.xhtml,image,../images/1lf8lkx-032_0474ca039b-8ebf9c93-07e07d4b.jpg,OEBPS/images/1lf8lkx-032_0474ca039b-8ebf9c93-07e07d4b.jpg,true
OEBPS/text/article-022-analysis-2010-09-02-cf40-435.xhtml,image,../images/8rz9su-033_7362730db1-ad1e78c2-0ccd6e78.jpg,OEBPS/images/8rz9su-033_7362730db1-ad1e78c2-0ccd6e78.jpg,true
OEBPS/text/article-022-analysis-2010-09-02-cf40-435.xhtml,link,detailed-toc.xhtml,OEBPS/text/detailed-toc.xhtml,true
OEBPS/text/article-022-analysis-2010-09-02-cf40-435.xhtml,link,detailed-toc.xhtml,OEBPS/text/detailed-toc.xhtml,true
OEBPS/text/article-023-analysis-2011-01-31-cf40-574.xhtml,link,detailed-toc.xhtml,OEBPS/text/detailed-toc.xhtml,true
OEBPS/text/article-023-analysis-2011-01-31-cf40-574.xhtml,link,detailed-toc.xhtml,OEBPS/text/detailed-toc.xhtml,true
OEBPS/text/article-024-analysis-2011-06-08-nl9vt9.xhtml,link,detailed-toc.xhtml,OEBPS/text/detailed-toc.xhtml,true
OEBPS/text/article-024-analysis-2011-06-08-nl9vt9.xhtml,link,detailed-toc.xhtml,OEBPS/text/detailed-toc.xhtml,true
OEBPS/text/article-025-analysis-2011-06-17-1mbdi65.xhtml,link,detailed-toc.xhtml,OEBPS/text/detailed-toc.xhtml,true
OEBPS/text/article-025-analysis-2011-06-17-1mbdi65.xhtml,link,detailed-toc.xhtml,OEBPS/text/detailed-toc.xhtml,true
OEBPS/text/article-026-analysis-2011-07-14-cf40-694.xhtml,image,../images/33d35y-001_5748458e45-a674aef2-b95aa154.jpg,OEBPS/images/33d35y-001_5748458e45-a674aef2-b95aa154.jpg,true
OEBPS/text/article-026-analysis-2011-07-14-cf40-694.xhtml,image,../images/7nynkd-002_3f2b847a04-55fd384e-92f2e691.jpg,OEBPS/images/7nynkd-002_3f2b847a04-55fd384e-92f2e691.jpg,true
OEBPS/text/article-026-analysis-2011-07-14-cf40-694.xhtml,image,../images/grmvf7-003_1f0819b076-afc7a6d8-c7f36205.jpg,OEBPS/images/grmvf7-003_1f0819b076-afc7a6d8-c7f36205.jpg,true
OEBPS/text/article-026-analysis-2011-07-14-cf40-694.xhtml,image,../images/12jredr-004_a0268ec444-febca383-f16200ba.jpg,OEBPS/images/12jredr-004_a0268ec444-febca383-f16200ba.jpg,true
OEBPS/text/article-026-analysis-2011-07-14-cf40-694.xhtml,image,../images/jjtyda-005_0f88b62582-15a82bfd-df3cee74.jpg,OEBPS/images/jjtyda-005_0f88b62582-15a82bfd-df3cee74.jpg,true
OEBPS/text/article-026-analysis-2011-07-14-cf40-694.xhtml,image,../images/aczqsm-006_a37b7d3de2-d3025307-c18659ab.jpg,OEBPS/images/aczqsm-006_a37b7d3de2-d3025307-c18659ab.jpg,true
OEBPS/text/article-026-analysis-2011-07-14-cf40-694.xhtml,image,../images/xk5w7a-007_f1065958cf-8a896e11-5505e715.jpg,OEBPS/images/xk5w7a-007_f1065958cf-8a896e11-5505e715.jpg,true
OEBPS/text/article-026-analysis-2011-07-14-cf40-694.xhtml,image,../images/179k2nu-008_0bcda52ac7-b4fa3c65-c91d0079.jpg,OEBPS/images/179k2nu-008_0bcda52ac7-b4fa3c65-c91d0079.jpg,true
OEBPS/text/article-026-analysis-2011-07-14-cf40-694.xhtml,image,../images/6fsxr5-009_19af0cd2b4-a47c58de-5e1d7539.jpg,OEBPS/images/6fsxr5-009_19af0cd2b4-a47c58de-5e1d7539.jpg,true
OEBPS/text/article-026-analysis-2011-07-14-cf40-694.xhtml,image,../images/2rjq4v-010_b3b9ad744b-4e390883-a6f76d3f.jpg,OEBPS/images/2rjq4v-010_b3b9ad744b-4e390883-a6f76d3f.jpg,true
OEBPS/text/article-026-analysis-2011-07-14-cf40-694.xhtml,image,../images/1wzmd29-011_81e3863502-64830b4a-65aeaea4.jpg,OEBPS/images/1wzmd29-011_81e3863502-64830b4a-65aeaea4.jpg,true
OEBPS/text/article-026-analysis-2011-07-14-cf40-694.xhtml,image,../images/da5k2z-012_2b0f4a9600-223cd4ab-c49b3322.jpg,OEBPS/images/da5k2z-012_2b0f4a9600-223cd4ab-c49b3322.jpg,true
OEBPS/text/article-026-analysis-2011-07-14-cf40-694.xhtml,image,../images/js5lj8-013_5cafda6ea4-c4b60c3e-e5011f01.jpg,OEBPS/images/js5lj8-013_5cafda6ea4-c4b60c3e-e5011f01.jpg,true
OEBPS/text/article-026-analysis-2011-07-14-cf40-694.xhtml,image,../images/1lc4snu-014_93cc5afe7a-16961b16-43a0f141.jpg,OEBPS/images/1lc4snu-014_93cc5afe7a-16961b16-43a0f141.jpg,true
OEBPS/text/article-026-analysis-2011-07-14-cf40-694.xhtml,image,../images/1yn3v9q-015_2632f7c83b-54eec524-c27de1f5.jpg,OEBPS/images/1yn3v9q-015_2632f7c83b-54eec524-c27de1f5.jpg,true
OEBPS/text/article-026-analysis-2011-07-14-cf40-694.xhtml,image,../images/gntx7f-016_b626ba95a6-dc1564f0-e02e2d84.jpg,OEBPS/images/gntx7f-016_b626ba95a6-dc1564f0-e02e2d84.jpg,true
OEBPS/text/article-026-analysis-2011-07-14-cf40-694.xhtml,image,../images/ag5an2-017_1fc477a91e-33842cd5-5ecf77b3.jpg,OEBPS/images/ag5an2-017_1fc477a91e-33842cd5-5ecf77b3.jpg,true
OEBPS/text/article-026-analysis-2011-07-14-cf40-694.xhtml,image,../images/1irr7u7-018_ddbdfb5c60-69f50b99-2fdf434b.jpg,OEBPS/images/1irr7u7-018_ddbdfb5c60-69f50b99-2fdf434b.jpg,true
OEBPS/text/article-026-analysis-2011-07-14-cf40-694.xhtml,image,../images/y7aez6-019_15f5be658e-e1734623-a76e85fc.jpg,OEBPS/images/y7aez6-019_15f5be658e-e1734623-a76e85fc.jpg,true
OEBPS/text/article-026-analysis-2011-07-14-cf40-694.xhtml,image,../images/1b49mly-020_94913520bc-f79cf4df-868ee0c2.jpg,OEBPS/images/1b49mly-020_94913520bc-f79cf4df-868ee0c2.jpg,true
OEBPS/text/article-026-analysis-2011-07-14-cf40-694.xhtml,image,../images/jixu7g-021_dc422b8741-e66229d0-5873714e.jpg,OEBPS/images/jixu7g-021_dc422b8741-e66229d0-5873714e.jpg,true
OEBPS/text/article-026-analysis-2011-07-14-cf40-694.xhtml,image,../images/1oonzur-022_5e69a0c479-8cce1ce1-e1d4e2a5.jpg,OEBPS/images/1oonzur-022_5e69a0c479-8cce1ce1-e1d4e2a5.jpg,true
OEBPS/text/article-026-analysis-2011-07-14-cf40-694.xhtml,image,../images/4xlz94-023_eb17e840c6-c31f564b-1086b25d.jpg,OEBPS/images/4xlz94-023_eb17e840c6-c31f564b-1086b25d.jpg,true
OEBPS/text/article-026-analysis-2011-07-14-cf40-694.xhtml,link,detailed-toc.xhtml,OEBPS/text/detailed-toc.xhtml,true
OEBPS/text/article-026-analysis-2011-07-14-cf40-694.xhtml,link,detailed-toc.xhtml,OEBPS/text/detailed-toc.xhtml,true
OEBPS/text/article-027-analysis-2011-08-19-cf40-740.xhtml,image,../images/1c46yup-001_a13973b527-fe83121c-eb7a7b54.jpg,OEBPS/images/1c46yup-001_a13973b527-fe83121c-eb7a7b54.jpg,true
OEBPS/text/article-027-analysis-2011-08-19-cf40-740.xhtml,image,../images/1yu49cc-002_6174ee76f1-26bfbb72-43dfebd4.jpg,OEBPS/images/1yu49cc-002_6174ee76f1-26bfbb72-43dfebd4.jpg,true
OEBPS/text/article-027-analysis-2011-08-19-cf40-740.xhtml,image,../images/11qas72-003_dcc1d551ed-1b28af25-b0ab8e75.jpg,OEBPS/images/11qas72-003_dcc1d551ed-1b28af25-b0ab8e75.jpg,true
OEBPS/text/article-027-analysis-2011-08-19-cf40-740.xhtml,image,../images/omncgz-004_8dcd6fd217-da70a777-dfbefda2.jpg,OEBPS/images/omncgz-004_8dcd6fd217-da70a777-dfbefda2.jpg,true
OEBPS/text/article-027-analysis-2011-08-19-cf40-740.xhtml,image,../images/h0fntu-005_0586d98173-05e5dedc-bb2e1be1.jpg,OEBPS/images/h0fntu-005_0586d98173-05e5dedc-bb2e1be1.jpg,true
OEBPS/text/article-027-analysis-2011-08-19-cf40-740.xhtml,image,../images/euia46-006_923469a83e-b4e3a8b7-dfbefda2.jpg,OEBPS/images/euia46-006_923469a83e-b4e3a8b7-dfbefda2.jpg,true
OEBPS/text/article-027-analysis-2011-08-19-cf40-740.xhtml,link,detailed-toc.xhtml,OEBPS/text/detailed-toc.xhtml,true
OEBPS/text/article-027-analysis-2011-08-19-cf40-740.xhtml,link,detailed-toc.xhtml,OEBPS/text/detailed-toc.xhtml,true
OEBPS/text/article-028-analysis-2011-08-22-1aj4ecp.xhtml,link,detailed-toc.xhtml,OEBPS/text/detailed-toc.xhtml,true
OEBPS/text/article-028-analysis-2011-08-22-1aj4ecp.xhtml,link,detailed-toc.xhtml,OEBPS/text/detailed-toc.xhtml,true
OEBPS/text/article-029-analysis-2011-08-29-1tp9faf.xhtml,link,detailed-toc.xhtml,OEBPS/text/detailed-toc.xhtml,true
OEBPS/text/article-029-analysis-2011-08-29-1tp9faf.xhtml,link,detailed-toc.xhtml,OEBPS/text/detailed-toc.xhtml,true
OEBPS/text/article-030-analysis-2011-09-13-hpt5hk.xhtml,link,detailed-toc.xhtml,OEBPS/text/detailed-toc.xhtml,true
OEBPS/text/article-030-analysis-2011-09-13-hpt5hk.xhtml,link,detailed-toc.xhtml,OEBPS/text/detailed-toc.xhtml,true
OEBPS/text/article-031-analysis-2012-06-29-ydl9ff.xhtml,link,detailed-toc.xhtml,OEBPS/text/detailed-toc.xhtml,true
OEBPS/text/article-031-analysis-2012-06-29-ydl9ff.xhtml,link,detailed-toc.xhtml,OEBPS/text/detailed-toc.xhtml,true
OEBPS/text/article-032-analysis-2014-04-20-cf40-1619.xhtml,image,../images/ifahrm-001_f458957b3f-05a9cc8f-115cfcb0.jpg,OEBPS/images/ifahrm-001_f458957b3f-05a9cc8f-115cfcb0.jpg,true
OEBPS/text/article-032-analysis-2014-04-20-cf40-1619.xhtml,image,../images/goz6xf-002_12ed1ab3c1-01f85a55-4862cdbb.jpg,OEBPS/images/goz6xf-002_12ed1ab3c1-01f85a55-4862cdbb.jpg,true
OEBPS/text/article-032-analysis-2014-04-20-cf40-1619.xhtml,image,../images/lbihh3-003_0c7d074e75-b48bbc6c-b6a5010b.jpg,OEBPS/images/lbihh3-003_0c7d074e75-b48bbc6c-b6a5010b.jpg,true
OEBPS/text/article-032-analysis-2014-04-20-cf40-1619.xhtml,image,../images/arvvyd-004_d2425b9861-042622ca-dc52195d.jpg,OEBPS/images/arvvyd-004_d2425b9861-042622ca-dc52195d.jpg,true
OEBPS/text/article-032-analysis-2014-04-20-cf40-1619.xhtml,image,../images/armwek-005_f9d5d84f18-1c7ee7a3-4215a569.jpg,OEBPS/images/armwek-005_f9d5d84f18-1c7ee7a3-4215a569.jpg,true
OEBPS/text/article-032-analysis-2014-04-20-cf40-1619.xhtml,image,../images/1hv59gp-006_17280cc614-1fc91d0d-da3d28f1.jpg,OEBPS/images/1hv59gp-006_17280cc614-1fc91d0d-da3d28f1.jpg,true
OEBPS/text/article-032-analysis-2014-04-20-cf40-1619.xhtml,image,../images/xzqynr-007_ac31f74324-2f4166a6-1d9790e0.jpg,OEBPS/images/xzqynr-007_ac31f74324-2f4166a6-1d9790e0.jpg,true
OEBPS/text/article-032-analysis-2014-04-20-cf40-1619.xhtml,image,../images/1u97za6-008_48be75d931-336c7c67-0cc3d733.jpg,OEBPS/images/1u97za6-008_48be75d931-336c7c67-0cc3d733.jpg,true
OEBPS/text/article-032-analysis-2014-04-20-cf40-1619.xhtml,image,../images/1i3dmh7-009_dc82c8ef3d-8d4daab7-ceafcb5e.jpg,OEBPS/images/1i3dmh7-009_dc82c8ef3d-8d4daab7-ceafcb5e.jpg,true
OEBPS/text/article-032-analysis-2014-04-20-cf40-1619.xhtml,image,../images/1f8cff2-010_eb08f4e142-cb67613b-202c4dde.jpg,OEBPS/images/1f8cff2-010_eb08f4e142-cb67613b-202c4dde.jpg,true
OEBPS/text/article-032-analysis-2014-04-20-cf40-1619.xhtml,image,../images/lmsay-011_3bad7218e7-c7f434a7-ade03c67.jpg,OEBPS/images/lmsay-011_3bad7218e7-c7f434a7-ade03c67.jpg,true
OEBPS/text/article-032-analysis-2014-04-20-cf40-1619.xhtml,link,detailed-toc.xhtml,OEBPS/text/detailed-toc.xhtml,true
OEBPS/text/article-032-analysis-2014-04-20-cf40-1619.xhtml,link,detailed-toc.xhtml,OEBPS/text/detailed-toc.xhtml,true
OEBPS/text/article-033-analysis-2014-05-08-133h92r.xhtml,image,../images/chart-01-175177f6-04860bf5.png,OEBPS/images/chart-01-175177f6-04860bf5.png,true
OEBPS/text/article-033-analysis-2014-05-08-133h92r.xhtml,image,../images/chart-02-1d9fbb67-01689cf3.png,OEBPS/images/chart-02-1d9fbb67-01689cf3.png,true
OEBPS/text/article-033-analysis-2014-05-08-133h92r.xhtml,image,../images/chart-03-821fb02a-826c15b3.png,OEBPS/images/chart-03-821fb02a-826c15b3.png,true
OEBPS/text/article-033-analysis-2014-05-08-133h92r.xhtml,image,../images/chart-04-658dd52f-fee353c9.png,OEBPS/images/chart-04-658dd52f-fee353c9.png,true
OEBPS/text/article-033-analysis-2014-05-08-133h92r.xhtml,image,../images/chart-05-28eee041-f1ccbec6.png,OEBPS/images/chart-05-28eee041-f1ccbec6.png,true
OEBPS/text/article-033-analysis-2014-05-08-133h92r.xhtml,image,../images/chart-06-3d78ea68-35e030b3.png,OEBPS/images/chart-06-3d78ea68-35e030b3.png,true
OEBPS/text/article-033-analysis-2014-05-08-133h92r.xhtml,link,detailed-toc.xhtml,OEBPS/text/detailed-toc.xhtml,true
OEBPS/text/article-033-analysis-2014-05-08-133h92r.xhtml,link,detailed-toc.xhtml,OEBPS/text/detailed-toc.xhtml,true
OEBPS/text/article-034-analysis-2015-05-15-cf40-1953.xhtml,link,detailed-toc.xhtml,OEBPS/text/detailed-toc.xhtml,true
OEBPS/text/article-034-analysis-2015-05-15-cf40-1953.xhtml,link,detailed-toc.xhtml,OEBPS/text/detailed-toc.xhtml,true
OEBPS/text/article-035-analysis-2017-02-27-cf40-2467.xhtml,link,detailed-toc.xhtml,OEBPS/text/detailed-toc.xhtml,true
OEBPS/text/article-035-analysis-2017-02-27-cf40-2467.xhtml,link,detailed-toc.xhtml,OEBPS/text/detailed-toc.xhtml,true
OEBPS/text/article-036-analysis-2017-07-12-1s0j49i.xhtml,link,detailed-toc.xhtml,OEBPS/text/detailed-toc.xhtml,true
OEBPS/text/article-036-analysis-2017-07-12-1s0j49i.xhtml,link,detailed-toc.xhtml,OEBPS/text/detailed-toc.xhtml,true
OEBPS/text/article-037-analysis-2017-09-07-cf40-2628.xhtml,link,detailed-toc.xhtml,OEBPS/text/detailed-toc.xhtml,true
OEBPS/text/article-037-analysis-2017-09-07-cf40-2628.xhtml,link,detailed-toc.xhtml,OEBPS/text/detailed-toc.xhtml,true
OEBPS/text/article-038-analysis-2019-12-08-1c9smie.xhtml,image,../images/chart-01-7857f30b-aa5c82c7.png,OEBPS/images/chart-01-7857f30b-aa5c82c7.png,true
OEBPS/text/article-038-analysis-2019-12-08-1c9smie.xhtml,image,../images/chart-02-790a8d4c-41ea38c5.png,OEBPS/images/chart-02-790a8d4c-41ea38c5.png,true
OEBPS/text/article-038-analysis-2019-12-08-1c9smie.xhtml,image,../images/chart-03-bbd7bca6-906f7b73.png,OEBPS/images/chart-03-bbd7bca6-906f7b73.png,true
OEBPS/text/article-038-analysis-2019-12-08-1c9smie.xhtml,image,../images/chart-04-c1a8ae09-bde8ae8a.png,OEBPS/images/chart-04-c1a8ae09-bde8ae8a.png,true
OEBPS/text/article-038-analysis-2019-12-08-1c9smie.xhtml,image,../images/chart-05-28b9e597-56774b02.png,OEBPS/images/chart-05-28b9e597-56774b02.png,true
OEBPS/text/article-038-analysis-2019-12-08-1c9smie.xhtml,image,../images/chart-06-5cf8644c-d45a8446.png,OEBPS/images/chart-06-5cf8644c-d45a8446.png,true
OEBPS/text/article-038-analysis-2019-12-08-1c9smie.xhtml,image,../images/chart-07-7746f102-dd886223.png,OEBPS/images/chart-07-7746f102-dd886223.png,true
OEBPS/text/article-038-analysis-2019-12-08-1c9smie.xhtml,image,../images/chart-08-c215f8f6-5bb21955.png,OEBPS/images/chart-08-c215f8f6-5bb21955.png,true
OEBPS/text/article-038-analysis-2019-12-08-1c9smie.xhtml,image,../images/chart-09-ffbe11ba-e06d1c36.png,OEBPS/images/chart-09-ffbe11ba-e06d1c36.png,true
OEBPS/text/article-038-analysis-2019-12-08-1c9smie.xhtml,image,../images/chart-10-0c57ee5a-3546caa2.png,OEBPS/images/chart-10-0c57ee5a-3546caa2.png,true
OEBPS/text/article-038-analysis-2019-12-08-1c9smie.xhtml,image,../images/chart-11-413eb08d-3f1ac321.png,OEBPS/images/chart-11-413eb08d-3f1ac321.png,true
OEBPS/text/article-038-analysis-2019-12-08-1c9smie.xhtml,image,../images/chart-12-0a466c39-b511f10b.png,OEBPS/images/chart-12-0a466c39-b511f10b.png,true
OEBPS/text/article-038-analysis-2019-12-08-1c9smie.xhtml,image,../images/chart-13-17379438-f8d38651.png,OEBPS/images/chart-13-17379438-f8d38651.png,true
OEBPS/text/article-038-analysis-2019-12-08-1c9smie.xhtml,image,../images/chart-14-89f035f9-ed92f48e.png,OEBPS/images/chart-14-89f035f9-ed92f48e.png,true
OEBPS/text/article-038-analysis-2019-12-08-1c9smie.xhtml,image,../images/chart-15-ad566555-f9f7ddac.png,OEBPS/images/chart-15-ad566555-f9f7ddac.png,true
OEBPS/text/article-038-analysis-2019-12-08-1c9smie.xhtml,image,../images/chart-16-63dcab56-3d77ace2.png,OEBPS/images/chart-16-63dcab56-3d77ace2.png,true
OEBPS/text/article-038-analysis-2019-12-08-1c9smie.xhtml,image,../images/chart-17-b2b1c038-ee045ea1.png,OEBPS/images/chart-17-b2b1c038-ee045ea1.png,true
OEBPS/text/article-038-analysis-2019-12-08-1c9smie.xhtml,image,../images/chart-18-d0cbd4ad-ad9d6b95.png,OEBPS/images/chart-18-d0cbd4ad-ad9d6b95.png,true
OEBPS/text/article-038-analysis-2019-12-08-1c9smie.xhtml,image,../images/chart-19-428d35c7-b3c4fbc8.png,OEBPS/images/chart-19-428d35c7-b3c4fbc8.png,true
OEBPS/text/article-038-analysis-2019-12-08-1c9smie.xhtml,image,../images/chart-20-ff28899a-c708c6fd.png,OEBPS/images/chart-20-ff28899a-c708c6fd.png,true
OEBPS/text/article-038-analysis-2019-12-08-1c9smie.xhtml,image,../images/chart-21-c14a1fa9-b9862a30.png,OEBPS/images/chart-21-c14a1fa9-b9862a30.png,true
OEBPS/text/article-038-analysis-2019-12-08-1c9smie.xhtml,image,../images/chart-22-c2cc72cf-8cae5d1b.png,OEBPS/images/chart-22-c2cc72cf-8cae5d1b.png,true
OEBPS/text/article-038-analysis-2019-12-08-1c9smie.xhtml,image,../images/chart-23-b20c8b5b-5d4d3be1.png,OEBPS/images/chart-23-b20c8b5b-5d4d3be1.png,true
OEBPS/text/article-038-analysis-2019-12-08-1c9smie.xhtml,image,../images/chart-24-ddfd3fd7-93ffc921.png,OEBPS/images/chart-24-ddfd3fd7-93ffc921.png,true
OEBPS/text/article-038-analysis-2019-12-08-1c9smie.xhtml,image,../images/chart-25-4647671f-371b4565.png,OEBPS/images/chart-25-4647671f-371b4565.png,true
OEBPS/text/article-038-analysis-2019-12-08-1c9smie.xhtml,image,../images/chart-26-b87b6ee0-86ac6e5a.png,OEBPS/images/chart-26-b87b6ee0-86ac6e5a.png,true
OEBPS/text/article-038-analysis-2019-12-08-1c9smie.xhtml,image,../images/chart-27-4b592478-702cb1c4.png,OEBPS/images/chart-27-4b592478-702cb1c4.png,true
OEBPS/text/article-038-analysis-2019-12-08-1c9smie.xhtml,image,../images/chart-28-770b0e05-d8ec478f.png,OEBPS/images/chart-28-770b0e05-d8ec478f.png,true
OEBPS/text/article-038-analysis-2019-12-08-1c9smie.xhtml,image,../images/chart-29-b74a9af2-e3a49f93.png,OEBPS/images/chart-29-b74a9af2-e3a49f93.png,true
OEBPS/text/article-038-analysis-2019-12-08-1c9smie.xhtml,image,../images/chart-30-52448f35-2e7366bf.png,OEBPS/images/chart-30-52448f35-2e7366bf.png,true
OEBPS/text/article-038-analysis-2019-12-08-1c9smie.xhtml,image,../images/chart-31-01f8df33-7100e45b.png,OEBPS/images/chart-31-01f8df33-7100e45b.png,true
OEBPS/text/article-038-analysis-2019-12-08-1c9smie.xhtml,image,../images/chart-32-2afb7231-bf74bd34.png,OEBPS/images/chart-32-2afb7231-bf74bd34.png,true
OEBPS/text/article-038-analysis-2019-12-08-1c9smie.xhtml,image,../images/chart-33-0cce1010-1e874f7a.png,OEBPS/images/chart-33-0cce1010-1e874f7a.png,true
OEBPS/text/article-038-analysis-2019-12-08-1c9smie.xhtml,image,../images/chart-34-4477e89b-4e85413d.png,OEBPS/images/chart-34-4477e89b-4e85413d.png,true
OEBPS/text/article-038-analysis-2019-12-08-1c9smie.xhtml,image,../images/chart-35-1b413274-530f85c2.png,OEBPS/images/chart-35-1b413274-530f85c2.png,true
OEBPS/text/article-038-analysis-2019-12-08-1c9smie.xhtml,image,../images/chart-36-512d04ad-9257fca3.png,OEBPS/images/chart-36-512d04ad-9257fca3.png,true
OEBPS/text/article-038-analysis-2019-12-08-1c9smie.xhtml,image,../images/chart-37-68dbad7b-18cdd56f.png,OEBPS/images/chart-37-68dbad7b-18cdd56f.png,true
OEBPS/text/article-038-analysis-2019-12-08-1c9smie.xhtml,image,../images/chart-38-ab3b87ab-5050507f.png,OEBPS/images/chart-38-ab3b87ab-5050507f.png,true
OEBPS/text/article-038-analysis-2019-12-08-1c9smie.xhtml,image,../images/chart-39-a1fa0613-2e4ea4c8.png,OEBPS/images/chart-39-a1fa0613-2e4ea4c8.png,true
OEBPS/text/article-038-analysis-2019-12-08-1c9smie.xhtml,image,../images/chart-40-a24333d6-01405271.png,OEBPS/images/chart-40-a24333d6-01405271.png,true
OEBPS/text/article-038-analysis-2019-12-08-1c9smie.xhtml,image,../images/chart-41-1d230035-f6bc5521.png,OEBPS/images/chart-41-1d230035-f6bc5521.png,true
OEBPS/text/article-038-analysis-2019-12-08-1c9smie.xhtml,image,../images/chart-42-2f75443f-a227649b.png,OEBPS/images/chart-42-2f75443f-a227649b.png,true
OEBPS/text/article-038-analysis-2019-12-08-1c9smie.xhtml,image,../images/chart-43-73582655-19555ef7.png,OEBPS/images/chart-43-73582655-19555ef7.png,true
OEBPS/text/article-038-analysis-2019-12-08-1c9smie.xhtml,image,../images/chart-44-1105aae0-dcae3acb.png,OEBPS/images/chart-44-1105aae0-dcae3acb.png,true
OEBPS/text/article-038-analysis-2019-12-08-1c9smie.xhtml,image,../images/chart-45-03e697a0-b8d81825.png,OEBPS/images/chart-45-03e697a0-b8d81825.png,true
OEBPS/text/article-038-analysis-2019-12-08-1c9smie.xhtml,image,../images/image2-e8880e8b-eab9cd86.png,OEBPS/images/image2-e8880e8b-eab9cd86.png,true
OEBPS/text/article-038-analysis-2019-12-08-1c9smie.xhtml,image,../images/image3-09630bf0-246a722e.png,OEBPS/images/image3-09630bf0-246a722e.png,true
OEBPS/text/article-038-analysis-2019-12-08-1c9smie.xhtml,image,../images/image4-2f0d22cf-60d37309.png,OEBPS/images/image4-2f0d22cf-60d37309.png,true
OEBPS/text/article-038-analysis-2019-12-08-1c9smie.xhtml,image,../images/image5-bb5db21f-bbbb3cb2.png,OEBPS/images/image5-bb5db21f-bbbb3cb2.png,true
OEBPS/text/article-038-analysis-2019-12-08-1c9smie.xhtml,image,../images/image6-2b5f757e-51e0d146.png,OEBPS/images/image6-2b5f757e-51e0d146.png,true
OEBPS/text/article-038-analysis-2019-12-08-1c9smie.xhtml,image,../images/image7-efc2309b-9e71a866.png,OEBPS/images/image7-efc2309b-9e71a866.png,true
OEBPS/text/article-038-analysis-2019-12-08-1c9smie.xhtml,image,../images/image8-a1cb5936-df032b81.png,OEBPS/images/image8-a1cb5936-df032b81.png,true
OEBPS/text/article-038-analysis-2019-12-08-1c9smie.xhtml,image,../images/image9-166dc8d0-53251ce7.png,OEBPS/images/image9-166dc8d0-53251ce7.png,true
OEBPS/text/article-038-analysis-2019-12-08-1c9smie.xhtml,image,../images/image10-c60dded9-8b08b5b0.png,OEBPS/images/image10-c60dded9-8b08b5b0.png,true
OEBPS/text/article-038-analysis-2019-12-08-1c9smie.xhtml,image,../images/image11-a68502c9-e8fe193d.png,OEBPS/images/image11-a68502c9-e8fe193d.png,true
OEBPS/text/article-038-analysis-2019-12-08-1c9smie.xhtml,image,../images/image12-b3ea10c2-ae327f24.png,OEBPS/images/image12-b3ea10c2-ae327f24.png,true
OEBPS/text/article-038-analysis-2019-12-08-1c9smie.xhtml,image,../images/image13-94135961-9e480c9d.png,OEBPS/images/image13-94135961-9e480c9d.png,true
OEBPS/text/article-038-analysis-2019-12-08-1c9smie.xhtml,image,../images/image14-de72233f-7331afa3.png,OEBPS/images/image14-de72233f-7331afa3.png,true
OEBPS/text/article-038-analysis-2019-12-08-1c9smie.xhtml,image,../images/image15-ee681df4-03b34c3b.jpeg,OEBPS/images/image15-ee681df4-03b34c3b.jpeg,true
OEBPS/text/article-038-analysis-2019-12-08-1c9smie.xhtml,image,../images/image16-4217670a-1ece8c17.png,OEBPS/images/image16-4217670a-1ece8c17.png,true
OEBPS/text/article-038-analysis-2019-12-08-1c9smie.xhtml,image,../images/image17-f8ccfc77-d6bbf4eb.png,OEBPS/images/image17-f8ccfc77-d6bbf4eb.png,true
OEBPS/text/article-038-analysis-2019-12-08-1c9smie.xhtml,image,../images/image18-097148ff-23f27982.png,OEBPS/images/image18-097148ff-23f27982.png,true
OEBPS/text/article-038-analysis-2019-12-08-1c9smie.xhtml,image,../images/image19-c5fb2d60-8fcdbb4b.png,OEBPS/images/image19-c5fb2d60-8fcdbb4b.png,true
OEBPS/text/article-038-analysis-2019-12-08-1c9smie.xhtml,link,detailed-toc.xhtml,OEBPS/text/detailed-toc.xhtml,true
OEBPS/text/article-038-analysis-2019-12-08-1c9smie.xhtml,link,detailed-toc.xhtml,OEBPS/text/detailed-toc.xhtml,true
OEBPS/text/article-039-analysis-2020-05-03-cf40-3357.xhtml,image,../images/nuql48-001_d53b622af5-77e07f98-afba3972.jpg,OEBPS/images/nuql48-001_d53b622af5-77e07f98-afba3972.jpg,true
OEBPS/text/article-039-analysis-2020-05-03-cf40-3357.xhtml,image,../images/dnb55a-002_5111b4263d-052d341e-ed8e4eaa.jpg,OEBPS/images/dnb55a-002_5111b4263d-052d341e-ed8e4eaa.jpg,true
OEBPS/text/article-039-analysis-2020-05-03-cf40-3357.xhtml,image,../images/139i9c1-003_55798c383b-8ed734f8-3ff61373.jpg,OEBPS/images/139i9c1-003_55798c383b-8ed734f8-3ff61373.jpg,true
OEBPS/text/article-039-analysis-2020-05-03-cf40-3357.xhtml,image,../images/11tgfbz-004_f1df96c49b-ae33516c-e20c1be5.jpg,OEBPS/images/11tgfbz-004_f1df96c49b-ae33516c-e20c1be5.jpg,true
OEBPS/text/article-039-analysis-2020-05-03-cf40-3357.xhtml,image,../images/kb3fnu-005_2ee1ec0205-65ce65b6-dad72ee2.jpg,OEBPS/images/kb3fnu-005_2ee1ec0205-65ce65b6-dad72ee2.jpg,true
OEBPS/text/article-039-analysis-2020-05-03-cf40-3357.xhtml,image,../images/38uint-006_cab9e0b185-0a460f45-a07fc600.jpg,OEBPS/images/38uint-006_cab9e0b185-0a460f45-a07fc600.jpg,true
OEBPS/text/article-039-analysis-2020-05-03-cf40-3357.xhtml,image,../images/1gn0usw-007_0cc917a307-ef4d5840-23b701b6.jpg,OEBPS/images/1gn0usw-007_0cc917a307-ef4d5840-23b701b6.jpg,true
OEBPS/text/article-039-analysis-2020-05-03-cf40-3357.xhtml,image,../images/23swq6-008_2957766401-6afcd43e-ceecf0b7.jpg,OEBPS/images/23swq6-008_2957766401-6afcd43e-ceecf0b7.jpg,true
OEBPS/text/article-039-analysis-2020-05-03-cf40-3357.xhtml,image,../images/10swmw6-009_78819ca960-fe2aa5a2-97f4702a.jpg,OEBPS/images/10swmw6-009_78819ca960-fe2aa5a2-97f4702a.jpg,true
OEBPS/text/article-039-analysis-2020-05-03-cf40-3357.xhtml,link,detailed-toc.xhtml,OEBPS/text/detailed-toc.xhtml,true
OEBPS/text/article-039-analysis-2020-05-03-cf40-3357.xhtml,link,detailed-toc.xhtml,OEBPS/text/detailed-toc.xhtml,true
OEBPS/text/article-040-analysis-2022-11-14-1x1gha2.xhtml,image,../images/chart-01-4ef16ac8-168326bb.png,OEBPS/images/chart-01-4ef16ac8-168326bb.png,true
OEBPS/text/article-040-analysis-2022-11-14-1x1gha2.xhtml,image,../images/chart-02-4294f69e-9af8f982.png,OEBPS/images/chart-02-4294f69e-9af8f982.png,true
OEBPS/text/article-040-analysis-2022-11-14-1x1gha2.xhtml,image,../images/image1-1184b809-01f649b5.png,OEBPS/images/image1-1184b809-01f649b5.png,true
OEBPS/text/article-040-analysis-2022-11-14-1x1gha2.xhtml,image,../images/chart-03-0d018cd2-bae00ced.png,OEBPS/images/chart-03-0d018cd2-bae00ced.png,true
OEBPS/text/article-040-analysis-2022-11-14-1x1gha2.xhtml,image,../images/chart-04-276b620b-a0c2163e.png,OEBPS/images/chart-04-276b620b-a0c2163e.png,true
OEBPS/text/article-040-analysis-2022-11-14-1x1gha2.xhtml,image,../images/chart-05-93cd4869-ca4a93ad.png,OEBPS/images/chart-05-93cd4869-ca4a93ad.png,true
OEBPS/text/article-040-analysis-2022-11-14-1x1gha2.xhtml,image,../images/chart-06-870e481c-06f40a32.png,OEBPS/images/chart-06-870e481c-06f40a32.png,true
OEBPS/text/article-040-analysis-2022-11-14-1x1gha2.xhtml,image,../images/chart-07-e9581f12-472685e1.png,OEBPS/images/chart-07-e9581f12-472685e1.png,true
OEBPS/text/article-040-analysis-2022-11-14-1x1gha2.xhtml,image,../images/chart-08-1fb0daca-bae00ced.png,OEBPS/images/chart-08-1fb0daca-bae00ced.png,true
OEBPS/text/article-040-analysis-2022-11-14-1x1gha2.xhtml,image,../images/chart-09-bf5cf3ff-191e8f3f.png,OEBPS/images/chart-09-bf5cf3ff-191e8f3f.png,true
OEBPS/text/article-040-analysis-2022-11-14-1x1gha2.xhtml,image,../images/chart-10-8b8d92b2-8e8310ef.png,OEBPS/images/chart-10-8b8d92b2-8e8310ef.png,true
OEBPS/text/article-040-analysis-2022-11-14-1x1gha2.xhtml,image,../images/image2-01724f0d-eee37469.png,OEBPS/images/image2-01724f0d-eee37469.png,true
OEBPS/text/article-040-analysis-2022-11-14-1x1gha2.xhtml,image,../images/image3-2302083a-be77fa09.png,OEBPS/images/image3-2302083a-be77fa09.png,true
OEBPS/text/article-040-analysis-2022-11-14-1x1gha2.xhtml,image,../images/chart-11-6c110335-6bee34b0.png,OEBPS/images/chart-11-6c110335-6bee34b0.png,true
OEBPS/text/article-040-analysis-2022-11-14-1x1gha2.xhtml,image,../images/chart-12-468c8b06-cc8eb2fb.png,OEBPS/images/chart-12-468c8b06-cc8eb2fb.png,true
OEBPS/text/article-040-analysis-2022-11-14-1x1gha2.xhtml,image,../images/chart-13-7c91a4a2-c6fe7bf6.png,OEBPS/images/chart-13-7c91a4a2-c6fe7bf6.png,true
OEBPS/text/article-040-analysis-2022-11-14-1x1gha2.xhtml,image,../images/chart-14-f062271e-a22f68d0.png,OEBPS/images/chart-14-f062271e-a22f68d0.png,true
OEBPS/text/article-040-analysis-2022-11-14-1x1gha2.xhtml,image,../images/chart-15-71e0a409-2c3c3185.png,OEBPS/images/chart-15-71e0a409-2c3c3185.png,true
OEBPS/text/article-040-analysis-2022-11-14-1x1gha2.xhtml,image,../images/chart-16-5b905971-73bc5f92.png,OEBPS/images/chart-16-5b905971-73bc5f92.png,true
OEBPS/text/article-040-analysis-2022-11-14-1x1gha2.xhtml,image,../images/chart-17-1f749365-c4d4301d.png,OEBPS/images/chart-17-1f749365-c4d4301d.png,true
OEBPS/text/article-040-analysis-2022-11-14-1x1gha2.xhtml,image,../images/chart-18-58935570-9c4a5049.png,OEBPS/images/chart-18-58935570-9c4a5049.png,true
OEBPS/text/article-040-analysis-2022-11-14-1x1gha2.xhtml,image,../images/chart-19-925ff1eb-5250930e.png,OEBPS/images/chart-19-925ff1eb-5250930e.png,true
OEBPS/text/article-040-analysis-2022-11-14-1x1gha2.xhtml,image,../images/chart-20-50bd34dd-c21bc8c5.png,OEBPS/images/chart-20-50bd34dd-c21bc8c5.png,true
OEBPS/text/article-040-analysis-2022-11-14-1x1gha2.xhtml,image,../images/image4-e4091822-91365d6b.png,OEBPS/images/image4-e4091822-91365d6b.png,true
OEBPS/text/article-040-analysis-2022-11-14-1x1gha2.xhtml,link,detailed-toc.xhtml,OEBPS/text/detailed-toc.xhtml,true
OEBPS/text/article-040-analysis-2022-11-14-1x1gha2.xhtml,link,detailed-toc.xhtml,OEBPS/text/detailed-toc.xhtml,true
OEBPS/text/article-041-analysis-2023-06-13-1h21gmn.xhtml,image,../images/chart-01-c5cb0934-89cd639a.png,OEBPS/images/chart-01-c5cb0934-89cd639a.png,true
OEBPS/text/article-041-analysis-2023-06-13-1h21gmn.xhtml,image,../images/chart-02-df5ef543-ae6e0169.png,OEBPS/images/chart-02-df5ef543-ae6e0169.png,true
OEBPS/text/article-041-analysis-2023-06-13-1h21gmn.xhtml,image,../images/chart-03-ca32a098-1627f67c.png,OEBPS/images/chart-03-ca32a098-1627f67c.png,true
OEBPS/text/article-041-analysis-2023-06-13-1h21gmn.xhtml,image,../images/chart-04-fd212dea-44f32a4a.png,OEBPS/images/chart-04-fd212dea-44f32a4a.png,true
OEBPS/text/article-041-analysis-2023-06-13-1h21gmn.xhtml,image,../images/chart-05-df55a92a-32aca7b9.png,OEBPS/images/chart-05-df55a92a-32aca7b9.png,true
OEBPS/text/article-041-analysis-2023-06-13-1h21gmn.xhtml,image,../images/chart-06-441899b1-52ab167b.png,OEBPS/images/chart-06-441899b1-52ab167b.png,true
OEBPS/text/article-041-analysis-2023-06-13-1h21gmn.xhtml,image,../images/chart-07-8f90d8d7-6fe30995.png,OEBPS/images/chart-07-8f90d8d7-6fe30995.png,true
OEBPS/text/article-041-analysis-2023-06-13-1h21gmn.xhtml,image,../images/chart-08-d624a5b6-e3aed4c2.png,OEBPS/images/chart-08-d624a5b6-e3aed4c2.png,true
OEBPS/text/article-041-analysis-2023-06-13-1h21gmn.xhtml,image,../images/chart-09-d32f04af-cac2af63.png,OEBPS/images/chart-09-d32f04af-cac2af63.png,true
OEBPS/text/article-041-analysis-2023-06-13-1h21gmn.xhtml,image,../images/chart-10-cfd69d64-b28cc0a7.png,OEBPS/images/chart-10-cfd69d64-b28cc0a7.png,true
OEBPS/text/article-041-analysis-2023-06-13-1h21gmn.xhtml,image,../images/chart-11-f6778db6-548d596d.png,OEBPS/images/chart-11-f6778db6-548d596d.png,true
OEBPS/text/article-041-analysis-2023-06-13-1h21gmn.xhtml,image,../images/chart-12-612b4de7-8e0755d7.png,OEBPS/images/chart-12-612b4de7-8e0755d7.png,true
OEBPS/text/article-041-analysis-2023-06-13-1h21gmn.xhtml,image,../images/chart-13-e54caded-23790a19.png,OEBPS/images/chart-13-e54caded-23790a19.png,true
OEBPS/text/article-041-analysis-2023-06-13-1h21gmn.xhtml,image,../images/chart-14-bf05e05a-641607d6.png,OEBPS/images/chart-14-bf05e05a-641607d6.png,true
OEBPS/text/article-041-analysis-2023-06-13-1h21gmn.xhtml,image,../images/chart-15-78d3ab1c-7a5fc853.png,OEBPS/images/chart-15-78d3ab1c-7a5fc853.png,true
OEBPS/text/article-041-analysis-2023-06-13-1h21gmn.xhtml,image,../images/chart-16-c18459a2-557f5dba.png,OEBPS/images/chart-16-c18459a2-557f5dba.png,true
OEBPS/text/article-041-analysis-2023-06-13-1h21gmn.xhtml,image,../images/chart-17-c45aa8c3-7d142b82.png,OEBPS/images/chart-17-c45aa8c3-7d142b82.png,true
OEBPS/text/article-041-analysis-2023-06-13-1h21gmn.xhtml,image,../images/chart-18-cd788634-b19464a9.png,OEBPS/images/chart-18-cd788634-b19464a9.png,true
OEBPS/text/article-041-analysis-2023-06-13-1h21gmn.xhtml,image,../images/chart-19-4c813adb-d07a96e8.png,OEBPS/images/chart-19-4c813adb-d07a96e8.png,true
OEBPS/text/article-041-analysis-2023-06-13-1h21gmn.xhtml,image,../images/chart-20-3cfecaad-08a44a35.png,OEBPS/images/chart-20-3cfecaad-08a44a35.png,true
OEBPS/text/article-041-analysis-2023-06-13-1h21gmn.xhtml,image,../images/chart-21-b3954a8c-39d57b51.png,OEBPS/images/chart-21-b3954a8c-39d57b51.png,true
OEBPS/text/article-041-analysis-2023-06-13-1h21gmn.xhtml,image,../images/chart-22-7c944652-dcc807c3.png,OEBPS/images/chart-22-7c944652-dcc807c3.png,true
OEBPS/text/article-041-analysis-2023-06-13-1h21gmn.xhtml,image,../images/chart-23-2d323e42-5593067d.png,OEBPS/images/chart-23-2d323e42-5593067d.png,true
OEBPS/text/article-041-analysis-2023-06-13-1h21gmn.xhtml,link,detailed-toc.xhtml,OEBPS/text/detailed-toc.xhtml,true
OEBPS/text/article-041-analysis-2023-06-13-1h21gmn.xhtml,link,detailed-toc.xhtml,OEBPS/text/detailed-toc.xhtml,true
OEBPS/text/article-042-analysis-2023-07-26-cf40-4507.xhtml,link,detailed-toc.xhtml,OEBPS/text/detailed-toc.xhtml,true
OEBPS/text/article-042-analysis-2023-07-26-cf40-4507.xhtml,link,detailed-toc.xhtml,OEBPS/text/detailed-toc.xhtml,true
OEBPS/text/article-043-analysis-2010-11-11-cf40-497.xhtml,link,detailed-toc.xhtml,OEBPS/text/detailed-toc.xhtml,true
OEBPS/text/article-043-analysis-2010-11-11-cf40-497.xhtml,link,detailed-toc.xhtml,OEBPS/text/detailed-toc.xhtml,true
OEBPS/text/article-044-analysis-2011-05-24-pk1kfh.xhtml,link,detailed-toc.xhtml,OEBPS/text/detailed-toc.xhtml,true
OEBPS/text/article-044-analysis-2011-05-24-pk1kfh.xhtml,link,detailed-toc.xhtml,OEBPS/text/detailed-toc.xhtml,true
OEBPS/text/article-045-analysis-2012-02-20-1fnty3l.xhtml,link,detailed-toc.xhtml,OEBPS/text/detailed-toc.xhtml,true
OEBPS/text/article-045-analysis-2012-02-20-1fnty3l.xhtml,link,detailed-toc.xhtml,OEBPS/text/detailed-toc.xhtml,true
OEBPS/text/article-046-analysis-2013-06-26-1lqkujw.xhtml,link,detailed-toc.xhtml,OEBPS/text/detailed-toc.xhtml,true
OEBPS/text/article-046-analysis-2013-06-26-1lqkujw.xhtml,link,detailed-toc.xhtml,OEBPS/text/detailed-toc.xhtml,true
OEBPS/text/article-047-analysis-2013-07-12-drn2d1.xhtml,image,../images/chart-01-cd61d80e-0b82503b.png,OEBPS/images/chart-01-cd61d80e-0b82503b.png,true
OEBPS/text/article-047-analysis-2013-07-12-drn2d1.xhtml,image,../images/chart-02-25fa5d4a-bf3bc009.png,OEBPS/images/chart-02-25fa5d4a-bf3bc009.png,true
OEBPS/text/article-047-analysis-2013-07-12-drn2d1.xhtml,image,../images/chart-03-0886be2e-080cc47f.png,OEBPS/images/chart-03-0886be2e-080cc47f.png,true
OEBPS/text/article-047-analysis-2013-07-12-drn2d1.xhtml,image,../images/chart-04-6d97d89c-fe382970.png,OEBPS/images/chart-04-6d97d89c-fe382970.png,true
OEBPS/text/article-047-analysis-2013-07-12-drn2d1.xhtml,image,../images/chart-05-2334deb7-65e004e2.png,OEBPS/images/chart-05-2334deb7-65e004e2.png,true
OEBPS/text/article-047-analysis-2013-07-12-drn2d1.xhtml,image,../images/chart-06-bcbb9a3f-6c16d887.png,OEBPS/images/chart-06-bcbb9a3f-6c16d887.png,true
OEBPS/text/article-047-analysis-2013-07-12-drn2d1.xhtml,image,../images/chart-07-7278aea0-bdd81ca7.png,OEBPS/images/chart-07-7278aea0-bdd81ca7.png,true
OEBPS/text/article-047-analysis-2013-07-12-drn2d1.xhtml,image,../images/chart-08-bdb129fe-0d85635e.png,OEBPS/images/chart-08-bdb129fe-0d85635e.png,true
OEBPS/text/article-047-analysis-2013-07-12-drn2d1.xhtml,image,../images/chart-09-359e3b27-fa9a208e.png,OEBPS/images/chart-09-359e3b27-fa9a208e.png,true
OEBPS/text/article-047-analysis-2013-07-12-drn2d1.xhtml,image,../images/chart-10-a8db20e5-740a477f.png,OEBPS/images/chart-10-a8db20e5-740a477f.png,true
OEBPS/text/article-047-analysis-2013-07-12-drn2d1.xhtml,image,../images/chart-11-f45d9fc2-a1d90f6c.png,OEBPS/images/chart-11-f45d9fc2-a1d90f6c.png,true
OEBPS/text/article-047-analysis-2013-07-12-drn2d1.xhtml,image,../images/chart-12-21737715-2102c1ce.png,OEBPS/images/chart-12-21737715-2102c1ce.png,true
OEBPS/text/article-047-analysis-2013-07-12-drn2d1.xhtml,image,../images/chart-13-9994b4a2-8d1f3cc9.png,OEBPS/images/chart-13-9994b4a2-8d1f3cc9.png,true
OEBPS/text/article-047-analysis-2013-07-12-drn2d1.xhtml,image,../images/chart-14-8765cdb8-b54f30b9.png,OEBPS/images/chart-14-8765cdb8-b54f30b9.png,true
OEBPS/text/article-047-analysis-2013-07-12-drn2d1.xhtml,image,../images/chart-15-c969514b-29268e58.png,OEBPS/images/chart-15-c969514b-29268e58.png,true
OEBPS/text/article-047-analysis-2013-07-12-drn2d1.xhtml,image,../images/chart-16-af0c5aa5-dbe5952b.png,OEBPS/images/chart-16-af0c5aa5-dbe5952b.png,true
OEBPS/text/article-047-analysis-2013-07-12-drn2d1.xhtml,image,../images/chart-17-f9f47097-449aadac.png,OEBPS/images/chart-17-f9f47097-449aadac.png,true
OEBPS/text/article-047-analysis-2013-07-12-drn2d1.xhtml,image,../images/chart-18-1fc648e6-3c90aee8.png,OEBPS/images/chart-18-1fc648e6-3c90aee8.png,true
OEBPS/text/article-047-analysis-2013-07-12-drn2d1.xhtml,image,../images/chart-19-3ff4a8df-a3194958.png,OEBPS/images/chart-19-3ff4a8df-a3194958.png,true
OEBPS/text/article-047-analysis-2013-07-12-drn2d1.xhtml,image,../images/chart-20-a7a28234-b4644969.png,OEBPS/images/chart-20-a7a28234-b4644969.png,true
OEBPS/text/article-047-analysis-2013-07-12-drn2d1.xhtml,image,../images/chart-21-4bdec2de-c451ea20.png,OEBPS/images/chart-21-4bdec2de-c451ea20.png,true
OEBPS/text/article-047-analysis-2013-07-12-drn2d1.xhtml,image,../images/chart-22-a0cbf509-6c2b359e.png,OEBPS/images/chart-22-a0cbf509-6c2b359e.png,true
OEBPS/text/article-047-analysis-2013-07-12-drn2d1.xhtml,image,../images/chart-23-85c805c3-e54d3941.png,OEBPS/images/chart-23-85c805c3-e54d3941.png,true
OEBPS/text/article-047-analysis-2013-07-12-drn2d1.xhtml,image,../images/chart-24-6f3c1225-d67248d2.png,OEBPS/images/chart-24-6f3c1225-d67248d2.png,true
OEBPS/text/article-047-analysis-2013-07-12-drn2d1.xhtml,image,../images/chart-25-606921b2-a857d17e.png,OEBPS/images/chart-25-606921b2-a857d17e.png,true
OEBPS/text/article-047-analysis-2013-07-12-drn2d1.xhtml,image,../images/chart-26-e4357e35-b0e44e62.png,OEBPS/images/chart-26-e4357e35-b0e44e62.png,true
OEBPS/text/article-047-analysis-2013-07-12-drn2d1.xhtml,image,../images/chart-27-4610d139-dac29a21.png,OEBPS/images/chart-27-4610d139-dac29a21.png,true
OEBPS/text/article-047-analysis-2013-07-12-drn2d1.xhtml,image,../images/chart-28-176b9c75-1570202b.png,OEBPS/images/chart-28-176b9c75-1570202b.png,true
OEBPS/text/article-047-analysis-2013-07-12-drn2d1.xhtml,image,../images/chart-29-0f6594b4-14c8e610.png,OEBPS/images/chart-29-0f6594b4-14c8e610.png,true
OEBPS/text/article-047-analysis-2013-07-12-drn2d1.xhtml,image,../images/chart-30-c952e8ec-7652db84.png,OEBPS/images/chart-30-c952e8ec-7652db84.png,true
OEBPS/text/article-047-analysis-2013-07-12-drn2d1.xhtml,image,../images/chart-31-5aa14d55-4fc6de12.png,OEBPS/images/chart-31-5aa14d55-4fc6de12.png,true
OEBPS/text/article-047-analysis-2013-07-12-drn2d1.xhtml,image,../images/chart-32-96d41e81-f8d80efd.png,OEBPS/images/chart-32-96d41e81-f8d80efd.png,true
OEBPS/text/article-047-analysis-2013-07-12-drn2d1.xhtml,image,../images/chart-33-181a998c-8cff27b6.png,OEBPS/images/chart-33-181a998c-8cff27b6.png,true
OEBPS/text/article-047-analysis-2013-07-12-drn2d1.xhtml,image,../images/chart-34-3a95dc4c-fd0819b3.png,OEBPS/images/chart-34-3a95dc4c-fd0819b3.png,true
OEBPS/text/article-047-analysis-2013-07-12-drn2d1.xhtml,image,../images/chart-35-038b8a9d-e9603910.png,OEBPS/images/chart-35-038b8a9d-e9603910.png,true
OEBPS/text/article-047-analysis-2013-07-12-drn2d1.xhtml,image,../images/chart-36-8d480fa9-add9748e.png,OEBPS/images/chart-36-8d480fa9-add9748e.png,true
OEBPS/text/article-047-analysis-2013-07-12-drn2d1.xhtml,link,detailed-toc.xhtml,OEBPS/text/detailed-toc.xhtml,true
OEBPS/text/article-047-analysis-2013-07-12-drn2d1.xhtml,link,detailed-toc.xhtml,OEBPS/text/detailed-toc.xhtml,true
OEBPS/text/article-048-analysis-2013-12-13-1j8ud9w.xhtml,link,detailed-toc.xhtml,OEBPS/text/detailed-toc.xhtml,true
OEBPS/text/article-048-analysis-2013-12-13-1j8ud9w.xhtml,link,detailed-toc.xhtml,OEBPS/text/detailed-toc.xhtml,true
OEBPS/text/article-049-analysis-2013-12-25-1sc4a6v.xhtml,link,detailed-toc.xhtml,OEBPS/text/detailed-toc.xhtml,true
OEBPS/text/article-049-analysis-2013-12-25-1sc4a6v.xhtml,link,detailed-toc.xhtml,OEBPS/text/detailed-toc.xhtml,true
OEBPS/text/article-050-analysis-2014-04-21-1w4964r.xhtml,link,detailed-toc.xhtml,OEBPS/text/detailed-toc.xhtml,true
OEBPS/text/article-050-analysis-2014-04-21-1w4964r.xhtml,link,detailed-toc.xhtml,OEBPS/text/detailed-toc.xhtml,true
OEBPS/text/article-051-commentary-2014-06-17-1s84v5m.xhtml,image,../images/chart-01-6ab1298d-f4915e06.png,OEBPS/images/chart-01-6ab1298d-f4915e06.png,true
OEBPS/text/article-051-commentary-2014-06-17-1s84v5m.xhtml,image,../images/chart-02-f3765ae5-b8ed8a7c.png,OEBPS/images/chart-02-f3765ae5-b8ed8a7c.png,true
OEBPS/text/article-051-commentary-2014-06-17-1s84v5m.xhtml,image,../images/chart-03-7878aebf-47ceeed0.png,OEBPS/images/chart-03-7878aebf-47ceeed0.png,true
OEBPS/text/article-051-commentary-2014-06-17-1s84v5m.xhtml,image,../images/chart-04-5c59419f-79ddd6bc.png,OEBPS/images/chart-04-5c59419f-79ddd6bc.png,true
OEBPS/text/article-051-commentary-2014-06-17-1s84v5m.xhtml,link,detailed-toc.xhtml,OEBPS/text/detailed-toc.xhtml,true
OEBPS/text/article-051-commentary-2014-06-17-1s84v5m.xhtml,link,detailed-toc.xhtml,OEBPS/text/detailed-toc.xhtml,true
OEBPS/text/article-052-analysis-2015-08-12-nxtdhp.xhtml,image,../images/chart-01-23f3119f-2b88807d.png,OEBPS/images/chart-01-23f3119f-2b88807d.png,true
OEBPS/text/article-052-analysis-2015-08-12-nxtdhp.xhtml,image,../images/chart-02-79c318eb-5390cc3f.png,OEBPS/images/chart-02-79c318eb-5390cc3f.png,true
OEBPS/text/article-052-analysis-2015-08-12-nxtdhp.xhtml,image,../images/chart-03-23da1e0d-7fe054c8.png,OEBPS/images/chart-03-23da1e0d-7fe054c8.png,true
OEBPS/text/article-052-analysis-2015-08-12-nxtdhp.xhtml,link,detailed-toc.xhtml,OEBPS/text/detailed-toc.xhtml,true
OEBPS/text/article-052-analysis-2015-08-12-nxtdhp.xhtml,link,detailed-toc.xhtml,OEBPS/text/detailed-toc.xhtml,true
OEBPS/text/article-053-analysis-2015-10-23-1a7mblf.xhtml,image,../images/chart-01-3f24c87b-17406a28.png,OEBPS/images/chart-01-3f24c87b-17406a28.png,true
OEBPS/text/article-053-analysis-2015-10-23-1a7mblf.xhtml,image,../images/chart-02-c9dd48e4-d4ffd163.png,OEBPS/images/chart-02-c9dd48e4-d4ffd163.png,true
OEBPS/text/article-053-analysis-2015-10-23-1a7mblf.xhtml,image,../images/chart-03-dce4f071-a2e7cd79.png,OEBPS/images/chart-03-dce4f071-a2e7cd79.png,true
OEBPS/text/article-053-analysis-2015-10-23-1a7mblf.xhtml,image,../images/chart-04-4bf90b0c-b69901c8.png,OEBPS/images/chart-04-4bf90b0c-b69901c8.png,true
OEBPS/text/article-053-analysis-2015-10-23-1a7mblf.xhtml,image,../images/chart-05-88c1a5ff-b38518b8.png,OEBPS/images/chart-05-88c1a5ff-b38518b8.png,true
OEBPS/text/article-053-analysis-2015-10-23-1a7mblf.xhtml,image,../images/chart-06-1c05f0b4-73eb7a88.png,OEBPS/images/chart-06-1c05f0b4-73eb7a88.png,true
OEBPS/text/article-053-analysis-2015-10-23-1a7mblf.xhtml,image,../images/chart-07-eb598cc8-5c26900d.png,OEBPS/images/chart-07-eb598cc8-5c26900d.png,true
OEBPS/text/article-053-analysis-2015-10-23-1a7mblf.xhtml,image,../images/chart-08-256ab3ad-58ea8b3c.png,OEBPS/images/chart-08-256ab3ad-58ea8b3c.png,true
OEBPS/text/article-053-analysis-2015-10-23-1a7mblf.xhtml,image,../images/chart-09-5bb8c5a9-d3f03741.png,OEBPS/images/chart-09-5bb8c5a9-d3f03741.png,true
OEBPS/text/article-053-analysis-2015-10-23-1a7mblf.xhtml,image,../images/chart-10-20b9e65c-be4023a6.png,OEBPS/images/chart-10-20b9e65c-be4023a6.png,true
OEBPS/text/article-053-analysis-2015-10-23-1a7mblf.xhtml,image,../images/chart-11-a7440724-0ef90895.png,OEBPS/images/chart-11-a7440724-0ef90895.png,true
OEBPS/text/article-053-analysis-2015-10-23-1a7mblf.xhtml,image,../images/chart-12-067233ca-10de3d36.png,OEBPS/images/chart-12-067233ca-10de3d36.png,true
OEBPS/text/article-053-analysis-2015-10-23-1a7mblf.xhtml,image,../images/chart-13-6c44174c-ce6cfd09.png,OEBPS/images/chart-13-6c44174c-ce6cfd09.png,true
OEBPS/text/article-053-analysis-2015-10-23-1a7mblf.xhtml,image,../images/chart-14-48133b7d-accb800f.png,OEBPS/images/chart-14-48133b7d-accb800f.png,true
OEBPS/text/article-053-analysis-2015-10-23-1a7mblf.xhtml,link,detailed-toc.xhtml,OEBPS/text/detailed-toc.xhtml,true
OEBPS/text/article-053-analysis-2015-10-23-1a7mblf.xhtml,link,detailed-toc.xhtml,OEBPS/text/detailed-toc.xhtml,true
OEBPS/text/article-054-analysis-2015-12-16-9ey7c3.xhtml,image,../images/chart-01-cb3daee5-9de67b3e.png,OEBPS/images/chart-01-cb3daee5-9de67b3e.png,true
OEBPS/text/article-054-analysis-2015-12-16-9ey7c3.xhtml,image,../images/chart-02-00610a1b-0dc348b0.png,OEBPS/images/chart-02-00610a1b-0dc348b0.png,true
OEBPS/text/article-054-analysis-2015-12-16-9ey7c3.xhtml,image,../images/chart-03-b5871571-56078e31.png,OEBPS/images/chart-03-b5871571-56078e31.png,true
OEBPS/text/article-054-analysis-2015-12-16-9ey7c3.xhtml,image,../images/chart-04-ea352fe7-09b83840.png,OEBPS/images/chart-04-ea352fe7-09b83840.png,true
OEBPS/text/article-054-analysis-2015-12-16-9ey7c3.xhtml,image,../images/chart-05-c1d8fe44-23caae60.png,OEBPS/images/chart-05-c1d8fe44-23caae60.png,true
OEBPS/text/article-054-analysis-2015-12-16-9ey7c3.xhtml,image,../images/chart-06-30ae6d81-0af21424.png,OEBPS/images/chart-06-30ae6d81-0af21424.png,true
OEBPS/text/article-054-analysis-2015-12-16-9ey7c3.xhtml,image,../images/chart-07-04cddcf7-7f796c94.png,OEBPS/images/chart-07-04cddcf7-7f796c94.png,true
OEBPS/text/article-054-analysis-2015-12-16-9ey7c3.xhtml,image,../images/chart-08-b9f835fd-eb7f4a75.png,OEBPS/images/chart-08-b9f835fd-eb7f4a75.png,true
OEBPS/text/article-054-analysis-2015-12-16-9ey7c3.xhtml,image,../images/chart-09-5c27ab6f-d9cada6d.png,OEBPS/images/chart-09-5c27ab6f-d9cada6d.png,true
OEBPS/text/article-054-analysis-2015-12-16-9ey7c3.xhtml,image,../images/chart-10-52edaa1e-c636da32.png,OEBPS/images/chart-10-52edaa1e-c636da32.png,true
OEBPS/text/article-054-analysis-2015-12-16-9ey7c3.xhtml,image,../images/chart-11-ed24fd26-3a4a5792.png,OEBPS/images/chart-11-ed24fd26-3a4a5792.png,true
OEBPS/text/article-054-analysis-2015-12-16-9ey7c3.xhtml,image,../images/chart-12-80826109-b0a0c3d7.png,OEBPS/images/chart-12-80826109-b0a0c3d7.png,true
OEBPS/text/article-054-analysis-2015-12-16-9ey7c3.xhtml,image,../images/chart-13-a2a9de3b-41a14ffa.png,OEBPS/images/chart-13-a2a9de3b-41a14ffa.png,true
OEBPS/text/article-054-analysis-2015-12-16-9ey7c3.xhtml,image,../images/chart-14-61bb783d-1e1d77a6.png,OEBPS/images/chart-14-61bb783d-1e1d77a6.png,true
OEBPS/text/article-054-analysis-2015-12-16-9ey7c3.xhtml,image,../images/chart-15-321b0945-73eb7a88.png,OEBPS/images/chart-15-321b0945-73eb7a88.png,true
OEBPS/text/article-054-analysis-2015-12-16-9ey7c3.xhtml,image,../images/chart-16-8664ab36-fffc8ada.png,OEBPS/images/chart-16-8664ab36-fffc8ada.png,true
OEBPS/text/article-054-analysis-2015-12-16-9ey7c3.xhtml,image,../images/chart-17-ea74bddd-58ea8b3c.png,OEBPS/images/chart-17-ea74bddd-58ea8b3c.png,true
OEBPS/text/article-054-analysis-2015-12-16-9ey7c3.xhtml,image,../images/chart-18-3f6ffecd-8bbaa1fa.png,OEBPS/images/chart-18-3f6ffecd-8bbaa1fa.png,true
OEBPS/text/article-054-analysis-2015-12-16-9ey7c3.xhtml,image,../images/chart-19-df60b679-895ba296.png,OEBPS/images/chart-19-df60b679-895ba296.png,true
OEBPS/text/article-054-analysis-2015-12-16-9ey7c3.xhtml,image,../images/chart-20-b4f1328f-d499ca48.png,OEBPS/images/chart-20-b4f1328f-d499ca48.png,true
OEBPS/text/article-054-analysis-2015-12-16-9ey7c3.xhtml,image,../images/chart-21-7b18e1f5-3c070dec.png,OEBPS/images/chart-21-7b18e1f5-3c070dec.png,true
OEBPS/text/article-054-analysis-2015-12-16-9ey7c3.xhtml,image,../images/chart-22-0705aa0a-2e77d55c.png,OEBPS/images/chart-22-0705aa0a-2e77d55c.png,true
OEBPS/text/article-054-analysis-2015-12-16-9ey7c3.xhtml,image,../images/chart-23-fee41cf9-bf52bbbb.png,OEBPS/images/chart-23-fee41cf9-bf52bbbb.png,true
OEBPS/text/article-054-analysis-2015-12-16-9ey7c3.xhtml,image,../images/chart-24-2cd8d9e0-d7d835be.png,OEBPS/images/chart-24-2cd8d9e0-d7d835be.png,true
OEBPS/text/article-054-analysis-2015-12-16-9ey7c3.xhtml,image,../images/chart-25-d2861b17-dabe100e.png,OEBPS/images/chart-25-d2861b17-dabe100e.png,true
OEBPS/text/article-054-analysis-2015-12-16-9ey7c3.xhtml,image,../images/chart-26-306ef76e-5b2367c2.png,OEBPS/images/chart-26-306ef76e-5b2367c2.png,true
OEBPS/text/article-054-analysis-2015-12-16-9ey7c3.xhtml,image,../images/chart-27-d6b56ade-abca95a4.png,OEBPS/images/chart-27-d6b56ade-abca95a4.png,true
OEBPS/text/article-054-analysis-2015-12-16-9ey7c3.xhtml,image,../images/chart-28-e60563b6-2dee3392.png,OEBPS/images/chart-28-e60563b6-2dee3392.png,true
OEBPS/text/article-054-analysis-2015-12-16-9ey7c3.xhtml,image,../images/chart-29-1ca1fb7d-4880c4f0.png,OEBPS/images/chart-29-1ca1fb7d-4880c4f0.png,true
OEBPS/text/article-054-analysis-2015-12-16-9ey7c3.xhtml,image,../images/chart-30-58103ba2-92859e09.png,OEBPS/images/chart-30-58103ba2-92859e09.png,true
OEBPS/text/article-054-analysis-2015-12-16-9ey7c3.xhtml,image,../images/chart-31-d4bb162c-1538a170.png,OEBPS/images/chart-31-d4bb162c-1538a170.png,true
OEBPS/text/article-054-analysis-2015-12-16-9ey7c3.xhtml,image,../images/chart-32-79dedf0b-bf5b7884.png,OEBPS/images/chart-32-79dedf0b-bf5b7884.png,true
OEBPS/text/article-054-analysis-2015-12-16-9ey7c3.xhtml,image,../images/chart-33-1b83f77f-53114ff6.png,OEBPS/images/chart-33-1b83f77f-53114ff6.png,true
OEBPS/text/article-054-analysis-2015-12-16-9ey7c3.xhtml,image,../images/chart-34-5090fcd6-dbcb2be9.png,OEBPS/images/chart-34-5090fcd6-dbcb2be9.png,true
OEBPS/text/article-054-analysis-2015-12-16-9ey7c3.xhtml,image,../images/chart-35-5a0cad5d-7174e335.png,OEBPS/images/chart-35-5a0cad5d-7174e335.png,true
OEBPS/text/article-054-analysis-2015-12-16-9ey7c3.xhtml,image,../images/chart-36-595860b5-ec55d8fd.png,OEBPS/images/chart-36-595860b5-ec55d8fd.png,true
OEBPS/text/article-054-analysis-2015-12-16-9ey7c3.xhtml,image,../images/chart-37-ac0965d5-f9489422.png,OEBPS/images/chart-37-ac0965d5-f9489422.png,true
OEBPS/text/article-054-analysis-2015-12-16-9ey7c3.xhtml,image,../images/chart-38-f4addbfd-972e4333.png,OEBPS/images/chart-38-f4addbfd-972e4333.png,true
OEBPS/text/article-054-analysis-2015-12-16-9ey7c3.xhtml,link,detailed-toc.xhtml,OEBPS/text/detailed-toc.xhtml,true
OEBPS/text/article-054-analysis-2015-12-16-9ey7c3.xhtml,link,detailed-toc.xhtml,OEBPS/text/detailed-toc.xhtml,true
OEBPS/text/article-055-analysis-2016-01-23-cf40-2217.xhtml,image,../images/1fzfwi1-001_f7bb6886a1-8f61555a-11a64d55.jpg,OEBPS/images/1fzfwi1-001_f7bb6886a1-8f61555a-11a64d55.jpg,true
OEBPS/text/article-055-analysis-2016-01-23-cf40-2217.xhtml,image,../images/1ycrczd-002_d5acbb4566-890ebdb8-cd670bd2.jpg,OEBPS/images/1ycrczd-002_d5acbb4566-890ebdb8-cd670bd2.jpg,true
OEBPS/text/article-055-analysis-2016-01-23-cf40-2217.xhtml,image,../images/6h89wd-003_bd6f65d3a4-3c666e92-69beb763.jpg,OEBPS/images/6h89wd-003_bd6f65d3a4-3c666e92-69beb763.jpg,true
OEBPS/text/article-055-analysis-2016-01-23-cf40-2217.xhtml,image,../images/qo1xfz-004_70375ff774-ed8496be-e9d0d6b1.jpg,OEBPS/images/qo1xfz-004_70375ff774-ed8496be-e9d0d6b1.jpg,true
OEBPS/text/article-055-analysis-2016-01-23-cf40-2217.xhtml,image,../images/1f5sri7-005_dd981885f0-769efce1-83e7a387.jpg,OEBPS/images/1f5sri7-005_dd981885f0-769efce1-83e7a387.jpg,true
OEBPS/text/article-055-analysis-2016-01-23-cf40-2217.xhtml,image,../images/e26sfq-006_8ba1809d35-0cdded74-bad07fc6.jpg,OEBPS/images/e26sfq-006_8ba1809d35-0cdded74-bad07fc6.jpg,true
OEBPS/text/article-055-analysis-2016-01-23-cf40-2217.xhtml,image,../images/13hziug-007_91fc8bafd2-0091e63d-0e7e6464.jpg,OEBPS/images/13hziug-007_91fc8bafd2-0091e63d-0e7e6464.jpg,true
OEBPS/text/article-055-analysis-2016-01-23-cf40-2217.xhtml,image,../images/8t9jc1-008_17f2165c65-331ae0ef-97950f2c.jpg,OEBPS/images/8t9jc1-008_17f2165c65-331ae0ef-97950f2c.jpg,true
OEBPS/text/article-055-analysis-2016-01-23-cf40-2217.xhtml,image,../images/2yno20-009_00c913b736-ef480e45-11e87577.jpg,OEBPS/images/2yno20-009_00c913b736-ef480e45-11e87577.jpg,true
OEBPS/text/article-055-analysis-2016-01-23-cf40-2217.xhtml,link,detailed-toc.xhtml,OEBPS/text/detailed-toc.xhtml,true
OEBPS/text/article-055-analysis-2016-01-23-cf40-2217.xhtml,link,detailed-toc.xhtml,OEBPS/text/detailed-toc.xhtml,true
OEBPS/text/article-056-analysis-2016-08-11-1xw3jws.xhtml,image,../images/chart-01-c84f4bde-fc38c811.png,OEBPS/images/chart-01-c84f4bde-fc38c811.png,true
OEBPS/text/article-056-analysis-2016-08-11-1xw3jws.xhtml,image,../images/chart-02-de843f0d-a7fa6e40.png,OEBPS/images/chart-02-de843f0d-a7fa6e40.png,true
OEBPS/text/article-056-analysis-2016-08-11-1xw3jws.xhtml,image,../images/chart-03-5ebc86fa-047201bc.png,OEBPS/images/chart-03-5ebc86fa-047201bc.png,true
OEBPS/text/article-056-analysis-2016-08-11-1xw3jws.xhtml,image,../images/chart-04-812ca653-e106d7e8.png,OEBPS/images/chart-04-812ca653-e106d7e8.png,true
OEBPS/text/article-056-analysis-2016-08-11-1xw3jws.xhtml,image,../images/chart-05-f8a35d65-bb1bd055.png,OEBPS/images/chart-05-f8a35d65-bb1bd055.png,true
OEBPS/text/article-056-analysis-2016-08-11-1xw3jws.xhtml,image,../images/chart-06-31dbfa8e-0b966a41.png,OEBPS/images/chart-06-31dbfa8e-0b966a41.png,true
OEBPS/text/article-056-analysis-2016-08-11-1xw3jws.xhtml,image,../images/chart-07-179ab5d6-1a0dd52b.png,OEBPS/images/chart-07-179ab5d6-1a0dd52b.png,true
OEBPS/text/article-056-analysis-2016-08-11-1xw3jws.xhtml,image,../images/chart-08-91c503fd-5379885d.png,OEBPS/images/chart-08-91c503fd-5379885d.png,true
OEBPS/text/article-056-analysis-2016-08-11-1xw3jws.xhtml,image,../images/chart-09-0eff1b25-22d8c5d6.png,OEBPS/images/chart-09-0eff1b25-22d8c5d6.png,true
OEBPS/text/article-056-analysis-2016-08-11-1xw3jws.xhtml,image,../images/chart-10-3ca6e3d5-f0c5453f.png,OEBPS/images/chart-10-3ca6e3d5-f0c5453f.png,true
OEBPS/text/article-056-analysis-2016-08-11-1xw3jws.xhtml,image,../images/chart-11-f4f8b426-83e07b2f.png,OEBPS/images/chart-11-f4f8b426-83e07b2f.png,true
OEBPS/text/article-056-analysis-2016-08-11-1xw3jws.xhtml,image,../images/chart-12-405c0da7-c732f7b4.png,OEBPS/images/chart-12-405c0da7-c732f7b4.png,true
OEBPS/text/article-056-analysis-2016-08-11-1xw3jws.xhtml,link,detailed-toc.xhtml,OEBPS/text/detailed-toc.xhtml,true
OEBPS/text/article-056-analysis-2016-08-11-1xw3jws.xhtml,link,detailed-toc.xhtml,OEBPS/text/detailed-toc.xhtml,true
OEBPS/text/article-057-analysis-2017-01-10-oi5ohh.xhtml,link,detailed-toc.xhtml,OEBPS/text/detailed-toc.xhtml,true
OEBPS/text/article-057-analysis-2017-01-10-oi5ohh.xhtml,link,detailed-toc.xhtml,OEBPS/text/detailed-toc.xhtml,true
OEBPS/text/article-058-analysis-2017-02-08-ped4oo.xhtml,link,detailed-toc.xhtml,OEBPS/text/detailed-toc.xhtml,true
OEBPS/text/article-058-analysis-2017-02-08-ped4oo.xhtml,link,detailed-toc.xhtml,OEBPS/text/detailed-toc.xhtml,true
OEBPS/text/article-059-analysis-2017-07-10-1wa6qd7.xhtml,link,detailed-toc.xhtml,OEBPS/text/detailed-toc.xhtml,true
OEBPS/text/article-059-analysis-2017-07-10-1wa6qd7.xhtml,link,detailed-toc.xhtml,OEBPS/text/detailed-toc.xhtml,true
OEBPS/text/article-060-analysis-2017-07-29-cf40-2593.xhtml,image,../images/31bubb-001_c1ab40a6b4-8e70c2f5-2741f6d3.jpg,OEBPS/images/31bubb-001_c1ab40a6b4-8e70c2f5-2741f6d3.jpg,true
OEBPS/text/article-060-analysis-2017-07-29-cf40-2593.xhtml,image,../images/16lwmww-002_b29bf9b503-70fe3333-7c413ab5.jpg,OEBPS/images/16lwmww-002_b29bf9b503-70fe3333-7c413ab5.jpg,true
OEBPS/text/article-060-analysis-2017-07-29-cf40-2593.xhtml,image,../images/rmlrsb-003_ea77c18c07-eb2e032e-09f021a2.jpg,OEBPS/images/rmlrsb-003_ea77c18c07-eb2e032e-09f021a2.jpg,true
OEBPS/text/article-060-analysis-2017-07-29-cf40-2593.xhtml,image,../images/1j469l0-004_c85b977733-7e18e3bb-6d74b5c3.jpg,OEBPS/images/1j469l0-004_c85b977733-7e18e3bb-6d74b5c3.jpg,true
OEBPS/text/article-060-analysis-2017-07-29-cf40-2593.xhtml,image,../images/1qsmu1d-005_e66f27a247-3c9f35e4-edac2ef8.jpg,OEBPS/images/1qsmu1d-005_e66f27a247-3c9f35e4-edac2ef8.jpg,true
OEBPS/text/article-060-analysis-2017-07-29-cf40-2593.xhtml,image,../images/s6iyay-006_8e7a931817-a0d34cad-23b49b2e.jpg,OEBPS/images/s6iyay-006_8e7a931817-a0d34cad-23b49b2e.jpg,true
OEBPS/text/article-060-analysis-2017-07-29-cf40-2593.xhtml,image,../images/npzq05-007_211a3e4d7b-923a17a9-017b7d6d.jpg,OEBPS/images/npzq05-007_211a3e4d7b-923a17a9-017b7d6d.jpg,true
OEBPS/text/article-060-analysis-2017-07-29-cf40-2593.xhtml,image,../images/1edzrwr-008_a154c67fa5-114e382f-ea59a5b0.jpg,OEBPS/images/1edzrwr-008_a154c67fa5-114e382f-ea59a5b0.jpg,true
OEBPS/text/article-060-analysis-2017-07-29-cf40-2593.xhtml,image,../images/15p11yp-009_e5e13f3998-4605ac90-bc391d5a.jpg,OEBPS/images/15p11yp-009_e5e13f3998-4605ac90-bc391d5a.jpg,true
OEBPS/text/article-060-analysis-2017-07-29-cf40-2593.xhtml,image,../images/9poxt8-010_27649de3fe-476ae7d2-cb73ef73.jpg,OEBPS/images/9poxt8-010_27649de3fe-476ae7d2-cb73ef73.jpg,true
OEBPS/text/article-060-analysis-2017-07-29-cf40-2593.xhtml,image,../images/1u1qjlq-011_328a261da4-57688b93-9997f407.jpg,OEBPS/images/1u1qjlq-011_328a261da4-57688b93-9997f407.jpg,true
OEBPS/text/article-060-analysis-2017-07-29-cf40-2593.xhtml,image,../images/1535zqs-012_6ee6ff05a1-04a935d4-0779b399.jpg,OEBPS/images/1535zqs-012_6ee6ff05a1-04a935d4-0779b399.jpg,true
OEBPS/text/article-060-analysis-2017-07-29-cf40-2593.xhtml,image,../images/2agvf9-013_f2263b667c-1638e729-92605ff3.jpg,OEBPS/images/2agvf9-013_f2263b667c-1638e729-92605ff3.jpg,true
OEBPS/text/article-060-analysis-2017-07-29-cf40-2593.xhtml,image,../images/1ktdlnd-014_b08df65d2c-d4c37df1-9197e26c.jpg,OEBPS/images/1ktdlnd-014_b08df65d2c-d4c37df1-9197e26c.jpg,true
OEBPS/text/article-060-analysis-2017-07-29-cf40-2593.xhtml,link,detailed-toc.xhtml,OEBPS/text/detailed-toc.xhtml,true
OEBPS/text/article-060-analysis-2017-07-29-cf40-2593.xhtml,link,detailed-toc.xhtml,OEBPS/text/detailed-toc.xhtml,true
OEBPS/text/article-061-analysis-2017-09-21-1x1xhed.xhtml,link,detailed-toc.xhtml,OEBPS/text/detailed-toc.xhtml,true
OEBPS/text/article-061-analysis-2017-09-21-1x1xhed.xhtml,link,detailed-toc.xhtml,OEBPS/text/detailed-toc.xhtml,true
OEBPS/text/article-062-analysis-2017-11-16-cf40-2675.xhtml,link,detailed-toc.xhtml,OEBPS/text/detailed-toc.xhtml,true
OEBPS/text/article-062-analysis-2017-11-16-cf40-2675.xhtml,link,detailed-toc.xhtml,OEBPS/text/detailed-toc.xhtml,true
OEBPS/text/article-063-analysis-2018-03-07-cf40-2760.xhtml,link,detailed-toc.xhtml,OEBPS/text/detailed-toc.xhtml,true
OEBPS/text/article-063-analysis-2018-03-07-cf40-2760.xhtml,link,detailed-toc.xhtml,OEBPS/text/detailed-toc.xhtml,true
OEBPS/text/article-064-analysis-2020-04-05-cf40-3328.xhtml,link,detailed-toc.xhtml,OEBPS/text/detailed-toc.xhtml,true
OEBPS/text/article-064-analysis-2020-04-05-cf40-3328.xhtml,link,detailed-toc.xhtml,OEBPS/text/detailed-toc.xhtml,true
OEBPS/text/article-065-analysis-2020-11-07-cf40-3610.xhtml,link,detailed-toc.xhtml,OEBPS/text/detailed-toc.xhtml,true
OEBPS/text/article-065-analysis-2020-11-07-cf40-3610.xhtml,link,detailed-toc.xhtml,OEBPS/text/detailed-toc.xhtml,true
OEBPS/text/article-066-analysis-2021-02-10-cf40-3694.xhtml,image,../images/kqd0p1-001_b662ffd0dc-abb5c9e7-829d0213.jpg,OEBPS/images/kqd0p1-001_b662ffd0dc-abb5c9e7-829d0213.jpg,true
OEBPS/text/article-066-analysis-2021-02-10-cf40-3694.xhtml,image,../images/10dlayg-002_82951f80bf-2e9c6f61-9145d426.jpg,OEBPS/images/10dlayg-002_82951f80bf-2e9c6f61-9145d426.jpg,true
OEBPS/text/article-066-analysis-2021-02-10-cf40-3694.xhtml,image,../images/1dzpd04-003_615d2b2d77-c4302228-016c92c8.jpg,OEBPS/images/1dzpd04-003_615d2b2d77-c4302228-016c92c8.jpg,true
OEBPS/text/article-066-analysis-2021-02-10-cf40-3694.xhtml,image,../images/1gbeobo-004_bedaf38c83-86382aec-3c9d7d8c.jpg,OEBPS/images/1gbeobo-004_bedaf38c83-86382aec-3c9d7d8c.jpg,true
OEBPS/text/article-066-analysis-2021-02-10-cf40-3694.xhtml,image,../images/3mppnu-005_f30348eeb0-e2e7c2bd-ac400039.jpg,OEBPS/images/3mppnu-005_f30348eeb0-e2e7c2bd-ac400039.jpg,true
OEBPS/text/article-066-analysis-2021-02-10-cf40-3694.xhtml,image,../images/ya3en6-006_9080588986-31bceadb-c87f7bc4.jpg,OEBPS/images/ya3en6-006_9080588986-31bceadb-c87f7bc4.jpg,true
OEBPS/text/article-066-analysis-2021-02-10-cf40-3694.xhtml,image,../images/1xnu7co-007_56317339c4-2ab7ec33-3216e41a.jpg,OEBPS/images/1xnu7co-007_56317339c4-2ab7ec33-3216e41a.jpg,true
OEBPS/text/article-066-analysis-2021-02-10-cf40-3694.xhtml,image,../images/wsmfw7-008_f7aa440810-70b381d0-c247c8af.jpg,OEBPS/images/wsmfw7-008_f7aa440810-70b381d0-c247c8af.jpg,true
OEBPS/text/article-066-analysis-2021-02-10-cf40-3694.xhtml,link,detailed-toc.xhtml,OEBPS/text/detailed-toc.xhtml,true
OEBPS/text/article-066-analysis-2021-02-10-cf40-3694.xhtml,link,detailed-toc.xhtml,OEBPS/text/detailed-toc.xhtml,true
OEBPS/text/article-067-analysis-2021-03-10-cf40-3709.xhtml,link,detailed-toc.xhtml,OEBPS/text/detailed-toc.xhtml,true
OEBPS/text/article-067-analysis-2021-03-10-cf40-3709.xhtml,link,detailed-toc.xhtml,OEBPS/text/detailed-toc.xhtml,true
OEBPS/text/article-068-analysis-2022-05-31-cf40-4048.xhtml,link,detailed-toc.xhtml,OEBPS/text/detailed-toc.xhtml,true
OEBPS/text/article-068-analysis-2022-05-31-cf40-4048.xhtml,link,detailed-toc.xhtml,OEBPS/text/detailed-toc.xhtml,true
OEBPS/text/article-069-analysis-2010-12-14-cf40-525.xhtml,link,detailed-toc.xhtml,OEBPS/text/detailed-toc.xhtml,true
OEBPS/text/article-069-analysis-2010-12-14-cf40-525.xhtml,link,detailed-toc.xhtml,OEBPS/text/detailed-toc.xhtml,true
OEBPS/text/article-070-analysis-2011-12-08-w0p4t8.xhtml,link,detailed-toc.xhtml,OEBPS/text/detailed-toc.xhtml,true
OEBPS/text/article-070-analysis-2011-12-08-w0p4t8.xhtml,link,detailed-toc.xhtml,OEBPS/text/detailed-toc.xhtml,true
OEBPS/text/article-071-analysis-2011-12-15-1bxk9k7.xhtml,image,../images/chart-01-32e61f05-d516c16c.png,OEBPS/images/chart-01-32e61f05-d516c16c.png,true
OEBPS/text/article-071-analysis-2011-12-15-1bxk9k7.xhtml,image,../images/chart-02-c89853d0-890b9d0d.png,OEBPS/images/chart-02-c89853d0-890b9d0d.png,true
OEBPS/text/article-071-analysis-2011-12-15-1bxk9k7.xhtml,image,../images/chart-03-18aaee0d-ffacee72.png,OEBPS/images/chart-03-18aaee0d-ffacee72.png,true
OEBPS/text/article-071-analysis-2011-12-15-1bxk9k7.xhtml,image,../images/chart-04-92a01cf4-0378afaa.png,OEBPS/images/chart-04-92a01cf4-0378afaa.png,true
OEBPS/text/article-071-analysis-2011-12-15-1bxk9k7.xhtml,image,../images/chart-05-33aa681b-3fc6cfeb.png,OEBPS/images/chart-05-33aa681b-3fc6cfeb.png,true
OEBPS/text/article-071-analysis-2011-12-15-1bxk9k7.xhtml,image,../images/chart-06-33edb696-5d962246.png,OEBPS/images/chart-06-33edb696-5d962246.png,true
OEBPS/text/article-071-analysis-2011-12-15-1bxk9k7.xhtml,image,../images/chart-07-0469b080-c64f5c60.png,OEBPS/images/chart-07-0469b080-c64f5c60.png,true
OEBPS/text/article-071-analysis-2011-12-15-1bxk9k7.xhtml,image,../images/chart-08-43920510-80ecd6d6.png,OEBPS/images/chart-08-43920510-80ecd6d6.png,true
OEBPS/text/article-071-analysis-2011-12-15-1bxk9k7.xhtml,image,../images/chart-09-60bcf8b4-17302f62.png,OEBPS/images/chart-09-60bcf8b4-17302f62.png,true
OEBPS/text/article-071-analysis-2011-12-15-1bxk9k7.xhtml,image,../images/chart-10-23ea0e29-565f40eb.png,OEBPS/images/chart-10-23ea0e29-565f40eb.png,true
OEBPS/text/article-071-analysis-2011-12-15-1bxk9k7.xhtml,image,../images/chart-11-62c48037-f5b2fc3e.png,OEBPS/images/chart-11-62c48037-f5b2fc3e.png,true
OEBPS/text/article-071-analysis-2011-12-15-1bxk9k7.xhtml,image,../images/chart-12-d70a8ed6-86419d6e.png,OEBPS/images/chart-12-d70a8ed6-86419d6e.png,true
OEBPS/text/article-071-analysis-2011-12-15-1bxk9k7.xhtml,image,../images/chart-13-c9d2485d-4fd84b5d.png,OEBPS/images/chart-13-c9d2485d-4fd84b5d.png,true
OEBPS/text/article-071-analysis-2011-12-15-1bxk9k7.xhtml,image,../images/chart-14-9d365c57-458233ad.png,OEBPS/images/chart-14-9d365c57-458233ad.png,true
OEBPS/text/article-071-analysis-2011-12-15-1bxk9k7.xhtml,image,../images/chart-15-119d6075-eb49b7a3.png,OEBPS/images/chart-15-119d6075-eb49b7a3.png,true
OEBPS/text/article-071-analysis-2011-12-15-1bxk9k7.xhtml,image,../images/chart-16-dfb93669-b0a3ea0f.png,OEBPS/images/chart-16-dfb93669-b0a3ea0f.png,true
OEBPS/text/article-071-analysis-2011-12-15-1bxk9k7.xhtml,image,../images/chart-17-7693e157-3bf92cd2.png,OEBPS/images/chart-17-7693e157-3bf92cd2.png,true
OEBPS/text/article-071-analysis-2011-12-15-1bxk9k7.xhtml,link,detailed-toc.xhtml,OEBPS/text/detailed-toc.xhtml,true
OEBPS/text/article-071-analysis-2011-12-15-1bxk9k7.xhtml,link,detailed-toc.xhtml,OEBPS/text/detailed-toc.xhtml,true
OEBPS/text/article-072-analysis-2012-07-13-t5sgzj.xhtml,link,detailed-toc.xhtml,OEBPS/text/detailed-toc.xhtml,true
OEBPS/text/article-072-analysis-2012-07-13-t5sgzj.xhtml,link,detailed-toc.xhtml,OEBPS/text/detailed-toc.xhtml,true
OEBPS/text/article-073-analysis-2013-01-23-cf40-1182.xhtml,link,detailed-toc.xhtml,OEBPS/text/detailed-toc.xhtml,true
OEBPS/text/article-073-analysis-2013-01-23-cf40-1182.xhtml,link,detailed-toc.xhtml,OEBPS/text/detailed-toc.xhtml,true
OEBPS/text/article-074-analysis-2013-06-23-1ffp2x3.xhtml,link,detailed-toc.xhtml,OEBPS/text/detailed-toc.xhtml,true
OEBPS/text/article-074-analysis-2013-06-23-1ffp2x3.xhtml,link,detailed-toc.xhtml,OEBPS/text/detailed-toc.xhtml,true
OEBPS/text/article-075-analysis-2014-01-12-1olyata.xhtml,link,detailed-toc.xhtml,OEBPS/text/detailed-toc.xhtml,true
OEBPS/text/article-075-analysis-2014-01-12-1olyata.xhtml,link,detailed-toc.xhtml,OEBPS/text/detailed-toc.xhtml,true
OEBPS/text/article-076-analysis-2014-01-23-19q2ojg.xhtml,link,detailed-toc.xhtml,OEBPS/text/detailed-toc.xhtml,true
OEBPS/text/article-076-analysis-2014-01-23-19q2ojg.xhtml,link,detailed-toc.xhtml,OEBPS/text/detailed-toc.xhtml,true
OEBPS/text/article-077-analysis-2014-05-17-cf40-1666.xhtml,link,detailed-toc.xhtml,OEBPS/text/detailed-toc.xhtml,true
OEBPS/text/article-077-analysis-2014-05-17-cf40-1666.xhtml,link,detailed-toc.xhtml,OEBPS/text/detailed-toc.xhtml,true
OEBPS/text/article-078-analysis-2014-08-06-8obrb8.xhtml,link,detailed-toc.xhtml,OEBPS/text/detailed-toc.xhtml,true
OEBPS/text/article-078-analysis-2014-08-06-8obrb8.xhtml,link,detailed-toc.xhtml,OEBPS/text/detailed-toc.xhtml,true
OEBPS/text/article-079-analysis-2014-12-25-16gb0ew.xhtml,image,../images/image1-35dfc064-81af4455.png,OEBPS/images/image1-35dfc064-81af4455.png,true
OEBPS/text/article-079-analysis-2014-12-25-16gb0ew.xhtml,image,../images/image2-86c2f2ec-9d4a7ad9.png,OEBPS/images/image2-86c2f2ec-9d4a7ad9.png,true
OEBPS/text/article-079-analysis-2014-12-25-16gb0ew.xhtml,image,../images/image3-d7a83f5a-974a3c95.png,OEBPS/images/image3-d7a83f5a-974a3c95.png,true
OEBPS/text/article-079-analysis-2014-12-25-16gb0ew.xhtml,image,../images/chart-01-0b9fa678-68ee4675.png,OEBPS/images/chart-01-0b9fa678-68ee4675.png,true
OEBPS/text/article-079-analysis-2014-12-25-16gb0ew.xhtml,image,../images/chart-02-2c3315dd-509e01f0.png,OEBPS/images/chart-02-2c3315dd-509e01f0.png,true
OEBPS/text/article-079-analysis-2014-12-25-16gb0ew.xhtml,image,../images/chart-03-097ac074-57fe45b8.png,OEBPS/images/chart-03-097ac074-57fe45b8.png,true
OEBPS/text/article-079-analysis-2014-12-25-16gb0ew.xhtml,image,../images/chart-04-c9d939db-8a1bfc6c.png,OEBPS/images/chart-04-c9d939db-8a1bfc6c.png,true
OEBPS/text/article-079-analysis-2014-12-25-16gb0ew.xhtml,image,../images/chart-05-127ce07c-7e097e1b.png,OEBPS/images/chart-05-127ce07c-7e097e1b.png,true
OEBPS/text/article-079-analysis-2014-12-25-16gb0ew.xhtml,image,../images/chart-06-7e4f848f-182e4414.png,OEBPS/images/chart-06-7e4f848f-182e4414.png,true
OEBPS/text/article-079-analysis-2014-12-25-16gb0ew.xhtml,image,../images/chart-07-99e06a92-b1f1b875.png,OEBPS/images/chart-07-99e06a92-b1f1b875.png,true
OEBPS/text/article-079-analysis-2014-12-25-16gb0ew.xhtml,image,../images/chart-08-a07b30d8-16bac04f.png,OEBPS/images/chart-08-a07b30d8-16bac04f.png,true
OEBPS/text/article-079-analysis-2014-12-25-16gb0ew.xhtml,image,../images/chart-09-2b406e30-dc3edd32.png,OEBPS/images/chart-09-2b406e30-dc3edd32.png,true
OEBPS/text/article-079-analysis-2014-12-25-16gb0ew.xhtml,image,../images/chart-10-3279bf35-eadeb571.png,OEBPS/images/chart-10-3279bf35-eadeb571.png,true
OEBPS/text/article-079-analysis-2014-12-25-16gb0ew.xhtml,image,../images/chart-11-bd383ddf-74bdd371.png,OEBPS/images/chart-11-bd383ddf-74bdd371.png,true
OEBPS/text/article-079-analysis-2014-12-25-16gb0ew.xhtml,image,../images/chart-12-093b773b-1f34360b.png,OEBPS/images/chart-12-093b773b-1f34360b.png,true
OEBPS/text/article-079-analysis-2014-12-25-16gb0ew.xhtml,image,../images/chart-13-efb9bf3c-4b7e7fd4.png,OEBPS/images/chart-13-efb9bf3c-4b7e7fd4.png,true
OEBPS/text/article-079-analysis-2014-12-25-16gb0ew.xhtml,image,../images/chart-14-038cc068-01ed4c1c.png,OEBPS/images/chart-14-038cc068-01ed4c1c.png,true
OEBPS/text/article-079-analysis-2014-12-25-16gb0ew.xhtml,image,../images/chart-15-7611ac79-fca288a7.png,OEBPS/images/chart-15-7611ac79-fca288a7.png,true
OEBPS/text/article-079-analysis-2014-12-25-16gb0ew.xhtml,image,../images/chart-16-05127213-295857f6.png,OEBPS/images/chart-16-05127213-295857f6.png,true
OEBPS/text/article-079-analysis-2014-12-25-16gb0ew.xhtml,image,../images/chart-17-b30ac79e-df482717.png,OEBPS/images/chart-17-b30ac79e-df482717.png,true
OEBPS/text/article-079-analysis-2014-12-25-16gb0ew.xhtml,link,detailed-toc.xhtml,OEBPS/text/detailed-toc.xhtml,true
OEBPS/text/article-079-analysis-2014-12-25-16gb0ew.xhtml,link,detailed-toc.xhtml,OEBPS/text/detailed-toc.xhtml,true
OEBPS/text/article-080-analysis-2015-06-01-1hir3om.xhtml,link,detailed-toc.xhtml,OEBPS/text/detailed-toc.xhtml,true
OEBPS/text/article-080-analysis-2015-06-01-1hir3om.xhtml,link,detailed-toc.xhtml,OEBPS/text/detailed-toc.xhtml,true
OEBPS/text/article-081-analysis-2015-07-02-1i64yjn.xhtml,image,../images/chart-01-551f3557-a339aa18.png,OEBPS/images/chart-01-551f3557-a339aa18.png,true
OEBPS/text/article-081-analysis-2015-07-02-1i64yjn.xhtml,image,../images/chart-02-dea37843-2e14ef75.png,OEBPS/images/chart-02-dea37843-2e14ef75.png,true
OEBPS/text/article-081-analysis-2015-07-02-1i64yjn.xhtml,image,../images/chart-03-04e1c2f7-4bba9cb6.png,OEBPS/images/chart-03-04e1c2f7-4bba9cb6.png,true
OEBPS/text/article-081-analysis-2015-07-02-1i64yjn.xhtml,image,../images/chart-04-2dcb954c-db2be35f.png,OEBPS/images/chart-04-2dcb954c-db2be35f.png,true
OEBPS/text/article-081-analysis-2015-07-02-1i64yjn.xhtml,image,../images/chart-05-fda1d5e0-c3b18f9b.png,OEBPS/images/chart-05-fda1d5e0-c3b18f9b.png,true
OEBPS/text/article-081-analysis-2015-07-02-1i64yjn.xhtml,image,../images/chart-06-cb6229f7-c25cbfa3.png,OEBPS/images/chart-06-cb6229f7-c25cbfa3.png,true
OEBPS/text/article-081-analysis-2015-07-02-1i64yjn.xhtml,image,../images/chart-07-c944e613-3eee7883.png,OEBPS/images/chart-07-c944e613-3eee7883.png,true
OEBPS/text/article-081-analysis-2015-07-02-1i64yjn.xhtml,image,../images/chart-08-9e99e85d-e9af4265.png,OEBPS/images/chart-08-9e99e85d-e9af4265.png,true
OEBPS/text/article-081-analysis-2015-07-02-1i64yjn.xhtml,image,../images/chart-09-edfc8ae4-8080d18f.png,OEBPS/images/chart-09-edfc8ae4-8080d18f.png,true
OEBPS/text/article-081-analysis-2015-07-02-1i64yjn.xhtml,image,../images/chart-10-72165989-cb5d0d98.png,OEBPS/images/chart-10-72165989-cb5d0d98.png,true
OEBPS/text/article-081-analysis-2015-07-02-1i64yjn.xhtml,image,../images/chart-11-c0f8492b-0b27a44a.png,OEBPS/images/chart-11-c0f8492b-0b27a44a.png,true
OEBPS/text/article-081-analysis-2015-07-02-1i64yjn.xhtml,image,../images/chart-12-11f17baf-52b62ef2.png,OEBPS/images/chart-12-11f17baf-52b62ef2.png,true
OEBPS/text/article-081-analysis-2015-07-02-1i64yjn.xhtml,image,../images/chart-13-3d6555b2-33d33643.png,OEBPS/images/chart-13-3d6555b2-33d33643.png,true
OEBPS/text/article-081-analysis-2015-07-02-1i64yjn.xhtml,image,../images/chart-14-a9d35640-77873f54.png,OEBPS/images/chart-14-a9d35640-77873f54.png,true
OEBPS/text/article-081-analysis-2015-07-02-1i64yjn.xhtml,image,../images/chart-15-ed55a389-ba66829c.png,OEBPS/images/chart-15-ed55a389-ba66829c.png,true
OEBPS/text/article-081-analysis-2015-07-02-1i64yjn.xhtml,image,../images/chart-16-eab3e23b-522a98fd.png,OEBPS/images/chart-16-eab3e23b-522a98fd.png,true
OEBPS/text/article-081-analysis-2015-07-02-1i64yjn.xhtml,image,../images/chart-17-d2c9378a-842794ce.png,OEBPS/images/chart-17-d2c9378a-842794ce.png,true
OEBPS/text/article-081-analysis-2015-07-02-1i64yjn.xhtml,image,../images/chart-18-2268805c-78f59f68.png,OEBPS/images/chart-18-2268805c-78f59f68.png,true
OEBPS/text/article-081-analysis-2015-07-02-1i64yjn.xhtml,image,../images/chart-19-08d964f9-698c7b33.png,OEBPS/images/chart-19-08d964f9-698c7b33.png,true
OEBPS/text/article-081-analysis-2015-07-02-1i64yjn.xhtml,image,../images/chart-20-1d9830cd-3ca08110.png,OEBPS/images/chart-20-1d9830cd-3ca08110.png,true
OEBPS/text/article-081-analysis-2015-07-02-1i64yjn.xhtml,image,../images/chart-21-5a5504e5-875cd81f.png,OEBPS/images/chart-21-5a5504e5-875cd81f.png,true
OEBPS/text/article-081-analysis-2015-07-02-1i64yjn.xhtml,image,../images/chart-22-5e130fbf-f229bb5c.png,OEBPS/images/chart-22-5e130fbf-f229bb5c.png,true
OEBPS/text/article-081-analysis-2015-07-02-1i64yjn.xhtml,link,detailed-toc.xhtml,OEBPS/text/detailed-toc.xhtml,true
OEBPS/text/article-081-analysis-2015-07-02-1i64yjn.xhtml,link,detailed-toc.xhtml,OEBPS/text/detailed-toc.xhtml,true
OEBPS/text/article-082-commentary-2015-07-24-2he5hh.xhtml,link,detailed-toc.xhtml,OEBPS/text/detailed-toc.xhtml,true
OEBPS/text/article-082-commentary-2015-07-24-2he5hh.xhtml,link,detailed-toc.xhtml,OEBPS/text/detailed-toc.xhtml,true
OEBPS/text/article-083-commentary-2015-08-09-1lqohk2.xhtml,link,detailed-toc.xhtml,OEBPS/text/detailed-toc.xhtml,true
OEBPS/text/article-083-commentary-2015-08-09-1lqohk2.xhtml,link,detailed-toc.xhtml,OEBPS/text/detailed-toc.xhtml,true
OEBPS/text/article-084-commentary-2015-08-15-okmyr0.xhtml,link,detailed-toc.xhtml,OEBPS/text/detailed-toc.xhtml,true
OEBPS/text/article-084-commentary-2015-08-15-okmyr0.xhtml,link,detailed-toc.xhtml,OEBPS/text/detailed-toc.xhtml,true
OEBPS/text/article-085-analysis-2016-07-07-12hogiu.xhtml,image,../images/chart-01-4a76180d-07774520.png,OEBPS/images/chart-01-4a76180d-07774520.png,true
OEBPS/text/article-085-analysis-2016-07-07-12hogiu.xhtml,image,../images/chart-02-cd77203a-7b84667f.png,OEBPS/images/chart-02-cd77203a-7b84667f.png,true
OEBPS/text/article-085-analysis-2016-07-07-12hogiu.xhtml,image,../images/chart-03-88f15a9c-378f244d.png,OEBPS/images/chart-03-88f15a9c-378f244d.png,true
OEBPS/text/article-085-analysis-2016-07-07-12hogiu.xhtml,image,../images/chart-04-5d6a8571-02f1e0a4.png,OEBPS/images/chart-04-5d6a8571-02f1e0a4.png,true
OEBPS/text/article-085-analysis-2016-07-07-12hogiu.xhtml,image,../images/chart-05-1cee9a89-895156a1.png,OEBPS/images/chart-05-1cee9a89-895156a1.png,true
OEBPS/text/article-085-analysis-2016-07-07-12hogiu.xhtml,image,../images/chart-06-2b769db8-b0d9038c.png,OEBPS/images/chart-06-2b769db8-b0d9038c.png,true
OEBPS/text/article-085-analysis-2016-07-07-12hogiu.xhtml,image,../images/chart-07-7232abde-58cc4ccc.png,OEBPS/images/chart-07-7232abde-58cc4ccc.png,true
OEBPS/text/article-085-analysis-2016-07-07-12hogiu.xhtml,image,../images/chart-08-53f09447-ef6949b6.png,OEBPS/images/chart-08-53f09447-ef6949b6.png,true
OEBPS/text/article-085-analysis-2016-07-07-12hogiu.xhtml,image,../images/chart-09-4d3f474a-c807825e.png,OEBPS/images/chart-09-4d3f474a-c807825e.png,true
OEBPS/text/article-085-analysis-2016-07-07-12hogiu.xhtml,image,../images/chart-10-da6aec73-3403c0fc.png,OEBPS/images/chart-10-da6aec73-3403c0fc.png,true
OEBPS/text/article-085-analysis-2016-07-07-12hogiu.xhtml,image,../images/chart-11-dbbe8c15-15d5f03f.png,OEBPS/images/chart-11-dbbe8c15-15d5f03f.png,true
OEBPS/text/article-085-analysis-2016-07-07-12hogiu.xhtml,image,../images/chart-12-2fa374b9-b6cdd277.png,OEBPS/images/chart-12-2fa374b9-b6cdd277.png,true
OEBPS/text/article-085-analysis-2016-07-07-12hogiu.xhtml,image,../images/chart-13-1f718a5c-21457bf0.png,OEBPS/images/chart-13-1f718a5c-21457bf0.png,true
OEBPS/text/article-085-analysis-2016-07-07-12hogiu.xhtml,image,../images/chart-14-e46d2f0a-8748994f.png,OEBPS/images/chart-14-e46d2f0a-8748994f.png,true
OEBPS/text/article-085-analysis-2016-07-07-12hogiu.xhtml,image,../images/chart-15-98a4ca50-8647d38f.png,OEBPS/images/chart-15-98a4ca50-8647d38f.png,true
OEBPS/text/article-085-analysis-2016-07-07-12hogiu.xhtml,image,../images/chart-16-8da4a22e-dc0563fc.png,OEBPS/images/chart-16-8da4a22e-dc0563fc.png,true
OEBPS/text/article-085-analysis-2016-07-07-12hogiu.xhtml,image,../images/chart-17-9fd4258a-229db407.png,OEBPS/images/chart-17-9fd4258a-229db407.png,true
OEBPS/text/article-085-analysis-2016-07-07-12hogiu.xhtml,image,../images/chart-18-82d30370-d7375817.png,OEBPS/images/chart-18-82d30370-d7375817.png,true
OEBPS/text/article-085-analysis-2016-07-07-12hogiu.xhtml,image,../images/chart-19-c3f63fc5-df0e1db6.png,OEBPS/images/chart-19-c3f63fc5-df0e1db6.png,true
OEBPS/text/article-085-analysis-2016-07-07-12hogiu.xhtml,image,../images/chart-20-0d53df96-d8d5497d.png,OEBPS/images/chart-20-0d53df96-d8d5497d.png,true
OEBPS/text/article-085-analysis-2016-07-07-12hogiu.xhtml,image,../images/chart-21-8231a59f-5eddaeab.png,OEBPS/images/chart-21-8231a59f-5eddaeab.png,true
OEBPS/text/article-085-analysis-2016-07-07-12hogiu.xhtml,link,detailed-toc.xhtml,OEBPS/text/detailed-toc.xhtml,true
OEBPS/text/article-085-analysis-2016-07-07-12hogiu.xhtml,link,detailed-toc.xhtml,OEBPS/text/detailed-toc.xhtml,true
OEBPS/text/article-086-analysis-2017-04-27-ljvbla.xhtml,link,detailed-toc.xhtml,OEBPS/text/detailed-toc.xhtml,true
OEBPS/text/article-086-analysis-2017-04-27-ljvbla.xhtml,link,detailed-toc.xhtml,OEBPS/text/detailed-toc.xhtml,true
OEBPS/text/article-087-analysis-2017-07-03-147gkay.xhtml,link,detailed-toc.xhtml,OEBPS/text/detailed-toc.xhtml,true
OEBPS/text/article-087-analysis-2017-07-03-147gkay.xhtml,link,detailed-toc.xhtml,OEBPS/text/detailed-toc.xhtml,true
OEBPS/text/article-088-analysis-2017-09-18-16oiu69.xhtml,link,detailed-toc.xhtml,OEBPS/text/detailed-toc.xhtml,true
OEBPS/text/article-088-analysis-2017-09-18-16oiu69.xhtml,link,detailed-toc.xhtml,OEBPS/text/detailed-toc.xhtml,true
OEBPS/text/article-089-analysis-2018-01-25-jhc4vh.xhtml,link,detailed-toc.xhtml,OEBPS/text/detailed-toc.xhtml,true
OEBPS/text/article-089-analysis-2018-01-25-jhc4vh.xhtml,link,detailed-toc.xhtml,OEBPS/text/detailed-toc.xhtml,true
OEBPS/text/article-090-analysis-2018-03-20-10gutlg.xhtml,link,detailed-toc.xhtml,OEBPS/text/detailed-toc.xhtml,true
OEBPS/text/article-090-analysis-2018-03-20-10gutlg.xhtml,link,detailed-toc.xhtml,OEBPS/text/detailed-toc.xhtml,true
OEBPS/text/article-091-analysis-2018-05-28-wginz7.xhtml,link,detailed-toc.xhtml,OEBPS/text/detailed-toc.xhtml,true
OEBPS/text/article-091-analysis-2018-05-28-wginz7.xhtml,link,detailed-toc.xhtml,OEBPS/text/detailed-toc.xhtml,true
OEBPS/text/article-092-analysis-2018-05-31-vmlmi0.xhtml,image,../images/chart-01-fedf94f0-c49038a2.png,OEBPS/images/chart-01-fedf94f0-c49038a2.png,true
OEBPS/text/article-092-analysis-2018-05-31-vmlmi0.xhtml,image,../images/chart-02-af1fbd56-194b78d7.png,OEBPS/images/chart-02-af1fbd56-194b78d7.png,true
OEBPS/text/article-092-analysis-2018-05-31-vmlmi0.xhtml,image,../images/chart-03-f678dfc4-1ee814f9.png,OEBPS/images/chart-03-f678dfc4-1ee814f9.png,true
OEBPS/text/article-092-analysis-2018-05-31-vmlmi0.xhtml,image,../images/chart-04-3c258315-7680b414.png,OEBPS/images/chart-04-3c258315-7680b414.png,true
OEBPS/text/article-092-analysis-2018-05-31-vmlmi0.xhtml,image,../images/chart-05-733ee46a-625ea720.png,OEBPS/images/chart-05-733ee46a-625ea720.png,true
OEBPS/text/article-092-analysis-2018-05-31-vmlmi0.xhtml,image,../images/chart-06-d47581ce-7e45b355.png,OEBPS/images/chart-06-d47581ce-7e45b355.png,true
OEBPS/text/article-092-analysis-2018-05-31-vmlmi0.xhtml,image,../images/chart-07-c5c3c9ba-5abb148e.png,OEBPS/images/chart-07-c5c3c9ba-5abb148e.png,true
OEBPS/text/article-092-analysis-2018-05-31-vmlmi0.xhtml,image,../images/chart-08-89109769-47b6c1ea.png,OEBPS/images/chart-08-89109769-47b6c1ea.png,true
OEBPS/text/article-092-analysis-2018-05-31-vmlmi0.xhtml,image,../images/chart-09-90aa5648-51dc1f3a.png,OEBPS/images/chart-09-90aa5648-51dc1f3a.png,true
OEBPS/text/article-092-analysis-2018-05-31-vmlmi0.xhtml,image,../images/chart-10-ecd22522-c1832354.png,OEBPS/images/chart-10-ecd22522-c1832354.png,true
OEBPS/text/article-092-analysis-2018-05-31-vmlmi0.xhtml,image,../images/chart-11-76870a29-531d6804.png,OEBPS/images/chart-11-76870a29-531d6804.png,true
OEBPS/text/article-092-analysis-2018-05-31-vmlmi0.xhtml,image,../images/chart-12-f58ff6c3-ef03ddb6.png,OEBPS/images/chart-12-f58ff6c3-ef03ddb6.png,true
OEBPS/text/article-092-analysis-2018-05-31-vmlmi0.xhtml,image,../images/chart-13-5a123481-4a402081.png,OEBPS/images/chart-13-5a123481-4a402081.png,true
OEBPS/text/article-092-analysis-2018-05-31-vmlmi0.xhtml,image,../images/chart-14-557c7a21-4b3ce882.png,OEBPS/images/chart-14-557c7a21-4b3ce882.png,true
OEBPS/text/article-092-analysis-2018-05-31-vmlmi0.xhtml,image,../images/chart-15-4079ca79-51155963.png,OEBPS/images/chart-15-4079ca79-51155963.png,true
OEBPS/text/article-092-analysis-2018-05-31-vmlmi0.xhtml,image,../images/chart-16-c85845f3-2ea01f00.png,OEBPS/images/chart-16-c85845f3-2ea01f00.png,true
OEBPS/text/article-092-analysis-2018-05-31-vmlmi0.xhtml,image,../images/chart-17-724b3d4b-11502d61.png,OEBPS/images/chart-17-724b3d4b-11502d61.png,true
OEBPS/text/article-092-analysis-2018-05-31-vmlmi0.xhtml,image,../images/chart-18-fef51505-9c329651.png,OEBPS/images/chart-18-fef51505-9c329651.png,true
OEBPS/text/article-092-analysis-2018-05-31-vmlmi0.xhtml,image,../images/chart-19-7cf7e59b-76ca647b.png,OEBPS/images/chart-19-7cf7e59b-76ca647b.png,true
OEBPS/text/article-092-analysis-2018-05-31-vmlmi0.xhtml,image,../images/chart-20-f36eb1d1-c49580d1.png,OEBPS/images/chart-20-f36eb1d1-c49580d1.png,true
OEBPS/text/article-092-analysis-2018-05-31-vmlmi0.xhtml,image,../images/chart-21-3ca64645-a759004a.png,OEBPS/images/chart-21-3ca64645-a759004a.png,true
OEBPS/text/article-092-analysis-2018-05-31-vmlmi0.xhtml,image,../images/chart-22-39d82e9d-aa54b27e.png,OEBPS/images/chart-22-39d82e9d-aa54b27e.png,true
OEBPS/text/article-092-analysis-2018-05-31-vmlmi0.xhtml,image,../images/chart-23-af7f2b64-53adf062.png,OEBPS/images/chart-23-af7f2b64-53adf062.png,true
OEBPS/text/article-092-analysis-2018-05-31-vmlmi0.xhtml,image,../images/chart-24-a38abdc5-0b258c0c.png,OEBPS/images/chart-24-a38abdc5-0b258c0c.png,true
OEBPS/text/article-092-analysis-2018-05-31-vmlmi0.xhtml,image,../images/chart-25-9b313d2f-9d426a2a.png,OEBPS/images/chart-25-9b313d2f-9d426a2a.png,true
OEBPS/text/article-092-analysis-2018-05-31-vmlmi0.xhtml,image,../images/chart-26-9273f86b-c2ab94c7.png,OEBPS/images/chart-26-9273f86b-c2ab94c7.png,true
OEBPS/text/article-092-analysis-2018-05-31-vmlmi0.xhtml,image,../images/chart-27-2f1de294-b384a8eb.png,OEBPS/images/chart-27-2f1de294-b384a8eb.png,true
OEBPS/text/article-092-analysis-2018-05-31-vmlmi0.xhtml,image,../images/chart-28-0d3e06c1-1fcc238d.png,OEBPS/images/chart-28-0d3e06c1-1fcc238d.png,true
OEBPS/text/article-092-analysis-2018-05-31-vmlmi0.xhtml,image,../images/chart-29-0599d985-c49580d1.png,OEBPS/images/chart-29-0599d985-c49580d1.png,true
OEBPS/text/article-092-analysis-2018-05-31-vmlmi0.xhtml,image,../images/chart-30-f1e501af-a759004a.png,OEBPS/images/chart-30-f1e501af-a759004a.png,true
OEBPS/text/article-092-analysis-2018-05-31-vmlmi0.xhtml,image,../images/chart-31-a8856ae2-53adf062.png,OEBPS/images/chart-31-a8856ae2-53adf062.png,true
OEBPS/text/article-092-analysis-2018-05-31-vmlmi0.xhtml,image,../images/chart-32-7bc90e8a-124fb25d.png,OEBPS/images/chart-32-7bc90e8a-124fb25d.png,true
OEBPS/text/article-092-analysis-2018-05-31-vmlmi0.xhtml,image,../images/chart-33-bc24dca4-29ac2dfa.png,OEBPS/images/chart-33-bc24dca4-29ac2dfa.png,true
OEBPS/text/article-092-analysis-2018-05-31-vmlmi0.xhtml,image,../images/chart-34-95473c1e-d5ded8a0.png,OEBPS/images/chart-34-95473c1e-d5ded8a0.png,true
OEBPS/text/article-092-analysis-2018-05-31-vmlmi0.xhtml,image,../images/chart-35-dc212902-9124890f.png,OEBPS/images/chart-35-dc212902-9124890f.png,true
OEBPS/text/article-092-analysis-2018-05-31-vmlmi0.xhtml,image,../images/formula-01-bf42b8b9-1b10084b.png,OEBPS/images/formula-01-bf42b8b9-1b10084b.png,true
OEBPS/text/article-092-analysis-2018-05-31-vmlmi0.xhtml,image,../images/formula-02-74137521-2955a232.png,OEBPS/images/formula-02-74137521-2955a232.png,true
OEBPS/text/article-092-analysis-2018-05-31-vmlmi0.xhtml,image,../images/formula-03-c999029e-5762c1c8.png,OEBPS/images/formula-03-c999029e-5762c1c8.png,true
OEBPS/text/article-092-analysis-2018-05-31-vmlmi0.xhtml,image,../images/formula-04-699112e6-e8a5a3b3.png,OEBPS/images/formula-04-699112e6-e8a5a3b3.png,true
OEBPS/text/article-092-analysis-2018-05-31-vmlmi0.xhtml,link,detailed-toc.xhtml,OEBPS/text/detailed-toc.xhtml,true
OEBPS/text/article-092-analysis-2018-05-31-vmlmi0.xhtml,link,detailed-toc.xhtml,OEBPS/text/detailed-toc.xhtml,true
OEBPS/text/article-093-analysis-2018-12-28-cf40-3013.xhtml,link,detailed-toc.xhtml,OEBPS/text/detailed-toc.xhtml,true
OEBPS/text/article-093-analysis-2018-12-28-cf40-3013.xhtml,link,detailed-toc.xhtml,OEBPS/text/detailed-toc.xhtml,true
OEBPS/text/article-094-analysis-2020-09-14-6m3pis.xhtml,image,../images/chart-01-dfdaa4cb-506547e6.png,OEBPS/images/chart-01-dfdaa4cb-506547e6.png,true
OEBPS/text/article-094-analysis-2020-09-14-6m3pis.xhtml,image,../images/chart-02-5b71f362-aa6cf3e4.png,OEBPS/images/chart-02-5b71f362-aa6cf3e4.png,true
OEBPS/text/article-094-analysis-2020-09-14-6m3pis.xhtml,image,../images/chart-03-89b50293-90f9cb00.png,OEBPS/images/chart-03-89b50293-90f9cb00.png,true
OEBPS/text/article-094-analysis-2020-09-14-6m3pis.xhtml,image,../images/chart-04-2808aa41-bbee40a9.png,OEBPS/images/chart-04-2808aa41-bbee40a9.png,true
OEBPS/text/article-094-analysis-2020-09-14-6m3pis.xhtml,image,../images/chart-05-e428e955-539949c3.png,OEBPS/images/chart-05-e428e955-539949c3.png,true
OEBPS/text/article-094-analysis-2020-09-14-6m3pis.xhtml,image,../images/chart-06-bc22f98d-76a6f32a.png,OEBPS/images/chart-06-bc22f98d-76a6f32a.png,true
OEBPS/text/article-094-analysis-2020-09-14-6m3pis.xhtml,image,../images/chart-07-8863d4e1-cce29797.png,OEBPS/images/chart-07-8863d4e1-cce29797.png,true
OEBPS/text/article-094-analysis-2020-09-14-6m3pis.xhtml,image,../images/chart-08-bc412693-5cfab7d0.png,OEBPS/images/chart-08-bc412693-5cfab7d0.png,true
OEBPS/text/article-094-analysis-2020-09-14-6m3pis.xhtml,image,../images/chart-09-9cbcdbea-4716d269.png,OEBPS/images/chart-09-9cbcdbea-4716d269.png,true
OEBPS/text/article-094-analysis-2020-09-14-6m3pis.xhtml,image,../images/chart-10-b89fac85-f0e05218.png,OEBPS/images/chart-10-b89fac85-f0e05218.png,true
OEBPS/text/article-094-analysis-2020-09-14-6m3pis.xhtml,image,../images/chart-11-2622de5b-24aa866f.png,OEBPS/images/chart-11-2622de5b-24aa866f.png,true
OEBPS/text/article-094-analysis-2020-09-14-6m3pis.xhtml,image,../images/chart-12-26bb9ee1-3404c0e9.png,OEBPS/images/chart-12-26bb9ee1-3404c0e9.png,true
OEBPS/text/article-094-analysis-2020-09-14-6m3pis.xhtml,image,../images/chart-13-b1cac484-2067e168.png,OEBPS/images/chart-13-b1cac484-2067e168.png,true
OEBPS/text/article-094-analysis-2020-09-14-6m3pis.xhtml,image,../images/chart-14-cba9efe2-2676f7c0.png,OEBPS/images/chart-14-cba9efe2-2676f7c0.png,true
OEBPS/text/article-094-analysis-2020-09-14-6m3pis.xhtml,image,../images/chart-15-4530686a-5ede71ca.png,OEBPS/images/chart-15-4530686a-5ede71ca.png,true
OEBPS/text/article-094-analysis-2020-09-14-6m3pis.xhtml,image,../images/chart-16-eb8d00e1-6a723f70.png,OEBPS/images/chart-16-eb8d00e1-6a723f70.png,true
OEBPS/text/article-094-analysis-2020-09-14-6m3pis.xhtml,image,../images/chart-17-2168447c-85421fcd.png,OEBPS/images/chart-17-2168447c-85421fcd.png,true
OEBPS/text/article-094-analysis-2020-09-14-6m3pis.xhtml,link,detailed-toc.xhtml,OEBPS/text/detailed-toc.xhtml,true
OEBPS/text/article-094-analysis-2020-09-14-6m3pis.xhtml,link,detailed-toc.xhtml,OEBPS/text/detailed-toc.xhtml,true
OEBPS/text/article-095-analysis-2021-01-17-cf40-3672.xhtml,link,detailed-toc.xhtml,OEBPS/text/detailed-toc.xhtml,true
OEBPS/text/article-095-analysis-2021-01-17-cf40-3672.xhtml,link,detailed-toc.xhtml,OEBPS/text/detailed-toc.xhtml,true
OEBPS/text/article-096-analysis-2022-02-07-cf40-3958.xhtml,link,detailed-toc.xhtml,OEBPS/text/detailed-toc.xhtml,true
OEBPS/text/article-096-analysis-2022-02-07-cf40-3958.xhtml,link,detailed-toc.xhtml,OEBPS/text/detailed-toc.xhtml,true
OEBPS/text/article-097-analysis-undated-18r006g.xhtml,image,../images/chart-01-ac7ab64f-36c085a8.png,OEBPS/images/chart-01-ac7ab64f-36c085a8.png,true
OEBPS/text/article-097-analysis-undated-18r006g.xhtml,image,../images/chart-02-18bdc7b6-6b1901dd.png,OEBPS/images/chart-02-18bdc7b6-6b1901dd.png,true
OEBPS/text/article-097-analysis-undated-18r006g.xhtml,image,../images/chart-03-5dcfc53e-f0076e8c.png,OEBPS/images/chart-03-5dcfc53e-f0076e8c.png,true
OEBPS/text/article-097-analysis-undated-18r006g.xhtml,image,../images/chart-04-d21fe8d8-2f5f3809.png,OEBPS/images/chart-04-d21fe8d8-2f5f3809.png,true
OEBPS/text/article-097-analysis-undated-18r006g.xhtml,image,../images/chart-05-62e79048-760850ea.png,OEBPS/images/chart-05-62e79048-760850ea.png,true
OEBPS/text/article-097-analysis-undated-18r006g.xhtml,image,../images/chart-06-751a4078-149907d0.png,OEBPS/images/chart-06-751a4078-149907d0.png,true
OEBPS/text/article-097-analysis-undated-18r006g.xhtml,image,../images/chart-07-26b1c6c4-52335b57.png,OEBPS/images/chart-07-26b1c6c4-52335b57.png,true
OEBPS/text/article-097-analysis-undated-18r006g.xhtml,image,../images/chart-08-41c8403e-10059a56.png,OEBPS/images/chart-08-41c8403e-10059a56.png,true
OEBPS/text/article-097-analysis-undated-18r006g.xhtml,link,detailed-toc.xhtml,OEBPS/text/detailed-toc.xhtml,true
OEBPS/text/article-097-analysis-undated-18r006g.xhtml,link,detailed-toc.xhtml,OEBPS/text/detailed-toc.xhtml,true
OEBPS/text/article-098-commentary-undated-1fcf1t3.xhtml,link,detailed-toc.xhtml,OEBPS/text/detailed-toc.xhtml,true
OEBPS/text/article-098-commentary-undated-1fcf1t3.xhtml,link,detailed-toc.xhtml,OEBPS/text/detailed-toc.xhtml,true
OEBPS/text/article-099-analysis-2009-08-15-cf40-177.xhtml,link,detailed-toc.xhtml,OEBPS/text/detailed-toc.xhtml,true
OEBPS/text/article-099-analysis-2009-08-15-cf40-177.xhtml,link,detailed-toc.xhtml,OEBPS/text/detailed-toc.xhtml,true
OEBPS/text/article-100-analysis-2013-03-05-17b10m7.xhtml,image,../images/chart-01-0a847b08-1f9af9fc.png,OEBPS/images/chart-01-0a847b08-1f9af9fc.png,true
OEBPS/text/article-100-analysis-2013-03-05-17b10m7.xhtml,image,../images/chart-02-d3f7d2d8-16242f8e.png,OEBPS/images/chart-02-d3f7d2d8-16242f8e.png,true
OEBPS/text/article-100-analysis-2013-03-05-17b10m7.xhtml,image,../images/chart-03-bb77f28f-18a38243.png,OEBPS/images/chart-03-bb77f28f-18a38243.png,true
OEBPS/text/article-100-analysis-2013-03-05-17b10m7.xhtml,image,../images/chart-04-dc46b282-3de9a9d4.png,OEBPS/images/chart-04-dc46b282-3de9a9d4.png,true
OEBPS/text/article-100-analysis-2013-03-05-17b10m7.xhtml,image,../images/chart-05-c43fba51-c59b6ac2.png,OEBPS/images/chart-05-c43fba51-c59b6ac2.png,true
OEBPS/text/article-100-analysis-2013-03-05-17b10m7.xhtml,image,../images/chart-06-f7cf9ccd-8b0aed9c.png,OEBPS/images/chart-06-f7cf9ccd-8b0aed9c.png,true
OEBPS/text/article-100-analysis-2013-03-05-17b10m7.xhtml,image,../images/chart-07-9adb9538-66ccd4ac.png,OEBPS/images/chart-07-9adb9538-66ccd4ac.png,true
OEBPS/text/article-100-analysis-2013-03-05-17b10m7.xhtml,image,../images/chart-08-d432bdcc-ba79b87e.png,OEBPS/images/chart-08-d432bdcc-ba79b87e.png,true
OEBPS/text/article-100-analysis-2013-03-05-17b10m7.xhtml,image,../images/chart-09-a4404a9f-b1595553.png,OEBPS/images/chart-09-a4404a9f-b1595553.png,true
OEBPS/text/article-100-analysis-2013-03-05-17b10m7.xhtml,image,../images/chart-10-a9b5425f-cfb8b8f2.png,OEBPS/images/chart-10-a9b5425f-cfb8b8f2.png,true
OEBPS/text/article-100-analysis-2013-03-05-17b10m7.xhtml,image,../images/chart-11-8c1a7b8f-f705879c.png,OEBPS/images/chart-11-8c1a7b8f-f705879c.png,true
OEBPS/text/article-100-analysis-2013-03-05-17b10m7.xhtml,image,../images/chart-12-ca53a8da-0f2e02ac.png,OEBPS/images/chart-12-ca53a8da-0f2e02ac.png,true
OEBPS/text/article-100-analysis-2013-03-05-17b10m7.xhtml,link,detailed-toc.xhtml,OEBPS/text/detailed-toc.xhtml,true
OEBPS/text/article-100-analysis-2013-03-05-17b10m7.xhtml,link,detailed-toc.xhtml,OEBPS/text/detailed-toc.xhtml,true
OEBPS/text/article-101-analysis-2014-07-05-cf40-1691.xhtml,image,../images/1b5ucmt-001_6848ee883e-a7e419f5-ebc0346d.jpg,OEBPS/images/1b5ucmt-001_6848ee883e-a7e419f5-ebc0346d.jpg,true
OEBPS/text/article-101-analysis-2014-07-05-cf40-1691.xhtml,image,../images/kt8a9o-002_aef49d3ddf-62c133dd-b1df301a.jpg,OEBPS/images/kt8a9o-002_aef49d3ddf-62c133dd-b1df301a.jpg,true
OEBPS/text/article-101-analysis-2014-07-05-cf40-1691.xhtml,image,../images/1y7wsgb-003_3bdba04e9f-f51e979d-65602cf5.jpg,OEBPS/images/1y7wsgb-003_3bdba04e9f-f51e979d-65602cf5.jpg,true
OEBPS/text/article-101-analysis-2014-07-05-cf40-1691.xhtml,image,../images/k91zzj-004_4e6e39aecd-69cb68eb-4e7c0e0d.jpg,OEBPS/images/k91zzj-004_4e6e39aecd-69cb68eb-4e7c0e0d.jpg,true
OEBPS/text/article-101-analysis-2014-07-05-cf40-1691.xhtml,image,../images/18ble74-005_05377013cb-08e03e38-20a0f01a.jpg,OEBPS/images/18ble74-005_05377013cb-08e03e38-20a0f01a.jpg,true
OEBPS/text/article-101-analysis-2014-07-05-cf40-1691.xhtml,image,../images/apv3ma-006_2c69091233-a7537e77-ab6f7abb.jpg,OEBPS/images/apv3ma-006_2c69091233-a7537e77-ab6f7abb.jpg,true
OEBPS/text/article-101-analysis-2014-07-05-cf40-1691.xhtml,image,../images/1cs0kmd-007_60bef9c593-0dcd48b9-cc97180d.jpg,OEBPS/images/1cs0kmd-007_60bef9c593-0dcd48b9-cc97180d.jpg,true
OEBPS/text/article-101-analysis-2014-07-05-cf40-1691.xhtml,link,detailed-toc.xhtml,OEBPS/text/detailed-toc.xhtml,true
OEBPS/text/article-101-analysis-2014-07-05-cf40-1691.xhtml,link,detailed-toc.xhtml,OEBPS/text/detailed-toc.xhtml,true
OEBPS/text/article-102-analysis-2014-07-07-1v3ncu2.xhtml,image,../images/chart-01-1f4b361d-d900aab0.png,OEBPS/images/chart-01-1f4b361d-d900aab0.png,true
OEBPS/text/article-102-analysis-2014-07-07-1v3ncu2.xhtml,image,../images/chart-02-9c7eae84-20e8252e.png,OEBPS/images/chart-02-9c7eae84-20e8252e.png,true
OEBPS/text/article-102-analysis-2014-07-07-1v3ncu2.xhtml,image,../images/chart-03-f674e973-7321d946.png,OEBPS/images/chart-03-f674e973-7321d946.png,true
OEBPS/text/article-102-analysis-2014-07-07-1v3ncu2.xhtml,image,../images/chart-04-7a207f45-b060047d.png,OEBPS/images/chart-04-7a207f45-b060047d.png,true
OEBPS/text/article-102-analysis-2014-07-07-1v3ncu2.xhtml,image,../images/chart-05-f79d1fb5-530b3dc5.png,OEBPS/images/chart-05-f79d1fb5-530b3dc5.png,true
OEBPS/text/article-102-analysis-2014-07-07-1v3ncu2.xhtml,image,../images/chart-06-f42c46f2-da36b48a.png,OEBPS/images/chart-06-f42c46f2-da36b48a.png,true
OEBPS/text/article-102-analysis-2014-07-07-1v3ncu2.xhtml,image,../images/chart-07-db57bd24-d4f865d2.png,OEBPS/images/chart-07-db57bd24-d4f865d2.png,true
OEBPS/text/article-102-analysis-2014-07-07-1v3ncu2.xhtml,image,../images/chart-08-03335e0d-e6819a3a.png,OEBPS/images/chart-08-03335e0d-e6819a3a.png,true
OEBPS/text/article-102-analysis-2014-07-07-1v3ncu2.xhtml,image,../images/chart-09-62b7b825-f91f8a84.png,OEBPS/images/chart-09-62b7b825-f91f8a84.png,true
OEBPS/text/article-102-analysis-2014-07-07-1v3ncu2.xhtml,image,../images/chart-10-240c7d02-c1dcff9c.png,OEBPS/images/chart-10-240c7d02-c1dcff9c.png,true
OEBPS/text/article-102-analysis-2014-07-07-1v3ncu2.xhtml,image,../images/chart-11-2937d452-6c6af8a8.png,OEBPS/images/chart-11-2937d452-6c6af8a8.png,true
OEBPS/text/article-102-analysis-2014-07-07-1v3ncu2.xhtml,image,../images/chart-12-715c7d17-f0878bf0.png,OEBPS/images/chart-12-715c7d17-f0878bf0.png,true
OEBPS/text/article-102-analysis-2014-07-07-1v3ncu2.xhtml,image,../images/chart-13-6549dd0b-aa764fcc.png,OEBPS/images/chart-13-6549dd0b-aa764fcc.png,true
OEBPS/text/article-102-analysis-2014-07-07-1v3ncu2.xhtml,image,../images/chart-14-fd59f43a-734db776.png,OEBPS/images/chart-14-fd59f43a-734db776.png,true
OEBPS/text/article-102-analysis-2014-07-07-1v3ncu2.xhtml,image,../images/chart-15-cdcb8a30-669331dd.png,OEBPS/images/chart-15-cdcb8a30-669331dd.png,true
OEBPS/text/article-102-analysis-2014-07-07-1v3ncu2.xhtml,image,../images/chart-16-c617410c-a3cd21ed.png,OEBPS/images/chart-16-c617410c-a3cd21ed.png,true
OEBPS/text/article-102-analysis-2014-07-07-1v3ncu2.xhtml,link,detailed-toc.xhtml,OEBPS/text/detailed-toc.xhtml,true
OEBPS/text/article-102-analysis-2014-07-07-1v3ncu2.xhtml,link,detailed-toc.xhtml,OEBPS/text/detailed-toc.xhtml,true
OEBPS/text/article-103-analysis-2014-07-24-1yh5fmx.xhtml,link,detailed-toc.xhtml,OEBPS/text/detailed-toc.xhtml,true
OEBPS/text/article-103-analysis-2014-07-24-1yh5fmx.xhtml,link,detailed-toc.xhtml,OEBPS/text/detailed-toc.xhtml,true
OEBPS/text/article-104-analysis-2016-12-27-auk8v4.xhtml,image,../images/chart-01-7f420313-ad55e173.png,OEBPS/images/chart-01-7f420313-ad55e173.png,true
OEBPS/text/article-104-analysis-2016-12-27-auk8v4.xhtml,image,../images/chart-02-2a64ab6f-817b6e9d.png,OEBPS/images/chart-02-2a64ab6f-817b6e9d.png,true
OEBPS/text/article-104-analysis-2016-12-27-auk8v4.xhtml,image,../images/chart-03-d2d4feb1-9cef9ed9.png,OEBPS/images/chart-03-d2d4feb1-9cef9ed9.png,true
OEBPS/text/article-104-analysis-2016-12-27-auk8v4.xhtml,image,../images/chart-04-f5e2d96b-6b4a8386.png,OEBPS/images/chart-04-f5e2d96b-6b4a8386.png,true
OEBPS/text/article-104-analysis-2016-12-27-auk8v4.xhtml,image,../images/chart-05-f59fb9b8-62f6dcfd.png,OEBPS/images/chart-05-f59fb9b8-62f6dcfd.png,true
OEBPS/text/article-104-analysis-2016-12-27-auk8v4.xhtml,image,../images/chart-06-09c4135d-75eced85.png,OEBPS/images/chart-06-09c4135d-75eced85.png,true
OEBPS/text/article-104-analysis-2016-12-27-auk8v4.xhtml,image,../images/chart-07-d6e290a4-b9ec1e8d.png,OEBPS/images/chart-07-d6e290a4-b9ec1e8d.png,true
OEBPS/text/article-104-analysis-2016-12-27-auk8v4.xhtml,image,../images/chart-08-01cc9e47-04d25633.png,OEBPS/images/chart-08-01cc9e47-04d25633.png,true
OEBPS/text/article-104-analysis-2016-12-27-auk8v4.xhtml,image,../images/chart-09-d169edea-03aead67.png,OEBPS/images/chart-09-d169edea-03aead67.png,true
OEBPS/text/article-104-analysis-2016-12-27-auk8v4.xhtml,image,../images/chart-10-cb7960cb-e27b38b6.png,OEBPS/images/chart-10-cb7960cb-e27b38b6.png,true
OEBPS/text/article-104-analysis-2016-12-27-auk8v4.xhtml,image,../images/chart-11-d3c60b77-b3ff2248.png,OEBPS/images/chart-11-d3c60b77-b3ff2248.png,true
OEBPS/text/article-104-analysis-2016-12-27-auk8v4.xhtml,image,../images/chart-12-df7d4f23-9219f6bc.png,OEBPS/images/chart-12-df7d4f23-9219f6bc.png,true
OEBPS/text/article-104-analysis-2016-12-27-auk8v4.xhtml,image,../images/chart-13-49c0109f-8933c11a.png,OEBPS/images/chart-13-49c0109f-8933c11a.png,true
OEBPS/text/article-104-analysis-2016-12-27-auk8v4.xhtml,image,../images/chart-14-da3829c7-025e1a30.png,OEBPS/images/chart-14-da3829c7-025e1a30.png,true
OEBPS/text/article-104-analysis-2016-12-27-auk8v4.xhtml,image,../images/chart-15-3d9d41b5-09efc914.png,OEBPS/images/chart-15-3d9d41b5-09efc914.png,true
OEBPS/text/article-104-analysis-2016-12-27-auk8v4.xhtml,image,../images/chart-16-daf36df2-97b45a43.png,OEBPS/images/chart-16-daf36df2-97b45a43.png,true
OEBPS/text/article-104-analysis-2016-12-27-auk8v4.xhtml,image,../images/chart-17-9648dfaa-f7725305.png,OEBPS/images/chart-17-9648dfaa-f7725305.png,true
OEBPS/text/article-104-analysis-2016-12-27-auk8v4.xhtml,image,../images/chart-18-0f3713c5-3fcd7875.png,OEBPS/images/chart-18-0f3713c5-3fcd7875.png,true
OEBPS/text/article-104-analysis-2016-12-27-auk8v4.xhtml,image,../images/chart-19-050f893c-90d8328f.png,OEBPS/images/chart-19-050f893c-90d8328f.png,true
OEBPS/text/article-104-analysis-2016-12-27-auk8v4.xhtml,image,../images/chart-20-96208cbd-f4fdff41.png,OEBPS/images/chart-20-96208cbd-f4fdff41.png,true
OEBPS/text/article-104-analysis-2016-12-27-auk8v4.xhtml,image,../images/chart-21-b58321b6-c51ac8a5.png,OEBPS/images/chart-21-b58321b6-c51ac8a5.png,true
OEBPS/text/article-104-analysis-2016-12-27-auk8v4.xhtml,image,../images/chart-22-651daae2-337f25a0.png,OEBPS/images/chart-22-651daae2-337f25a0.png,true
OEBPS/text/article-104-analysis-2016-12-27-auk8v4.xhtml,image,../images/chart-23-9b35d14a-d8fed53a.png,OEBPS/images/chart-23-9b35d14a-d8fed53a.png,true
OEBPS/text/article-104-analysis-2016-12-27-auk8v4.xhtml,image,../images/chart-24-e7a29fc8-0e1465c3.png,OEBPS/images/chart-24-e7a29fc8-0e1465c3.png,true
OEBPS/text/article-104-analysis-2016-12-27-auk8v4.xhtml,image,../images/chart-25-313d6547-7a850f6e.png,OEBPS/images/chart-25-313d6547-7a850f6e.png,true
OEBPS/text/article-104-analysis-2016-12-27-auk8v4.xhtml,image,../images/chart-26-306eb2ae-f7400f91.png,OEBPS/images/chart-26-306eb2ae-f7400f91.png,true
OEBPS/text/article-104-analysis-2016-12-27-auk8v4.xhtml,image,../images/chart-27-305efaa4-41609e59.png,OEBPS/images/chart-27-305efaa4-41609e59.png,true
OEBPS/text/article-104-analysis-2016-12-27-auk8v4.xhtml,image,../images/chart-28-8286952c-563abb55.png,OEBPS/images/chart-28-8286952c-563abb55.png,true
OEBPS/text/article-104-analysis-2016-12-27-auk8v4.xhtml,image,../images/chart-29-1e3f6fc0-c1ee96ca.png,OEBPS/images/chart-29-1e3f6fc0-c1ee96ca.png,true
OEBPS/text/article-104-analysis-2016-12-27-auk8v4.xhtml,image,../images/chart-30-0246ade8-6dcd9742.png,OEBPS/images/chart-30-0246ade8-6dcd9742.png,true
OEBPS/text/article-104-analysis-2016-12-27-auk8v4.xhtml,image,../images/chart-31-60dda67e-9f77db21.png,OEBPS/images/chart-31-60dda67e-9f77db21.png,true
OEBPS/text/article-104-analysis-2016-12-27-auk8v4.xhtml,image,../images/chart-32-39061ed3-00679e7e.png,OEBPS/images/chart-32-39061ed3-00679e7e.png,true
OEBPS/text/article-104-analysis-2016-12-27-auk8v4.xhtml,image,../images/chart-33-d7c2e95b-bb207919.png,OEBPS/images/chart-33-d7c2e95b-bb207919.png,true
OEBPS/text/article-104-analysis-2016-12-27-auk8v4.xhtml,image,../images/chart-34-d007f5f4-52a3efa3.png,OEBPS/images/chart-34-d007f5f4-52a3efa3.png,true
OEBPS/text/article-104-analysis-2016-12-27-auk8v4.xhtml,image,../images/chart-35-6b168537-ddf97369.png,OEBPS/images/chart-35-6b168537-ddf97369.png,true
OEBPS/text/article-104-analysis-2016-12-27-auk8v4.xhtml,image,../images/chart-36-99670b66-17ff4965.png,OEBPS/images/chart-36-99670b66-17ff4965.png,true
OEBPS/text/article-104-analysis-2016-12-27-auk8v4.xhtml,image,../images/chart-37-80abc435-43b2550d.png,OEBPS/images/chart-37-80abc435-43b2550d.png,true
OEBPS/text/article-104-analysis-2016-12-27-auk8v4.xhtml,image,../images/chart-38-4f6d568e-2b11c080.png,OEBPS/images/chart-38-4f6d568e-2b11c080.png,true
OEBPS/text/article-104-analysis-2016-12-27-auk8v4.xhtml,image,../images/chart-39-bac44fd0-15842ce2.png,OEBPS/images/chart-39-bac44fd0-15842ce2.png,true
OEBPS/text/article-104-analysis-2016-12-27-auk8v4.xhtml,link,detailed-toc.xhtml,OEBPS/text/detailed-toc.xhtml,true
OEBPS/text/article-104-analysis-2016-12-27-auk8v4.xhtml,link,detailed-toc.xhtml,OEBPS/text/detailed-toc.xhtml,true
OEBPS/text/article-105-analysis-2017-10-24-koiumd.xhtml,link,detailed-toc.xhtml,OEBPS/text/detailed-toc.xhtml,true
OEBPS/text/article-105-analysis-2017-10-24-koiumd.xhtml,link,detailed-toc.xhtml,OEBPS/text/detailed-toc.xhtml,true
OEBPS/text/article-106-analysis-2017-10-30-piquit.xhtml,link,detailed-toc.xhtml,OEBPS/text/detailed-toc.xhtml,true
OEBPS/text/article-106-analysis-2017-10-30-piquit.xhtml,link,detailed-toc.xhtml,OEBPS/text/detailed-toc.xhtml,true
OEBPS/text/article-107-analysis-2017-11-04-py9veu.xhtml,link,detailed-toc.xhtml,OEBPS/text/detailed-toc.xhtml,true
OEBPS/text/article-107-analysis-2017-11-04-py9veu.xhtml,link,detailed-toc.xhtml,OEBPS/text/detailed-toc.xhtml,true
OEBPS/text/article-108-analysis-2017-11-23-1hgafp2.xhtml,link,detailed-toc.xhtml,OEBPS/text/detailed-toc.xhtml,true
OEBPS/text/article-108-analysis-2017-11-23-1hgafp2.xhtml,link,detailed-toc.xhtml,OEBPS/text/detailed-toc.xhtml,true
OEBPS/text/article-109-analysis-2018-01-03-cf40-2715.xhtml,link,detailed-toc.xhtml,OEBPS/text/detailed-toc.xhtml,true
OEBPS/text/article-109-analysis-2018-01-03-cf40-2715.xhtml,link,detailed-toc.xhtml,OEBPS/text/detailed-toc.xhtml,true
OEBPS/text/article-110-analysis-2018-04-24-cf40-2789.xhtml,link,detailed-toc.xhtml,OEBPS/text/detailed-toc.xhtml,true
OEBPS/text/article-110-analysis-2018-04-24-cf40-2789.xhtml,link,detailed-toc.xhtml,OEBPS/text/detailed-toc.xhtml,true
OEBPS/text/article-111-analysis-2021-07-08-b3nxx8.xhtml,image,../images/chart-01-0eec529a-56599564.png,OEBPS/images/chart-01-0eec529a-56599564.png,true
OEBPS/text/article-111-analysis-2021-07-08-b3nxx8.xhtml,image,../images/chart-02-035ba0b0-27fa72d7.png,OEBPS/images/chart-02-035ba0b0-27fa72d7.png,true
OEBPS/text/article-111-analysis-2021-07-08-b3nxx8.xhtml,image,../images/chart-03-866d41e9-7b55a6c7.png,OEBPS/images/chart-03-866d41e9-7b55a6c7.png,true
OEBPS/text/article-111-analysis-2021-07-08-b3nxx8.xhtml,image,../images/chart-04-b29186cd-f75f3029.png,OEBPS/images/chart-04-b29186cd-f75f3029.png,true
OEBPS/text/article-111-analysis-2021-07-08-b3nxx8.xhtml,image,../images/chart-05-4c2dd4ea-a9d953f4.png,OEBPS/images/chart-05-4c2dd4ea-a9d953f4.png,true
OEBPS/text/article-111-analysis-2021-07-08-b3nxx8.xhtml,image,../images/chart-06-d75e5edf-6a755aad.png,OEBPS/images/chart-06-d75e5edf-6a755aad.png,true
OEBPS/text/article-111-analysis-2021-07-08-b3nxx8.xhtml,image,../images/chart-07-546603a1-370e657c.png,OEBPS/images/chart-07-546603a1-370e657c.png,true
OEBPS/text/article-111-analysis-2021-07-08-b3nxx8.xhtml,image,../images/chart-08-979bdc49-e3fbb561.png,OEBPS/images/chart-08-979bdc49-e3fbb561.png,true
OEBPS/text/article-111-analysis-2021-07-08-b3nxx8.xhtml,image,../images/chart-09-e86e2891-7b6e08dc.png,OEBPS/images/chart-09-e86e2891-7b6e08dc.png,true
OEBPS/text/article-111-analysis-2021-07-08-b3nxx8.xhtml,image,../images/chart-10-92bdbe0f-c3eb866f.png,OEBPS/images/chart-10-92bdbe0f-c3eb866f.png,true
OEBPS/text/article-111-analysis-2021-07-08-b3nxx8.xhtml,image,../images/chart-11-bf9b2d8c-17ec8a7f.png,OEBPS/images/chart-11-bf9b2d8c-17ec8a7f.png,true
OEBPS/text/article-111-analysis-2021-07-08-b3nxx8.xhtml,image,../images/chart-12-2ea6c8fe-00ee1809.png,OEBPS/images/chart-12-2ea6c8fe-00ee1809.png,true
OEBPS/text/article-111-analysis-2021-07-08-b3nxx8.xhtml,image,../images/chart-13-a5ab937d-e158f743.png,OEBPS/images/chart-13-a5ab937d-e158f743.png,true
OEBPS/text/article-111-analysis-2021-07-08-b3nxx8.xhtml,image,../images/chart-14-594b5a92-4c8ac0c1.png,OEBPS/images/chart-14-594b5a92-4c8ac0c1.png,true
OEBPS/text/article-111-analysis-2021-07-08-b3nxx8.xhtml,image,../images/chart-15-5ea927c9-03794d1d.png,OEBPS/images/chart-15-5ea927c9-03794d1d.png,true
OEBPS/text/article-111-analysis-2021-07-08-b3nxx8.xhtml,image,../images/chart-16-b1ceaf46-0de4572c.png,OEBPS/images/chart-16-b1ceaf46-0de4572c.png,true
OEBPS/text/article-111-analysis-2021-07-08-b3nxx8.xhtml,image,../images/chart-17-89a3a12a-6b37db3c.png,OEBPS/images/chart-17-89a3a12a-6b37db3c.png,true
OEBPS/text/article-111-analysis-2021-07-08-b3nxx8.xhtml,image,../images/chart-18-132d03be-b6fcae9b.png,OEBPS/images/chart-18-132d03be-b6fcae9b.png,true
OEBPS/text/article-111-analysis-2021-07-08-b3nxx8.xhtml,image,../images/chart-19-3da71d36-59089e46.png,OEBPS/images/chart-19-3da71d36-59089e46.png,true
OEBPS/text/article-111-analysis-2021-07-08-b3nxx8.xhtml,image,../images/chart-20-d2f07106-104e0ce4.png,OEBPS/images/chart-20-d2f07106-104e0ce4.png,true
OEBPS/text/article-111-analysis-2021-07-08-b3nxx8.xhtml,image,../images/chart-21-de838d56-048ef064.png,OEBPS/images/chart-21-de838d56-048ef064.png,true
OEBPS/text/article-111-analysis-2021-07-08-b3nxx8.xhtml,image,../images/chart-22-0b42afb1-d03d25fd.png,OEBPS/images/chart-22-0b42afb1-d03d25fd.png,true
OEBPS/text/article-111-analysis-2021-07-08-b3nxx8.xhtml,image,../images/chart-23-9197a286-0760a1c6.png,OEBPS/images/chart-23-9197a286-0760a1c6.png,true
OEBPS/text/article-111-analysis-2021-07-08-b3nxx8.xhtml,image,../images/chart-24-ef821549-67a65f2e.png,OEBPS/images/chart-24-ef821549-67a65f2e.png,true
OEBPS/text/article-111-analysis-2021-07-08-b3nxx8.xhtml,image,../images/chart-25-34db99a3-523e9521.png,OEBPS/images/chart-25-34db99a3-523e9521.png,true
OEBPS/text/article-111-analysis-2021-07-08-b3nxx8.xhtml,image,../images/chart-26-d91b352f-0a020321.png,OEBPS/images/chart-26-d91b352f-0a020321.png,true
OEBPS/text/article-111-analysis-2021-07-08-b3nxx8.xhtml,image,../images/chart-27-0d59126a-415a3323.png,OEBPS/images/chart-27-0d59126a-415a3323.png,true
OEBPS/text/article-111-analysis-2021-07-08-b3nxx8.xhtml,link,detailed-toc.xhtml,OEBPS/text/detailed-toc.xhtml,true
OEBPS/text/article-111-analysis-2021-07-08-b3nxx8.xhtml,link,detailed-toc.xhtml,OEBPS/text/detailed-toc.xhtml,true
OEBPS/text/article-112-analysis-2021-12-24-1ilob08.xhtml,image,../images/chart-01-422df510-98c577bf.png,OEBPS/images/chart-01-422df510-98c577bf.png,true
OEBPS/text/article-112-analysis-2021-12-24-1ilob08.xhtml,image,../images/chart-02-96bcb41a-dd0e2c36.png,OEBPS/images/chart-02-96bcb41a-dd0e2c36.png,true
OEBPS/text/article-112-analysis-2021-12-24-1ilob08.xhtml,image,../images/chart-03-33a94470-7c9b5f10.png,OEBPS/images/chart-03-33a94470-7c9b5f10.png,true
OEBPS/text/article-112-analysis-2021-12-24-1ilob08.xhtml,image,../images/chart-04-ca8b3da4-9b659843.png,OEBPS/images/chart-04-ca8b3da4-9b659843.png,true
OEBPS/text/article-112-analysis-2021-12-24-1ilob08.xhtml,image,../images/chart-05-dd78a41d-56599564.png,OEBPS/images/chart-05-dd78a41d-56599564.png,true
OEBPS/text/article-112-analysis-2021-12-24-1ilob08.xhtml,image,../images/chart-06-2fa81db4-ffab6f72.png,OEBPS/images/chart-06-2fa81db4-ffab6f72.png,true
OEBPS/text/article-112-analysis-2021-12-24-1ilob08.xhtml,image,../images/chart-07-2e08fd0a-de0f4672.png,OEBPS/images/chart-07-2e08fd0a-de0f4672.png,true
OEBPS/text/article-112-analysis-2021-12-24-1ilob08.xhtml,image,../images/chart-08-ed17ea68-bd650b73.png,OEBPS/images/chart-08-ed17ea68-bd650b73.png,true
OEBPS/text/article-112-analysis-2021-12-24-1ilob08.xhtml,image,../images/chart-09-8999db1d-dee9b806.png,OEBPS/images/chart-09-8999db1d-dee9b806.png,true
OEBPS/text/article-112-analysis-2021-12-24-1ilob08.xhtml,image,../images/chart-10-3b3cfcc2-67d01b25.png,OEBPS/images/chart-10-3b3cfcc2-67d01b25.png,true
OEBPS/text/article-112-analysis-2021-12-24-1ilob08.xhtml,image,../images/chart-11-ad8401c8-6edd72ea.png,OEBPS/images/chart-11-ad8401c8-6edd72ea.png,true
OEBPS/text/article-112-analysis-2021-12-24-1ilob08.xhtml,image,../images/chart-12-cacd5c95-04cfa4da.png,OEBPS/images/chart-12-cacd5c95-04cfa4da.png,true
OEBPS/text/article-112-analysis-2021-12-24-1ilob08.xhtml,image,../images/chart-13-9f53e06f-031fef88.png,OEBPS/images/chart-13-9f53e06f-031fef88.png,true
OEBPS/text/article-112-analysis-2021-12-24-1ilob08.xhtml,image,../images/chart-14-8b63985d-f771953d.png,OEBPS/images/chart-14-8b63985d-f771953d.png,true
OEBPS/text/article-112-analysis-2021-12-24-1ilob08.xhtml,image,../images/chart-15-bc90d2ba-aff86c79.png,OEBPS/images/chart-15-bc90d2ba-aff86c79.png,true
OEBPS/text/article-112-analysis-2021-12-24-1ilob08.xhtml,image,../images/chart-16-f7c75f85-d4b558d7.png,OEBPS/images/chart-16-f7c75f85-d4b558d7.png,true
OEBPS/text/article-112-analysis-2021-12-24-1ilob08.xhtml,image,../images/chart-17-0f546dc4-cd7786d3.png,OEBPS/images/chart-17-0f546dc4-cd7786d3.png,true
OEBPS/text/article-112-analysis-2021-12-24-1ilob08.xhtml,image,../images/chart-18-8ed4e3fc-600ead5e.png,OEBPS/images/chart-18-8ed4e3fc-600ead5e.png,true
OEBPS/text/article-112-analysis-2021-12-24-1ilob08.xhtml,image,../images/chart-19-da7a74f8-79186637.png,OEBPS/images/chart-19-da7a74f8-79186637.png,true
OEBPS/text/article-112-analysis-2021-12-24-1ilob08.xhtml,image,../images/chart-20-60379eb7-f855871a.png,OEBPS/images/chart-20-60379eb7-f855871a.png,true
OEBPS/text/article-112-analysis-2021-12-24-1ilob08.xhtml,image,../images/chart-21-ce257895-afc69116.png,OEBPS/images/chart-21-ce257895-afc69116.png,true
OEBPS/text/article-112-analysis-2021-12-24-1ilob08.xhtml,image,../images/chart-22-e1f9a770-9656e2c2.png,OEBPS/images/chart-22-e1f9a770-9656e2c2.png,true
OEBPS/text/article-112-analysis-2021-12-24-1ilob08.xhtml,image,../images/chart-23-d374074f-631a1113.png,OEBPS/images/chart-23-d374074f-631a1113.png,true
OEBPS/text/article-112-analysis-2021-12-24-1ilob08.xhtml,image,../images/chart-24-9f795626-32ba02b5.png,OEBPS/images/chart-24-9f795626-32ba02b5.png,true
OEBPS/text/article-112-analysis-2021-12-24-1ilob08.xhtml,image,../images/chart-25-c57c8919-156617c3.png,OEBPS/images/chart-25-c57c8919-156617c3.png,true
OEBPS/text/article-112-analysis-2021-12-24-1ilob08.xhtml,link,detailed-toc.xhtml,OEBPS/text/detailed-toc.xhtml,true
OEBPS/text/article-112-analysis-2021-12-24-1ilob08.xhtml,link,detailed-toc.xhtml,OEBPS/text/detailed-toc.xhtml,true
OEBPS/text/article-113-analysis-2022-09-19-cf40-4141.xhtml,link,detailed-toc.xhtml,OEBPS/text/detailed-toc.xhtml,true
OEBPS/text/article-113-analysis-2022-09-19-cf40-4141.xhtml,link,detailed-toc.xhtml,OEBPS/text/detailed-toc.xhtml,true
OEBPS/text/article-114-analysis-2022-12-18-373pwx.xhtml,image,../images/chart-01-2ec7b094-af37c6e7.png,OEBPS/images/chart-01-2ec7b094-af37c6e7.png,true
OEBPS/text/article-114-analysis-2022-12-18-373pwx.xhtml,image,../images/chart-02-9d16335b-e5497cbb.png,OEBPS/images/chart-02-9d16335b-e5497cbb.png,true
OEBPS/text/article-114-analysis-2022-12-18-373pwx.xhtml,image,../images/chart-03-69e209d7-a972d636.png,OEBPS/images/chart-03-69e209d7-a972d636.png,true
OEBPS/text/article-114-analysis-2022-12-18-373pwx.xhtml,image,../images/chart-04-7120214b-2dc24ab6.png,OEBPS/images/chart-04-7120214b-2dc24ab6.png,true
OEBPS/text/article-114-analysis-2022-12-18-373pwx.xhtml,image,../images/chart-05-63e5801c-1da234ee.png,OEBPS/images/chart-05-63e5801c-1da234ee.png,true
OEBPS/text/article-114-analysis-2022-12-18-373pwx.xhtml,image,../images/chart-06-6da0f8a9-3fc031a6.png,OEBPS/images/chart-06-6da0f8a9-3fc031a6.png,true
OEBPS/text/article-114-analysis-2022-12-18-373pwx.xhtml,image,../images/chart-07-00eec4aa-70843770.png,OEBPS/images/chart-07-00eec4aa-70843770.png,true
OEBPS/text/article-114-analysis-2022-12-18-373pwx.xhtml,image,../images/chart-08-6686b3a1-8070907e.png,OEBPS/images/chart-08-6686b3a1-8070907e.png,true
OEBPS/text/article-114-analysis-2022-12-18-373pwx.xhtml,image,../images/chart-09-11e0ad9e-6681b2ac.png,OEBPS/images/chart-09-11e0ad9e-6681b2ac.png,true
OEBPS/text/article-114-analysis-2022-12-18-373pwx.xhtml,image,../images/chart-10-924bc6e6-5ee88c00.png,OEBPS/images/chart-10-924bc6e6-5ee88c00.png,true
OEBPS/text/article-114-analysis-2022-12-18-373pwx.xhtml,image,../images/chart-11-732b880c-0fe3a611.png,OEBPS/images/chart-11-732b880c-0fe3a611.png,true
OEBPS/text/article-114-analysis-2022-12-18-373pwx.xhtml,image,../images/chart-12-7d21e0aa-f810f4c5.png,OEBPS/images/chart-12-7d21e0aa-f810f4c5.png,true
OEBPS/text/article-114-analysis-2022-12-18-373pwx.xhtml,image,../images/chart-13-7251728f-dd409a62.png,OEBPS/images/chart-13-7251728f-dd409a62.png,true
OEBPS/text/article-114-analysis-2022-12-18-373pwx.xhtml,image,../images/chart-14-87b50077-98cccadf.png,OEBPS/images/chart-14-87b50077-98cccadf.png,true
OEBPS/text/article-114-analysis-2022-12-18-373pwx.xhtml,image,../images/chart-15-c93cc0d6-e3f9d1f2.png,OEBPS/images/chart-15-c93cc0d6-e3f9d1f2.png,true
OEBPS/text/article-114-analysis-2022-12-18-373pwx.xhtml,image,../images/chart-16-51365e58-cc6b66ea.png,OEBPS/images/chart-16-51365e58-cc6b66ea.png,true
OEBPS/text/article-114-analysis-2022-12-18-373pwx.xhtml,image,../images/chart-17-239875ec-d837973c.png,OEBPS/images/chart-17-239875ec-d837973c.png,true
OEBPS/text/article-114-analysis-2022-12-18-373pwx.xhtml,image,../images/chart-18-50d49c65-22634a55.png,OEBPS/images/chart-18-50d49c65-22634a55.png,true
OEBPS/text/article-114-analysis-2022-12-18-373pwx.xhtml,image,../images/chart-19-5c49f214-78edd76c.png,OEBPS/images/chart-19-5c49f214-78edd76c.png,true
OEBPS/text/article-114-analysis-2022-12-18-373pwx.xhtml,image,../images/chart-20-02891d4b-e34f0115.png,OEBPS/images/chart-20-02891d4b-e34f0115.png,true
OEBPS/text/article-114-analysis-2022-12-18-373pwx.xhtml,image,../images/chart-21-0a86982f-d8c700ec.png,OEBPS/images/chart-21-0a86982f-d8c700ec.png,true
OEBPS/text/article-114-analysis-2022-12-18-373pwx.xhtml,image,../images/chart-22-e2da02d6-dcb34179.png,OEBPS/images/chart-22-e2da02d6-dcb34179.png,true
OEBPS/text/article-114-analysis-2022-12-18-373pwx.xhtml,image,../images/chart-23-9648f7d8-2df9d04f.png,OEBPS/images/chart-23-9648f7d8-2df9d04f.png,true
OEBPS/text/article-114-analysis-2022-12-18-373pwx.xhtml,image,../images/chart-24-72d0b90b-6161fc46.png,OEBPS/images/chart-24-72d0b90b-6161fc46.png,true
OEBPS/text/article-114-analysis-2022-12-18-373pwx.xhtml,image,../images/chart-25-af65b76c-82f6f862.png,OEBPS/images/chart-25-af65b76c-82f6f862.png,true
OEBPS/text/article-114-analysis-2022-12-18-373pwx.xhtml,image,../images/chart-26-a1ee7604-331d1062.png,OEBPS/images/chart-26-a1ee7604-331d1062.png,true
OEBPS/text/article-114-analysis-2022-12-18-373pwx.xhtml,image,../images/chart-27-b1acf30f-0a761f0f.png,OEBPS/images/chart-27-b1acf30f-0a761f0f.png,true
OEBPS/text/article-114-analysis-2022-12-18-373pwx.xhtml,image,../images/chart-28-249a3c14-cc4fc51c.png,OEBPS/images/chart-28-249a3c14-cc4fc51c.png,true
OEBPS/text/article-114-analysis-2022-12-18-373pwx.xhtml,image,../images/chart-29-7331871d-178f5921.png,OEBPS/images/chart-29-7331871d-178f5921.png,true
OEBPS/text/article-114-analysis-2022-12-18-373pwx.xhtml,image,../images/chart-30-59d8a103-9102fb28.png,OEBPS/images/chart-30-59d8a103-9102fb28.png,true
OEBPS/text/article-114-analysis-2022-12-18-373pwx.xhtml,image,../images/chart-31-6b8fc713-fadc210c.png,OEBPS/images/chart-31-6b8fc713-fadc210c.png,true
OEBPS/text/article-114-analysis-2022-12-18-373pwx.xhtml,link,detailed-toc.xhtml,OEBPS/text/detailed-toc.xhtml,true
OEBPS/text/article-114-analysis-2022-12-18-373pwx.xhtml,link,detailed-toc.xhtml,OEBPS/text/detailed-toc.xhtml,true
OEBPS/text/article-115-analysis-2023-11-08-cf40-4594.xhtml,link,detailed-toc.xhtml,OEBPS/text/detailed-toc.xhtml,true
OEBPS/text/article-115-analysis-2023-11-08-cf40-4594.xhtml,link,detailed-toc.xhtml,OEBPS/text/detailed-toc.xhtml,true
OEBPS/text/article-116-analysis-2023-12-13-xmy5dk.xhtml,image,../images/chart-01-9525297f-9a794a3a.png,OEBPS/images/chart-01-9525297f-9a794a3a.png,true
OEBPS/text/article-116-analysis-2023-12-13-xmy5dk.xhtml,image,../images/chart-02-d759d6de-34bbe5fc.png,OEBPS/images/chart-02-d759d6de-34bbe5fc.png,true
OEBPS/text/article-116-analysis-2023-12-13-xmy5dk.xhtml,image,../images/chart-03-9c455d42-390b70f6.png,OEBPS/images/chart-03-9c455d42-390b70f6.png,true
OEBPS/text/article-116-analysis-2023-12-13-xmy5dk.xhtml,image,../images/chart-04-e9ac7aea-1f130c5e.png,OEBPS/images/chart-04-e9ac7aea-1f130c5e.png,true
OEBPS/text/article-116-analysis-2023-12-13-xmy5dk.xhtml,image,../images/chart-05-d3c1a375-8558dc87.png,OEBPS/images/chart-05-d3c1a375-8558dc87.png,true
OEBPS/text/article-116-analysis-2023-12-13-xmy5dk.xhtml,image,../images/chart-06-920a1aab-690910a2.png,OEBPS/images/chart-06-920a1aab-690910a2.png,true
OEBPS/text/article-116-analysis-2023-12-13-xmy5dk.xhtml,image,../images/chart-07-65b8e778-74d9e987.png,OEBPS/images/chart-07-65b8e778-74d9e987.png,true
OEBPS/text/article-116-analysis-2023-12-13-xmy5dk.xhtml,image,../images/chart-08-9e7eb693-04c013be.png,OEBPS/images/chart-08-9e7eb693-04c013be.png,true
OEBPS/text/article-116-analysis-2023-12-13-xmy5dk.xhtml,image,../images/chart-09-f903bede-dfa93f4e.png,OEBPS/images/chart-09-f903bede-dfa93f4e.png,true
OEBPS/text/article-116-analysis-2023-12-13-xmy5dk.xhtml,image,../images/chart-10-1081b2ac-105289d1.png,OEBPS/images/chart-10-1081b2ac-105289d1.png,true
OEBPS/text/article-116-analysis-2023-12-13-xmy5dk.xhtml,image,../images/chart-11-7d6b1e3f-1b8a0370.png,OEBPS/images/chart-11-7d6b1e3f-1b8a0370.png,true
OEBPS/text/article-116-analysis-2023-12-13-xmy5dk.xhtml,image,../images/chart-12-0907275d-a3cb477d.png,OEBPS/images/chart-12-0907275d-a3cb477d.png,true
OEBPS/text/article-116-analysis-2023-12-13-xmy5dk.xhtml,image,../images/chart-13-d48326eb-b4e25015.png,OEBPS/images/chart-13-d48326eb-b4e25015.png,true
OEBPS/text/article-116-analysis-2023-12-13-xmy5dk.xhtml,image,../images/chart-14-369895b2-cf6fe7ee.png,OEBPS/images/chart-14-369895b2-cf6fe7ee.png,true
OEBPS/text/article-116-analysis-2023-12-13-xmy5dk.xhtml,image,../images/chart-15-b6747096-d692713e.png,OEBPS/images/chart-15-b6747096-d692713e.png,true
OEBPS/text/article-116-analysis-2023-12-13-xmy5dk.xhtml,image,../images/chart-16-cc22f551-c4155f32.png,OEBPS/images/chart-16-cc22f551-c4155f32.png,true
OEBPS/text/article-116-analysis-2023-12-13-xmy5dk.xhtml,image,../images/chart-17-98f9b8ae-cbd23c39.png,OEBPS/images/chart-17-98f9b8ae-cbd23c39.png,true
OEBPS/text/article-116-analysis-2023-12-13-xmy5dk.xhtml,image,../images/chart-18-38b7e8fa-41f578f1.png,OEBPS/images/chart-18-38b7e8fa-41f578f1.png,true
OEBPS/text/article-116-analysis-2023-12-13-xmy5dk.xhtml,image,../images/chart-19-4b5e86d5-b82cc6de.png,OEBPS/images/chart-19-4b5e86d5-b82cc6de.png,true
OEBPS/text/article-116-analysis-2023-12-13-xmy5dk.xhtml,image,../images/chart-20-c242cdbc-db8768e1.png,OEBPS/images/chart-20-c242cdbc-db8768e1.png,true
OEBPS/text/article-116-analysis-2023-12-13-xmy5dk.xhtml,image,../images/chart-21-1e4c5cdb-dc9526ba.png,OEBPS/images/chart-21-1e4c5cdb-dc9526ba.png,true
OEBPS/text/article-116-analysis-2023-12-13-xmy5dk.xhtml,image,../images/chart-22-aea44f3a-f5a2d239.png,OEBPS/images/chart-22-aea44f3a-f5a2d239.png,true
OEBPS/text/article-116-analysis-2023-12-13-xmy5dk.xhtml,image,../images/chart-23-c5201d7d-529e8bec.png,OEBPS/images/chart-23-c5201d7d-529e8bec.png,true
OEBPS/text/article-116-analysis-2023-12-13-xmy5dk.xhtml,image,../images/chart-24-72e22c79-661f2b44.png,OEBPS/images/chart-24-72e22c79-661f2b44.png,true
OEBPS/text/article-116-analysis-2023-12-13-xmy5dk.xhtml,image,../images/chart-25-0eeb8f09-1c7ba509.png,OEBPS/images/chart-25-0eeb8f09-1c7ba509.png,true
OEBPS/text/article-116-analysis-2023-12-13-xmy5dk.xhtml,image,../images/chart-26-6f51f4ed-13544e02.png,OEBPS/images/chart-26-6f51f4ed-13544e02.png,true
OEBPS/text/article-116-analysis-2023-12-13-xmy5dk.xhtml,image,../images/chart-27-f13f2a1c-cb01bd07.png,OEBPS/images/chart-27-f13f2a1c-cb01bd07.png,true
OEBPS/text/article-116-analysis-2023-12-13-xmy5dk.xhtml,image,../images/chart-28-fd8bae96-07730d58.png,OEBPS/images/chart-28-fd8bae96-07730d58.png,true
OEBPS/text/article-116-analysis-2023-12-13-xmy5dk.xhtml,image,../images/chart-29-7fa67211-b894543c.png,OEBPS/images/chart-29-7fa67211-b894543c.png,true
OEBPS/text/article-116-analysis-2023-12-13-xmy5dk.xhtml,image,../images/chart-30-32552ae3-7395f20d.png,OEBPS/images/chart-30-32552ae3-7395f20d.png,true
OEBPS/text/article-116-analysis-2023-12-13-xmy5dk.xhtml,image,../images/chart-31-c2e2ea82-38388823.png,OEBPS/images/chart-31-c2e2ea82-38388823.png,true
OEBPS/text/article-116-analysis-2023-12-13-xmy5dk.xhtml,image,../images/chart-32-2abe9fae-fdf25dea.png,OEBPS/images/chart-32-2abe9fae-fdf25dea.png,true
OEBPS/text/article-116-analysis-2023-12-13-xmy5dk.xhtml,image,../images/chart-33-bf4da8d5-86934e92.png,OEBPS/images/chart-33-bf4da8d5-86934e92.png,true
OEBPS/text/article-116-analysis-2023-12-13-xmy5dk.xhtml,image,../images/chart-34-c30dbc44-78c72eba.png,OEBPS/images/chart-34-c30dbc44-78c72eba.png,true
OEBPS/text/article-116-analysis-2023-12-13-xmy5dk.xhtml,image,../images/chart-35-61449f8b-8cc4312e.png,OEBPS/images/chart-35-61449f8b-8cc4312e.png,true
OEBPS/text/article-116-analysis-2023-12-13-xmy5dk.xhtml,image,../images/chart-36-bd63329f-23f08d69.png,OEBPS/images/chart-36-bd63329f-23f08d69.png,true
OEBPS/text/article-116-analysis-2023-12-13-xmy5dk.xhtml,image,../images/chart-37-ec6bad66-8143116c.png,OEBPS/images/chart-37-ec6bad66-8143116c.png,true
OEBPS/text/article-116-analysis-2023-12-13-xmy5dk.xhtml,link,detailed-toc.xhtml,OEBPS/text/detailed-toc.xhtml,true
OEBPS/text/article-116-analysis-2023-12-13-xmy5dk.xhtml,link,detailed-toc.xhtml,OEBPS/text/detailed-toc.xhtml,true
OEBPS/text/article-117-analysis-2024-01-30-cf40-4657.xhtml,image,../images/fm6nru-001_701c80ce87-4f768723-ce504254.jpg,OEBPS/images/fm6nru-001_701c80ce87-4f768723-ce504254.jpg,true
OEBPS/text/article-117-analysis-2024-01-30-cf40-4657.xhtml,image,../images/54t6ik-002_7e95c97fae-3bfceb25-289c374d.jpg,OEBPS/images/54t6ik-002_7e95c97fae-3bfceb25-289c374d.jpg,true
OEBPS/text/article-117-analysis-2024-01-30-cf40-4657.xhtml,image,../images/1oefkct-003_7eb7958013-c6c8280e-ce456d17.jpg,OEBPS/images/1oefkct-003_7eb7958013-c6c8280e-ce456d17.jpg,true
OEBPS/text/article-117-analysis-2024-01-30-cf40-4657.xhtml,image,../images/skz5h0-004_628e63c62d-4292b89c-89d4e740.jpg,OEBPS/images/skz5h0-004_628e63c62d-4292b89c-89d4e740.jpg,true
OEBPS/text/article-117-analysis-2024-01-30-cf40-4657.xhtml,image,../images/gbnole-005_f4e9ddc53c-9e24dd42-03a6022a.jpg,OEBPS/images/gbnole-005_f4e9ddc53c-9e24dd42-03a6022a.jpg,true
OEBPS/text/article-117-analysis-2024-01-30-cf40-4657.xhtml,image,../images/1aueoc1-006_a5626f480d-bbfaa1a9-bd5aee51.jpg,OEBPS/images/1aueoc1-006_a5626f480d-bbfaa1a9-bd5aee51.jpg,true
OEBPS/text/article-117-analysis-2024-01-30-cf40-4657.xhtml,image,../images/13i8czc-007_423b6ff199-0ebc4583-b90e6d1d.jpg,OEBPS/images/13i8czc-007_423b6ff199-0ebc4583-b90e6d1d.jpg,true
OEBPS/text/article-117-analysis-2024-01-30-cf40-4657.xhtml,link,detailed-toc.xhtml,OEBPS/text/detailed-toc.xhtml,true
OEBPS/text/article-117-analysis-2024-01-30-cf40-4657.xhtml,link,detailed-toc.xhtml,OEBPS/text/detailed-toc.xhtml,true
OEBPS/text/article-118-analysis-2024-05-31-w3d19i.xhtml,image,../images/chart-01-5ed4f2ca-ce000703.png,OEBPS/images/chart-01-5ed4f2ca-ce000703.png,true
OEBPS/text/article-118-analysis-2024-05-31-w3d19i.xhtml,image,../images/chart-02-3ad5cc58-350be6ef.png,OEBPS/images/chart-02-3ad5cc58-350be6ef.png,true
OEBPS/text/article-118-analysis-2024-05-31-w3d19i.xhtml,image,../images/chart-03-a8bdf58f-559478fd.png,OEBPS/images/chart-03-a8bdf58f-559478fd.png,true
OEBPS/text/article-118-analysis-2024-05-31-w3d19i.xhtml,image,../images/chart-04-36cd95c8-a9c7bb05.png,OEBPS/images/chart-04-36cd95c8-a9c7bb05.png,true
OEBPS/text/article-118-analysis-2024-05-31-w3d19i.xhtml,image,../images/chart-05-ab636528-cd1ec33c.png,OEBPS/images/chart-05-ab636528-cd1ec33c.png,true
OEBPS/text/article-118-analysis-2024-05-31-w3d19i.xhtml,image,../images/chart-06-29fa7736-1a98adab.png,OEBPS/images/chart-06-29fa7736-1a98adab.png,true
OEBPS/text/article-118-analysis-2024-05-31-w3d19i.xhtml,image,../images/chart-07-ffd2f1d6-ecbed325.png,OEBPS/images/chart-07-ffd2f1d6-ecbed325.png,true
OEBPS/text/article-118-analysis-2024-05-31-w3d19i.xhtml,image,../images/chart-08-84b3dfa8-22a2540f.png,OEBPS/images/chart-08-84b3dfa8-22a2540f.png,true
OEBPS/text/article-118-analysis-2024-05-31-w3d19i.xhtml,image,../images/chart-09-570408f9-ef011321.png,OEBPS/images/chart-09-570408f9-ef011321.png,true
OEBPS/text/article-118-analysis-2024-05-31-w3d19i.xhtml,image,../images/chart-10-c55bc031-c2d714e1.png,OEBPS/images/chart-10-c55bc031-c2d714e1.png,true
OEBPS/text/article-118-analysis-2024-05-31-w3d19i.xhtml,image,../images/chart-11-e8a08eb5-80807ec3.png,OEBPS/images/chart-11-e8a08eb5-80807ec3.png,true
OEBPS/text/article-118-analysis-2024-05-31-w3d19i.xhtml,image,../images/chart-12-03432185-1d40a50b.png,OEBPS/images/chart-12-03432185-1d40a50b.png,true
OEBPS/text/article-118-analysis-2024-05-31-w3d19i.xhtml,image,../images/chart-13-dd70ccb7-271037a0.png,OEBPS/images/chart-13-dd70ccb7-271037a0.png,true
OEBPS/text/article-118-analysis-2024-05-31-w3d19i.xhtml,image,../images/chart-14-6e8847be-7e0dcc3c.png,OEBPS/images/chart-14-6e8847be-7e0dcc3c.png,true
OEBPS/text/article-118-analysis-2024-05-31-w3d19i.xhtml,image,../images/chart-15-e09b766f-0971a930.png,OEBPS/images/chart-15-e09b766f-0971a930.png,true
OEBPS/text/article-118-analysis-2024-05-31-w3d19i.xhtml,image,../images/chart-16-8e39c64d-51a90691.png,OEBPS/images/chart-16-8e39c64d-51a90691.png,true
OEBPS/text/article-118-analysis-2024-05-31-w3d19i.xhtml,image,../images/chart-17-409eac3c-f3a1c31f.png,OEBPS/images/chart-17-409eac3c-f3a1c31f.png,true
OEBPS/text/article-118-analysis-2024-05-31-w3d19i.xhtml,image,../images/chart-18-efa689ff-ba3607fb.png,OEBPS/images/chart-18-efa689ff-ba3607fb.png,true
OEBPS/text/article-118-analysis-2024-05-31-w3d19i.xhtml,image,../images/chart-19-93b2b0f2-1f434c8c.png,OEBPS/images/chart-19-93b2b0f2-1f434c8c.png,true
OEBPS/text/article-118-analysis-2024-05-31-w3d19i.xhtml,image,../images/chart-20-5242ca72-c4644442.png,OEBPS/images/chart-20-5242ca72-c4644442.png,true
OEBPS/text/article-118-analysis-2024-05-31-w3d19i.xhtml,image,../images/chart-21-7b40903d-ca803155.png,OEBPS/images/chart-21-7b40903d-ca803155.png,true
OEBPS/text/article-118-analysis-2024-05-31-w3d19i.xhtml,image,../images/chart-22-45f88967-cec1e6c2.png,OEBPS/images/chart-22-45f88967-cec1e6c2.png,true
OEBPS/text/article-118-analysis-2024-05-31-w3d19i.xhtml,image,../images/chart-23-6547fc02-377a9488.png,OEBPS/images/chart-23-6547fc02-377a9488.png,true
OEBPS/text/article-118-analysis-2024-05-31-w3d19i.xhtml,image,../images/chart-24-1acf2d02-0ec5b289.png,OEBPS/images/chart-24-1acf2d02-0ec5b289.png,true
OEBPS/text/article-118-analysis-2024-05-31-w3d19i.xhtml,link,detailed-toc.xhtml,OEBPS/text/detailed-toc.xhtml,true
OEBPS/text/article-118-analysis-2024-05-31-w3d19i.xhtml,link,detailed-toc.xhtml,OEBPS/text/detailed-toc.xhtml,true
OEBPS/text/article-119-analysis-2024-09-15-cf40-4826.xhtml,link,detailed-toc.xhtml,OEBPS/text/detailed-toc.xhtml,true
OEBPS/text/article-119-analysis-2024-09-15-cf40-4826.xhtml,link,detailed-toc.xhtml,OEBPS/text/detailed-toc.xhtml,true
OEBPS/text/article-120-analysis-2024-09-30-cf40-4838.xhtml,image,../images/1cz0tks-001_6cce6167bb-5c98a194-eac46b61.jpg,OEBPS/images/1cz0tks-001_6cce6167bb-5c98a194-eac46b61.jpg,true
OEBPS/text/article-120-analysis-2024-09-30-cf40-4838.xhtml,image,../images/1gu3scg-002_ec5372f6f9-7f343064-19dc9a8a.jpg,OEBPS/images/1gu3scg-002_ec5372f6f9-7f343064-19dc9a8a.jpg,true
OEBPS/text/article-120-analysis-2024-09-30-cf40-4838.xhtml,image,../images/1tu6fbj-003_b68a6295ed-764f6bd0-09ac1cdd.jpg,OEBPS/images/1tu6fbj-003_b68a6295ed-764f6bd0-09ac1cdd.jpg,true
OEBPS/text/article-120-analysis-2024-09-30-cf40-4838.xhtml,image,../images/1pie4s4-004_48a23a50c3-4b5f0875-7f44f51f.jpg,OEBPS/images/1pie4s4-004_48a23a50c3-4b5f0875-7f44f51f.jpg,true
OEBPS/text/article-120-analysis-2024-09-30-cf40-4838.xhtml,image,../images/v5y9r2-005_7711d58208-aba9fb8b-e69d3501.jpg,OEBPS/images/v5y9r2-005_7711d58208-aba9fb8b-e69d3501.jpg,true
OEBPS/text/article-120-analysis-2024-09-30-cf40-4838.xhtml,image,../images/7x7mm0-006_47d159a84a-9e8512d3-d7511148.jpg,OEBPS/images/7x7mm0-006_47d159a84a-9e8512d3-d7511148.jpg,true
OEBPS/text/article-120-analysis-2024-09-30-cf40-4838.xhtml,image,../images/2gynfb-007_8757af05b5-48b46877-559039fa.jpg,OEBPS/images/2gynfb-007_8757af05b5-48b46877-559039fa.jpg,true
OEBPS/text/article-120-analysis-2024-09-30-cf40-4838.xhtml,image,../images/zn5ki2-008_f4352f2686-0bf455de-31ce365e.jpg,OEBPS/images/zn5ki2-008_f4352f2686-0bf455de-31ce365e.jpg,true
OEBPS/text/article-120-analysis-2024-09-30-cf40-4838.xhtml,image,../images/kojfrf-009_049e60e144-b5077571-97122206.jpg,OEBPS/images/kojfrf-009_049e60e144-b5077571-97122206.jpg,true
OEBPS/text/article-120-analysis-2024-09-30-cf40-4838.xhtml,image,../images/b1wo23-010_359d733a96-5b9daec3-4aad6ca9.jpg,OEBPS/images/b1wo23-010_359d733a96-5b9daec3-4aad6ca9.jpg,true
OEBPS/text/article-120-analysis-2024-09-30-cf40-4838.xhtml,image,../images/1oznmyd-011_8a57dc5657-de157257-823938d6.jpg,OEBPS/images/1oznmyd-011_8a57dc5657-de157257-823938d6.jpg,true
OEBPS/text/article-120-analysis-2024-09-30-cf40-4838.xhtml,image,../images/zx8k1i-012_c4ba8f6e37-6d148296-b0930759.jpg,OEBPS/images/zx8k1i-012_c4ba8f6e37-6d148296-b0930759.jpg,true
OEBPS/text/article-120-analysis-2024-09-30-cf40-4838.xhtml,image,../images/e9h8fj-013_49ddc847b2-e8465821-7e0df6e0.jpg,OEBPS/images/e9h8fj-013_49ddc847b2-e8465821-7e0df6e0.jpg,true
OEBPS/text/article-120-analysis-2024-09-30-cf40-4838.xhtml,image,../images/1tm9dl6-014_ecb8f597ec-a87ac960-329ce598.jpg,OEBPS/images/1tm9dl6-014_ecb8f597ec-a87ac960-329ce598.jpg,true
OEBPS/text/article-120-analysis-2024-09-30-cf40-4838.xhtml,image,../images/1ca4n7n-015_f56c8f0abd-06ddd50d-267ba5a9.jpg,OEBPS/images/1ca4n7n-015_f56c8f0abd-06ddd50d-267ba5a9.jpg,true
OEBPS/text/article-120-analysis-2024-09-30-cf40-4838.xhtml,image,../images/1t2kemr-016_9576d7cfdc-a636a423-fdabbf29.jpg,OEBPS/images/1t2kemr-016_9576d7cfdc-a636a423-fdabbf29.jpg,true
OEBPS/text/article-120-analysis-2024-09-30-cf40-4838.xhtml,link,detailed-toc.xhtml,OEBPS/text/detailed-toc.xhtml,true
OEBPS/text/article-120-analysis-2024-09-30-cf40-4838.xhtml,link,detailed-toc.xhtml,OEBPS/text/detailed-toc.xhtml,true
OEBPS/text/article-121-analysis-2024-10-22-cf40-4853.xhtml,link,detailed-toc.xhtml,OEBPS/text/detailed-toc.xhtml,true
OEBPS/text/article-121-analysis-2024-10-22-cf40-4853.xhtml,link,detailed-toc.xhtml,OEBPS/text/detailed-toc.xhtml,true
OEBPS/text/article-122-analysis-2010-06-07-cf40-354.xhtml,link,detailed-toc.xhtml,OEBPS/text/detailed-toc.xhtml,true
OEBPS/text/article-122-analysis-2010-06-07-cf40-354.xhtml,link,detailed-toc.xhtml,OEBPS/text/detailed-toc.xhtml,true
OEBPS/text/article-123-analysis-2016-09-02-1vxpt19.xhtml,link,detailed-toc.xhtml,OEBPS/text/detailed-toc.xhtml,true
OEBPS/text/article-123-analysis-2016-09-02-1vxpt19.xhtml,link,detailed-toc.xhtml,OEBPS/text/detailed-toc.xhtml,true
OEBPS/text/article-124-analysis-2016-12-20-1nurznx.xhtml,link,detailed-toc.xhtml,OEBPS/text/detailed-toc.xhtml,true
OEBPS/text/article-124-analysis-2016-12-20-1nurznx.xhtml,link,detailed-toc.xhtml,OEBPS/text/detailed-toc.xhtml,true
OEBPS/text/article-125-analysis-2017-04-12-fbad43.xhtml,link,detailed-toc.xhtml,OEBPS/text/detailed-toc.xhtml,true
OEBPS/text/article-125-analysis-2017-04-12-fbad43.xhtml,link,detailed-toc.xhtml,OEBPS/text/detailed-toc.xhtml,true
OEBPS/text/article-126-analysis-2017-11-25-cf40-2689.xhtml,link,detailed-toc.xhtml,OEBPS/text/detailed-toc.xhtml,true
OEBPS/text/article-126-analysis-2017-11-25-cf40-2689.xhtml,link,detailed-toc.xhtml,OEBPS/text/detailed-toc.xhtml,true
OEBPS/text/article-127-analysis-2017-12-31-ngfyo.xhtml,image,../images/chart-01-ba36e812-535ce23d.png,OEBPS/images/chart-01-ba36e812-535ce23d.png,true
OEBPS/text/article-127-analysis-2017-12-31-ngfyo.xhtml,image,../images/chart-02-1bd10a6f-413aefec.png,OEBPS/images/chart-02-1bd10a6f-413aefec.png,true
OEBPS/text/article-127-analysis-2017-12-31-ngfyo.xhtml,image,../images/chart-03-c3abc99b-89acfb21.png,OEBPS/images/chart-03-c3abc99b-89acfb21.png,true
OEBPS/text/article-127-analysis-2017-12-31-ngfyo.xhtml,image,../images/chart-04-143f9fcc-c37be760.png,OEBPS/images/chart-04-143f9fcc-c37be760.png,true
OEBPS/text/article-127-analysis-2017-12-31-ngfyo.xhtml,image,../images/chart-05-bb554108-02ef0a1b.png,OEBPS/images/chart-05-bb554108-02ef0a1b.png,true
OEBPS/text/article-127-analysis-2017-12-31-ngfyo.xhtml,image,../images/chart-06-8d0a9546-f104be86.png,OEBPS/images/chart-06-8d0a9546-f104be86.png,true
OEBPS/text/article-127-analysis-2017-12-31-ngfyo.xhtml,image,../images/chart-07-cf2c2920-55095b06.png,OEBPS/images/chart-07-cf2c2920-55095b06.png,true
OEBPS/text/article-127-analysis-2017-12-31-ngfyo.xhtml,image,../images/chart-08-382e3103-abef7d2a.png,OEBPS/images/chart-08-382e3103-abef7d2a.png,true
OEBPS/text/article-127-analysis-2017-12-31-ngfyo.xhtml,image,../images/chart-09-3e70d54e-e5778852.png,OEBPS/images/chart-09-3e70d54e-e5778852.png,true
OEBPS/text/article-127-analysis-2017-12-31-ngfyo.xhtml,image,../images/chart-10-ae4d1238-ce9b4630.png,OEBPS/images/chart-10-ae4d1238-ce9b4630.png,true
OEBPS/text/article-127-analysis-2017-12-31-ngfyo.xhtml,image,../images/chart-11-dc0d3828-fed9e46c.png,OEBPS/images/chart-11-dc0d3828-fed9e46c.png,true
OEBPS/text/article-127-analysis-2017-12-31-ngfyo.xhtml,image,../images/chart-12-b13ed8f4-e4e9e1d2.png,OEBPS/images/chart-12-b13ed8f4-e4e9e1d2.png,true
OEBPS/text/article-127-analysis-2017-12-31-ngfyo.xhtml,image,../images/chart-13-dfdcc4ab-3b389169.png,OEBPS/images/chart-13-dfdcc4ab-3b389169.png,true
OEBPS/text/article-127-analysis-2017-12-31-ngfyo.xhtml,image,../images/chart-14-f0d9e092-43b04238.png,OEBPS/images/chart-14-f0d9e092-43b04238.png,true
OEBPS/text/article-127-analysis-2017-12-31-ngfyo.xhtml,image,../images/chart-15-12675ef7-18309aaf.png,OEBPS/images/chart-15-12675ef7-18309aaf.png,true
OEBPS/text/article-127-analysis-2017-12-31-ngfyo.xhtml,image,../images/chart-16-43abef9f-a80f2c82.png,OEBPS/images/chart-16-43abef9f-a80f2c82.png,true
OEBPS/text/article-127-analysis-2017-12-31-ngfyo.xhtml,image,../images/chart-17-54af3fd8-5cb12be2.png,OEBPS/images/chart-17-54af3fd8-5cb12be2.png,true
OEBPS/text/article-127-analysis-2017-12-31-ngfyo.xhtml,image,../images/chart-18-82b3a7e6-dd2649d0.png,OEBPS/images/chart-18-82b3a7e6-dd2649d0.png,true
OEBPS/text/article-127-analysis-2017-12-31-ngfyo.xhtml,image,../images/chart-19-8bfb0e66-c821f137.png,OEBPS/images/chart-19-8bfb0e66-c821f137.png,true
OEBPS/text/article-127-analysis-2017-12-31-ngfyo.xhtml,image,../images/chart-20-62aa8021-35554000.png,OEBPS/images/chart-20-62aa8021-35554000.png,true
OEBPS/text/article-127-analysis-2017-12-31-ngfyo.xhtml,image,../images/chart-21-e7541273-68bee238.png,OEBPS/images/chart-21-e7541273-68bee238.png,true
OEBPS/text/article-127-analysis-2017-12-31-ngfyo.xhtml,image,../images/chart-22-4702fc09-9fca873c.png,OEBPS/images/chart-22-4702fc09-9fca873c.png,true
OEBPS/text/article-127-analysis-2017-12-31-ngfyo.xhtml,image,../images/chart-23-53c153a1-7462920a.png,OEBPS/images/chart-23-53c153a1-7462920a.png,true
OEBPS/text/article-127-analysis-2017-12-31-ngfyo.xhtml,image,../images/chart-24-d8ba6027-bce7146c.png,OEBPS/images/chart-24-d8ba6027-bce7146c.png,true
OEBPS/text/article-127-analysis-2017-12-31-ngfyo.xhtml,image,../images/chart-25-5306540d-f2a7ac5c.png,OEBPS/images/chart-25-5306540d-f2a7ac5c.png,true
OEBPS/text/article-127-analysis-2017-12-31-ngfyo.xhtml,image,../images/chart-26-7428aef6-15d5f03f.png,OEBPS/images/chart-26-7428aef6-15d5f03f.png,true
OEBPS/text/article-127-analysis-2017-12-31-ngfyo.xhtml,image,../images/chart-27-a5bf66a1-b6cdd277.png,OEBPS/images/chart-27-a5bf66a1-b6cdd277.png,true
OEBPS/text/article-127-analysis-2017-12-31-ngfyo.xhtml,image,../images/chart-28-b2b578e6-21457bf0.png,OEBPS/images/chart-28-b2b578e6-21457bf0.png,true
OEBPS/text/article-127-analysis-2017-12-31-ngfyo.xhtml,image,../images/chart-29-602152ec-8748994f.png,OEBPS/images/chart-29-602152ec-8748994f.png,true
OEBPS/text/article-127-analysis-2017-12-31-ngfyo.xhtml,link,detailed-toc.xhtml,OEBPS/text/detailed-toc.xhtml,true
OEBPS/text/article-127-analysis-2017-12-31-ngfyo.xhtml,link,detailed-toc.xhtml,OEBPS/text/detailed-toc.xhtml,true
OEBPS/text/article-128-analysis-2018-12-04-cf40-2993.xhtml,image,../images/l7uyb3-001_5fc0cfbe46-15cfa62c-eafaea77.jpg,OEBPS/images/l7uyb3-001_5fc0cfbe46-15cfa62c-eafaea77.jpg,true
OEBPS/text/article-128-analysis-2018-12-04-cf40-2993.xhtml,image,../images/hv2j2l-002_9e49652ffa-40c04c6f-49623359.jpg,OEBPS/images/hv2j2l-002_9e49652ffa-40c04c6f-49623359.jpg,true
OEBPS/text/article-128-analysis-2018-12-04-cf40-2993.xhtml,image,../images/1bie170-003_cb0372db00-9a5dd730-f8909aa6.jpg,OEBPS/images/1bie170-003_cb0372db00-9a5dd730-f8909aa6.jpg,true
OEBPS/text/article-128-analysis-2018-12-04-cf40-2993.xhtml,image,../images/z20smg-004_4cd77c9c08-90febc4d-b7a95c7c.jpg,OEBPS/images/z20smg-004_4cd77c9c08-90febc4d-b7a95c7c.jpg,true
OEBPS/text/article-128-analysis-2018-12-04-cf40-2993.xhtml,image,../images/11n7450-005_23180a2a6c-fbe85cf4-118b5f6f.jpg,OEBPS/images/11n7450-005_23180a2a6c-fbe85cf4-118b5f6f.jpg,true
OEBPS/text/article-128-analysis-2018-12-04-cf40-2993.xhtml,image,../images/lf6okb-006_3a0dd4ed15-a4fe6500-734e4b97.jpg,OEBPS/images/lf6okb-006_3a0dd4ed15-a4fe6500-734e4b97.jpg,true
OEBPS/text/article-128-analysis-2018-12-04-cf40-2993.xhtml,image,../images/o3zwh-007_d776bfd8ca-5f8cdc06-c6070406.jpg,OEBPS/images/o3zwh-007_d776bfd8ca-5f8cdc06-c6070406.jpg,true
OEBPS/text/article-128-analysis-2018-12-04-cf40-2993.xhtml,link,detailed-toc.xhtml,OEBPS/text/detailed-toc.xhtml,true
OEBPS/text/article-128-analysis-2018-12-04-cf40-2993.xhtml,link,detailed-toc.xhtml,OEBPS/text/detailed-toc.xhtml,true
OEBPS/text/article-129-analysis-2018-12-11-172b1d7.xhtml,image,../images/chart-01-84fbe64b-fb5bbdb1.png,OEBPS/images/chart-01-84fbe64b-fb5bbdb1.png,true
OEBPS/text/article-129-analysis-2018-12-11-172b1d7.xhtml,image,../images/chart-02-c5b1d9bb-46e57430.png,OEBPS/images/chart-02-c5b1d9bb-46e57430.png,true
OEBPS/text/article-129-analysis-2018-12-11-172b1d7.xhtml,image,../images/chart-03-b8d2d070-6c719f20.png,OEBPS/images/chart-03-b8d2d070-6c719f20.png,true
OEBPS/text/article-129-analysis-2018-12-11-172b1d7.xhtml,image,../images/chart-04-2aef9a85-33a001ae.png,OEBPS/images/chart-04-2aef9a85-33a001ae.png,true
OEBPS/text/article-129-analysis-2018-12-11-172b1d7.xhtml,image,../images/chart-05-29d01048-25cad196.png,OEBPS/images/chart-05-29d01048-25cad196.png,true
OEBPS/text/article-129-analysis-2018-12-11-172b1d7.xhtml,image,../images/chart-06-357aed1f-57ac7da0.png,OEBPS/images/chart-06-357aed1f-57ac7da0.png,true
OEBPS/text/article-129-analysis-2018-12-11-172b1d7.xhtml,image,../images/chart-07-1fbf61fd-7558eb96.png,OEBPS/images/chart-07-1fbf61fd-7558eb96.png,true
OEBPS/text/article-129-analysis-2018-12-11-172b1d7.xhtml,image,../images/chart-08-f72c344f-b6d39cc6.png,OEBPS/images/chart-08-f72c344f-b6d39cc6.png,true
OEBPS/text/article-129-analysis-2018-12-11-172b1d7.xhtml,image,../images/chart-09-8596e927-41461f51.png,OEBPS/images/chart-09-8596e927-41461f51.png,true
OEBPS/text/article-129-analysis-2018-12-11-172b1d7.xhtml,image,../images/chart-10-63fa0c47-1dca22fc.png,OEBPS/images/chart-10-63fa0c47-1dca22fc.png,true
OEBPS/text/article-129-analysis-2018-12-11-172b1d7.xhtml,image,../images/chart-11-8936f806-9e57d9e6.png,OEBPS/images/chart-11-8936f806-9e57d9e6.png,true
OEBPS/text/article-129-analysis-2018-12-11-172b1d7.xhtml,image,../images/chart-12-a1a8e926-225d4f0b.png,OEBPS/images/chart-12-a1a8e926-225d4f0b.png,true
OEBPS/text/article-129-analysis-2018-12-11-172b1d7.xhtml,image,../images/chart-13-04a980b4-77bdef0f.png,OEBPS/images/chart-13-04a980b4-77bdef0f.png,true
OEBPS/text/article-129-analysis-2018-12-11-172b1d7.xhtml,image,../images/chart-14-147497d4-6de91404.png,OEBPS/images/chart-14-147497d4-6de91404.png,true
OEBPS/text/article-129-analysis-2018-12-11-172b1d7.xhtml,image,../images/chart-15-3c651d01-dd3ad806.png,OEBPS/images/chart-15-3c651d01-dd3ad806.png,true
OEBPS/text/article-129-analysis-2018-12-11-172b1d7.xhtml,image,../images/chart-16-77bbb2cc-13a2c0fb.png,OEBPS/images/chart-16-77bbb2cc-13a2c0fb.png,true
OEBPS/text/article-129-analysis-2018-12-11-172b1d7.xhtml,image,../images/chart-17-2bd9a44e-8b97df60.png,OEBPS/images/chart-17-2bd9a44e-8b97df60.png,true
OEBPS/text/article-129-analysis-2018-12-11-172b1d7.xhtml,image,../images/chart-18-e1f4634d-9649d80c.png,OEBPS/images/chart-18-e1f4634d-9649d80c.png,true
OEBPS/text/article-129-analysis-2018-12-11-172b1d7.xhtml,image,../images/chart-19-3bd0f015-82c2f802.png,OEBPS/images/chart-19-3bd0f015-82c2f802.png,true
OEBPS/text/article-129-analysis-2018-12-11-172b1d7.xhtml,image,../images/chart-20-3f0af693-d37e6e2e.png,OEBPS/images/chart-20-3f0af693-d37e6e2e.png,true
OEBPS/text/article-129-analysis-2018-12-11-172b1d7.xhtml,image,../images/chart-21-14a53dc5-1d79a75b.png,OEBPS/images/chart-21-14a53dc5-1d79a75b.png,true
OEBPS/text/article-129-analysis-2018-12-11-172b1d7.xhtml,image,../images/chart-22-1154dfb8-e00685fd.png,OEBPS/images/chart-22-1154dfb8-e00685fd.png,true
OEBPS/text/article-129-analysis-2018-12-11-172b1d7.xhtml,image,../images/chart-23-a885cf62-d09f83a0.png,OEBPS/images/chart-23-a885cf62-d09f83a0.png,true
OEBPS/text/article-129-analysis-2018-12-11-172b1d7.xhtml,image,../images/chart-24-b807a475-323ea60f.png,OEBPS/images/chart-24-b807a475-323ea60f.png,true
OEBPS/text/article-129-analysis-2018-12-11-172b1d7.xhtml,image,../images/chart-25-291baa47-f0c2021c.png,OEBPS/images/chart-25-291baa47-f0c2021c.png,true
OEBPS/text/article-129-analysis-2018-12-11-172b1d7.xhtml,image,../images/chart-26-8a5db2da-0beb098c.png,OEBPS/images/chart-26-8a5db2da-0beb098c.png,true
OEBPS/text/article-129-analysis-2018-12-11-172b1d7.xhtml,link,detailed-toc.xhtml,OEBPS/text/detailed-toc.xhtml,true
OEBPS/text/article-129-analysis-2018-12-11-172b1d7.xhtml,link,detailed-toc.xhtml,OEBPS/text/detailed-toc.xhtml,true
OEBPS/text/article-130-analysis-2021-05-27-cf40-3766.xhtml,link,detailed-toc.xhtml,OEBPS/text/detailed-toc.xhtml,true
OEBPS/text/article-130-analysis-2021-05-27-cf40-3766.xhtml,link,detailed-toc.xhtml,OEBPS/text/detailed-toc.xhtml,true
OEBPS/text/article-131-analysis-2021-06-23-cf40-3795.xhtml,image,../images/1i5ehz6-001_bfc0dbf416-ffc8c583-efd1b13e.jpg,OEBPS/images/1i5ehz6-001_bfc0dbf416-ffc8c583-efd1b13e.jpg,true
OEBPS/text/article-131-analysis-2021-06-23-cf40-3795.xhtml,image,../images/14xvxce-002_ec87273172-70bf3636-602566c1.jpg,OEBPS/images/14xvxce-002_ec87273172-70bf3636-602566c1.jpg,true
OEBPS/text/article-131-analysis-2021-06-23-cf40-3795.xhtml,image,../images/pa889l-003_00957dbcba-6892954e-60ba7925.jpg,OEBPS/images/pa889l-003_00957dbcba-6892954e-60ba7925.jpg,true
OEBPS/text/article-131-analysis-2021-06-23-cf40-3795.xhtml,image,../images/1aa1un4-004_9a0263a629-fe83133d-295859d2.jpg,OEBPS/images/1aa1un4-004_9a0263a629-fe83133d-295859d2.jpg,true
OEBPS/text/article-131-analysis-2021-06-23-cf40-3795.xhtml,image,../images/v0b6ar-005_13b5bd98c0-1a85e6ff-8731c295.jpg,OEBPS/images/v0b6ar-005_13b5bd98c0-1a85e6ff-8731c295.jpg,true
OEBPS/text/article-131-analysis-2021-06-23-cf40-3795.xhtml,image,../images/urjacm-006_6966a81c03-982829dd-f94f90a4.jpg,OEBPS/images/urjacm-006_6966a81c03-982829dd-f94f90a4.jpg,true
OEBPS/text/article-131-analysis-2021-06-23-cf40-3795.xhtml,image,../images/o623jk-007_bfcb2244b7-ef2de403-0edb54d4.jpg,OEBPS/images/o623jk-007_bfcb2244b7-ef2de403-0edb54d4.jpg,true
OEBPS/text/article-131-analysis-2021-06-23-cf40-3795.xhtml,image,../images/11fpt4g-008_1280929e74-bf0deb87-7318d111.jpg,OEBPS/images/11fpt4g-008_1280929e74-bf0deb87-7318d111.jpg,true
OEBPS/text/article-131-analysis-2021-06-23-cf40-3795.xhtml,image,../images/l4puei-009_b76f7b0c61-ec413d84-b3115b56.jpg,OEBPS/images/l4puei-009_b76f7b0c61-ec413d84-b3115b56.jpg,true
OEBPS/text/article-131-analysis-2021-06-23-cf40-3795.xhtml,link,detailed-toc.xhtml,OEBPS/text/detailed-toc.xhtml,true
OEBPS/text/article-131-analysis-2021-06-23-cf40-3795.xhtml,link,detailed-toc.xhtml,OEBPS/text/detailed-toc.xhtml,true
OEBPS/text/article-132-analysis-2021-11-19-cf40-3908.xhtml,image,../images/eow7ln-001_ef968b0e0d-056808c1-4cd92bf2.jpg,OEBPS/images/eow7ln-001_ef968b0e0d-056808c1-4cd92bf2.jpg,true
OEBPS/text/article-132-analysis-2021-11-19-cf40-3908.xhtml,image,../images/8dfg1g-002_324e93f3c7-f82c8286-936e9361.jpg,OEBPS/images/8dfg1g-002_324e93f3c7-f82c8286-936e9361.jpg,true
OEBPS/text/article-132-analysis-2021-11-19-cf40-3908.xhtml,image,../images/1a31zrb-003_2e5ee9e1db-18dc5cbf-7a9584e2.jpg,OEBPS/images/1a31zrb-003_2e5ee9e1db-18dc5cbf-7a9584e2.jpg,true
OEBPS/text/article-132-analysis-2021-11-19-cf40-3908.xhtml,image,../images/bydto-004_e7266ce737-85cd41cc-276b6ac0.jpg,OEBPS/images/bydto-004_e7266ce737-85cd41cc-276b6ac0.jpg,true
OEBPS/text/article-132-analysis-2021-11-19-cf40-3908.xhtml,link,detailed-toc.xhtml,OEBPS/text/detailed-toc.xhtml,true
OEBPS/text/article-132-analysis-2021-11-19-cf40-3908.xhtml,link,detailed-toc.xhtml,OEBPS/text/detailed-toc.xhtml,true
OEBPS/text/article-133-analysis-2024-06-14-cf40-4747.xhtml,link,detailed-toc.xhtml,OEBPS/text/detailed-toc.xhtml,true
OEBPS/text/article-133-analysis-2024-06-14-cf40-4747.xhtml,link,detailed-toc.xhtml,OEBPS/text/detailed-toc.xhtml,true
OEBPS/text/article-134-analysis-2010-04-12-cf40-348.xhtml,link,detailed-toc.xhtml,OEBPS/text/detailed-toc.xhtml,true
OEBPS/text/article-134-analysis-2010-04-12-cf40-348.xhtml,link,detailed-toc.xhtml,OEBPS/text/detailed-toc.xhtml,true
OEBPS/text/article-135-analysis-2012-01-10-fb45zh.xhtml,link,detailed-toc.xhtml,OEBPS/text/detailed-toc.xhtml,true
OEBPS/text/article-135-analysis-2012-01-10-fb45zh.xhtml,link,detailed-toc.xhtml,OEBPS/text/detailed-toc.xhtml,true
OEBPS/text/article-136-analysis-2012-06-21-cf40-1009.xhtml,link,detailed-toc.xhtml,OEBPS/text/detailed-toc.xhtml,true
OEBPS/text/article-136-analysis-2012-06-21-cf40-1009.xhtml,link,detailed-toc.xhtml,OEBPS/text/detailed-toc.xhtml,true
OEBPS/text/article-137-analysis-2015-11-27-mkwijb.xhtml,link,detailed-toc.xhtml,OEBPS/text/detailed-toc.xhtml,true
OEBPS/text/article-137-analysis-2015-11-27-mkwijb.xhtml,link,detailed-toc.xhtml,OEBPS/text/detailed-toc.xhtml,true
OEBPS/text/article-138-analysis-2017-03-14-agajzn.xhtml,link,detailed-toc.xhtml,OEBPS/text/detailed-toc.xhtml,true
OEBPS/text/article-138-analysis-2017-03-14-agajzn.xhtml,link,detailed-toc.xhtml,OEBPS/text/detailed-toc.xhtml,true
OEBPS/text/article-139-analysis-2018-03-21-1sl5ymg.xhtml,link,detailed-toc.xhtml,OEBPS/text/detailed-toc.xhtml,true
OEBPS/text/article-139-analysis-2018-03-21-1sl5ymg.xhtml,link,detailed-toc.xhtml,OEBPS/text/detailed-toc.xhtml,true
OEBPS/text/article-140-analysis-2018-06-21-famr7l.xhtml,link,detailed-toc.xhtml,OEBPS/text/detailed-toc.xhtml,true
OEBPS/text/article-140-analysis-2018-06-21-famr7l.xhtml,link,detailed-toc.xhtml,OEBPS/text/detailed-toc.xhtml,true
OEBPS/text/article-141-analysis-2018-07-31-cf40-2877.xhtml,image,../images/l7mdkz-001_5945d182f3-b6a60622-1605020e.jpg,OEBPS/images/l7mdkz-001_5945d182f3-b6a60622-1605020e.jpg,true
OEBPS/text/article-141-analysis-2018-07-31-cf40-2877.xhtml,image,../images/1koh7tj-002_4480e23b8f-94e08ef6-03e10c6f.jpg,OEBPS/images/1koh7tj-002_4480e23b8f-94e08ef6-03e10c6f.jpg,true
OEBPS/text/article-141-analysis-2018-07-31-cf40-2877.xhtml,image,../images/1q2rnap-003_171e841778-ba87cfc8-2009cdb9.jpg,OEBPS/images/1q2rnap-003_171e841778-ba87cfc8-2009cdb9.jpg,true
OEBPS/text/article-141-analysis-2018-07-31-cf40-2877.xhtml,image,../images/j6xame-004_be33d828a7-8ad07b55-eb5e5466.jpg,OEBPS/images/j6xame-004_be33d828a7-8ad07b55-eb5e5466.jpg,true
OEBPS/text/article-141-analysis-2018-07-31-cf40-2877.xhtml,image,../images/cakw88-005_972657e07b-24217005-90dd5ce8.jpg,OEBPS/images/cakw88-005_972657e07b-24217005-90dd5ce8.jpg,true
OEBPS/text/article-141-analysis-2018-07-31-cf40-2877.xhtml,image,../images/1mi5rys-006_4435a996ce-fa1d19eb-4e4025b5.jpg,OEBPS/images/1mi5rys-006_4435a996ce-fa1d19eb-4e4025b5.jpg,true
OEBPS/text/article-141-analysis-2018-07-31-cf40-2877.xhtml,image,../images/12jgvtb-007_2c418662c0-c23829af-f043d1c4.jpg,OEBPS/images/12jgvtb-007_2c418662c0-c23829af-f043d1c4.jpg,true
OEBPS/text/article-141-analysis-2018-07-31-cf40-2877.xhtml,link,detailed-toc.xhtml,OEBPS/text/detailed-toc.xhtml,true
OEBPS/text/article-141-analysis-2018-07-31-cf40-2877.xhtml,link,detailed-toc.xhtml,OEBPS/text/detailed-toc.xhtml,true
OEBPS/text/article-142-analysis-2018-09-30-cf40-2946.xhtml,image,../images/1kkf3yy-001_024e1b21f8-ef78e74f-3b5e2aab.jpg,OEBPS/images/1kkf3yy-001_024e1b21f8-ef78e74f-3b5e2aab.jpg,true
OEBPS/text/article-142-analysis-2018-09-30-cf40-2946.xhtml,image,../images/h7nsab-002_39285df71f-68bd249f-efb1a46d.jpg,OEBPS/images/h7nsab-002_39285df71f-68bd249f-efb1a46d.jpg,true
OEBPS/text/article-142-analysis-2018-09-30-cf40-2946.xhtml,image,../images/n1vpxm-003_7379dc3ab2-d91fcd82-55c4ef55.jpg,OEBPS/images/n1vpxm-003_7379dc3ab2-d91fcd82-55c4ef55.jpg,true
OEBPS/text/article-142-analysis-2018-09-30-cf40-2946.xhtml,image,../images/1l7dwr0-004_0ff1798977-66c7307d-c95ee673.jpg,OEBPS/images/1l7dwr0-004_0ff1798977-66c7307d-c95ee673.jpg,true
OEBPS/text/article-142-analysis-2018-09-30-cf40-2946.xhtml,image,../images/14d4pd8-005_abe9b71958-0f308f74-c60af693.jpg,OEBPS/images/14d4pd8-005_abe9b71958-0f308f74-c60af693.jpg,true
OEBPS/text/article-142-analysis-2018-09-30-cf40-2946.xhtml,image,../images/1jp8cd4-006_86e0089d2d-b6944ec8-e8d6da0f.jpg,OEBPS/images/1jp8cd4-006_86e0089d2d-b6944ec8-e8d6da0f.jpg,true
OEBPS/text/article-142-analysis-2018-09-30-cf40-2946.xhtml,link,detailed-toc.xhtml,OEBPS/text/detailed-toc.xhtml,true
OEBPS/text/article-142-analysis-2018-09-30-cf40-2946.xhtml,link,detailed-toc.xhtml,OEBPS/text/detailed-toc.xhtml,true
OEBPS/text/article-143-analysis-2018-11-22-cf40-2986.xhtml,image,../images/1dgs1nv-001_0007154430-6912de26-9cd8ce2b.jpg,OEBPS/images/1dgs1nv-001_0007154430-6912de26-9cd8ce2b.jpg,true
OEBPS/text/article-143-analysis-2018-11-22-cf40-2986.xhtml,image,../images/iyj2hj-002_5b7d954f50-e67ace4a-e6e40fd9.jpg,OEBPS/images/iyj2hj-002_5b7d954f50-e67ace4a-e6e40fd9.jpg,true
OEBPS/text/article-143-analysis-2018-11-22-cf40-2986.xhtml,image,../images/1h8mtxl-003_ba24259128-3b5f4613-799606ff.jpg,OEBPS/images/1h8mtxl-003_ba24259128-3b5f4613-799606ff.jpg,true
OEBPS/text/article-143-analysis-2018-11-22-cf40-2986.xhtml,image,../images/m29qtb-004_8aa23f4479-c8e42876-45feec21.jpg,OEBPS/images/m29qtb-004_8aa23f4479-c8e42876-45feec21.jpg,true
OEBPS/text/article-143-analysis-2018-11-22-cf40-2986.xhtml,image,../images/6refgr-005_896f9e2964-7b85705f-564175b9.jpg,OEBPS/images/6refgr-005_896f9e2964-7b85705f-564175b9.jpg,true
OEBPS/text/article-143-analysis-2018-11-22-cf40-2986.xhtml,image,../images/141s28j-006_85af0a3e0b-c90b7d28-3d6cfd6b.jpg,OEBPS/images/141s28j-006_85af0a3e0b-c90b7d28-3d6cfd6b.jpg,true
OEBPS/text/article-143-analysis-2018-11-22-cf40-2986.xhtml,image,../images/z5t93h-007_b56ca3674e-72103e88-086693c3.jpg,OEBPS/images/z5t93h-007_b56ca3674e-72103e88-086693c3.jpg,true
OEBPS/text/article-143-analysis-2018-11-22-cf40-2986.xhtml,image,../images/1iew5n0-008_425d8b4034-96a849d6-7a4369f1.jpg,OEBPS/images/1iew5n0-008_425d8b4034-96a849d6-7a4369f1.jpg,true
OEBPS/text/article-143-analysis-2018-11-22-cf40-2986.xhtml,image,../images/19qvszv-009_afba479336-f730dd69-8dbebe19.jpg,OEBPS/images/19qvszv-009_afba479336-f730dd69-8dbebe19.jpg,true
OEBPS/text/article-143-analysis-2018-11-22-cf40-2986.xhtml,image,../images/whi7dy-010_d29164abe7-81fa85cd-aa831aff.jpg,OEBPS/images/whi7dy-010_d29164abe7-81fa85cd-aa831aff.jpg,true
OEBPS/text/article-143-analysis-2018-11-22-cf40-2986.xhtml,image,../images/1dtsat2-011_b8880cdb0c-7040cf89-5ef736f2.jpg,OEBPS/images/1dtsat2-011_b8880cdb0c-7040cf89-5ef736f2.jpg,true
OEBPS/text/article-143-analysis-2018-11-22-cf40-2986.xhtml,image,../images/1hhwcje-012_b116828621-1a12f39f-bdb967ae.jpg,OEBPS/images/1hhwcje-012_b116828621-1a12f39f-bdb967ae.jpg,true
OEBPS/text/article-143-analysis-2018-11-22-cf40-2986.xhtml,image,../images/el0taw-013_855c749809-368f586b-2d19d268.jpg,OEBPS/images/el0taw-013_855c749809-368f586b-2d19d268.jpg,true
OEBPS/text/article-143-analysis-2018-11-22-cf40-2986.xhtml,image,../images/16s5pn1-014_ade6f83797-6c5600df-513e3254.jpg,OEBPS/images/16s5pn1-014_ade6f83797-6c5600df-513e3254.jpg,true
OEBPS/text/article-143-analysis-2018-11-22-cf40-2986.xhtml,image,../images/cw8zob-015_3cadbebe77-d1997d15-4bb591f8.jpg,OEBPS/images/cw8zob-015_3cadbebe77-d1997d15-4bb591f8.jpg,true
OEBPS/text/article-143-analysis-2018-11-22-cf40-2986.xhtml,image,../images/yzj6un-016_a2a6550a4c-a4682825-d4ac4b4b.jpg,OEBPS/images/yzj6un-016_a2a6550a4c-a4682825-d4ac4b4b.jpg,true
OEBPS/text/article-143-analysis-2018-11-22-cf40-2986.xhtml,image,../images/xcp6ht-017_61c034830e-6a450fb6-0024ad02.jpg,OEBPS/images/xcp6ht-017_61c034830e-6a450fb6-0024ad02.jpg,true
OEBPS/text/article-143-analysis-2018-11-22-cf40-2986.xhtml,image,../images/1kfd5vu-018_6e3b38dbdb-9784614d-09d2408f.jpg,OEBPS/images/1kfd5vu-018_6e3b38dbdb-9784614d-09d2408f.jpg,true
OEBPS/text/article-143-analysis-2018-11-22-cf40-2986.xhtml,image,../images/14jm69v-019_4640268c9a-8067f95d-1c74f4ea.jpg,OEBPS/images/14jm69v-019_4640268c9a-8067f95d-1c74f4ea.jpg,true
OEBPS/text/article-143-analysis-2018-11-22-cf40-2986.xhtml,image,../images/obv3co-020_5eabe2454a-ce17da63-eb31afa2.jpg,OEBPS/images/obv3co-020_5eabe2454a-ce17da63-eb31afa2.jpg,true
OEBPS/text/article-143-analysis-2018-11-22-cf40-2986.xhtml,image,../images/f2adao-021_c8655122cf-5bd66166-707239b7.jpg,OEBPS/images/f2adao-021_c8655122cf-5bd66166-707239b7.jpg,true
OEBPS/text/article-143-analysis-2018-11-22-cf40-2986.xhtml,link,detailed-toc.xhtml,OEBPS/text/detailed-toc.xhtml,true
OEBPS/text/article-143-analysis-2018-11-22-cf40-2986.xhtml,link,detailed-toc.xhtml,OEBPS/text/detailed-toc.xhtml,true
OEBPS/text/article-144-analysis-2019-01-15-cf40-3022.xhtml,image,../images/1ty5obk-001_c24e8117ca-49749bd8-f2c5c1a1.jpg,OEBPS/images/1ty5obk-001_c24e8117ca-49749bd8-f2c5c1a1.jpg,true
OEBPS/text/article-144-analysis-2019-01-15-cf40-3022.xhtml,image,../images/43rzb5-002_2ad9a3670b-a723de55-18e3fc8e.jpg,OEBPS/images/43rzb5-002_2ad9a3670b-a723de55-18e3fc8e.jpg,true
OEBPS/text/article-144-analysis-2019-01-15-cf40-3022.xhtml,image,../images/18wdzyk-003_0bd798c14e-99f9a14f-2b4ccf0d.jpg,OEBPS/images/18wdzyk-003_0bd798c14e-99f9a14f-2b4ccf0d.jpg,true
OEBPS/text/article-144-analysis-2019-01-15-cf40-3022.xhtml,image,../images/9qt3re-004_60a5d64622-78679d9b-ae843645.jpg,OEBPS/images/9qt3re-004_60a5d64622-78679d9b-ae843645.jpg,true
OEBPS/text/article-144-analysis-2019-01-15-cf40-3022.xhtml,image,../images/kclslz-005_4232b84d5f-d3d397fa-b325e2ec.jpg,OEBPS/images/kclslz-005_4232b84d5f-d3d397fa-b325e2ec.jpg,true
OEBPS/text/article-144-analysis-2019-01-15-cf40-3022.xhtml,image,../images/3f2ayg-006_ef6020f0ef-3d63d1ce-1119c85d.jpg,OEBPS/images/3f2ayg-006_ef6020f0ef-3d63d1ce-1119c85d.jpg,true
OEBPS/text/article-144-analysis-2019-01-15-cf40-3022.xhtml,link,detailed-toc.xhtml,OEBPS/text/detailed-toc.xhtml,true
OEBPS/text/article-144-analysis-2019-01-15-cf40-3022.xhtml,link,detailed-toc.xhtml,OEBPS/text/detailed-toc.xhtml,true
OEBPS/text/article-145-analysis-2019-05-29-1awyt7m.xhtml,image,../images/chart-01-8823130e-eb7c200e.png,OEBPS/images/chart-01-8823130e-eb7c200e.png,true
OEBPS/text/article-145-analysis-2019-05-29-1awyt7m.xhtml,image,../images/chart-02-f0fa1d3e-bce5bcee.png,OEBPS/images/chart-02-f0fa1d3e-bce5bcee.png,true
OEBPS/text/article-145-analysis-2019-05-29-1awyt7m.xhtml,image,../images/chart-03-e5f71428-40baf882.png,OEBPS/images/chart-03-e5f71428-40baf882.png,true
OEBPS/text/article-145-analysis-2019-05-29-1awyt7m.xhtml,image,../images/chart-04-c1df843b-d9817490.png,OEBPS/images/chart-04-c1df843b-d9817490.png,true
OEBPS/text/article-145-analysis-2019-05-29-1awyt7m.xhtml,image,../images/chart-05-8de406df-f36011cc.png,OEBPS/images/chart-05-8de406df-f36011cc.png,true
OEBPS/text/article-145-analysis-2019-05-29-1awyt7m.xhtml,image,../images/chart-06-2b25cd4d-d865050b.png,OEBPS/images/chart-06-2b25cd4d-d865050b.png,true
OEBPS/text/article-145-analysis-2019-05-29-1awyt7m.xhtml,image,../images/chart-07-cda6d5bb-031afc7a.png,OEBPS/images/chart-07-cda6d5bb-031afc7a.png,true
OEBPS/text/article-145-analysis-2019-05-29-1awyt7m.xhtml,image,../images/chart-08-89201153-0b278840.png,OEBPS/images/chart-08-89201153-0b278840.png,true
OEBPS/text/article-145-analysis-2019-05-29-1awyt7m.xhtml,image,../images/chart-09-30b91ec3-7477fa89.png,OEBPS/images/chart-09-30b91ec3-7477fa89.png,true
OEBPS/text/article-145-analysis-2019-05-29-1awyt7m.xhtml,image,../images/chart-10-d794f3b3-8bffd0f9.png,OEBPS/images/chart-10-d794f3b3-8bffd0f9.png,true
OEBPS/text/article-145-analysis-2019-05-29-1awyt7m.xhtml,image,../images/chart-11-4a685c15-3a62dd32.png,OEBPS/images/chart-11-4a685c15-3a62dd32.png,true
OEBPS/text/article-145-analysis-2019-05-29-1awyt7m.xhtml,image,../images/chart-12-fd07757b-9377ebaa.png,OEBPS/images/chart-12-fd07757b-9377ebaa.png,true
OEBPS/text/article-145-analysis-2019-05-29-1awyt7m.xhtml,image,../images/chart-13-eb84f680-6a1ded42.png,OEBPS/images/chart-13-eb84f680-6a1ded42.png,true
OEBPS/text/article-145-analysis-2019-05-29-1awyt7m.xhtml,image,../images/chart-14-db9cb927-b5436d1a.png,OEBPS/images/chart-14-db9cb927-b5436d1a.png,true
OEBPS/text/article-145-analysis-2019-05-29-1awyt7m.xhtml,image,../images/chart-15-81641a45-ced2960c.png,OEBPS/images/chart-15-81641a45-ced2960c.png,true
OEBPS/text/article-145-analysis-2019-05-29-1awyt7m.xhtml,image,../images/chart-16-96f1d5e6-ad613e66.png,OEBPS/images/chart-16-96f1d5e6-ad613e66.png,true
OEBPS/text/article-145-analysis-2019-05-29-1awyt7m.xhtml,image,../images/chart-17-cf58e2ac-0c9041d9.png,OEBPS/images/chart-17-cf58e2ac-0c9041d9.png,true
OEBPS/text/article-145-analysis-2019-05-29-1awyt7m.xhtml,image,../images/chart-18-2502d3a8-9501fc2e.png,OEBPS/images/chart-18-2502d3a8-9501fc2e.png,true
OEBPS/text/article-145-analysis-2019-05-29-1awyt7m.xhtml,image,../images/chart-19-8de35e7c-44f18fe2.png,OEBPS/images/chart-19-8de35e7c-44f18fe2.png,true
OEBPS/text/article-145-analysis-2019-05-29-1awyt7m.xhtml,image,../images/chart-20-9b1dfec3-5a91216c.png,OEBPS/images/chart-20-9b1dfec3-5a91216c.png,true
OEBPS/text/article-145-analysis-2019-05-29-1awyt7m.xhtml,image,../images/chart-21-eab9d961-9501fc2e.png,OEBPS/images/chart-21-eab9d961-9501fc2e.png,true
OEBPS/text/article-145-analysis-2019-05-29-1awyt7m.xhtml,image,../images/chart-22-ad8ee314-b28b7d25.png,OEBPS/images/chart-22-ad8ee314-b28b7d25.png,true
OEBPS/text/article-145-analysis-2019-05-29-1awyt7m.xhtml,link,detailed-toc.xhtml,OEBPS/text/detailed-toc.xhtml,true
OEBPS/text/article-145-analysis-2019-05-29-1awyt7m.xhtml,link,detailed-toc.xhtml,OEBPS/text/detailed-toc.xhtml,true
OEBPS/text/article-146-analysis-2019-08-23-cf40-3162.xhtml,image,../images/j8b1ud-001_c0dc5ac709-1c9bf94b-a4ab8e06.jpg,OEBPS/images/j8b1ud-001_c0dc5ac709-1c9bf94b-a4ab8e06.jpg,true
OEBPS/text/article-146-analysis-2019-08-23-cf40-3162.xhtml,image,../images/xs50kx-002_2c5509ee13-13a0f8d2-c9490425.jpg,OEBPS/images/xs50kx-002_2c5509ee13-13a0f8d2-c9490425.jpg,true
OEBPS/text/article-146-analysis-2019-08-23-cf40-3162.xhtml,image,../images/15docmj-003_acdfc6a713-a518af2e-3b873645.jpg,OEBPS/images/15docmj-003_acdfc6a713-a518af2e-3b873645.jpg,true
OEBPS/text/article-146-analysis-2019-08-23-cf40-3162.xhtml,link,detailed-toc.xhtml,OEBPS/text/detailed-toc.xhtml,true
OEBPS/text/article-146-analysis-2019-08-23-cf40-3162.xhtml,link,detailed-toc.xhtml,OEBPS/text/detailed-toc.xhtml,true
OEBPS/text/article-147-analysis-2019-11-10-cf40-3210.xhtml,link,detailed-toc.xhtml,OEBPS/text/detailed-toc.xhtml,true
OEBPS/text/article-147-analysis-2019-11-10-cf40-3210.xhtml,link,detailed-toc.xhtml,OEBPS/text/detailed-toc.xhtml,true
OEBPS/text/article-148-analysis-2022-07-02-q66d6x.xhtml,image,../images/chart-01-fe1fa224-91ad4ec9.png,OEBPS/images/chart-01-fe1fa224-91ad4ec9.png,true
OEBPS/text/article-148-analysis-2022-07-02-q66d6x.xhtml,image,../images/chart-02-35e35d17-539358de.png,OEBPS/images/chart-02-35e35d17-539358de.png,true
OEBPS/text/article-148-analysis-2022-07-02-q66d6x.xhtml,image,../images/image1-79e8f2a4-243c391c.png,OEBPS/images/image1-79e8f2a4-243c391c.png,true
OEBPS/text/article-148-analysis-2022-07-02-q66d6x.xhtml,image,../images/chart-03-e41c937c-db83c31e.png,OEBPS/images/chart-03-e41c937c-db83c31e.png,true
OEBPS/text/article-148-analysis-2022-07-02-q66d6x.xhtml,image,../images/chart-04-c18c1864-7dc40369.png,OEBPS/images/chart-04-c18c1864-7dc40369.png,true
OEBPS/text/article-148-analysis-2022-07-02-q66d6x.xhtml,image,../images/chart-05-3bc90115-56599564.png,OEBPS/images/chart-05-3bc90115-56599564.png,true
OEBPS/text/article-148-analysis-2022-07-02-q66d6x.xhtml,image,../images/chart-06-fcb3bdf7-0e4bb3a5.png,OEBPS/images/chart-06-fcb3bdf7-0e4bb3a5.png,true
OEBPS/text/article-148-analysis-2022-07-02-q66d6x.xhtml,image,../images/chart-07-7f9615c8-65b31fb7.png,OEBPS/images/chart-07-7f9615c8-65b31fb7.png,true
OEBPS/text/article-148-analysis-2022-07-02-q66d6x.xhtml,image,../images/chart-08-3f0a39eb-3c992db6.png,OEBPS/images/chart-08-3f0a39eb-3c992db6.png,true
OEBPS/text/article-148-analysis-2022-07-02-q66d6x.xhtml,link,detailed-toc.xhtml,OEBPS/text/detailed-toc.xhtml,true
OEBPS/text/article-148-analysis-2022-07-02-q66d6x.xhtml,link,detailed-toc.xhtml,OEBPS/text/detailed-toc.xhtml,true
OEBPS/text/article-149-analysis-2022-11-21-cf40-4191.xhtml,link,detailed-toc.xhtml,OEBPS/text/detailed-toc.xhtml,true
OEBPS/text/article-149-analysis-2022-11-21-cf40-4191.xhtml,link,detailed-toc.xhtml,OEBPS/text/detailed-toc.xhtml,true
OEBPS/text/article-150-analysis-2024-07-25-cf40-4777.xhtml,link,detailed-toc.xhtml,OEBPS/text/detailed-toc.xhtml,true
OEBPS/text/article-150-analysis-2024-07-25-cf40-4777.xhtml,link,detailed-toc.xhtml,OEBPS/text/detailed-toc.xhtml,true
OEBPS/text/article-151-analysis-2019-09-28-cf40-3185.xhtml,link,detailed-toc.xhtml,OEBPS/text/detailed-toc.xhtml,true
OEBPS/text/article-151-analysis-2019-09-28-cf40-3185.xhtml,link,detailed-toc.xhtml,OEBPS/text/detailed-toc.xhtml,true
OEBPS/text/article-152-analysis-2020-02-29-cf40-3295.xhtml,image,../images/1j63cjf-001_4ed80994a0-60b24857-9334b59c.jpg,OEBPS/images/1j63cjf-001_4ed80994a0-60b24857-9334b59c.jpg,true
OEBPS/text/article-152-analysis-2020-02-29-cf40-3295.xhtml,image,../images/dwl4yj-002_ae634db3c8-09984bac-6b1b0753.jpg,OEBPS/images/dwl4yj-002_ae634db3c8-09984bac-6b1b0753.jpg,true
OEBPS/text/article-152-analysis-2020-02-29-cf40-3295.xhtml,image,../images/1k2vpk0-003_e003cc4fda-3f2286b6-f11fe4c2.jpg,OEBPS/images/1k2vpk0-003_e003cc4fda-3f2286b6-f11fe4c2.jpg,true
OEBPS/text/article-152-analysis-2020-02-29-cf40-3295.xhtml,image,../images/1gwjo4i-004_4cddeee431-278578e1-ed2c5e5b.jpg,OEBPS/images/1gwjo4i-004_4cddeee431-278578e1-ed2c5e5b.jpg,true
OEBPS/text/article-152-analysis-2020-02-29-cf40-3295.xhtml,image,../images/1beo91u-005_fb8382fba5-6de66f5f-8be27813.jpg,OEBPS/images/1beo91u-005_fb8382fba5-6de66f5f-8be27813.jpg,true
OEBPS/text/article-152-analysis-2020-02-29-cf40-3295.xhtml,image,../images/1jvh5n7-006_7ed2a4a89f-93f05750-6b92c6e5.jpg,OEBPS/images/1jvh5n7-006_7ed2a4a89f-93f05750-6b92c6e5.jpg,true
OEBPS/text/article-152-analysis-2020-02-29-cf40-3295.xhtml,image,../images/17bpbfz-007_112d7d7cc8-14704afd-a77188d0.jpg,OEBPS/images/17bpbfz-007_112d7d7cc8-14704afd-a77188d0.jpg,true
OEBPS/text/article-152-analysis-2020-02-29-cf40-3295.xhtml,image,../images/1ezac9p-008_0804d779ec-472e1e69-6366d990.jpg,OEBPS/images/1ezac9p-008_0804d779ec-472e1e69-6366d990.jpg,true
OEBPS/text/article-152-analysis-2020-02-29-cf40-3295.xhtml,image,../images/fv3vhk-009_673eb9e7d9-51373983-a2bf2bad.jpg,OEBPS/images/fv3vhk-009_673eb9e7d9-51373983-a2bf2bad.jpg,true
OEBPS/text/article-152-analysis-2020-02-29-cf40-3295.xhtml,image,../images/aittvk-010_fe8f40917e-020be72f-b12a5c7d.jpg,OEBPS/images/aittvk-010_fe8f40917e-020be72f-b12a5c7d.jpg,true
OEBPS/text/article-152-analysis-2020-02-29-cf40-3295.xhtml,image,../images/6tlst6-011_fc7b4a608c-25594ec3-7f307a89.jpg,OEBPS/images/6tlst6-011_fc7b4a608c-25594ec3-7f307a89.jpg,true
OEBPS/text/article-152-analysis-2020-02-29-cf40-3295.xhtml,image,../images/kb4jzp-012_a2fa157a6d-fc0ba1c6-acca4c50.jpg,OEBPS/images/kb4jzp-012_a2fa157a6d-fc0ba1c6-acca4c50.jpg,true
OEBPS/text/article-152-analysis-2020-02-29-cf40-3295.xhtml,image,../images/1oxxnob-013_42a1322916-3a768aff-25219aee.jpg,OEBPS/images/1oxxnob-013_42a1322916-3a768aff-25219aee.jpg,true
OEBPS/text/article-152-analysis-2020-02-29-cf40-3295.xhtml,image,../images/1ir67ts-014_7039ce7957-743ef9b6-fa8fde2e.jpg,OEBPS/images/1ir67ts-014_7039ce7957-743ef9b6-fa8fde2e.jpg,true
OEBPS/text/article-152-analysis-2020-02-29-cf40-3295.xhtml,image,../images/1jjqrw1-015_f78da4b9e1-2e4481c6-18cf5818.jpg,OEBPS/images/1jjqrw1-015_f78da4b9e1-2e4481c6-18cf5818.jpg,true
OEBPS/text/article-152-analysis-2020-02-29-cf40-3295.xhtml,image,../images/5tiwnp-016_217d130705-07415b48-e01f4b4a.jpg,OEBPS/images/5tiwnp-016_217d130705-07415b48-e01f4b4a.jpg,true
OEBPS/text/article-152-analysis-2020-02-29-cf40-3295.xhtml,image,../images/1o3lsc4-017_e441df0035-13f38617-da851998.jpg,OEBPS/images/1o3lsc4-017_e441df0035-13f38617-da851998.jpg,true
OEBPS/text/article-152-analysis-2020-02-29-cf40-3295.xhtml,image,../images/15nwpen-018_06727d7993-e91ed018-e165a702.jpg,OEBPS/images/15nwpen-018_06727d7993-e91ed018-e165a702.jpg,true
OEBPS/text/article-152-analysis-2020-02-29-cf40-3295.xhtml,image,../images/y8tkl7-019_d3b1648e82-ea9ac4af-4c539988.jpg,OEBPS/images/y8tkl7-019_d3b1648e82-ea9ac4af-4c539988.jpg,true
OEBPS/text/article-152-analysis-2020-02-29-cf40-3295.xhtml,image,../images/1pdxpb5-020_0dfdfa6faa-448d4332-484ff859.jpg,OEBPS/images/1pdxpb5-020_0dfdfa6faa-448d4332-484ff859.jpg,true
OEBPS/text/article-152-analysis-2020-02-29-cf40-3295.xhtml,link,detailed-toc.xhtml,OEBPS/text/detailed-toc.xhtml,true
OEBPS/text/article-152-analysis-2020-02-29-cf40-3295.xhtml,link,detailed-toc.xhtml,OEBPS/text/detailed-toc.xhtml,true
OEBPS/text/article-153-analysis-2020-03-17-cf40-3306.xhtml,link,detailed-toc.xhtml,OEBPS/text/detailed-toc.xhtml,true
OEBPS/text/article-153-analysis-2020-03-17-cf40-3306.xhtml,link,detailed-toc.xhtml,OEBPS/text/detailed-toc.xhtml,true
OEBPS/text/article-154-analysis-2020-06-14-cf40-3494.xhtml,image,../images/19gjopp-001_b03973c05c-c53b4cdd-a35e0358.jpg,OEBPS/images/19gjopp-001_b03973c05c-c53b4cdd-a35e0358.jpg,true
OEBPS/text/article-154-analysis-2020-06-14-cf40-3494.xhtml,image,../images/k5m6rz-002_694620a4d6-3d9505e3-d1fac8f3.jpg,OEBPS/images/k5m6rz-002_694620a4d6-3d9505e3-d1fac8f3.jpg,true
OEBPS/text/article-154-analysis-2020-06-14-cf40-3494.xhtml,image,../images/7xt3d6-003_6938a90b64-9140d87a-3473dc20.jpg,OEBPS/images/7xt3d6-003_6938a90b64-9140d87a-3473dc20.jpg,true
OEBPS/text/article-154-analysis-2020-06-14-cf40-3494.xhtml,image,../images/9cm714-004_e9538a38b3-2862c13c-a80a03e3.jpg,OEBPS/images/9cm714-004_e9538a38b3-2862c13c-a80a03e3.jpg,true
OEBPS/text/article-154-analysis-2020-06-14-cf40-3494.xhtml,image,../images/1oo8tdd-005_11b42cb0bf-59576cde-122e4e59.jpg,OEBPS/images/1oo8tdd-005_11b42cb0bf-59576cde-122e4e59.jpg,true
OEBPS/text/article-154-analysis-2020-06-14-cf40-3494.xhtml,image,../images/z92cw-006_dc255fd0e1-44980025-4e00e239.jpg,OEBPS/images/z92cw-006_dc255fd0e1-44980025-4e00e239.jpg,true
OEBPS/text/article-154-analysis-2020-06-14-cf40-3494.xhtml,link,detailed-toc.xhtml,OEBPS/text/detailed-toc.xhtml,true
OEBPS/text/article-154-analysis-2020-06-14-cf40-3494.xhtml,link,detailed-toc.xhtml,OEBPS/text/detailed-toc.xhtml,true
OEBPS/text/article-155-analysis-2020-07-01-14dsh8z.xhtml,image,../images/chart-01-9d3b8f7e-e8f168a9.png,OEBPS/images/chart-01-9d3b8f7e-e8f168a9.png,true
OEBPS/text/article-155-analysis-2020-07-01-14dsh8z.xhtml,image,../images/chart-02-0aa1fe86-1d3cfba7.png,OEBPS/images/chart-02-0aa1fe86-1d3cfba7.png,true
OEBPS/text/article-155-analysis-2020-07-01-14dsh8z.xhtml,image,../images/chart-03-471e1f6f-61f14a8f.png,OEBPS/images/chart-03-471e1f6f-61f14a8f.png,true
OEBPS/text/article-155-analysis-2020-07-01-14dsh8z.xhtml,image,../images/chart-04-8c14a8d7-bb8ac316.png,OEBPS/images/chart-04-8c14a8d7-bb8ac316.png,true
OEBPS/text/article-155-analysis-2020-07-01-14dsh8z.xhtml,image,../images/chart-05-68d4316e-cc335f94.png,OEBPS/images/chart-05-68d4316e-cc335f94.png,true
OEBPS/text/article-155-analysis-2020-07-01-14dsh8z.xhtml,image,../images/chart-06-df16d63d-fa42ac53.png,OEBPS/images/chart-06-df16d63d-fa42ac53.png,true
OEBPS/text/article-155-analysis-2020-07-01-14dsh8z.xhtml,image,../images/chart-07-91b8574a-dc12c1b2.png,OEBPS/images/chart-07-91b8574a-dc12c1b2.png,true
OEBPS/text/article-155-analysis-2020-07-01-14dsh8z.xhtml,image,../images/chart-08-6fa19b3f-56f933b2.png,OEBPS/images/chart-08-6fa19b3f-56f933b2.png,true
OEBPS/text/article-155-analysis-2020-07-01-14dsh8z.xhtml,image,../images/chart-09-47a8cbe6-9bb8375f.png,OEBPS/images/chart-09-47a8cbe6-9bb8375f.png,true
OEBPS/text/article-155-analysis-2020-07-01-14dsh8z.xhtml,image,../images/chart-10-bac783c2-a11df2ad.png,OEBPS/images/chart-10-bac783c2-a11df2ad.png,true
OEBPS/text/article-155-analysis-2020-07-01-14dsh8z.xhtml,image,../images/chart-11-f8aa12bc-f5030ba1.png,OEBPS/images/chart-11-f8aa12bc-f5030ba1.png,true
OEBPS/text/article-155-analysis-2020-07-01-14dsh8z.xhtml,image,../images/chart-12-7d60c92f-e5d1e1e5.png,OEBPS/images/chart-12-7d60c92f-e5d1e1e5.png,true
OEBPS/text/article-155-analysis-2020-07-01-14dsh8z.xhtml,image,../images/chart-13-d81c72b9-76792446.png,OEBPS/images/chart-13-d81c72b9-76792446.png,true
OEBPS/text/article-155-analysis-2020-07-01-14dsh8z.xhtml,image,../images/chart-14-95b3b749-97443fc8.png,OEBPS/images/chart-14-95b3b749-97443fc8.png,true
OEBPS/text/article-155-analysis-2020-07-01-14dsh8z.xhtml,image,../images/chart-15-4c30710e-03ee1360.png,OEBPS/images/chart-15-4c30710e-03ee1360.png,true
OEBPS/text/article-155-analysis-2020-07-01-14dsh8z.xhtml,image,../images/chart-16-c3cb656f-c095b4c2.png,OEBPS/images/chart-16-c3cb656f-c095b4c2.png,true
OEBPS/text/article-155-analysis-2020-07-01-14dsh8z.xhtml,image,../images/chart-17-275ceeb7-82900c65.png,OEBPS/images/chart-17-275ceeb7-82900c65.png,true
OEBPS/text/article-155-analysis-2020-07-01-14dsh8z.xhtml,image,../images/chart-18-df06f0a4-a1386767.png,OEBPS/images/chart-18-df06f0a4-a1386767.png,true
OEBPS/text/article-155-analysis-2020-07-01-14dsh8z.xhtml,image,../images/chart-19-3f2e35fe-f466076c.png,OEBPS/images/chart-19-3f2e35fe-f466076c.png,true
OEBPS/text/article-155-analysis-2020-07-01-14dsh8z.xhtml,image,../images/chart-20-9abf2bc4-7bfe7494.png,OEBPS/images/chart-20-9abf2bc4-7bfe7494.png,true
OEBPS/text/article-155-analysis-2020-07-01-14dsh8z.xhtml,image,../images/chart-21-8bc4609d-aaa71126.png,OEBPS/images/chart-21-8bc4609d-aaa71126.png,true
OEBPS/text/article-155-analysis-2020-07-01-14dsh8z.xhtml,image,../images/chart-22-51287b1a-022ada0b.png,OEBPS/images/chart-22-51287b1a-022ada0b.png,true
OEBPS/text/article-155-analysis-2020-07-01-14dsh8z.xhtml,image,../images/chart-23-aeb0a13d-640f7ad1.png,OEBPS/images/chart-23-aeb0a13d-640f7ad1.png,true
OEBPS/text/article-155-analysis-2020-07-01-14dsh8z.xhtml,image,../images/chart-24-a7b4f255-231f9f8c.png,OEBPS/images/chart-24-a7b4f255-231f9f8c.png,true
OEBPS/text/article-155-analysis-2020-07-01-14dsh8z.xhtml,image,../images/chart-25-2e529415-7013fe05.png,OEBPS/images/chart-25-2e529415-7013fe05.png,true
OEBPS/text/article-155-analysis-2020-07-01-14dsh8z.xhtml,link,detailed-toc.xhtml,OEBPS/text/detailed-toc.xhtml,true
OEBPS/text/article-155-analysis-2020-07-01-14dsh8z.xhtml,link,detailed-toc.xhtml,OEBPS/text/detailed-toc.xhtml,true
OEBPS/text/article-156-analysis-2020-07-09-1297y42.xhtml,link,detailed-toc.xhtml,OEBPS/text/detailed-toc.xhtml,true
OEBPS/text/article-156-analysis-2020-07-09-1297y42.xhtml,link,detailed-toc.xhtml,OEBPS/text/detailed-toc.xhtml,true
OEBPS/text/article-157-analysis-2020-07-24-cf40-3520.xhtml,image,../images/193q5ht-001_3dcfc0f369-dfe3d85f-d051d34e.jpg,OEBPS/images/193q5ht-001_3dcfc0f369-dfe3d85f-d051d34e.jpg,true
OEBPS/text/article-157-analysis-2020-07-24-cf40-3520.xhtml,image,../images/qvgei2-002_7e79484a53-60426ae0-dff2058f.jpg,OEBPS/images/qvgei2-002_7e79484a53-60426ae0-dff2058f.jpg,true
OEBPS/text/article-157-analysis-2020-07-24-cf40-3520.xhtml,image,../images/1yr9mv0-003_262b0e6c88-d1f858d2-eee564dd.jpg,OEBPS/images/1yr9mv0-003_262b0e6c88-d1f858d2-eee564dd.jpg,true
OEBPS/text/article-157-analysis-2020-07-24-cf40-3520.xhtml,image,../images/9lo3kn-004_c0268bec0c-379046f4-f057c466.jpg,OEBPS/images/9lo3kn-004_c0268bec0c-379046f4-f057c466.jpg,true
OEBPS/text/article-157-analysis-2020-07-24-cf40-3520.xhtml,image,../images/1rsm4fv-005_50057866b8-a98fc5a4-ef05c407.jpg,OEBPS/images/1rsm4fv-005_50057866b8-a98fc5a4-ef05c407.jpg,true
OEBPS/text/article-157-analysis-2020-07-24-cf40-3520.xhtml,image,../images/1mg4jcm-006_8fe7f99573-a1344228-8fadfede.jpg,OEBPS/images/1mg4jcm-006_8fe7f99573-a1344228-8fadfede.jpg,true
OEBPS/text/article-157-analysis-2020-07-24-cf40-3520.xhtml,link,detailed-toc.xhtml,OEBPS/text/detailed-toc.xhtml,true
OEBPS/text/article-157-analysis-2020-07-24-cf40-3520.xhtml,link,detailed-toc.xhtml,OEBPS/text/detailed-toc.xhtml,true
OEBPS/text/article-158-analysis-2021-01-14-1vn7z1z.xhtml,image,../images/chart-01-53f0d6cf-f615854c.png,OEBPS/images/chart-01-53f0d6cf-f615854c.png,true
OEBPS/text/article-158-analysis-2021-01-14-1vn7z1z.xhtml,image,../images/chart-02-7aa85387-3b0da95c.png,OEBPS/images/chart-02-7aa85387-3b0da95c.png,true
OEBPS/text/article-158-analysis-2021-01-14-1vn7z1z.xhtml,image,../images/chart-03-6ce8caef-933389a6.png,OEBPS/images/chart-03-6ce8caef-933389a6.png,true
OEBPS/text/article-158-analysis-2021-01-14-1vn7z1z.xhtml,image,../images/chart-04-b9ee452b-fee427d4.png,OEBPS/images/chart-04-b9ee452b-fee427d4.png,true
OEBPS/text/article-158-analysis-2021-01-14-1vn7z1z.xhtml,image,../images/chart-05-304ce9e0-a9dd63b6.png,OEBPS/images/chart-05-304ce9e0-a9dd63b6.png,true
OEBPS/text/article-158-analysis-2021-01-14-1vn7z1z.xhtml,image,../images/chart-06-81ec59b0-ca91ca7f.png,OEBPS/images/chart-06-81ec59b0-ca91ca7f.png,true
OEBPS/text/article-158-analysis-2021-01-14-1vn7z1z.xhtml,image,../images/chart-07-4fc477e4-33814a6e.png,OEBPS/images/chart-07-4fc477e4-33814a6e.png,true
OEBPS/text/article-158-analysis-2021-01-14-1vn7z1z.xhtml,image,../images/chart-08-f4280209-9ba2201b.png,OEBPS/images/chart-08-f4280209-9ba2201b.png,true
OEBPS/text/article-158-analysis-2021-01-14-1vn7z1z.xhtml,image,../images/chart-09-6445dd36-4c88f790.png,OEBPS/images/chart-09-6445dd36-4c88f790.png,true
OEBPS/text/article-158-analysis-2021-01-14-1vn7z1z.xhtml,image,../images/chart-10-c1108b5f-d37c3915.png,OEBPS/images/chart-10-c1108b5f-d37c3915.png,true
OEBPS/text/article-158-analysis-2021-01-14-1vn7z1z.xhtml,image,../images/chart-11-d3fac0ec-59b462c2.png,OEBPS/images/chart-11-d3fac0ec-59b462c2.png,true
OEBPS/text/article-158-analysis-2021-01-14-1vn7z1z.xhtml,image,../images/chart-12-ed05c250-05143934.png,OEBPS/images/chart-12-ed05c250-05143934.png,true
OEBPS/text/article-158-analysis-2021-01-14-1vn7z1z.xhtml,image,../images/chart-13-89976ce2-56599564.png,OEBPS/images/chart-13-89976ce2-56599564.png,true
OEBPS/text/article-158-analysis-2021-01-14-1vn7z1z.xhtml,image,../images/image1-07f6a71d-736f244c.png,OEBPS/images/image1-07f6a71d-736f244c.png,true
OEBPS/text/article-158-analysis-2021-01-14-1vn7z1z.xhtml,image,../images/chart-14-3f702a1d-93868221.png,OEBPS/images/chart-14-3f702a1d-93868221.png,true
OEBPS/text/article-158-analysis-2021-01-14-1vn7z1z.xhtml,image,../images/chart-15-0951facc-55eb6f56.png,OEBPS/images/chart-15-0951facc-55eb6f56.png,true
OEBPS/text/article-158-analysis-2021-01-14-1vn7z1z.xhtml,image,../images/chart-16-c7f55ad9-1f5caeb3.png,OEBPS/images/chart-16-c7f55ad9-1f5caeb3.png,true
OEBPS/text/article-158-analysis-2021-01-14-1vn7z1z.xhtml,image,../images/chart-17-16ef84d7-a101f0c2.png,OEBPS/images/chart-17-16ef84d7-a101f0c2.png,true
OEBPS/text/article-158-analysis-2021-01-14-1vn7z1z.xhtml,link,detailed-toc.xhtml,OEBPS/text/detailed-toc.xhtml,true
OEBPS/text/article-158-analysis-2021-01-14-1vn7z1z.xhtml,link,detailed-toc.xhtml,OEBPS/text/detailed-toc.xhtml,true
OEBPS/text/article-159-analysis-2021-04-29-cf40-3744.xhtml,image,../images/x2lz2v-001_484b9da975-fdd66e1d-4c7a10f5.jpg,OEBPS/images/x2lz2v-001_484b9da975-fdd66e1d-4c7a10f5.jpg,true
OEBPS/text/article-159-analysis-2021-04-29-cf40-3744.xhtml,image,../images/29l00z-002_fffdd8ccd0-4328d3c0-d3fd1e89.jpg,OEBPS/images/29l00z-002_fffdd8ccd0-4328d3c0-d3fd1e89.jpg,true
OEBPS/text/article-159-analysis-2021-04-29-cf40-3744.xhtml,image,../images/tl55gs-003_e0b753fd88-3b6f5fae-d6f8ae5f.jpg,OEBPS/images/tl55gs-003_e0b753fd88-3b6f5fae-d6f8ae5f.jpg,true
OEBPS/text/article-159-analysis-2021-04-29-cf40-3744.xhtml,image,../images/1n4jmsh-004_ad6e46d8db-731ef54a-c0c93da2.jpg,OEBPS/images/1n4jmsh-004_ad6e46d8db-731ef54a-c0c93da2.jpg,true
OEBPS/text/article-159-analysis-2021-04-29-cf40-3744.xhtml,image,../images/1b01qyd-005_f778250cc2-a58f5745-f6e18264.jpg,OEBPS/images/1b01qyd-005_f778250cc2-a58f5745-f6e18264.jpg,true
OEBPS/text/article-159-analysis-2021-04-29-cf40-3744.xhtml,image,../images/f5heio-006_675d935bcc-6632a806-bfcd1469.jpg,OEBPS/images/f5heio-006_675d935bcc-6632a806-bfcd1469.jpg,true
OEBPS/text/article-159-analysis-2021-04-29-cf40-3744.xhtml,image,../images/120w8if-007_12a58e6eac-f65fef69-93d28274.jpg,OEBPS/images/120w8if-007_12a58e6eac-f65fef69-93d28274.jpg,true
OEBPS/text/article-159-analysis-2021-04-29-cf40-3744.xhtml,image,../images/12yh4pt-008_b744ca37e4-76d1d7cc-025cd1e4.jpg,OEBPS/images/12yh4pt-008_b744ca37e4-76d1d7cc-025cd1e4.jpg,true
OEBPS/text/article-159-analysis-2021-04-29-cf40-3744.xhtml,image,../images/16374eh-009_5938d8a562-3f44cda9-6613f78b.jpg,OEBPS/images/16374eh-009_5938d8a562-3f44cda9-6613f78b.jpg,true
OEBPS/text/article-159-analysis-2021-04-29-cf40-3744.xhtml,image,../images/dhlttj-010_22d3f1d595-efd18e46-626f1b88.jpg,OEBPS/images/dhlttj-010_22d3f1d595-efd18e46-626f1b88.jpg,true
OEBPS/text/article-159-analysis-2021-04-29-cf40-3744.xhtml,image,../images/26d9ve-011_7fd125007e-50cbd843-306daa29.jpg,OEBPS/images/26d9ve-011_7fd125007e-50cbd843-306daa29.jpg,true
OEBPS/text/article-159-analysis-2021-04-29-cf40-3744.xhtml,link,detailed-toc.xhtml,OEBPS/text/detailed-toc.xhtml,true
OEBPS/text/article-159-analysis-2021-04-29-cf40-3744.xhtml,link,detailed-toc.xhtml,OEBPS/text/detailed-toc.xhtml,true
OEBPS/text/article-160-analysis-2022-12-10-cf40-4313.xhtml,link,detailed-toc.xhtml,OEBPS/text/detailed-toc.xhtml,true
OEBPS/text/article-160-analysis-2022-12-10-cf40-4313.xhtml,link,detailed-toc.xhtml,OEBPS/text/detailed-toc.xhtml,true
OEBPS/content.opf,manifest,nav.xhtml,OEBPS/nav.xhtml,true
OEBPS/content.opf,manifest,toc.ncx,OEBPS/toc.ncx,true
OEBPS/content.opf,manifest,images/10dlayg-002_82951f80bf-2e9c6f61-9145d426.jpg,OEBPS/images/10dlayg-002_82951f80bf-2e9c6f61-9145d426.jpg,true
OEBPS/content.opf,manifest,images/10frizi-012_9dbfe5aff2-b12abb73-9465e17e.jpg,OEBPS/images/10frizi-012_9dbfe5aff2-b12abb73-9465e17e.jpg,true
OEBPS/content.opf,manifest,images/10swmw6-009_78819ca960-fe2aa5a2-97f4702a.jpg,OEBPS/images/10swmw6-009_78819ca960-fe2aa5a2-97f4702a.jpg,true
OEBPS/content.opf,manifest,images/11fpt4g-008_1280929e74-bf0deb87-7318d111.jpg,OEBPS/images/11fpt4g-008_1280929e74-bf0deb87-7318d111.jpg,true
OEBPS/content.opf,manifest,images/11mqv7y-028_608292ce9a-17003349-2c3d0b41.jpg,OEBPS/images/11mqv7y-028_608292ce9a-17003349-2c3d0b41.jpg,true
OEBPS/content.opf,manifest,images/11n7450-005_23180a2a6c-fbe85cf4-118b5f6f.jpg,OEBPS/images/11n7450-005_23180a2a6c-fbe85cf4-118b5f6f.jpg,true
OEBPS/content.opf,manifest,images/11qas72-003_dcc1d551ed-1b28af25-b0ab8e75.jpg,OEBPS/images/11qas72-003_dcc1d551ed-1b28af25-b0ab8e75.jpg,true
OEBPS/content.opf,manifest,images/11tgfbz-004_f1df96c49b-ae33516c-e20c1be5.jpg,OEBPS/images/11tgfbz-004_f1df96c49b-ae33516c-e20c1be5.jpg,true
OEBPS/content.opf,manifest,images/120w8if-007_12a58e6eac-f65fef69-93d28274.jpg,OEBPS/images/120w8if-007_12a58e6eac-f65fef69-93d28274.jpg,true
OEBPS/content.opf,manifest,images/12jgvtb-007_2c418662c0-c23829af-f043d1c4.jpg,OEBPS/images/12jgvtb-007_2c418662c0-c23829af-f043d1c4.jpg,true
OEBPS/content.opf,manifest,images/12jredr-004_a0268ec444-febca383-f16200ba.jpg,OEBPS/images/12jredr-004_a0268ec444-febca383-f16200ba.jpg,true
OEBPS/content.opf,manifest,images/12yh4pt-008_b744ca37e4-76d1d7cc-025cd1e4.jpg,OEBPS/images/12yh4pt-008_b744ca37e4-76d1d7cc-025cd1e4.jpg,true
OEBPS/content.opf,manifest,images/139i9c1-003_55798c383b-8ed734f8-3ff61373.jpg,OEBPS/images/139i9c1-003_55798c383b-8ed734f8-3ff61373.jpg,true
OEBPS/content.opf,manifest,images/13e6lts-023_0c9e0f5cb1-9897c469-1df2aee5.jpg,OEBPS/images/13e6lts-023_0c9e0f5cb1-9897c469-1df2aee5.jpg,true
OEBPS/content.opf,manifest,images/13hziug-007_91fc8bafd2-0091e63d-0e7e6464.jpg,OEBPS/images/13hziug-007_91fc8bafd2-0091e63d-0e7e6464.jpg,true
OEBPS/content.opf,manifest,images/13i8czc-007_423b6ff199-0ebc4583-b90e6d1d.jpg,OEBPS/images/13i8czc-007_423b6ff199-0ebc4583-b90e6d1d.jpg,true
OEBPS/content.opf,manifest,images/141s28j-006_85af0a3e0b-c90b7d28-3d6cfd6b.jpg,OEBPS/images/141s28j-006_85af0a3e0b-c90b7d28-3d6cfd6b.jpg,true
OEBPS/content.opf,manifest,images/143s4fk-002_0df381c6b9-bf38be17-fa9189aa.jpg,OEBPS/images/143s4fk-002_0df381c6b9-bf38be17-fa9189aa.jpg,true
OEBPS/content.opf,manifest,images/14d4pd8-005_abe9b71958-0f308f74-c60af693.jpg,OEBPS/images/14d4pd8-005_abe9b71958-0f308f74-c60af693.jpg,true
OEBPS/content.opf,manifest,images/14jm69v-019_4640268c9a-8067f95d-1c74f4ea.jpg,OEBPS/images/14jm69v-019_4640268c9a-8067f95d-1c74f4ea.jpg,true
OEBPS/content.opf,manifest,images/14nukn0-002_c2e10ebad4-e9dbc231-e6a7e075.jpg,OEBPS/images/14nukn0-002_c2e10ebad4-e9dbc231-e6a7e075.jpg,true
OEBPS/content.opf,manifest,images/14xvxce-002_ec87273172-70bf3636-602566c1.jpg,OEBPS/images/14xvxce-002_ec87273172-70bf3636-602566c1.jpg,true
OEBPS/content.opf,manifest,images/1535zqs-012_6ee6ff05a1-04a935d4-0779b399.jpg,OEBPS/images/1535zqs-012_6ee6ff05a1-04a935d4-0779b399.jpg,true
OEBPS/content.opf,manifest,images/15docmj-003_acdfc6a713-a518af2e-3b873645.jpg,OEBPS/images/15docmj-003_acdfc6a713-a518af2e-3b873645.jpg,true
OEBPS/content.opf,manifest,images/15nwpen-018_06727d7993-e91ed018-e165a702.jpg,OEBPS/images/15nwpen-018_06727d7993-e91ed018-e165a702.jpg,true
OEBPS/content.opf,manifest,images/15p11yp-009_e5e13f3998-4605ac90-bc391d5a.jpg,OEBPS/images/15p11yp-009_e5e13f3998-4605ac90-bc391d5a.jpg,true
OEBPS/content.opf,manifest,images/16374eh-009_5938d8a562-3f44cda9-6613f78b.jpg,OEBPS/images/16374eh-009_5938d8a562-3f44cda9-6613f78b.jpg,true
OEBPS/content.opf,manifest,images/16bnmzo-001_58a52cd6cb-3219606c-c7c2b35e.jpg,OEBPS/images/16bnmzo-001_58a52cd6cb-3219606c-c7c2b35e.jpg,true
OEBPS/content.opf,manifest,images/16l98ie-006_63913fa3fa-3c14ce45-3814d073.jpg,OEBPS/images/16l98ie-006_63913fa3fa-3c14ce45-3814d073.jpg,true
OEBPS/content.opf,manifest,images/16lwmww-002_b29bf9b503-70fe3333-7c413ab5.jpg,OEBPS/images/16lwmww-002_b29bf9b503-70fe3333-7c413ab5.jpg,true
OEBPS/content.opf,manifest,images/16s5pn1-014_ade6f83797-6c5600df-513e3254.jpg,OEBPS/images/16s5pn1-014_ade6f83797-6c5600df-513e3254.jpg,true
OEBPS/content.opf,manifest,images/179k2nu-008_0bcda52ac7-b4fa3c65-c91d0079.jpg,OEBPS/images/179k2nu-008_0bcda52ac7-b4fa3c65-c91d0079.jpg,true
OEBPS/content.opf,manifest,images/17bpbfz-007_112d7d7cc8-14704afd-a77188d0.jpg,OEBPS/images/17bpbfz-007_112d7d7cc8-14704afd-a77188d0.jpg,true
OEBPS/content.opf,manifest,images/17lro9s-003_897469eae2-f257813b-ee9effb8.jpg,OEBPS/images/17lro9s-003_897469eae2-f257813b-ee9effb8.jpg,true
OEBPS/content.opf,manifest,images/17rg3pn-007_0e8e0fd96d-e9f16a1a-af1350aa.jpg,OEBPS/images/17rg3pn-007_0e8e0fd96d-e9f16a1a-af1350aa.jpg,true
OEBPS/content.opf,manifest,images/18ble74-005_05377013cb-08e03e38-20a0f01a.jpg,OEBPS/images/18ble74-005_05377013cb-08e03e38-20a0f01a.jpg,true
OEBPS/content.opf,manifest,images/18lmdp-017_f703db0301-f3f81961-70819d42.jpg,OEBPS/images/18lmdp-017_f703db0301-f3f81961-70819d42.jpg,true
OEBPS/content.opf,manifest,images/18wdzyk-003_0bd798c14e-99f9a14f-2b4ccf0d.jpg,OEBPS/images/18wdzyk-003_0bd798c14e-99f9a14f-2b4ccf0d.jpg,true
OEBPS/content.opf,manifest,images/193q5ht-001_3dcfc0f369-dfe3d85f-d051d34e.jpg,OEBPS/images/193q5ht-001_3dcfc0f369-dfe3d85f-d051d34e.jpg,true
OEBPS/content.opf,manifest,images/19gjopp-001_b03973c05c-c53b4cdd-a35e0358.jpg,OEBPS/images/19gjopp-001_b03973c05c-c53b4cdd-a35e0358.jpg,true
OEBPS/content.opf,manifest,images/19qvszv-009_afba479336-f730dd69-8dbebe19.jpg,OEBPS/images/19qvszv-009_afba479336-f730dd69-8dbebe19.jpg,true
OEBPS/content.opf,manifest,images/1a31zrb-003_2e5ee9e1db-18dc5cbf-7a9584e2.jpg,OEBPS/images/1a31zrb-003_2e5ee9e1db-18dc5cbf-7a9584e2.jpg,true
OEBPS/content.opf,manifest,images/1aa1un4-004_9a0263a629-fe83133d-295859d2.jpg,OEBPS/images/1aa1un4-004_9a0263a629-fe83133d-295859d2.jpg,true
OEBPS/content.opf,manifest,images/1aueoc1-006_a5626f480d-bbfaa1a9-bd5aee51.jpg,OEBPS/images/1aueoc1-006_a5626f480d-bbfaa1a9-bd5aee51.jpg,true
OEBPS/content.opf,manifest,images/1b01qyd-005_f778250cc2-a58f5745-f6e18264.jpg,OEBPS/images/1b01qyd-005_f778250cc2-a58f5745-f6e18264.jpg,true
OEBPS/content.opf,manifest,images/1b49mly-020_94913520bc-f79cf4df-868ee0c2.jpg,OEBPS/images/1b49mly-020_94913520bc-f79cf4df-868ee0c2.jpg,true
OEBPS/content.opf,manifest,images/1b5ucmt-001_6848ee883e-a7e419f5-ebc0346d.jpg,OEBPS/images/1b5ucmt-001_6848ee883e-a7e419f5-ebc0346d.jpg,true
OEBPS/content.opf,manifest,images/1beo91u-005_fb8382fba5-6de66f5f-8be27813.jpg,OEBPS/images/1beo91u-005_fb8382fba5-6de66f5f-8be27813.jpg,true
OEBPS/content.opf,manifest,images/1bie170-003_cb0372db00-9a5dd730-f8909aa6.jpg,OEBPS/images/1bie170-003_cb0372db00-9a5dd730-f8909aa6.jpg,true
OEBPS/content.opf,manifest,images/1c46yup-001_a13973b527-fe83121c-eb7a7b54.jpg,OEBPS/images/1c46yup-001_a13973b527-fe83121c-eb7a7b54.jpg,true
OEBPS/content.opf,manifest,images/1ca4n7n-015_f56c8f0abd-06ddd50d-267ba5a9.jpg,OEBPS/images/1ca4n7n-015_f56c8f0abd-06ddd50d-267ba5a9.jpg,true
OEBPS/content.opf,manifest,images/1cs0kmd-007_60bef9c593-0dcd48b9-cc97180d.jpg,OEBPS/images/1cs0kmd-007_60bef9c593-0dcd48b9-cc97180d.jpg,true
OEBPS/content.opf,manifest,images/1cz0tks-001_6cce6167bb-5c98a194-eac46b61.jpg,OEBPS/images/1cz0tks-001_6cce6167bb-5c98a194-eac46b61.jpg,true
OEBPS/content.opf,manifest,images/1dgs1nv-001_0007154430-6912de26-9cd8ce2b.jpg,OEBPS/images/1dgs1nv-001_0007154430-6912de26-9cd8ce2b.jpg,true
OEBPS/content.opf,manifest,images/1dtsat2-011_b8880cdb0c-7040cf89-5ef736f2.jpg,OEBPS/images/1dtsat2-011_b8880cdb0c-7040cf89-5ef736f2.jpg,true
OEBPS/content.opf,manifest,images/1dzpd04-003_615d2b2d77-c4302228-016c92c8.jpg,OEBPS/images/1dzpd04-003_615d2b2d77-c4302228-016c92c8.jpg,true
OEBPS/content.opf,manifest,images/1edzrwr-008_a154c67fa5-114e382f-ea59a5b0.jpg,OEBPS/images/1edzrwr-008_a154c67fa5-114e382f-ea59a5b0.jpg,true
OEBPS/content.opf,manifest,images/1ezac9p-008_0804d779ec-472e1e69-6366d990.jpg,OEBPS/images/1ezac9p-008_0804d779ec-472e1e69-6366d990.jpg,true
OEBPS/content.opf,manifest,images/1f5sri7-005_dd981885f0-769efce1-83e7a387.jpg,OEBPS/images/1f5sri7-005_dd981885f0-769efce1-83e7a387.jpg,true
OEBPS/content.opf,manifest,images/1f8cff2-010_eb08f4e142-cb67613b-202c4dde.jpg,OEBPS/images/1f8cff2-010_eb08f4e142-cb67613b-202c4dde.jpg,true
OEBPS/content.opf,manifest,images/1futo2w-009_f6dd72cec6-df127d5b-bb8d0992.jpg,OEBPS/images/1futo2w-009_f6dd72cec6-df127d5b-bb8d0992.jpg,true
OEBPS/content.opf,manifest,images/1fzfwi1-001_f7bb6886a1-8f61555a-11a64d55.jpg,OEBPS/images/1fzfwi1-001_f7bb6886a1-8f61555a-11a64d55.jpg,true
OEBPS/content.opf,manifest,images/1gbeobo-004_bedaf38c83-86382aec-3c9d7d8c.jpg,OEBPS/images/1gbeobo-004_bedaf38c83-86382aec-3c9d7d8c.jpg,true
OEBPS/content.opf,manifest,images/1gn0usw-007_0cc917a307-ef4d5840-23b701b6.jpg,OEBPS/images/1gn0usw-007_0cc917a307-ef4d5840-23b701b6.jpg,true
OEBPS/content.opf,manifest,images/1gu3scg-002_ec5372f6f9-7f343064-19dc9a8a.jpg,OEBPS/images/1gu3scg-002_ec5372f6f9-7f343064-19dc9a8a.jpg,true
OEBPS/content.opf,manifest,images/1gwjo4i-004_4cddeee431-278578e1-ed2c5e5b.jpg,OEBPS/images/1gwjo4i-004_4cddeee431-278578e1-ed2c5e5b.jpg,true
OEBPS/content.opf,manifest,images/1h8mtxl-003_ba24259128-3b5f4613-799606ff.jpg,OEBPS/images/1h8mtxl-003_ba24259128-3b5f4613-799606ff.jpg,true
OEBPS/content.opf,manifest,images/1h9pulf-029_24d5d7c064-26e40ff8-a0a49c2b.jpg,OEBPS/images/1h9pulf-029_24d5d7c064-26e40ff8-a0a49c2b.jpg,true
OEBPS/content.opf,manifest,images/1hhwcje-012_b116828621-1a12f39f-bdb967ae.jpg,OEBPS/images/1hhwcje-012_b116828621-1a12f39f-bdb967ae.jpg,true
OEBPS/content.opf,manifest,images/1hv59gp-006_17280cc614-1fc91d0d-da3d28f1.jpg,OEBPS/images/1hv59gp-006_17280cc614-1fc91d0d-da3d28f1.jpg,true
OEBPS/content.opf,manifest,images/1i3dmh7-009_dc82c8ef3d-8d4daab7-ceafcb5e.jpg,OEBPS/images/1i3dmh7-009_dc82c8ef3d-8d4daab7-ceafcb5e.jpg,true
OEBPS/content.opf,manifest,images/1i4devj-004_a7bfa0f918-f36a366f-b44973ff.jpg,OEBPS/images/1i4devj-004_a7bfa0f918-f36a366f-b44973ff.jpg,true
OEBPS/content.opf,manifest,images/1i5ehz6-001_bfc0dbf416-ffc8c583-efd1b13e.jpg,OEBPS/images/1i5ehz6-001_bfc0dbf416-ffc8c583-efd1b13e.jpg,true
OEBPS/content.opf,manifest,images/1iew5n0-008_425d8b4034-96a849d6-7a4369f1.jpg,OEBPS/images/1iew5n0-008_425d8b4034-96a849d6-7a4369f1.jpg,true
OEBPS/content.opf,manifest,images/1ijhzvh-004_bb7370786d-71f19fb1-e7d03955.jpg,OEBPS/images/1ijhzvh-004_bb7370786d-71f19fb1-e7d03955.jpg,true
OEBPS/content.opf,manifest,images/1ir67ts-014_7039ce7957-743ef9b6-fa8fde2e.jpg,OEBPS/images/1ir67ts-014_7039ce7957-743ef9b6-fa8fde2e.jpg,true
OEBPS/content.opf,manifest,images/1irr7u7-018_ddbdfb5c60-69f50b99-2fdf434b.jpg,OEBPS/images/1irr7u7-018_ddbdfb5c60-69f50b99-2fdf434b.jpg,true
OEBPS/content.opf,manifest,images/1j469l0-004_c85b977733-7e18e3bb-6d74b5c3.jpg,OEBPS/images/1j469l0-004_c85b977733-7e18e3bb-6d74b5c3.jpg,true
OEBPS/content.opf,manifest,images/1j63cjf-001_4ed80994a0-60b24857-9334b59c.jpg,OEBPS/images/1j63cjf-001_4ed80994a0-60b24857-9334b59c.jpg,true
OEBPS/content.opf,manifest,images/1jjqrw1-015_f78da4b9e1-2e4481c6-18cf5818.jpg,OEBPS/images/1jjqrw1-015_f78da4b9e1-2e4481c6-18cf5818.jpg,true
OEBPS/content.opf,manifest,images/1jp8cd4-006_86e0089d2d-b6944ec8-e8d6da0f.jpg,OEBPS/images/1jp8cd4-006_86e0089d2d-b6944ec8-e8d6da0f.jpg,true
OEBPS/content.opf,manifest,images/1jvh5n7-006_7ed2a4a89f-93f05750-6b92c6e5.jpg,OEBPS/images/1jvh5n7-006_7ed2a4a89f-93f05750-6b92c6e5.jpg,true
OEBPS/content.opf,manifest,images/1k2vpk0-003_e003cc4fda-3f2286b6-f11fe4c2.jpg,OEBPS/images/1k2vpk0-003_e003cc4fda-3f2286b6-f11fe4c2.jpg,true
OEBPS/content.opf,manifest,images/1k8269j-014_33c9cdfc5b-1758076e-0b7de042.jpg,OEBPS/images/1k8269j-014_33c9cdfc5b-1758076e-0b7de042.jpg,true
OEBPS/content.opf,manifest,images/1k8kjmc-001_7a827a6523-6c1d1e38-0cc7c26b.jpg,OEBPS/images/1k8kjmc-001_7a827a6523-6c1d1e38-0cc7c26b.jpg,true
OEBPS/content.opf,manifest,images/1kfd5vu-018_6e3b38dbdb-9784614d-09d2408f.jpg,OEBPS/images/1kfd5vu-018_6e3b38dbdb-9784614d-09d2408f.jpg,true
OEBPS/content.opf,manifest,images/1kj98nv-024_bbfd72cd55-c3830e35-35d05f40.jpg,OEBPS/images/1kj98nv-024_bbfd72cd55-c3830e35-35d05f40.jpg,true
OEBPS/content.opf,manifest,images/1kkf3yy-001_024e1b21f8-ef78e74f-3b5e2aab.jpg,OEBPS/images/1kkf3yy-001_024e1b21f8-ef78e74f-3b5e2aab.jpg,true
OEBPS/content.opf,manifest,images/1koh7tj-002_4480e23b8f-94e08ef6-03e10c6f.jpg,OEBPS/images/1koh7tj-002_4480e23b8f-94e08ef6-03e10c6f.jpg,true
OEBPS/content.opf,manifest,images/1ktdlnd-014_b08df65d2c-d4c37df1-9197e26c.jpg,OEBPS/images/1ktdlnd-014_b08df65d2c-d4c37df1-9197e26c.jpg,true
OEBPS/content.opf,manifest,images/1l7dwr0-004_0ff1798977-66c7307d-c95ee673.jpg,OEBPS/images/1l7dwr0-004_0ff1798977-66c7307d-c95ee673.jpg,true
OEBPS/content.opf,manifest,images/1lc4snu-014_93cc5afe7a-16961b16-43a0f141.jpg,OEBPS/images/1lc4snu-014_93cc5afe7a-16961b16-43a0f141.jpg,true
OEBPS/content.opf,manifest,images/1lf8lkx-032_0474ca039b-8ebf9c93-07e07d4b.jpg,OEBPS/images/1lf8lkx-032_0474ca039b-8ebf9c93-07e07d4b.jpg,true
OEBPS/content.opf,manifest,images/1mg4jcm-006_8fe7f99573-a1344228-8fadfede.jpg,OEBPS/images/1mg4jcm-006_8fe7f99573-a1344228-8fadfede.jpg,true
OEBPS/content.opf,manifest,images/1mi5rys-006_4435a996ce-fa1d19eb-4e4025b5.jpg,OEBPS/images/1mi5rys-006_4435a996ce-fa1d19eb-4e4025b5.jpg,true
OEBPS/content.opf,manifest,images/1mmkohr-027_c09971d7bc-c2cb1233-a0a49c2b.jpg,OEBPS/images/1mmkohr-027_c09971d7bc-c2cb1233-a0a49c2b.jpg,true
OEBPS/content.opf,manifest,images/1n4jmsh-004_ad6e46d8db-731ef54a-c0c93da2.jpg,OEBPS/images/1n4jmsh-004_ad6e46d8db-731ef54a-c0c93da2.jpg,true
OEBPS/content.opf,manifest,images/1o3lsc4-017_e441df0035-13f38617-da851998.jpg,OEBPS/images/1o3lsc4-017_e441df0035-13f38617-da851998.jpg,true
OEBPS/content.opf,manifest,images/1o5g2fk-025_9992c34f12-91d7a1d8-07e07d4b.jpg,OEBPS/images/1o5g2fk-025_9992c34f12-91d7a1d8-07e07d4b.jpg,true
OEBPS/content.opf,manifest,images/1oefkct-003_7eb7958013-c6c8280e-ce456d17.jpg,OEBPS/images/1oefkct-003_7eb7958013-c6c8280e-ce456d17.jpg,true
OEBPS/content.opf,manifest,images/1oo8tdd-005_11b42cb0bf-59576cde-122e4e59.jpg,OEBPS/images/1oo8tdd-005_11b42cb0bf-59576cde-122e4e59.jpg,true
OEBPS/content.opf,manifest,images/1oonzur-022_5e69a0c479-8cce1ce1-e1d4e2a5.jpg,OEBPS/images/1oonzur-022_5e69a0c479-8cce1ce1-e1d4e2a5.jpg,true
OEBPS/content.opf,manifest,images/1oxxnob-013_42a1322916-3a768aff-25219aee.jpg,OEBPS/images/1oxxnob-013_42a1322916-3a768aff-25219aee.jpg,true
OEBPS/content.opf,manifest,images/1oznmyd-011_8a57dc5657-de157257-823938d6.jpg,OEBPS/images/1oznmyd-011_8a57dc5657-de157257-823938d6.jpg,true
OEBPS/content.opf,manifest,images/1pdxpb5-020_0dfdfa6faa-448d4332-484ff859.jpg,OEBPS/images/1pdxpb5-020_0dfdfa6faa-448d4332-484ff859.jpg,true
OEBPS/content.opf,manifest,images/1pie4s4-004_48a23a50c3-4b5f0875-7f44f51f.jpg,OEBPS/images/1pie4s4-004_48a23a50c3-4b5f0875-7f44f51f.jpg,true
OEBPS/content.opf,manifest,images/1pmnro0-006_ac526ec16c-126d6110-1f25d893.jpg,OEBPS/images/1pmnro0-006_ac526ec16c-126d6110-1f25d893.jpg,true
OEBPS/content.opf,manifest,images/1pufd06-002_e750b1225b-7f9bce2a-9a7e76ed.jpg,OEBPS/images/1pufd06-002_e750b1225b-7f9bce2a-9a7e76ed.jpg,true
OEBPS/content.opf,manifest,images/1q2rnap-003_171e841778-ba87cfc8-2009cdb9.jpg,OEBPS/images/1q2rnap-003_171e841778-ba87cfc8-2009cdb9.jpg,true
OEBPS/content.opf,manifest,images/1q4lqff-012_1fc35f0ff1-a8638a87-ceeac482.jpg,OEBPS/images/1q4lqff-012_1fc35f0ff1-a8638a87-ceeac482.jpg,true
OEBPS/content.opf,manifest,images/1qsmu1d-005_e66f27a247-3c9f35e4-edac2ef8.jpg,OEBPS/images/1qsmu1d-005_e66f27a247-3c9f35e4-edac2ef8.jpg,true
OEBPS/content.opf,manifest,images/1rsm4fv-005_50057866b8-a98fc5a4-ef05c407.jpg,OEBPS/images/1rsm4fv-005_50057866b8-a98fc5a4-ef05c407.jpg,true
OEBPS/content.opf,manifest,images/1s5qrkw-019_7b9f899d65-02ba6d04-46f49cdc.jpg,OEBPS/images/1s5qrkw-019_7b9f899d65-02ba6d04-46f49cdc.jpg,true
OEBPS/content.opf,manifest,images/1t2kemr-016_9576d7cfdc-a636a423-fdabbf29.jpg,OEBPS/images/1t2kemr-016_9576d7cfdc-a636a423-fdabbf29.jpg,true
OEBPS/content.opf,manifest,images/1tm9dl6-014_ecb8f597ec-a87ac960-329ce598.jpg,OEBPS/images/1tm9dl6-014_ecb8f597ec-a87ac960-329ce598.jpg,true
OEBPS/content.opf,manifest,images/1tu6fbj-003_b68a6295ed-764f6bd0-09ac1cdd.jpg,OEBPS/images/1tu6fbj-003_b68a6295ed-764f6bd0-09ac1cdd.jpg,true
OEBPS/content.opf,manifest,images/1ty5obk-001_c24e8117ca-49749bd8-f2c5c1a1.jpg,OEBPS/images/1ty5obk-001_c24e8117ca-49749bd8-f2c5c1a1.jpg,true
OEBPS/content.opf,manifest,images/1u1qjlq-011_328a261da4-57688b93-9997f407.jpg,OEBPS/images/1u1qjlq-011_328a261da4-57688b93-9997f407.jpg,true
OEBPS/content.opf,manifest,images/1u7n4mh-021_c14b336cec-77f57a97-19e40947.jpg,OEBPS/images/1u7n4mh-021_c14b336cec-77f57a97-19e40947.jpg,true
OEBPS/content.opf,manifest,images/1u97za6-008_48be75d931-336c7c67-0cc3d733.jpg,OEBPS/images/1u97za6-008_48be75d931-336c7c67-0cc3d733.jpg,true
OEBPS/content.opf,manifest,images/1v410d0-011_980b80dca4-c56f5b34-6e993a38.jpg,OEBPS/images/1v410d0-011_980b80dca4-c56f5b34-6e993a38.jpg,true
OEBPS/content.opf,manifest,images/1v7mqjx-026_41db0017a0-33090f3f-6b1aabee.jpg,OEBPS/images/1v7mqjx-026_41db0017a0-33090f3f-6b1aabee.jpg,true
OEBPS/content.opf,manifest,images/1w5osoz-008_66aa922454-fd7d7027-3a7f4111.jpg,OEBPS/images/1w5osoz-008_66aa922454-fd7d7027-3a7f4111.jpg,true
OEBPS/content.opf,manifest,images/1wj3sd2-015_e7f9af31cd-862075a0-4db7d297.jpg,OEBPS/images/1wj3sd2-015_e7f9af31cd-862075a0-4db7d297.jpg,true
OEBPS/content.opf,manifest,images/1wjiyxg-030_8b76143a42-2fe5b69b-63da71c5.jpg,OEBPS/images/1wjiyxg-030_8b76143a42-2fe5b69b-63da71c5.jpg,true
OEBPS/content.opf,manifest,images/1wyw0u7-005_f2292b2cb2-3be2efa7-416b94ec.jpg,OEBPS/images/1wyw0u7-005_f2292b2cb2-3be2efa7-416b94ec.jpg,true
OEBPS/content.opf,manifest,images/1wzmd29-011_81e3863502-64830b4a-65aeaea4.jpg,OEBPS/images/1wzmd29-011_81e3863502-64830b4a-65aeaea4.jpg,true
OEBPS/content.opf,manifest,images/1xnu7co-007_56317339c4-2ab7ec33-3216e41a.jpg,OEBPS/images/1xnu7co-007_56317339c4-2ab7ec33-3216e41a.jpg,true
OEBPS/content.opf,manifest,images/1xpm73x-004_f5ae8566f1-87d61256-e1644962.jpg,OEBPS/images/1xpm73x-004_f5ae8566f1-87d61256-e1644962.jpg,true
OEBPS/content.opf,manifest,images/1xxfepb-020_9b02381650-0eb14239-d777ffcc.jpg,OEBPS/images/1xxfepb-020_9b02381650-0eb14239-d777ffcc.jpg,true
OEBPS/content.opf,manifest,images/1y7wsgb-003_3bdba04e9f-f51e979d-65602cf5.jpg,OEBPS/images/1y7wsgb-003_3bdba04e9f-f51e979d-65602cf5.jpg,true
OEBPS/content.opf,manifest,images/1ycrczd-002_d5acbb4566-890ebdb8-cd670bd2.jpg,OEBPS/images/1ycrczd-002_d5acbb4566-890ebdb8-cd670bd2.jpg,true
OEBPS/content.opf,manifest,images/1yn3v9q-015_2632f7c83b-54eec524-c27de1f5.jpg,OEBPS/images/1yn3v9q-015_2632f7c83b-54eec524-c27de1f5.jpg,true
OEBPS/content.opf,manifest,images/1yr9mv0-003_262b0e6c88-d1f858d2-eee564dd.jpg,OEBPS/images/1yr9mv0-003_262b0e6c88-d1f858d2-eee564dd.jpg,true
OEBPS/content.opf,manifest,images/1yu49cc-002_6174ee76f1-26bfbb72-43dfebd4.jpg,OEBPS/images/1yu49cc-002_6174ee76f1-26bfbb72-43dfebd4.jpg,true
OEBPS/content.opf,manifest,images/23swq6-008_2957766401-6afcd43e-ceecf0b7.jpg,OEBPS/images/23swq6-008_2957766401-6afcd43e-ceecf0b7.jpg,true
OEBPS/content.opf,manifest,images/26d9ve-011_7fd125007e-50cbd843-306daa29.jpg,OEBPS/images/26d9ve-011_7fd125007e-50cbd843-306daa29.jpg,true
OEBPS/content.opf,manifest,images/29l00z-002_fffdd8ccd0-4328d3c0-d3fd1e89.jpg,OEBPS/images/29l00z-002_fffdd8ccd0-4328d3c0-d3fd1e89.jpg,true
OEBPS/content.opf,manifest,images/2agvf9-013_f2263b667c-1638e729-92605ff3.jpg,OEBPS/images/2agvf9-013_f2263b667c-1638e729-92605ff3.jpg,true
OEBPS/content.opf,manifest,images/2gynfb-007_8757af05b5-48b46877-559039fa.jpg,OEBPS/images/2gynfb-007_8757af05b5-48b46877-559039fa.jpg,true
OEBPS/content.opf,manifest,images/2rjq4v-010_b3b9ad744b-4e390883-a6f76d3f.jpg,OEBPS/images/2rjq4v-010_b3b9ad744b-4e390883-a6f76d3f.jpg,true
OEBPS/content.opf,manifest,images/2yno20-009_00c913b736-ef480e45-11e87577.jpg,OEBPS/images/2yno20-009_00c913b736-ef480e45-11e87577.jpg,true
OEBPS/content.opf,manifest,images/31bubb-001_c1ab40a6b4-8e70c2f5-2741f6d3.jpg,OEBPS/images/31bubb-001_c1ab40a6b4-8e70c2f5-2741f6d3.jpg,true
OEBPS/content.opf,manifest,images/33d35y-001_5748458e45-a674aef2-b95aa154.jpg,OEBPS/images/33d35y-001_5748458e45-a674aef2-b95aa154.jpg,true
OEBPS/content.opf,manifest,images/38uint-006_cab9e0b185-0a460f45-a07fc600.jpg,OEBPS/images/38uint-006_cab9e0b185-0a460f45-a07fc600.jpg,true
OEBPS/content.opf,manifest,images/3f2ayg-006_ef6020f0ef-3d63d1ce-1119c85d.jpg,OEBPS/images/3f2ayg-006_ef6020f0ef-3d63d1ce-1119c85d.jpg,true
OEBPS/content.opf,manifest,images/3mppnu-005_f30348eeb0-e2e7c2bd-ac400039.jpg,OEBPS/images/3mppnu-005_f30348eeb0-e2e7c2bd-ac400039.jpg,true
OEBPS/content.opf,manifest,images/43rzb5-002_2ad9a3670b-a723de55-18e3fc8e.jpg,OEBPS/images/43rzb5-002_2ad9a3670b-a723de55-18e3fc8e.jpg,true
OEBPS/content.opf,manifest,images/4xlz94-023_eb17e840c6-c31f564b-1086b25d.jpg,OEBPS/images/4xlz94-023_eb17e840c6-c31f564b-1086b25d.jpg,true
OEBPS/content.opf,manifest,images/54t6ik-002_7e95c97fae-3bfceb25-289c374d.jpg,OEBPS/images/54t6ik-002_7e95c97fae-3bfceb25-289c374d.jpg,true
OEBPS/content.opf,manifest,images/5tiwnp-016_217d130705-07415b48-e01f4b4a.jpg,OEBPS/images/5tiwnp-016_217d130705-07415b48-e01f4b4a.jpg,true
OEBPS/content.opf,manifest,images/6fsxr5-009_19af0cd2b4-a47c58de-5e1d7539.jpg,OEBPS/images/6fsxr5-009_19af0cd2b4-a47c58de-5e1d7539.jpg,true
OEBPS/content.opf,manifest,images/6h89wd-003_bd6f65d3a4-3c666e92-69beb763.jpg,OEBPS/images/6h89wd-003_bd6f65d3a4-3c666e92-69beb763.jpg,true
OEBPS/content.opf,manifest,images/6refgr-005_896f9e2964-7b85705f-564175b9.jpg,OEBPS/images/6refgr-005_896f9e2964-7b85705f-564175b9.jpg,true
OEBPS/content.opf,manifest,images/6tlst6-011_fc7b4a608c-25594ec3-7f307a89.jpg,OEBPS/images/6tlst6-011_fc7b4a608c-25594ec3-7f307a89.jpg,true
OEBPS/content.opf,manifest,images/75s72h-002_c971984149-e4c64b18-46fe41fd.jpg,OEBPS/images/75s72h-002_c971984149-e4c64b18-46fe41fd.jpg,true
OEBPS/content.opf,manifest,images/7nynkd-002_3f2b847a04-55fd384e-92f2e691.jpg,OEBPS/images/7nynkd-002_3f2b847a04-55fd384e-92f2e691.jpg,true
OEBPS/content.opf,manifest,images/7x7mm0-006_47d159a84a-9e8512d3-d7511148.jpg,OEBPS/images/7x7mm0-006_47d159a84a-9e8512d3-d7511148.jpg,true
OEBPS/content.opf,manifest,images/7xt3d6-003_6938a90b64-9140d87a-3473dc20.jpg,OEBPS/images/7xt3d6-003_6938a90b64-9140d87a-3473dc20.jpg,true
OEBPS/content.opf,manifest,images/8dfg1g-002_324e93f3c7-f82c8286-936e9361.jpg,OEBPS/images/8dfg1g-002_324e93f3c7-f82c8286-936e9361.jpg,true
OEBPS/content.opf,manifest,images/8hajgk-022_d330f248f3-2f60bdc6-dccdec7d.jpg,OEBPS/images/8hajgk-022_d330f248f3-2f60bdc6-dccdec7d.jpg,true
OEBPS/content.opf,manifest,images/8rz9su-033_7362730db1-ad1e78c2-0ccd6e78.jpg,OEBPS/images/8rz9su-033_7362730db1-ad1e78c2-0ccd6e78.jpg,true
OEBPS/content.opf,manifest,images/8s84of-010_50d19f3ae1-f829bc3f-5ae47b59.jpg,OEBPS/images/8s84of-010_50d19f3ae1-f829bc3f-5ae47b59.jpg,true
OEBPS/content.opf,manifest,images/8t9jc1-008_17f2165c65-331ae0ef-97950f2c.jpg,OEBPS/images/8t9jc1-008_17f2165c65-331ae0ef-97950f2c.jpg,true
OEBPS/content.opf,manifest,images/9cm714-004_e9538a38b3-2862c13c-a80a03e3.jpg,OEBPS/images/9cm714-004_e9538a38b3-2862c13c-a80a03e3.jpg,true
OEBPS/content.opf,manifest,images/9lo3kn-004_c0268bec0c-379046f4-f057c466.jpg,OEBPS/images/9lo3kn-004_c0268bec0c-379046f4-f057c466.jpg,true
OEBPS/content.opf,manifest,images/9poxt8-010_27649de3fe-476ae7d2-cb73ef73.jpg,OEBPS/images/9poxt8-010_27649de3fe-476ae7d2-cb73ef73.jpg,true
OEBPS/content.opf,manifest,images/9qt3re-004_60a5d64622-78679d9b-ae843645.jpg,OEBPS/images/9qt3re-004_60a5d64622-78679d9b-ae843645.jpg,true
OEBPS/content.opf,manifest,images/9tbpzc-031_18123c8e5e-0694639e-a0a49c2b.jpg,OEBPS/images/9tbpzc-031_18123c8e5e-0694639e-a0a49c2b.jpg,true
OEBPS/content.opf,manifest,images/a8fs40-016_24d3fc0f91-ed937380-ba420bff.jpg,OEBPS/images/a8fs40-016_24d3fc0f91-ed937380-ba420bff.jpg,true
OEBPS/content.opf,manifest,images/aczqsm-006_a37b7d3de2-d3025307-c18659ab.jpg,OEBPS/images/aczqsm-006_a37b7d3de2-d3025307-c18659ab.jpg,true
OEBPS/content.opf,manifest,images/aem5mn-009_6a1a291fa1-b832bd02-189865cb.jpg,OEBPS/images/aem5mn-009_6a1a291fa1-b832bd02-189865cb.jpg,true
OEBPS/content.opf,manifest,images/ag5an2-017_1fc477a91e-33842cd5-5ecf77b3.jpg,OEBPS/images/ag5an2-017_1fc477a91e-33842cd5-5ecf77b3.jpg,true
OEBPS/content.opf,manifest,images/aittvk-010_fe8f40917e-020be72f-b12a5c7d.jpg,OEBPS/images/aittvk-010_fe8f40917e-020be72f-b12a5c7d.jpg,true
OEBPS/content.opf,manifest,images/apv3ma-006_2c69091233-a7537e77-ab6f7abb.jpg,OEBPS/images/apv3ma-006_2c69091233-a7537e77-ab6f7abb.jpg,true
OEBPS/content.opf,manifest,images/armwek-005_f9d5d84f18-1c7ee7a3-4215a569.jpg,OEBPS/images/armwek-005_f9d5d84f18-1c7ee7a3-4215a569.jpg,true
OEBPS/content.opf,manifest,images/arvvyd-004_d2425b9861-042622ca-dc52195d.jpg,OEBPS/images/arvvyd-004_d2425b9861-042622ca-dc52195d.jpg,true
OEBPS/content.opf,manifest,images/ayj3vn-011_c94ae652f9-66fc4506-96e4fedf.jpg,OEBPS/images/ayj3vn-011_c94ae652f9-66fc4506-96e4fedf.jpg,true
OEBPS/content.opf,manifest,images/b1wo23-010_359d733a96-5b9daec3-4aad6ca9.jpg,OEBPS/images/b1wo23-010_359d733a96-5b9daec3-4aad6ca9.jpg,true
OEBPS/content.opf,manifest,images/bydto-004_e7266ce737-85cd41cc-276b6ac0.jpg,OEBPS/images/bydto-004_e7266ce737-85cd41cc-276b6ac0.jpg,true
OEBPS/content.opf,manifest,images/cakw88-005_972657e07b-24217005-90dd5ce8.jpg,OEBPS/images/cakw88-005_972657e07b-24217005-90dd5ce8.jpg,true
OEBPS/content.opf,manifest,images/chart-01-0a847b08-1f9af9fc.png,OEBPS/images/chart-01-0a847b08-1f9af9fc.png,true
OEBPS/content.opf,manifest,images/chart-01-0b9fa678-68ee4675.png,OEBPS/images/chart-01-0b9fa678-68ee4675.png,true
OEBPS/content.opf,manifest,images/chart-01-0eec529a-56599564.png,OEBPS/images/chart-01-0eec529a-56599564.png,true
OEBPS/content.opf,manifest,images/chart-01-175177f6-04860bf5.png,OEBPS/images/chart-01-175177f6-04860bf5.png,true
OEBPS/content.opf,manifest,images/chart-01-1f4b361d-d900aab0.png,OEBPS/images/chart-01-1f4b361d-d900aab0.png,true
OEBPS/content.opf,manifest,images/chart-01-23f3119f-2b88807d.png,OEBPS/images/chart-01-23f3119f-2b88807d.png,true
OEBPS/content.opf,manifest,images/chart-01-2ec7b094-af37c6e7.png,OEBPS/images/chart-01-2ec7b094-af37c6e7.png,true
OEBPS/content.opf,manifest,images/chart-01-32e61f05-d516c16c.png,OEBPS/images/chart-01-32e61f05-d516c16c.png,true
OEBPS/content.opf,manifest,images/chart-01-3f24c87b-17406a28.png,OEBPS/images/chart-01-3f24c87b-17406a28.png,true
OEBPS/content.opf,manifest,images/chart-01-422df510-98c577bf.png,OEBPS/images/chart-01-422df510-98c577bf.png,true
OEBPS/content.opf,manifest,images/chart-01-4a76180d-07774520.png,OEBPS/images/chart-01-4a76180d-07774520.png,true
OEBPS/content.opf,manifest,images/chart-01-4ef16ac8-168326bb.png,OEBPS/images/chart-01-4ef16ac8-168326bb.png,true
OEBPS/content.opf,manifest,images/chart-01-53f0d6cf-f615854c.png,OEBPS/images/chart-01-53f0d6cf-f615854c.png,true
OEBPS/content.opf,manifest,images/chart-01-551f3557-a339aa18.png,OEBPS/images/chart-01-551f3557-a339aa18.png,true
OEBPS/content.opf,manifest,images/chart-01-5ed4f2ca-ce000703.png,OEBPS/images/chart-01-5ed4f2ca-ce000703.png,true
OEBPS/content.opf,manifest,images/chart-01-6ab1298d-f4915e06.png,OEBPS/images/chart-01-6ab1298d-f4915e06.png,true
OEBPS/content.opf,manifest,images/chart-01-7857f30b-aa5c82c7.png,OEBPS/images/chart-01-7857f30b-aa5c82c7.png,true
OEBPS/content.opf,manifest,images/chart-01-7f420313-ad55e173.png,OEBPS/images/chart-01-7f420313-ad55e173.png,true
OEBPS/content.opf,manifest,images/chart-01-84fbe64b-fb5bbdb1.png,OEBPS/images/chart-01-84fbe64b-fb5bbdb1.png,true
OEBPS/content.opf,manifest,images/chart-01-8823130e-eb7c200e.png,OEBPS/images/chart-01-8823130e-eb7c200e.png,true
OEBPS/content.opf,manifest,images/chart-01-9525297f-9a794a3a.png,OEBPS/images/chart-01-9525297f-9a794a3a.png,true
OEBPS/content.opf,manifest,images/chart-01-9d3b8f7e-e8f168a9.png,OEBPS/images/chart-01-9d3b8f7e-e8f168a9.png,true
OEBPS/content.opf,manifest,images/chart-01-ac7ab64f-36c085a8.png,OEBPS/images/chart-01-ac7ab64f-36c085a8.png,true
OEBPS/content.opf,manifest,images/chart-01-ba36e812-535ce23d.png,OEBPS/images/chart-01-ba36e812-535ce23d.png,true
OEBPS/content.opf,manifest,images/chart-01-c5cb0934-89cd639a.png,OEBPS/images/chart-01-c5cb0934-89cd639a.png,true
OEBPS/content.opf,manifest,images/chart-01-c84f4bde-fc38c811.png,OEBPS/images/chart-01-c84f4bde-fc38c811.png,true
OEBPS/content.opf,manifest,images/chart-01-cb3daee5-9de67b3e.png,OEBPS/images/chart-01-cb3daee5-9de67b3e.png,true
OEBPS/content.opf,manifest,images/chart-01-cd61d80e-0b82503b.png,OEBPS/images/chart-01-cd61d80e-0b82503b.png,true
OEBPS/content.opf,manifest,images/chart-01-dfdaa4cb-506547e6.png,OEBPS/images/chart-01-dfdaa4cb-506547e6.png,true
OEBPS/content.opf,manifest,images/chart-01-fe1fa224-91ad4ec9.png,OEBPS/images/chart-01-fe1fa224-91ad4ec9.png,true
OEBPS/content.opf,manifest,images/chart-01-fedf94f0-c49038a2.png,OEBPS/images/chart-01-fedf94f0-c49038a2.png,true
OEBPS/content.opf,manifest,images/chart-02-00610a1b-0dc348b0.png,OEBPS/images/chart-02-00610a1b-0dc348b0.png,true
OEBPS/content.opf,manifest,images/chart-02-035ba0b0-27fa72d7.png,OEBPS/images/chart-02-035ba0b0-27fa72d7.png,true
OEBPS/content.opf,manifest,images/chart-02-0aa1fe86-1d3cfba7.png,OEBPS/images/chart-02-0aa1fe86-1d3cfba7.png,true
OEBPS/content.opf,manifest,images/chart-02-18bdc7b6-6b1901dd.png,OEBPS/images/chart-02-18bdc7b6-6b1901dd.png,true
OEBPS/content.opf,manifest,images/chart-02-1bd10a6f-413aefec.png,OEBPS/images/chart-02-1bd10a6f-413aefec.png,true
OEBPS/content.opf,manifest,images/chart-02-1d9fbb67-01689cf3.png,OEBPS/images/chart-02-1d9fbb67-01689cf3.png,true
OEBPS/content.opf,manifest,images/chart-02-25fa5d4a-bf3bc009.png,OEBPS/images/chart-02-25fa5d4a-bf3bc009.png,true
OEBPS/content.opf,manifest,images/chart-02-2a64ab6f-817b6e9d.png,OEBPS/images/chart-02-2a64ab6f-817b6e9d.png,true
OEBPS/content.opf,manifest,images/chart-02-2c3315dd-509e01f0.png,OEBPS/images/chart-02-2c3315dd-509e01f0.png,true
OEBPS/content.opf,manifest,images/chart-02-35e35d17-539358de.png,OEBPS/images/chart-02-35e35d17-539358de.png,true
OEBPS/content.opf,manifest,images/chart-02-3ad5cc58-350be6ef.png,OEBPS/images/chart-02-3ad5cc58-350be6ef.png,true
OEBPS/content.opf,manifest,images/chart-02-4294f69e-9af8f982.png,OEBPS/images/chart-02-4294f69e-9af8f982.png,true
OEBPS/content.opf,manifest,images/chart-02-5b71f362-aa6cf3e4.png,OEBPS/images/chart-02-5b71f362-aa6cf3e4.png,true
OEBPS/content.opf,manifest,images/chart-02-790a8d4c-41ea38c5.png,OEBPS/images/chart-02-790a8d4c-41ea38c5.png,true
OEBPS/content.opf,manifest,images/chart-02-79c318eb-5390cc3f.png,OEBPS/images/chart-02-79c318eb-5390cc3f.png,true
OEBPS/content.opf,manifest,images/chart-02-7aa85387-3b0da95c.png,OEBPS/images/chart-02-7aa85387-3b0da95c.png,true
OEBPS/content.opf,manifest,images/chart-02-96bcb41a-dd0e2c36.png,OEBPS/images/chart-02-96bcb41a-dd0e2c36.png,true
OEBPS/content.opf,manifest,images/chart-02-9c7eae84-20e8252e.png,OEBPS/images/chart-02-9c7eae84-20e8252e.png,true
OEBPS/content.opf,manifest,images/chart-02-9d16335b-e5497cbb.png,OEBPS/images/chart-02-9d16335b-e5497cbb.png,true
OEBPS/content.opf,manifest,images/chart-02-af1fbd56-194b78d7.png,OEBPS/images/chart-02-af1fbd56-194b78d7.png,true
OEBPS/content.opf,manifest,images/chart-02-c5b1d9bb-46e57430.png,OEBPS/images/chart-02-c5b1d9bb-46e57430.png,true
OEBPS/content.opf,manifest,images/chart-02-c89853d0-890b9d0d.png,OEBPS/images/chart-02-c89853d0-890b9d0d.png,true
OEBPS/content.opf,manifest,images/chart-02-c9dd48e4-d4ffd163.png,OEBPS/images/chart-02-c9dd48e4-d4ffd163.png,true
OEBPS/content.opf,manifest,images/chart-02-cd77203a-7b84667f.png,OEBPS/images/chart-02-cd77203a-7b84667f.png,true
OEBPS/content.opf,manifest,images/chart-02-d3f7d2d8-16242f8e.png,OEBPS/images/chart-02-d3f7d2d8-16242f8e.png,true
OEBPS/content.opf,manifest,images/chart-02-d759d6de-34bbe5fc.png,OEBPS/images/chart-02-d759d6de-34bbe5fc.png,true
OEBPS/content.opf,manifest,images/chart-02-de843f0d-a7fa6e40.png,OEBPS/images/chart-02-de843f0d-a7fa6e40.png,true
OEBPS/content.opf,manifest,images/chart-02-dea37843-2e14ef75.png,OEBPS/images/chart-02-dea37843-2e14ef75.png,true
OEBPS/content.opf,manifest,images/chart-02-df5ef543-ae6e0169.png,OEBPS/images/chart-02-df5ef543-ae6e0169.png,true
OEBPS/content.opf,manifest,images/chart-02-f0fa1d3e-bce5bcee.png,OEBPS/images/chart-02-f0fa1d3e-bce5bcee.png,true
OEBPS/content.opf,manifest,images/chart-02-f3765ae5-b8ed8a7c.png,OEBPS/images/chart-02-f3765ae5-b8ed8a7c.png,true
OEBPS/content.opf,manifest,images/chart-03-04e1c2f7-4bba9cb6.png,OEBPS/images/chart-03-04e1c2f7-4bba9cb6.png,true
OEBPS/content.opf,manifest,images/chart-03-0886be2e-080cc47f.png,OEBPS/images/chart-03-0886be2e-080cc47f.png,true
OEBPS/content.opf,manifest,images/chart-03-097ac074-57fe45b8.png,OEBPS/images/chart-03-097ac074-57fe45b8.png,true
OEBPS/content.opf,manifest,images/chart-03-0d018cd2-bae00ced.png,OEBPS/images/chart-03-0d018cd2-bae00ced.png,true
OEBPS/content.opf,manifest,images/chart-03-18aaee0d-ffacee72.png,OEBPS/images/chart-03-18aaee0d-ffacee72.png,true
OEBPS/content.opf,manifest,images/chart-03-23da1e0d-7fe054c8.png,OEBPS/images/chart-03-23da1e0d-7fe054c8.png,true
OEBPS/content.opf,manifest,images/chart-03-33a94470-7c9b5f10.png,OEBPS/images/chart-03-33a94470-7c9b5f10.png,true
OEBPS/content.opf,manifest,images/chart-03-471e1f6f-61f14a8f.png,OEBPS/images/chart-03-471e1f6f-61f14a8f.png,true
OEBPS/content.opf,manifest,images/chart-03-5dcfc53e-f0076e8c.png,OEBPS/images/chart-03-5dcfc53e-f0076e8c.png,true
OEBPS/content.opf,manifest,images/chart-03-5ebc86fa-047201bc.png,OEBPS/images/chart-03-5ebc86fa-047201bc.png,true
OEBPS/content.opf,manifest,images/chart-03-69e209d7-a972d636.png,OEBPS/images/chart-03-69e209d7-a972d636.png,true
OEBPS/content.opf,manifest,images/chart-03-6ce8caef-933389a6.png,OEBPS/images/chart-03-6ce8caef-933389a6.png,true
OEBPS/content.opf,manifest,images/chart-03-7878aebf-47ceeed0.png,OEBPS/images/chart-03-7878aebf-47ceeed0.png,true
OEBPS/content.opf,manifest,images/chart-03-821fb02a-826c15b3.png,OEBPS/images/chart-03-821fb02a-826c15b3.png,true
OEBPS/content.opf,manifest,images/chart-03-866d41e9-7b55a6c7.png,OEBPS/images/chart-03-866d41e9-7b55a6c7.png,true
OEBPS/content.opf,manifest,images/chart-03-88f15a9c-378f244d.png,OEBPS/images/chart-03-88f15a9c-378f244d.png,true
OEBPS/content.opf,manifest,images/chart-03-89b50293-90f9cb00.png,OEBPS/images/chart-03-89b50293-90f9cb00.png,true
OEBPS/content.opf,manifest,images/chart-03-9c455d42-390b70f6.png,OEBPS/images/chart-03-9c455d42-390b70f6.png,true
OEBPS/content.opf,manifest,images/chart-03-a8bdf58f-559478fd.png,OEBPS/images/chart-03-a8bdf58f-559478fd.png,true
OEBPS/content.opf,manifest,images/chart-03-b5871571-56078e31.png,OEBPS/images/chart-03-b5871571-56078e31.png,true
OEBPS/content.opf,manifest,images/chart-03-b8d2d070-6c719f20.png,OEBPS/images/chart-03-b8d2d070-6c719f20.png,true
OEBPS/content.opf,manifest,images/chart-03-bb77f28f-18a38243.png,OEBPS/images/chart-03-bb77f28f-18a38243.png,true
OEBPS/content.opf,manifest,images/chart-03-bbd7bca6-906f7b73.png,OEBPS/images/chart-03-bbd7bca6-906f7b73.png,true
OEBPS/content.opf,manifest,images/chart-03-c3abc99b-89acfb21.png,OEBPS/images/chart-03-c3abc99b-89acfb21.png,true
OEBPS/content.opf,manifest,images/chart-03-ca32a098-1627f67c.png,OEBPS/images/chart-03-ca32a098-1627f67c.png,true
OEBPS/content.opf,manifest,images/chart-03-d2d4feb1-9cef9ed9.png,OEBPS/images/chart-03-d2d4feb1-9cef9ed9.png,true
OEBPS/content.opf,manifest,images/chart-03-dce4f071-a2e7cd79.png,OEBPS/images/chart-03-dce4f071-a2e7cd79.png,true
OEBPS/content.opf,manifest,images/chart-03-e41c937c-db83c31e.png,OEBPS/images/chart-03-e41c937c-db83c31e.png,true
OEBPS/content.opf,manifest,images/chart-03-e5f71428-40baf882.png,OEBPS/images/chart-03-e5f71428-40baf882.png,true
OEBPS/content.opf,manifest,images/chart-03-f674e973-7321d946.png,OEBPS/images/chart-03-f674e973-7321d946.png,true
OEBPS/content.opf,manifest,images/chart-03-f678dfc4-1ee814f9.png,OEBPS/images/chart-03-f678dfc4-1ee814f9.png,true
OEBPS/content.opf,manifest,images/chart-04-143f9fcc-c37be760.png,OEBPS/images/chart-04-143f9fcc-c37be760.png,true
OEBPS/content.opf,manifest,images/chart-04-276b620b-a0c2163e.png,OEBPS/images/chart-04-276b620b-a0c2163e.png,true
OEBPS/content.opf,manifest,images/chart-04-2808aa41-bbee40a9.png,OEBPS/images/chart-04-2808aa41-bbee40a9.png,true
OEBPS/content.opf,manifest,images/chart-04-2aef9a85-33a001ae.png,OEBPS/images/chart-04-2aef9a85-33a001ae.png,true
OEBPS/content.opf,manifest,images/chart-04-2dcb954c-db2be35f.png,OEBPS/images/chart-04-2dcb954c-db2be35f.png,true
OEBPS/content.opf,manifest,images/chart-04-36cd95c8-a9c7bb05.png,OEBPS/images/chart-04-36cd95c8-a9c7bb05.png,true
OEBPS/content.opf,manifest,images/chart-04-3c258315-7680b414.png,OEBPS/images/chart-04-3c258315-7680b414.png,true
OEBPS/content.opf,manifest,images/chart-04-4bf90b0c-b69901c8.png,OEBPS/images/chart-04-4bf90b0c-b69901c8.png,true
OEBPS/content.opf,manifest,images/chart-04-5c59419f-79ddd6bc.png,OEBPS/images/chart-04-5c59419f-79ddd6bc.png,true
OEBPS/content.opf,manifest,images/chart-04-5d6a8571-02f1e0a4.png,OEBPS/images/chart-04-5d6a8571-02f1e0a4.png,true
OEBPS/content.opf,manifest,images/chart-04-658dd52f-fee353c9.png,OEBPS/images/chart-04-658dd52f-fee353c9.png,true
OEBPS/content.opf,manifest,images/chart-04-6d97d89c-fe382970.png,OEBPS/images/chart-04-6d97d89c-fe382970.png,true
OEBPS/content.opf,manifest,images/chart-04-7120214b-2dc24ab6.png,OEBPS/images/chart-04-7120214b-2dc24ab6.png,true
OEBPS/content.opf,manifest,images/chart-04-7a207f45-b060047d.png,OEBPS/images/chart-04-7a207f45-b060047d.png,true
OEBPS/content.opf,manifest,images/chart-04-812ca653-e106d7e8.png,OEBPS/images/chart-04-812ca653-e106d7e8.png,true
OEBPS/content.opf,manifest,images/chart-04-8c14a8d7-bb8ac316.png,OEBPS/images/chart-04-8c14a8d7-bb8ac316.png,true
OEBPS/content.opf,manifest,images/chart-04-92a01cf4-0378afaa.png,OEBPS/images/chart-04-92a01cf4-0378afaa.png,true
OEBPS/content.opf,manifest,images/chart-04-b29186cd-f75f3029.png,OEBPS/images/chart-04-b29186cd-f75f3029.png,true
OEBPS/content.opf,manifest,images/chart-04-b9ee452b-fee427d4.png,OEBPS/images/chart-04-b9ee452b-fee427d4.png,true
OEBPS/content.opf,manifest,images/chart-04-c18c1864-7dc40369.png,OEBPS/images/chart-04-c18c1864-7dc40369.png,true
OEBPS/content.opf,manifest,images/chart-04-c1a8ae09-bde8ae8a.png,OEBPS/images/chart-04-c1a8ae09-bde8ae8a.png,true
OEBPS/content.opf,manifest,images/chart-04-c1df843b-d9817490.png,OEBPS/images/chart-04-c1df843b-d9817490.png,true
OEBPS/content.opf,manifest,images/chart-04-c9d939db-8a1bfc6c.png,OEBPS/images/chart-04-c9d939db-8a1bfc6c.png,true
OEBPS/content.opf,manifest,images/chart-04-ca8b3da4-9b659843.png,OEBPS/images/chart-04-ca8b3da4-9b659843.png,true
OEBPS/content.opf,manifest,images/chart-04-d21fe8d8-2f5f3809.png,OEBPS/images/chart-04-d21fe8d8-2f5f3809.png,true
OEBPS/content.opf,manifest,images/chart-04-dc46b282-3de9a9d4.png,OEBPS/images/chart-04-dc46b282-3de9a9d4.png,true
OEBPS/content.opf,manifest,images/chart-04-e9ac7aea-1f130c5e.png,OEBPS/images/chart-04-e9ac7aea-1f130c5e.png,true
OEBPS/content.opf,manifest,images/chart-04-ea352fe7-09b83840.png,OEBPS/images/chart-04-ea352fe7-09b83840.png,true
OEBPS/content.opf,manifest,images/chart-04-f5e2d96b-6b4a8386.png,OEBPS/images/chart-04-f5e2d96b-6b4a8386.png,true
OEBPS/content.opf,manifest,images/chart-04-fd212dea-44f32a4a.png,OEBPS/images/chart-04-fd212dea-44f32a4a.png,true
OEBPS/content.opf,manifest,images/chart-05-127ce07c-7e097e1b.png,OEBPS/images/chart-05-127ce07c-7e097e1b.png,true
OEBPS/content.opf,manifest,images/chart-05-1cee9a89-895156a1.png,OEBPS/images/chart-05-1cee9a89-895156a1.png,true
OEBPS/content.opf,manifest,images/chart-05-2334deb7-65e004e2.png,OEBPS/images/chart-05-2334deb7-65e004e2.png,true
OEBPS/content.opf,manifest,images/chart-05-28b9e597-56774b02.png,OEBPS/images/chart-05-28b9e597-56774b02.png,true
OEBPS/content.opf,manifest,images/chart-05-28eee041-f1ccbec6.png,OEBPS/images/chart-05-28eee041-f1ccbec6.png,true
OEBPS/content.opf,manifest,images/chart-05-29d01048-25cad196.png,OEBPS/images/chart-05-29d01048-25cad196.png,true
OEBPS/content.opf,manifest,images/chart-05-304ce9e0-a9dd63b6.png,OEBPS/images/chart-05-304ce9e0-a9dd63b6.png,true
OEBPS/content.opf,manifest,images/chart-05-33aa681b-3fc6cfeb.png,OEBPS/images/chart-05-33aa681b-3fc6cfeb.png,true
OEBPS/content.opf,manifest,images/chart-05-3bc90115-56599564.png,OEBPS/images/chart-05-3bc90115-56599564.png,true
OEBPS/content.opf,manifest,images/chart-05-4c2dd4ea-a9d953f4.png,OEBPS/images/chart-05-4c2dd4ea-a9d953f4.png,true
OEBPS/content.opf,manifest,images/chart-05-62e79048-760850ea.png,OEBPS/images/chart-05-62e79048-760850ea.png,true
OEBPS/content.opf,manifest,images/chart-05-63e5801c-1da234ee.png,OEBPS/images/chart-05-63e5801c-1da234ee.png,true
OEBPS/content.opf,manifest,images/chart-05-68d4316e-cc335f94.png,OEBPS/images/chart-05-68d4316e-cc335f94.png,true
OEBPS/content.opf,manifest,images/chart-05-733ee46a-625ea720.png,OEBPS/images/chart-05-733ee46a-625ea720.png,true
OEBPS/content.opf,manifest,images/chart-05-88c1a5ff-b38518b8.png,OEBPS/images/chart-05-88c1a5ff-b38518b8.png,true
OEBPS/content.opf,manifest,images/chart-05-8de406df-f36011cc.png,OEBPS/images/chart-05-8de406df-f36011cc.png,true
OEBPS/content.opf,manifest,images/chart-05-93cd4869-ca4a93ad.png,OEBPS/images/chart-05-93cd4869-ca4a93ad.png,true
OEBPS/content.opf,manifest,images/chart-05-ab636528-cd1ec33c.png,OEBPS/images/chart-05-ab636528-cd1ec33c.png,true
OEBPS/content.opf,manifest,images/chart-05-bb554108-02ef0a1b.png,OEBPS/images/chart-05-bb554108-02ef0a1b.png,true
OEBPS/content.opf,manifest,images/chart-05-c1d8fe44-23caae60.png,OEBPS/images/chart-05-c1d8fe44-23caae60.png,true
OEBPS/content.opf,manifest,images/chart-05-c43fba51-c59b6ac2.png,OEBPS/images/chart-05-c43fba51-c59b6ac2.png,true
OEBPS/content.opf,manifest,images/chart-05-d3c1a375-8558dc87.png,OEBPS/images/chart-05-d3c1a375-8558dc87.png,true
OEBPS/content.opf,manifest,images/chart-05-dd78a41d-56599564.png,OEBPS/images/chart-05-dd78a41d-56599564.png,true
OEBPS/content.opf,manifest,images/chart-05-df55a92a-32aca7b9.png,OEBPS/images/chart-05-df55a92a-32aca7b9.png,true
OEBPS/content.opf,manifest,images/chart-05-e428e955-539949c3.png,OEBPS/images/chart-05-e428e955-539949c3.png,true
OEBPS/content.opf,manifest,images/chart-05-f59fb9b8-62f6dcfd.png,OEBPS/images/chart-05-f59fb9b8-62f6dcfd.png,true
OEBPS/content.opf,manifest,images/chart-05-f79d1fb5-530b3dc5.png,OEBPS/images/chart-05-f79d1fb5-530b3dc5.png,true
OEBPS/content.opf,manifest,images/chart-05-f8a35d65-bb1bd055.png,OEBPS/images/chart-05-f8a35d65-bb1bd055.png,true
OEBPS/content.opf,manifest,images/chart-05-fda1d5e0-c3b18f9b.png,OEBPS/images/chart-05-fda1d5e0-c3b18f9b.png,true
OEBPS/content.opf,manifest,images/chart-06-09c4135d-75eced85.png,OEBPS/images/chart-06-09c4135d-75eced85.png,true
OEBPS/content.opf,manifest,images/chart-06-1c05f0b4-73eb7a88.png,OEBPS/images/chart-06-1c05f0b4-73eb7a88.png,true
OEBPS/content.opf,manifest,images/chart-06-29fa7736-1a98adab.png,OEBPS/images/chart-06-29fa7736-1a98adab.png,true
OEBPS/content.opf,manifest,images/chart-06-2b25cd4d-d865050b.png,OEBPS/images/chart-06-2b25cd4d-d865050b.png,true
OEBPS/content.opf,manifest,images/chart-06-2b769db8-b0d9038c.png,OEBPS/images/chart-06-2b769db8-b0d9038c.png,true
OEBPS/content.opf,manifest,images/chart-06-2fa81db4-ffab6f72.png,OEBPS/images/chart-06-2fa81db4-ffab6f72.png,true
OEBPS/content.opf,manifest,images/chart-06-30ae6d81-0af21424.png,OEBPS/images/chart-06-30ae6d81-0af21424.png,true
OEBPS/content.opf,manifest,images/chart-06-31dbfa8e-0b966a41.png,OEBPS/images/chart-06-31dbfa8e-0b966a41.png,true
OEBPS/content.opf,manifest,images/chart-06-33edb696-5d962246.png,OEBPS/images/chart-06-33edb696-5d962246.png,true
OEBPS/content.opf,manifest,images/chart-06-357aed1f-57ac7da0.png,OEBPS/images/chart-06-357aed1f-57ac7da0.png,true
OEBPS/content.opf,manifest,images/chart-06-3d78ea68-35e030b3.png,OEBPS/images/chart-06-3d78ea68-35e030b3.png,true
OEBPS/content.opf,manifest,images/chart-06-441899b1-52ab167b.png,OEBPS/images/chart-06-441899b1-52ab167b.png,true
OEBPS/content.opf,manifest,images/chart-06-5cf8644c-d45a8446.png,OEBPS/images/chart-06-5cf8644c-d45a8446.png,true
OEBPS/content.opf,manifest,images/chart-06-6da0f8a9-3fc031a6.png,OEBPS/images/chart-06-6da0f8a9-3fc031a6.png,true
OEBPS/content.opf,manifest,images/chart-06-751a4078-149907d0.png,OEBPS/images/chart-06-751a4078-149907d0.png,true
OEBPS/content.opf,manifest,images/chart-06-7e4f848f-182e4414.png,OEBPS/images/chart-06-7e4f848f-182e4414.png,true
OEBPS/content.opf,manifest,images/chart-06-81ec59b0-ca91ca7f.png,OEBPS/images/chart-06-81ec59b0-ca91ca7f.png,true
OEBPS/content.opf,manifest,images/chart-06-870e481c-06f40a32.png,OEBPS/images/chart-06-870e481c-06f40a32.png,true
OEBPS/content.opf,manifest,images/chart-06-8d0a9546-f104be86.png,OEBPS/images/chart-06-8d0a9546-f104be86.png,true
OEBPS/content.opf,manifest,images/chart-06-920a1aab-690910a2.png,OEBPS/images/chart-06-920a1aab-690910a2.png,true
OEBPS/content.opf,manifest,images/chart-06-bc22f98d-76a6f32a.png,OEBPS/images/chart-06-bc22f98d-76a6f32a.png,true
OEBPS/content.opf,manifest,images/chart-06-bcbb9a3f-6c16d887.png,OEBPS/images/chart-06-bcbb9a3f-6c16d887.png,true
OEBPS/content.opf,manifest,images/chart-06-cb6229f7-c25cbfa3.png,OEBPS/images/chart-06-cb6229f7-c25cbfa3.png,true
OEBPS/content.opf,manifest,images/chart-06-d47581ce-7e45b355.png,OEBPS/images/chart-06-d47581ce-7e45b355.png,true
OEBPS/content.opf,manifest,images/chart-06-d75e5edf-6a755aad.png,OEBPS/images/chart-06-d75e5edf-6a755aad.png,true
OEBPS/content.opf,manifest,images/chart-06-df16d63d-fa42ac53.png,OEBPS/images/chart-06-df16d63d-fa42ac53.png,true
OEBPS/content.opf,manifest,images/chart-06-f42c46f2-da36b48a.png,OEBPS/images/chart-06-f42c46f2-da36b48a.png,true
OEBPS/content.opf,manifest,images/chart-06-f7cf9ccd-8b0aed9c.png,OEBPS/images/chart-06-f7cf9ccd-8b0aed9c.png,true
OEBPS/content.opf,manifest,images/chart-06-fcb3bdf7-0e4bb3a5.png,OEBPS/images/chart-06-fcb3bdf7-0e4bb3a5.png,true
OEBPS/content.opf,manifest,images/chart-07-00eec4aa-70843770.png,OEBPS/images/chart-07-00eec4aa-70843770.png,true
OEBPS/content.opf,manifest,images/chart-07-0469b080-c64f5c60.png,OEBPS/images/chart-07-0469b080-c64f5c60.png,true
OEBPS/content.opf,manifest,images/chart-07-04cddcf7-7f796c94.png,OEBPS/images/chart-07-04cddcf7-7f796c94.png,true
OEBPS/content.opf,manifest,images/chart-07-179ab5d6-1a0dd52b.png,OEBPS/images/chart-07-179ab5d6-1a0dd52b.png,true
OEBPS/content.opf,manifest,images/chart-07-1fbf61fd-7558eb96.png,OEBPS/images/chart-07-1fbf61fd-7558eb96.png,true
OEBPS/content.opf,manifest,images/chart-07-26b1c6c4-52335b57.png,OEBPS/images/chart-07-26b1c6c4-52335b57.png,true
OEBPS/content.opf,manifest,images/chart-07-2e08fd0a-de0f4672.png,OEBPS/images/chart-07-2e08fd0a-de0f4672.png,true
OEBPS/content.opf,manifest,images/chart-07-4fc477e4-33814a6e.png,OEBPS/images/chart-07-4fc477e4-33814a6e.png,true
OEBPS/content.opf,manifest,images/chart-07-546603a1-370e657c.png,OEBPS/images/chart-07-546603a1-370e657c.png,true
OEBPS/content.opf,manifest,images/chart-07-65b8e778-74d9e987.png,OEBPS/images/chart-07-65b8e778-74d9e987.png,true
OEBPS/content.opf,manifest,images/chart-07-7232abde-58cc4ccc.png,OEBPS/images/chart-07-7232abde-58cc4ccc.png,true
OEBPS/content.opf,manifest,images/chart-07-7278aea0-bdd81ca7.png,OEBPS/images/chart-07-7278aea0-bdd81ca7.png,true
OEBPS/content.opf,manifest,images/chart-07-7746f102-dd886223.png,OEBPS/images/chart-07-7746f102-dd886223.png,true
OEBPS/content.opf,manifest,images/chart-07-7f9615c8-65b31fb7.png,OEBPS/images/chart-07-7f9615c8-65b31fb7.png,true
OEBPS/content.opf,manifest,images/chart-07-8863d4e1-cce29797.png,OEBPS/images/chart-07-8863d4e1-cce29797.png,true
OEBPS/content.opf,manifest,images/chart-07-8f90d8d7-6fe30995.png,OEBPS/images/chart-07-8f90d8d7-6fe30995.png,true
OEBPS/content.opf,manifest,images/chart-07-91b8574a-dc12c1b2.png,OEBPS/images/chart-07-91b8574a-dc12c1b2.png,true
OEBPS/content.opf,manifest,images/chart-07-99e06a92-b1f1b875.png,OEBPS/images/chart-07-99e06a92-b1f1b875.png,true
OEBPS/content.opf,manifest,images/chart-07-9adb9538-66ccd4ac.png,OEBPS/images/chart-07-9adb9538-66ccd4ac.png,true
OEBPS/content.opf,manifest,images/chart-07-c5c3c9ba-5abb148e.png,OEBPS/images/chart-07-c5c3c9ba-5abb148e.png,true
OEBPS/content.opf,manifest,images/chart-07-c944e613-3eee7883.png,OEBPS/images/chart-07-c944e613-3eee7883.png,true
OEBPS/content.opf,manifest,images/chart-07-cda6d5bb-031afc7a.png,OEBPS/images/chart-07-cda6d5bb-031afc7a.png,true
OEBPS/content.opf,manifest,images/chart-07-cf2c2920-55095b06.png,OEBPS/images/chart-07-cf2c2920-55095b06.png,true
OEBPS/content.opf,manifest,images/chart-07-d6e290a4-b9ec1e8d.png,OEBPS/images/chart-07-d6e290a4-b9ec1e8d.png,true
OEBPS/content.opf,manifest,images/chart-07-db57bd24-d4f865d2.png,OEBPS/images/chart-07-db57bd24-d4f865d2.png,true
OEBPS/content.opf,manifest,images/chart-07-e9581f12-472685e1.png,OEBPS/images/chart-07-e9581f12-472685e1.png,true
OEBPS/content.opf,manifest,images/chart-07-eb598cc8-5c26900d.png,OEBPS/images/chart-07-eb598cc8-5c26900d.png,true
OEBPS/content.opf,manifest,images/chart-07-ffd2f1d6-ecbed325.png,OEBPS/images/chart-07-ffd2f1d6-ecbed325.png,true
OEBPS/content.opf,manifest,images/chart-08-01cc9e47-04d25633.png,OEBPS/images/chart-08-01cc9e47-04d25633.png,true
OEBPS/content.opf,manifest,images/chart-08-03335e0d-e6819a3a.png,OEBPS/images/chart-08-03335e0d-e6819a3a.png,true
OEBPS/content.opf,manifest,images/chart-08-1fb0daca-bae00ced.png,OEBPS/images/chart-08-1fb0daca-bae00ced.png,true
OEBPS/content.opf,manifest,images/chart-08-256ab3ad-58ea8b3c.png,OEBPS/images/chart-08-256ab3ad-58ea8b3c.png,true
OEBPS/content.opf,manifest,images/chart-08-382e3103-abef7d2a.png,OEBPS/images/chart-08-382e3103-abef7d2a.png,true
OEBPS/content.opf,manifest,images/chart-08-3f0a39eb-3c992db6.png,OEBPS/images/chart-08-3f0a39eb-3c992db6.png,true
OEBPS/content.opf,manifest,images/chart-08-41c8403e-10059a56.png,OEBPS/images/chart-08-41c8403e-10059a56.png,true
OEBPS/content.opf,manifest,images/chart-08-43920510-80ecd6d6.png,OEBPS/images/chart-08-43920510-80ecd6d6.png,true
OEBPS/content.opf,manifest,images/chart-08-53f09447-ef6949b6.png,OEBPS/images/chart-08-53f09447-ef6949b6.png,true
OEBPS/content.opf,manifest,images/chart-08-6686b3a1-8070907e.png,OEBPS/images/chart-08-6686b3a1-8070907e.png,true
OEBPS/content.opf,manifest,images/chart-08-6fa19b3f-56f933b2.png,OEBPS/images/chart-08-6fa19b3f-56f933b2.png,true
OEBPS/content.opf,manifest,images/chart-08-84b3dfa8-22a2540f.png,OEBPS/images/chart-08-84b3dfa8-22a2540f.png,true
OEBPS/content.opf,manifest,images/chart-08-89109769-47b6c1ea.png,OEBPS/images/chart-08-89109769-47b6c1ea.png,true
OEBPS/content.opf,manifest,images/chart-08-89201153-0b278840.png,OEBPS/images/chart-08-89201153-0b278840.png,true
OEBPS/content.opf,manifest,images/chart-08-91c503fd-5379885d.png,OEBPS/images/chart-08-91c503fd-5379885d.png,true
OEBPS/content.opf,manifest,images/chart-08-979bdc49-e3fbb561.png,OEBPS/images/chart-08-979bdc49-e3fbb561.png,true
OEBPS/content.opf,manifest,images/chart-08-9e7eb693-04c013be.png,OEBPS/images/chart-08-9e7eb693-04c013be.png,true
OEBPS/content.opf,manifest,images/chart-08-9e99e85d-e9af4265.png,OEBPS/images/chart-08-9e99e85d-e9af4265.png,true
OEBPS/content.opf,manifest,images/chart-08-a07b30d8-16bac04f.png,OEBPS/images/chart-08-a07b30d8-16bac04f.png,true
OEBPS/content.opf,manifest,images/chart-08-b9f835fd-eb7f4a75.png,OEBPS/images/chart-08-b9f835fd-eb7f4a75.png,true
OEBPS/content.opf,manifest,images/chart-08-bc412693-5cfab7d0.png,OEBPS/images/chart-08-bc412693-5cfab7d0.png,true
OEBPS/content.opf,manifest,images/chart-08-bdb129fe-0d85635e.png,OEBPS/images/chart-08-bdb129fe-0d85635e.png,true
OEBPS/content.opf,manifest,images/chart-08-c215f8f6-5bb21955.png,OEBPS/images/chart-08-c215f8f6-5bb21955.png,true
OEBPS/content.opf,manifest,images/chart-08-d432bdcc-ba79b87e.png,OEBPS/images/chart-08-d432bdcc-ba79b87e.png,true
OEBPS/content.opf,manifest,images/chart-08-d624a5b6-e3aed4c2.png,OEBPS/images/chart-08-d624a5b6-e3aed4c2.png,true
OEBPS/content.opf,manifest,images/chart-08-ed17ea68-bd650b73.png,OEBPS/images/chart-08-ed17ea68-bd650b73.png,true
OEBPS/content.opf,manifest,images/chart-08-f4280209-9ba2201b.png,OEBPS/images/chart-08-f4280209-9ba2201b.png,true
OEBPS/content.opf,manifest,images/chart-08-f72c344f-b6d39cc6.png,OEBPS/images/chart-08-f72c344f-b6d39cc6.png,true
OEBPS/content.opf,manifest,images/chart-09-0eff1b25-22d8c5d6.png,OEBPS/images/chart-09-0eff1b25-22d8c5d6.png,true
OEBPS/content.opf,manifest,images/chart-09-11e0ad9e-6681b2ac.png,OEBPS/images/chart-09-11e0ad9e-6681b2ac.png,true
OEBPS/content.opf,manifest,images/chart-09-2b406e30-dc3edd32.png,OEBPS/images/chart-09-2b406e30-dc3edd32.png,true
OEBPS/content.opf,manifest,images/chart-09-30b91ec3-7477fa89.png,OEBPS/images/chart-09-30b91ec3-7477fa89.png,true
OEBPS/content.opf,manifest,images/chart-09-359e3b27-fa9a208e.png,OEBPS/images/chart-09-359e3b27-fa9a208e.png,true
OEBPS/content.opf,manifest,images/chart-09-3e70d54e-e5778852.png,OEBPS/images/chart-09-3e70d54e-e5778852.png,true
OEBPS/content.opf,manifest,images/chart-09-47a8cbe6-9bb8375f.png,OEBPS/images/chart-09-47a8cbe6-9bb8375f.png,true
OEBPS/content.opf,manifest,images/chart-09-4d3f474a-c807825e.png,OEBPS/images/chart-09-4d3f474a-c807825e.png,true
OEBPS/content.opf,manifest,images/chart-09-570408f9-ef011321.png,OEBPS/images/chart-09-570408f9-ef011321.png,true
OEBPS/content.opf,manifest,images/chart-09-5bb8c5a9-d3f03741.png,OEBPS/images/chart-09-5bb8c5a9-d3f03741.png,true
OEBPS/content.opf,manifest,images/chart-09-5c27ab6f-d9cada6d.png,OEBPS/images/chart-09-5c27ab6f-d9cada6d.png,true
OEBPS/content.opf,manifest,images/chart-09-60bcf8b4-17302f62.png,OEBPS/images/chart-09-60bcf8b4-17302f62.png,true
OEBPS/content.opf,manifest,images/chart-09-62b7b825-f91f8a84.png,OEBPS/images/chart-09-62b7b825-f91f8a84.png,true
OEBPS/content.opf,manifest,images/chart-09-6445dd36-4c88f790.png,OEBPS/images/chart-09-6445dd36-4c88f790.png,true
OEBPS/content.opf,manifest,images/chart-09-8596e927-41461f51.png,OEBPS/images/chart-09-8596e927-41461f51.png,true
OEBPS/content.opf,manifest,images/chart-09-8999db1d-dee9b806.png,OEBPS/images/chart-09-8999db1d-dee9b806.png,true
OEBPS/content.opf,manifest,images/chart-09-90aa5648-51dc1f3a.png,OEBPS/images/chart-09-90aa5648-51dc1f3a.png,true
OEBPS/content.opf,manifest,images/chart-09-9cbcdbea-4716d269.png,OEBPS/images/chart-09-9cbcdbea-4716d269.png,true
OEBPS/content.opf,manifest,images/chart-09-a4404a9f-b1595553.png,OEBPS/images/chart-09-a4404a9f-b1595553.png,true
OEBPS/content.opf,manifest,images/chart-09-bf5cf3ff-191e8f3f.png,OEBPS/images/chart-09-bf5cf3ff-191e8f3f.png,true
OEBPS/content.opf,manifest,images/chart-09-d169edea-03aead67.png,OEBPS/images/chart-09-d169edea-03aead67.png,true
OEBPS/content.opf,manifest,images/chart-09-d32f04af-cac2af63.png,OEBPS/images/chart-09-d32f04af-cac2af63.png,true
OEBPS/content.opf,manifest,images/chart-09-e86e2891-7b6e08dc.png,OEBPS/images/chart-09-e86e2891-7b6e08dc.png,true
OEBPS/content.opf,manifest,images/chart-09-edfc8ae4-8080d18f.png,OEBPS/images/chart-09-edfc8ae4-8080d18f.png,true
OEBPS/content.opf,manifest,images/chart-09-f903bede-dfa93f4e.png,OEBPS/images/chart-09-f903bede-dfa93f4e.png,true
OEBPS/content.opf,manifest,images/chart-09-ffbe11ba-e06d1c36.png,OEBPS/images/chart-09-ffbe11ba-e06d1c36.png,true
OEBPS/content.opf,manifest,images/chart-10-0c57ee5a-3546caa2.png,OEBPS/images/chart-10-0c57ee5a-3546caa2.png,true
OEBPS/content.opf,manifest,images/chart-10-1081b2ac-105289d1.png,OEBPS/images/chart-10-1081b2ac-105289d1.png,true
OEBPS/content.opf,manifest,images/chart-10-20b9e65c-be4023a6.png,OEBPS/images/chart-10-20b9e65c-be4023a6.png,true
OEBPS/content.opf,manifest,images/chart-10-23ea0e29-565f40eb.png,OEBPS/images/chart-10-23ea0e29-565f40eb.png,true
OEBPS/content.opf,manifest,images/chart-10-240c7d02-c1dcff9c.png,OEBPS/images/chart-10-240c7d02-c1dcff9c.png,true
OEBPS/content.opf,manifest,images/chart-10-3279bf35-eadeb571.png,OEBPS/images/chart-10-3279bf35-eadeb571.png,true
OEBPS/content.opf,manifest,images/chart-10-3b3cfcc2-67d01b25.png,OEBPS/images/chart-10-3b3cfcc2-67d01b25.png,true
OEBPS/content.opf,manifest,images/chart-10-3ca6e3d5-f0c5453f.png,OEBPS/images/chart-10-3ca6e3d5-f0c5453f.png,true
OEBPS/content.opf,manifest,images/chart-10-52edaa1e-c636da32.png,OEBPS/images/chart-10-52edaa1e-c636da32.png,true
OEBPS/content.opf,manifest,images/chart-10-63fa0c47-1dca22fc.png,OEBPS/images/chart-10-63fa0c47-1dca22fc.png,true
OEBPS/content.opf,manifest,images/chart-10-72165989-cb5d0d98.png,OEBPS/images/chart-10-72165989-cb5d0d98.png,true
OEBPS/content.opf,manifest,images/chart-10-8b8d92b2-8e8310ef.png,OEBPS/images/chart-10-8b8d92b2-8e8310ef.png,true
OEBPS/content.opf,manifest,images/chart-10-924bc6e6-5ee88c00.png,OEBPS/images/chart-10-924bc6e6-5ee88c00.png,true
OEBPS/content.opf,manifest,images/chart-10-92bdbe0f-c3eb866f.png,OEBPS/images/chart-10-92bdbe0f-c3eb866f.png,true
OEBPS/content.opf,manifest,images/chart-10-a8db20e5-740a477f.png,OEBPS/images/chart-10-a8db20e5-740a477f.png,true
OEBPS/content.opf,manifest,images/chart-10-a9b5425f-cfb8b8f2.png,OEBPS/images/chart-10-a9b5425f-cfb8b8f2.png,true
OEBPS/content.opf,manifest,images/chart-10-ae4d1238-ce9b4630.png,OEBPS/images/chart-10-ae4d1238-ce9b4630.png,true
OEBPS/content.opf,manifest,images/chart-10-b89fac85-f0e05218.png,OEBPS/images/chart-10-b89fac85-f0e05218.png,true
OEBPS/content.opf,manifest,images/chart-10-bac783c2-a11df2ad.png,OEBPS/images/chart-10-bac783c2-a11df2ad.png,true
OEBPS/content.opf,manifest,images/chart-10-c1108b5f-d37c3915.png,OEBPS/images/chart-10-c1108b5f-d37c3915.png,true
OEBPS/content.opf,manifest,images/chart-10-c55bc031-c2d714e1.png,OEBPS/images/chart-10-c55bc031-c2d714e1.png,true
OEBPS/content.opf,manifest,images/chart-10-cb7960cb-e27b38b6.png,OEBPS/images/chart-10-cb7960cb-e27b38b6.png,true
OEBPS/content.opf,manifest,images/chart-10-cfd69d64-b28cc0a7.png,OEBPS/images/chart-10-cfd69d64-b28cc0a7.png,true
OEBPS/content.opf,manifest,images/chart-10-d794f3b3-8bffd0f9.png,OEBPS/images/chart-10-d794f3b3-8bffd0f9.png,true
OEBPS/content.opf,manifest,images/chart-10-da6aec73-3403c0fc.png,OEBPS/images/chart-10-da6aec73-3403c0fc.png,true
OEBPS/content.opf,manifest,images/chart-10-ecd22522-c1832354.png,OEBPS/images/chart-10-ecd22522-c1832354.png,true
OEBPS/content.opf,manifest,images/chart-11-2622de5b-24aa866f.png,OEBPS/images/chart-11-2622de5b-24aa866f.png,true
OEBPS/content.opf,manifest,images/chart-11-2937d452-6c6af8a8.png,OEBPS/images/chart-11-2937d452-6c6af8a8.png,true
OEBPS/content.opf,manifest,images/chart-11-413eb08d-3f1ac321.png,OEBPS/images/chart-11-413eb08d-3f1ac321.png,true
OEBPS/content.opf,manifest,images/chart-11-4a685c15-3a62dd32.png,OEBPS/images/chart-11-4a685c15-3a62dd32.png,true
OEBPS/content.opf,manifest,images/chart-11-62c48037-f5b2fc3e.png,OEBPS/images/chart-11-62c48037-f5b2fc3e.png,true
OEBPS/content.opf,manifest,images/chart-11-6c110335-6bee34b0.png,OEBPS/images/chart-11-6c110335-6bee34b0.png,true
OEBPS/content.opf,manifest,images/chart-11-732b880c-0fe3a611.png,OEBPS/images/chart-11-732b880c-0fe3a611.png,true
OEBPS/content.opf,manifest,images/chart-11-76870a29-531d6804.png,OEBPS/images/chart-11-76870a29-531d6804.png,true
OEBPS/content.opf,manifest,images/chart-11-7d6b1e3f-1b8a0370.png,OEBPS/images/chart-11-7d6b1e3f-1b8a0370.png,true
OEBPS/content.opf,manifest,images/chart-11-8936f806-9e57d9e6.png,OEBPS/images/chart-11-8936f806-9e57d9e6.png,true
OEBPS/content.opf,manifest,images/chart-11-8c1a7b8f-f705879c.png,OEBPS/images/chart-11-8c1a7b8f-f705879c.png,true
OEBPS/content.opf,manifest,images/chart-11-a7440724-0ef90895.png,OEBPS/images/chart-11-a7440724-0ef90895.png,true
OEBPS/content.opf,manifest,images/chart-11-ad8401c8-6edd72ea.png,OEBPS/images/chart-11-ad8401c8-6edd72ea.png,true
OEBPS/content.opf,manifest,images/chart-11-bd383ddf-74bdd371.png,OEBPS/images/chart-11-bd383ddf-74bdd371.png,true
OEBPS/content.opf,manifest,images/chart-11-bf9b2d8c-17ec8a7f.png,OEBPS/images/chart-11-bf9b2d8c-17ec8a7f.png,true
OEBPS/content.opf,manifest,images/chart-11-c0f8492b-0b27a44a.png,OEBPS/images/chart-11-c0f8492b-0b27a44a.png,true
OEBPS/content.opf,manifest,images/chart-11-d3c60b77-b3ff2248.png,OEBPS/images/chart-11-d3c60b77-b3ff2248.png,true
OEBPS/content.opf,manifest,images/chart-11-d3fac0ec-59b462c2.png,OEBPS/images/chart-11-d3fac0ec-59b462c2.png,true
OEBPS/content.opf,manifest,images/chart-11-dbbe8c15-15d5f03f.png,OEBPS/images/chart-11-dbbe8c15-15d5f03f.png,true
OEBPS/content.opf,manifest,images/chart-11-dc0d3828-fed9e46c.png,OEBPS/images/chart-11-dc0d3828-fed9e46c.png,true
OEBPS/content.opf,manifest,images/chart-11-e8a08eb5-80807ec3.png,OEBPS/images/chart-11-e8a08eb5-80807ec3.png,true
OEBPS/content.opf,manifest,images/chart-11-ed24fd26-3a4a5792.png,OEBPS/images/chart-11-ed24fd26-3a4a5792.png,true
OEBPS/content.opf,manifest,images/chart-11-f45d9fc2-a1d90f6c.png,OEBPS/images/chart-11-f45d9fc2-a1d90f6c.png,true
OEBPS/content.opf,manifest,images/chart-11-f4f8b426-83e07b2f.png,OEBPS/images/chart-11-f4f8b426-83e07b2f.png,true
OEBPS/content.opf,manifest,images/chart-11-f6778db6-548d596d.png,OEBPS/images/chart-11-f6778db6-548d596d.png,true
OEBPS/content.opf,manifest,images/chart-11-f8aa12bc-f5030ba1.png,OEBPS/images/chart-11-f8aa12bc-f5030ba1.png,true
OEBPS/content.opf,manifest,images/chart-12-03432185-1d40a50b.png,OEBPS/images/chart-12-03432185-1d40a50b.png,true
OEBPS/content.opf,manifest,images/chart-12-067233ca-10de3d36.png,OEBPS/images/chart-12-067233ca-10de3d36.png,true
OEBPS/content.opf,manifest,images/chart-12-0907275d-a3cb477d.png,OEBPS/images/chart-12-0907275d-a3cb477d.png,true
OEBPS/content.opf,manifest,images/chart-12-093b773b-1f34360b.png,OEBPS/images/chart-12-093b773b-1f34360b.png,true
OEBPS/content.opf,manifest,images/chart-12-0a466c39-b511f10b.png,OEBPS/images/chart-12-0a466c39-b511f10b.png,true
OEBPS/content.opf,manifest,images/chart-12-11f17baf-52b62ef2.png,OEBPS/images/chart-12-11f17baf-52b62ef2.png,true
OEBPS/content.opf,manifest,images/chart-12-21737715-2102c1ce.png,OEBPS/images/chart-12-21737715-2102c1ce.png,true
OEBPS/content.opf,manifest,images/chart-12-26bb9ee1-3404c0e9.png,OEBPS/images/chart-12-26bb9ee1-3404c0e9.png,true
OEBPS/content.opf,manifest,images/chart-12-2ea6c8fe-00ee1809.png,OEBPS/images/chart-12-2ea6c8fe-00ee1809.png,true
OEBPS/content.opf,manifest,images/chart-12-2fa374b9-b6cdd277.png,OEBPS/images/chart-12-2fa374b9-b6cdd277.png,true
OEBPS/content.opf,manifest,images/chart-12-405c0da7-c732f7b4.png,OEBPS/images/chart-12-405c0da7-c732f7b4.png,true
OEBPS/content.opf,manifest,images/chart-12-468c8b06-cc8eb2fb.png,OEBPS/images/chart-12-468c8b06-cc8eb2fb.png,true
OEBPS/content.opf,manifest,images/chart-12-612b4de7-8e0755d7.png,OEBPS/images/chart-12-612b4de7-8e0755d7.png,true
OEBPS/content.opf,manifest,images/chart-12-715c7d17-f0878bf0.png,OEBPS/images/chart-12-715c7d17-f0878bf0.png,true
OEBPS/content.opf,manifest,images/chart-12-7d21e0aa-f810f4c5.png,OEBPS/images/chart-12-7d21e0aa-f810f4c5.png,true
OEBPS/content.opf,manifest,images/chart-12-7d60c92f-e5d1e1e5.png,OEBPS/images/chart-12-7d60c92f-e5d1e1e5.png,true
OEBPS/content.opf,manifest,images/chart-12-80826109-b0a0c3d7.png,OEBPS/images/chart-12-80826109-b0a0c3d7.png,true
OEBPS/content.opf,manifest,images/chart-12-a1a8e926-225d4f0b.png,OEBPS/images/chart-12-a1a8e926-225d4f0b.png,true
OEBPS/content.opf,manifest,images/chart-12-b13ed8f4-e4e9e1d2.png,OEBPS/images/chart-12-b13ed8f4-e4e9e1d2.png,true
OEBPS/content.opf,manifest,images/chart-12-ca53a8da-0f2e02ac.png,OEBPS/images/chart-12-ca53a8da-0f2e02ac.png,true
OEBPS/content.opf,manifest,images/chart-12-cacd5c95-04cfa4da.png,OEBPS/images/chart-12-cacd5c95-04cfa4da.png,true
OEBPS/content.opf,manifest,images/chart-12-d70a8ed6-86419d6e.png,OEBPS/images/chart-12-d70a8ed6-86419d6e.png,true
OEBPS/content.opf,manifest,images/chart-12-df7d4f23-9219f6bc.png,OEBPS/images/chart-12-df7d4f23-9219f6bc.png,true
OEBPS/content.opf,manifest,images/chart-12-ed05c250-05143934.png,OEBPS/images/chart-12-ed05c250-05143934.png,true
OEBPS/content.opf,manifest,images/chart-12-f58ff6c3-ef03ddb6.png,OEBPS/images/chart-12-f58ff6c3-ef03ddb6.png,true
OEBPS/content.opf,manifest,images/chart-12-fd07757b-9377ebaa.png,OEBPS/images/chart-12-fd07757b-9377ebaa.png,true
OEBPS/content.opf,manifest,images/chart-13-04a980b4-77bdef0f.png,OEBPS/images/chart-13-04a980b4-77bdef0f.png,true
OEBPS/content.opf,manifest,images/chart-13-17379438-f8d38651.png,OEBPS/images/chart-13-17379438-f8d38651.png,true
OEBPS/content.opf,manifest,images/chart-13-1f718a5c-21457bf0.png,OEBPS/images/chart-13-1f718a5c-21457bf0.png,true
OEBPS/content.opf,manifest,images/chart-13-3d6555b2-33d33643.png,OEBPS/images/chart-13-3d6555b2-33d33643.png,true
OEBPS/content.opf,manifest,images/chart-13-49c0109f-8933c11a.png,OEBPS/images/chart-13-49c0109f-8933c11a.png,true
OEBPS/content.opf,manifest,images/chart-13-5a123481-4a402081.png,OEBPS/images/chart-13-5a123481-4a402081.png,true
OEBPS/content.opf,manifest,images/chart-13-6549dd0b-aa764fcc.png,OEBPS/images/chart-13-6549dd0b-aa764fcc.png,true
OEBPS/content.opf,manifest,images/chart-13-6c44174c-ce6cfd09.png,OEBPS/images/chart-13-6c44174c-ce6cfd09.png,true
OEBPS/content.opf,manifest,images/chart-13-7251728f-dd409a62.png,OEBPS/images/chart-13-7251728f-dd409a62.png,true
OEBPS/content.opf,manifest,images/chart-13-7c91a4a2-c6fe7bf6.png,OEBPS/images/chart-13-7c91a4a2-c6fe7bf6.png,true
OEBPS/content.opf,manifest,images/chart-13-89976ce2-56599564.png,OEBPS/images/chart-13-89976ce2-56599564.png,true
OEBPS/content.opf,manifest,images/chart-13-9994b4a2-8d1f3cc9.png,OEBPS/images/chart-13-9994b4a2-8d1f3cc9.png,true
OEBPS/content.opf,manifest,images/chart-13-9f53e06f-031fef88.png,OEBPS/images/chart-13-9f53e06f-031fef88.png,true
OEBPS/content.opf,manifest,images/chart-13-a2a9de3b-41a14ffa.png,OEBPS/images/chart-13-a2a9de3b-41a14ffa.png,true
OEBPS/content.opf,manifest,images/chart-13-a5ab937d-e158f743.png,OEBPS/images/chart-13-a5ab937d-e158f743.png,true
OEBPS/content.opf,manifest,images/chart-13-b1cac484-2067e168.png,OEBPS/images/chart-13-b1cac484-2067e168.png,true
OEBPS/content.opf,manifest,images/chart-13-c9d2485d-4fd84b5d.png,OEBPS/images/chart-13-c9d2485d-4fd84b5d.png,true
OEBPS/content.opf,manifest,images/chart-13-d48326eb-b4e25015.png,OEBPS/images/chart-13-d48326eb-b4e25015.png,true
OEBPS/content.opf,manifest,images/chart-13-d81c72b9-76792446.png,OEBPS/images/chart-13-d81c72b9-76792446.png,true
OEBPS/content.opf,manifest,images/chart-13-dd70ccb7-271037a0.png,OEBPS/images/chart-13-dd70ccb7-271037a0.png,true
OEBPS/content.opf,manifest,images/chart-13-dfdcc4ab-3b389169.png,OEBPS/images/chart-13-dfdcc4ab-3b389169.png,true
OEBPS/content.opf,manifest,images/chart-13-e54caded-23790a19.png,OEBPS/images/chart-13-e54caded-23790a19.png,true
OEBPS/content.opf,manifest,images/chart-13-eb84f680-6a1ded42.png,OEBPS/images/chart-13-eb84f680-6a1ded42.png,true
OEBPS/content.opf,manifest,images/chart-13-efb9bf3c-4b7e7fd4.png,OEBPS/images/chart-13-efb9bf3c-4b7e7fd4.png,true
OEBPS/content.opf,manifest,images/chart-14-038cc068-01ed4c1c.png,OEBPS/images/chart-14-038cc068-01ed4c1c.png,true
OEBPS/content.opf,manifest,images/chart-14-147497d4-6de91404.png,OEBPS/images/chart-14-147497d4-6de91404.png,true
OEBPS/content.opf,manifest,images/chart-14-369895b2-cf6fe7ee.png,OEBPS/images/chart-14-369895b2-cf6fe7ee.png,true
OEBPS/content.opf,manifest,images/chart-14-3f702a1d-93868221.png,OEBPS/images/chart-14-3f702a1d-93868221.png,true
OEBPS/content.opf,manifest,images/chart-14-48133b7d-accb800f.png,OEBPS/images/chart-14-48133b7d-accb800f.png,true
OEBPS/content.opf,manifest,images/chart-14-557c7a21-4b3ce882.png,OEBPS/images/chart-14-557c7a21-4b3ce882.png,true
OEBPS/content.opf,manifest,images/chart-14-594b5a92-4c8ac0c1.png,OEBPS/images/chart-14-594b5a92-4c8ac0c1.png,true
OEBPS/content.opf,manifest,images/chart-14-61bb783d-1e1d77a6.png,OEBPS/images/chart-14-61bb783d-1e1d77a6.png,true
OEBPS/content.opf,manifest,images/chart-14-6e8847be-7e0dcc3c.png,OEBPS/images/chart-14-6e8847be-7e0dcc3c.png,true
OEBPS/content.opf,manifest,images/chart-14-8765cdb8-b54f30b9.png,OEBPS/images/chart-14-8765cdb8-b54f30b9.png,true
OEBPS/content.opf,manifest,images/chart-14-87b50077-98cccadf.png,OEBPS/images/chart-14-87b50077-98cccadf.png,true
OEBPS/content.opf,manifest,images/chart-14-89f035f9-ed92f48e.png,OEBPS/images/chart-14-89f035f9-ed92f48e.png,true
OEBPS/content.opf,manifest,images/chart-14-8b63985d-f771953d.png,OEBPS/images/chart-14-8b63985d-f771953d.png,true
OEBPS/content.opf,manifest,images/chart-14-95b3b749-97443fc8.png,OEBPS/images/chart-14-95b3b749-97443fc8.png,true
OEBPS/content.opf,manifest,images/chart-14-9d365c57-458233ad.png,OEBPS/images/chart-14-9d365c57-458233ad.png,true
OEBPS/content.opf,manifest,images/chart-14-a9d35640-77873f54.png,OEBPS/images/chart-14-a9d35640-77873f54.png,true
OEBPS/content.opf,manifest,images/chart-14-bf05e05a-641607d6.png,OEBPS/images/chart-14-bf05e05a-641607d6.png,true
OEBPS/content.opf,manifest,images/chart-14-cba9efe2-2676f7c0.png,OEBPS/images/chart-14-cba9efe2-2676f7c0.png,true
OEBPS/content.opf,manifest,images/chart-14-da3829c7-025e1a30.png,OEBPS/images/chart-14-da3829c7-025e1a30.png,true
OEBPS/content.opf,manifest,images/chart-14-db9cb927-b5436d1a.png,OEBPS/images/chart-14-db9cb927-b5436d1a.png,true
OEBPS/content.opf,manifest,images/chart-14-e46d2f0a-8748994f.png,OEBPS/images/chart-14-e46d2f0a-8748994f.png,true
OEBPS/content.opf,manifest,images/chart-14-f062271e-a22f68d0.png,OEBPS/images/chart-14-f062271e-a22f68d0.png,true
OEBPS/content.opf,manifest,images/chart-14-f0d9e092-43b04238.png,OEBPS/images/chart-14-f0d9e092-43b04238.png,true
OEBPS/content.opf,manifest,images/chart-14-fd59f43a-734db776.png,OEBPS/images/chart-14-fd59f43a-734db776.png,true
OEBPS/content.opf,manifest,images/chart-15-0951facc-55eb6f56.png,OEBPS/images/chart-15-0951facc-55eb6f56.png,true
OEBPS/content.opf,manifest,images/chart-15-119d6075-eb49b7a3.png,OEBPS/images/chart-15-119d6075-eb49b7a3.png,true
OEBPS/content.opf,manifest,images/chart-15-12675ef7-18309aaf.png,OEBPS/images/chart-15-12675ef7-18309aaf.png,true
OEBPS/content.opf,manifest,images/chart-15-321b0945-73eb7a88.png,OEBPS/images/chart-15-321b0945-73eb7a88.png,true
OEBPS/content.opf,manifest,images/chart-15-3c651d01-dd3ad806.png,OEBPS/images/chart-15-3c651d01-dd3ad806.png,true
OEBPS/content.opf,manifest,images/chart-15-3d9d41b5-09efc914.png,OEBPS/images/chart-15-3d9d41b5-09efc914.png,true
OEBPS/content.opf,manifest,images/chart-15-4079ca79-51155963.png,OEBPS/images/chart-15-4079ca79-51155963.png,true
OEBPS/content.opf,manifest,images/chart-15-4530686a-5ede71ca.png,OEBPS/images/chart-15-4530686a-5ede71ca.png,true
OEBPS/content.opf,manifest,images/chart-15-4c30710e-03ee1360.png,OEBPS/images/chart-15-4c30710e-03ee1360.png,true
OEBPS/content.opf,manifest,images/chart-15-5ea927c9-03794d1d.png,OEBPS/images/chart-15-5ea927c9-03794d1d.png,true
OEBPS/content.opf,manifest,images/chart-15-71e0a409-2c3c3185.png,OEBPS/images/chart-15-71e0a409-2c3c3185.png,true
OEBPS/content.opf,manifest,images/chart-15-7611ac79-fca288a7.png,OEBPS/images/chart-15-7611ac79-fca288a7.png,true
OEBPS/content.opf,manifest,images/chart-15-78d3ab1c-7a5fc853.png,OEBPS/images/chart-15-78d3ab1c-7a5fc853.png,true
OEBPS/content.opf,manifest,images/chart-15-81641a45-ced2960c.png,OEBPS/images/chart-15-81641a45-ced2960c.png,true
OEBPS/content.opf,manifest,images/chart-15-98a4ca50-8647d38f.png,OEBPS/images/chart-15-98a4ca50-8647d38f.png,true
OEBPS/content.opf,manifest,images/chart-15-ad566555-f9f7ddac.png,OEBPS/images/chart-15-ad566555-f9f7ddac.png,true
OEBPS/content.opf,manifest,images/chart-15-b6747096-d692713e.png,OEBPS/images/chart-15-b6747096-d692713e.png,true
OEBPS/content.opf,manifest,images/chart-15-bc90d2ba-aff86c79.png,OEBPS/images/chart-15-bc90d2ba-aff86c79.png,true
OEBPS/content.opf,manifest,images/chart-15-c93cc0d6-e3f9d1f2.png,OEBPS/images/chart-15-c93cc0d6-e3f9d1f2.png,true
OEBPS/content.opf,manifest,images/chart-15-c969514b-29268e58.png,OEBPS/images/chart-15-c969514b-29268e58.png,true
OEBPS/content.opf,manifest,images/chart-15-cdcb8a30-669331dd.png,OEBPS/images/chart-15-cdcb8a30-669331dd.png,true
OEBPS/content.opf,manifest,images/chart-15-e09b766f-0971a930.png,OEBPS/images/chart-15-e09b766f-0971a930.png,true
OEBPS/content.opf,manifest,images/chart-15-ed55a389-ba66829c.png,OEBPS/images/chart-15-ed55a389-ba66829c.png,true
OEBPS/content.opf,manifest,images/chart-16-05127213-295857f6.png,OEBPS/images/chart-16-05127213-295857f6.png,true
OEBPS/content.opf,manifest,images/chart-16-43abef9f-a80f2c82.png,OEBPS/images/chart-16-43abef9f-a80f2c82.png,true
OEBPS/content.opf,manifest,images/chart-16-51365e58-cc6b66ea.png,OEBPS/images/chart-16-51365e58-cc6b66ea.png,true
OEBPS/content.opf,manifest,images/chart-16-5b905971-73bc5f92.png,OEBPS/images/chart-16-5b905971-73bc5f92.png,true
OEBPS/content.opf,manifest,images/chart-16-63dcab56-3d77ace2.png,OEBPS/images/chart-16-63dcab56-3d77ace2.png,true
OEBPS/content.opf,manifest,images/chart-16-77bbb2cc-13a2c0fb.png,OEBPS/images/chart-16-77bbb2cc-13a2c0fb.png,true
OEBPS/content.opf,manifest,images/chart-16-8664ab36-fffc8ada.png,OEBPS/images/chart-16-8664ab36-fffc8ada.png,true
OEBPS/content.opf,manifest,images/chart-16-8da4a22e-dc0563fc.png,OEBPS/images/chart-16-8da4a22e-dc0563fc.png,true
OEBPS/content.opf,manifest,images/chart-16-8e39c64d-51a90691.png,OEBPS/images/chart-16-8e39c64d-51a90691.png,true
OEBPS/content.opf,manifest,images/chart-16-96f1d5e6-ad613e66.png,OEBPS/images/chart-16-96f1d5e6-ad613e66.png,true
OEBPS/content.opf,manifest,images/chart-16-af0c5aa5-dbe5952b.png,OEBPS/images/chart-16-af0c5aa5-dbe5952b.png,true
OEBPS/content.opf,manifest,images/chart-16-b1ceaf46-0de4572c.png,OEBPS/images/chart-16-b1ceaf46-0de4572c.png,true
OEBPS/content.opf,manifest,images/chart-16-c18459a2-557f5dba.png,OEBPS/images/chart-16-c18459a2-557f5dba.png,true
OEBPS/content.opf,manifest,images/chart-16-c3cb656f-c095b4c2.png,OEBPS/images/chart-16-c3cb656f-c095b4c2.png,true
OEBPS/content.opf,manifest,images/chart-16-c617410c-a3cd21ed.png,OEBPS/images/chart-16-c617410c-a3cd21ed.png,true
OEBPS/content.opf,manifest,images/chart-16-c7f55ad9-1f5caeb3.png,OEBPS/images/chart-16-c7f55ad9-1f5caeb3.png,true
OEBPS/content.opf,manifest,images/chart-16-c85845f3-2ea01f00.png,OEBPS/images/chart-16-c85845f3-2ea01f00.png,true
OEBPS/content.opf,manifest,images/chart-16-cc22f551-c4155f32.png,OEBPS/images/chart-16-cc22f551-c4155f32.png,true
OEBPS/content.opf,manifest,images/chart-16-daf36df2-97b45a43.png,OEBPS/images/chart-16-daf36df2-97b45a43.png,true
OEBPS/content.opf,manifest,images/chart-16-dfb93669-b0a3ea0f.png,OEBPS/images/chart-16-dfb93669-b0a3ea0f.png,true
OEBPS/content.opf,manifest,images/chart-16-eab3e23b-522a98fd.png,OEBPS/images/chart-16-eab3e23b-522a98fd.png,true
OEBPS/content.opf,manifest,images/chart-16-eb8d00e1-6a723f70.png,OEBPS/images/chart-16-eb8d00e1-6a723f70.png,true
OEBPS/content.opf,manifest,images/chart-16-f7c75f85-d4b558d7.png,OEBPS/images/chart-16-f7c75f85-d4b558d7.png,true
OEBPS/content.opf,manifest,images/chart-17-0f546dc4-cd7786d3.png,OEBPS/images/chart-17-0f546dc4-cd7786d3.png,true
OEBPS/content.opf,manifest,images/chart-17-16ef84d7-a101f0c2.png,OEBPS/images/chart-17-16ef84d7-a101f0c2.png,true
OEBPS/content.opf,manifest,images/chart-17-1f749365-c4d4301d.png,OEBPS/images/chart-17-1f749365-c4d4301d.png,true
OEBPS/content.opf,manifest,images/chart-17-2168447c-85421fcd.png,OEBPS/images/chart-17-2168447c-85421fcd.png,true
OEBPS/content.opf,manifest,images/chart-17-239875ec-d837973c.png,OEBPS/images/chart-17-239875ec-d837973c.png,true
OEBPS/content.opf,manifest,images/chart-17-275ceeb7-82900c65.png,OEBPS/images/chart-17-275ceeb7-82900c65.png,true
OEBPS/content.opf,manifest,images/chart-17-2bd9a44e-8b97df60.png,OEBPS/images/chart-17-2bd9a44e-8b97df60.png,true
OEBPS/content.opf,manifest,images/chart-17-409eac3c-f3a1c31f.png,OEBPS/images/chart-17-409eac3c-f3a1c31f.png,true
OEBPS/content.opf,manifest,images/chart-17-54af3fd8-5cb12be2.png,OEBPS/images/chart-17-54af3fd8-5cb12be2.png,true
OEBPS/content.opf,manifest,images/chart-17-724b3d4b-11502d61.png,OEBPS/images/chart-17-724b3d4b-11502d61.png,true
OEBPS/content.opf,manifest,images/chart-17-7693e157-3bf92cd2.png,OEBPS/images/chart-17-7693e157-3bf92cd2.png,true
OEBPS/content.opf,manifest,images/chart-17-89a3a12a-6b37db3c.png,OEBPS/images/chart-17-89a3a12a-6b37db3c.png,true
OEBPS/content.opf,manifest,images/chart-17-9648dfaa-f7725305.png,OEBPS/images/chart-17-9648dfaa-f7725305.png,true
OEBPS/content.opf,manifest,images/chart-17-98f9b8ae-cbd23c39.png,OEBPS/images/chart-17-98f9b8ae-cbd23c39.png,true
OEBPS/content.opf,manifest,images/chart-17-9fd4258a-229db407.png,OEBPS/images/chart-17-9fd4258a-229db407.png,true
OEBPS/content.opf,manifest,images/chart-17-b2b1c038-ee045ea1.png,OEBPS/images/chart-17-b2b1c038-ee045ea1.png,true
OEBPS/content.opf,manifest,images/chart-17-b30ac79e-df482717.png,OEBPS/images/chart-17-b30ac79e-df482717.png,true
OEBPS/content.opf,manifest,images/chart-17-c45aa8c3-7d142b82.png,OEBPS/images/chart-17-c45aa8c3-7d142b82.png,true
OEBPS/content.opf,manifest,images/chart-17-cf58e2ac-0c9041d9.png,OEBPS/images/chart-17-cf58e2ac-0c9041d9.png,true
OEBPS/content.opf,manifest,images/chart-17-d2c9378a-842794ce.png,OEBPS/images/chart-17-d2c9378a-842794ce.png,true
OEBPS/content.opf,manifest,images/chart-17-ea74bddd-58ea8b3c.png,OEBPS/images/chart-17-ea74bddd-58ea8b3c.png,true
OEBPS/content.opf,manifest,images/chart-17-f9f47097-449aadac.png,OEBPS/images/chart-17-f9f47097-449aadac.png,true
OEBPS/content.opf,manifest,images/chart-18-0f3713c5-3fcd7875.png,OEBPS/images/chart-18-0f3713c5-3fcd7875.png,true
OEBPS/content.opf,manifest,images/chart-18-132d03be-b6fcae9b.png,OEBPS/images/chart-18-132d03be-b6fcae9b.png,true
OEBPS/content.opf,manifest,images/chart-18-1fc648e6-3c90aee8.png,OEBPS/images/chart-18-1fc648e6-3c90aee8.png,true
OEBPS/content.opf,manifest,images/chart-18-2268805c-78f59f68.png,OEBPS/images/chart-18-2268805c-78f59f68.png,true
OEBPS/content.opf,manifest,images/chart-18-2502d3a8-9501fc2e.png,OEBPS/images/chart-18-2502d3a8-9501fc2e.png,true
OEBPS/content.opf,manifest,images/chart-18-38b7e8fa-41f578f1.png,OEBPS/images/chart-18-38b7e8fa-41f578f1.png,true
OEBPS/content.opf,manifest,images/chart-18-3f6ffecd-8bbaa1fa.png,OEBPS/images/chart-18-3f6ffecd-8bbaa1fa.png,true
OEBPS/content.opf,manifest,images/chart-18-50d49c65-22634a55.png,OEBPS/images/chart-18-50d49c65-22634a55.png,true
OEBPS/content.opf,manifest,images/chart-18-58935570-9c4a5049.png,OEBPS/images/chart-18-58935570-9c4a5049.png,true
OEBPS/content.opf,manifest,images/chart-18-82b3a7e6-dd2649d0.png,OEBPS/images/chart-18-82b3a7e6-dd2649d0.png,true
OEBPS/content.opf,manifest,images/chart-18-82d30370-d7375817.png,OEBPS/images/chart-18-82d30370-d7375817.png,true
OEBPS/content.opf,manifest,images/chart-18-8ed4e3fc-600ead5e.png,OEBPS/images/chart-18-8ed4e3fc-600ead5e.png,true
OEBPS/content.opf,manifest,images/chart-18-cd788634-b19464a9.png,OEBPS/images/chart-18-cd788634-b19464a9.png,true
OEBPS/content.opf,manifest,images/chart-18-d0cbd4ad-ad9d6b95.png,OEBPS/images/chart-18-d0cbd4ad-ad9d6b95.png,true
OEBPS/content.opf,manifest,images/chart-18-df06f0a4-a1386767.png,OEBPS/images/chart-18-df06f0a4-a1386767.png,true
OEBPS/content.opf,manifest,images/chart-18-e1f4634d-9649d80c.png,OEBPS/images/chart-18-e1f4634d-9649d80c.png,true
OEBPS/content.opf,manifest,images/chart-18-efa689ff-ba3607fb.png,OEBPS/images/chart-18-efa689ff-ba3607fb.png,true
OEBPS/content.opf,manifest,images/chart-18-fef51505-9c329651.png,OEBPS/images/chart-18-fef51505-9c329651.png,true
OEBPS/content.opf,manifest,images/chart-19-050f893c-90d8328f.png,OEBPS/images/chart-19-050f893c-90d8328f.png,true
OEBPS/content.opf,manifest,images/chart-19-08d964f9-698c7b33.png,OEBPS/images/chart-19-08d964f9-698c7b33.png,true
OEBPS/content.opf,manifest,images/chart-19-3bd0f015-82c2f802.png,OEBPS/images/chart-19-3bd0f015-82c2f802.png,true
OEBPS/content.opf,manifest,images/chart-19-3da71d36-59089e46.png,OEBPS/images/chart-19-3da71d36-59089e46.png,true
OEBPS/content.opf,manifest,images/chart-19-3f2e35fe-f466076c.png,OEBPS/images/chart-19-3f2e35fe-f466076c.png,true
OEBPS/content.opf,manifest,images/chart-19-3ff4a8df-a3194958.png,OEBPS/images/chart-19-3ff4a8df-a3194958.png,true
OEBPS/content.opf,manifest,images/chart-19-428d35c7-b3c4fbc8.png,OEBPS/images/chart-19-428d35c7-b3c4fbc8.png,true
OEBPS/content.opf,manifest,images/chart-19-4b5e86d5-b82cc6de.png,OEBPS/images/chart-19-4b5e86d5-b82cc6de.png,true
OEBPS/content.opf,manifest,images/chart-19-4c813adb-d07a96e8.png,OEBPS/images/chart-19-4c813adb-d07a96e8.png,true
OEBPS/content.opf,manifest,images/chart-19-5c49f214-78edd76c.png,OEBPS/images/chart-19-5c49f214-78edd76c.png,true
OEBPS/content.opf,manifest,images/chart-19-7cf7e59b-76ca647b.png,OEBPS/images/chart-19-7cf7e59b-76ca647b.png,true
OEBPS/content.opf,manifest,images/chart-19-8bfb0e66-c821f137.png,OEBPS/images/chart-19-8bfb0e66-c821f137.png,true
OEBPS/content.opf,manifest,images/chart-19-8de35e7c-44f18fe2.png,OEBPS/images/chart-19-8de35e7c-44f18fe2.png,true
OEBPS/content.opf,manifest,images/chart-19-925ff1eb-5250930e.png,OEBPS/images/chart-19-925ff1eb-5250930e.png,true
OEBPS/content.opf,manifest,images/chart-19-93b2b0f2-1f434c8c.png,OEBPS/images/chart-19-93b2b0f2-1f434c8c.png,true
OEBPS/content.opf,manifest,images/chart-19-c3f63fc5-df0e1db6.png,OEBPS/images/chart-19-c3f63fc5-df0e1db6.png,true
OEBPS/content.opf,manifest,images/chart-19-da7a74f8-79186637.png,OEBPS/images/chart-19-da7a74f8-79186637.png,true
OEBPS/content.opf,manifest,images/chart-19-df60b679-895ba296.png,OEBPS/images/chart-19-df60b679-895ba296.png,true
OEBPS/content.opf,manifest,images/chart-20-02891d4b-e34f0115.png,OEBPS/images/chart-20-02891d4b-e34f0115.png,true
OEBPS/content.opf,manifest,images/chart-20-0d53df96-d8d5497d.png,OEBPS/images/chart-20-0d53df96-d8d5497d.png,true
OEBPS/content.opf,manifest,images/chart-20-1d9830cd-3ca08110.png,OEBPS/images/chart-20-1d9830cd-3ca08110.png,true
OEBPS/content.opf,manifest,images/chart-20-3cfecaad-08a44a35.png,OEBPS/images/chart-20-3cfecaad-08a44a35.png,true
OEBPS/content.opf,manifest,images/chart-20-3f0af693-d37e6e2e.png,OEBPS/images/chart-20-3f0af693-d37e6e2e.png,true
OEBPS/content.opf,manifest,images/chart-20-50bd34dd-c21bc8c5.png,OEBPS/images/chart-20-50bd34dd-c21bc8c5.png,true
OEBPS/content.opf,manifest,images/chart-20-5242ca72-c4644442.png,OEBPS/images/chart-20-5242ca72-c4644442.png,true
OEBPS/content.opf,manifest,images/chart-20-60379eb7-f855871a.png,OEBPS/images/chart-20-60379eb7-f855871a.png,true
OEBPS/content.opf,manifest,images/chart-20-62aa8021-35554000.png,OEBPS/images/chart-20-62aa8021-35554000.png,true
OEBPS/content.opf,manifest,images/chart-20-96208cbd-f4fdff41.png,OEBPS/images/chart-20-96208cbd-f4fdff41.png,true
OEBPS/content.opf,manifest,images/chart-20-9abf2bc4-7bfe7494.png,OEBPS/images/chart-20-9abf2bc4-7bfe7494.png,true
OEBPS/content.opf,manifest,images/chart-20-9b1dfec3-5a91216c.png,OEBPS/images/chart-20-9b1dfec3-5a91216c.png,true
OEBPS/content.opf,manifest,images/chart-20-a7a28234-b4644969.png,OEBPS/images/chart-20-a7a28234-b4644969.png,true
OEBPS/content.opf,manifest,images/chart-20-b4f1328f-d499ca48.png,OEBPS/images/chart-20-b4f1328f-d499ca48.png,true
OEBPS/content.opf,manifest,images/chart-20-c242cdbc-db8768e1.png,OEBPS/images/chart-20-c242cdbc-db8768e1.png,true
OEBPS/content.opf,manifest,images/chart-20-d2f07106-104e0ce4.png,OEBPS/images/chart-20-d2f07106-104e0ce4.png,true
OEBPS/content.opf,manifest,images/chart-20-f36eb1d1-c49580d1.png,OEBPS/images/chart-20-f36eb1d1-c49580d1.png,true
OEBPS/content.opf,manifest,images/chart-20-ff28899a-c708c6fd.png,OEBPS/images/chart-20-ff28899a-c708c6fd.png,true
OEBPS/content.opf,manifest,images/chart-21-0a86982f-d8c700ec.png,OEBPS/images/chart-21-0a86982f-d8c700ec.png,true
OEBPS/content.opf,manifest,images/chart-21-14a53dc5-1d79a75b.png,OEBPS/images/chart-21-14a53dc5-1d79a75b.png,true
OEBPS/content.opf,manifest,images/chart-21-1e4c5cdb-dc9526ba.png,OEBPS/images/chart-21-1e4c5cdb-dc9526ba.png,true
OEBPS/content.opf,manifest,images/chart-21-3ca64645-a759004a.png,OEBPS/images/chart-21-3ca64645-a759004a.png,true
OEBPS/content.opf,manifest,images/chart-21-4bdec2de-c451ea20.png,OEBPS/images/chart-21-4bdec2de-c451ea20.png,true
OEBPS/content.opf,manifest,images/chart-21-5a5504e5-875cd81f.png,OEBPS/images/chart-21-5a5504e5-875cd81f.png,true
OEBPS/content.opf,manifest,images/chart-21-7b18e1f5-3c070dec.png,OEBPS/images/chart-21-7b18e1f5-3c070dec.png,true
OEBPS/content.opf,manifest,images/chart-21-7b40903d-ca803155.png,OEBPS/images/chart-21-7b40903d-ca803155.png,true
OEBPS/content.opf,manifest,images/chart-21-8231a59f-5eddaeab.png,OEBPS/images/chart-21-8231a59f-5eddaeab.png,true
OEBPS/content.opf,manifest,images/chart-21-8bc4609d-aaa71126.png,OEBPS/images/chart-21-8bc4609d-aaa71126.png,true
OEBPS/content.opf,manifest,images/chart-21-b3954a8c-39d57b51.png,OEBPS/images/chart-21-b3954a8c-39d57b51.png,true
OEBPS/content.opf,manifest,images/chart-21-b58321b6-c51ac8a5.png,OEBPS/images/chart-21-b58321b6-c51ac8a5.png,true
OEBPS/content.opf,manifest,images/chart-21-c14a1fa9-b9862a30.png,OEBPS/images/chart-21-c14a1fa9-b9862a30.png,true
OEBPS/content.opf,manifest,images/chart-21-ce257895-afc69116.png,OEBPS/images/chart-21-ce257895-afc69116.png,true
OEBPS/content.opf,manifest,images/chart-21-de838d56-048ef064.png,OEBPS/images/chart-21-de838d56-048ef064.png,true
OEBPS/content.opf,manifest,images/chart-21-e7541273-68bee238.png,OEBPS/images/chart-21-e7541273-68bee238.png,true
OEBPS/content.opf,manifest,images/chart-21-eab9d961-9501fc2e.png,OEBPS/images/chart-21-eab9d961-9501fc2e.png,true
OEBPS/content.opf,manifest,images/chart-22-0705aa0a-2e77d55c.png,OEBPS/images/chart-22-0705aa0a-2e77d55c.png,true
OEBPS/content.opf,manifest,images/chart-22-0b42afb1-d03d25fd.png,OEBPS/images/chart-22-0b42afb1-d03d25fd.png,true
OEBPS/content.opf,manifest,images/chart-22-1154dfb8-e00685fd.png,OEBPS/images/chart-22-1154dfb8-e00685fd.png,true
OEBPS/content.opf,manifest,images/chart-22-39d82e9d-aa54b27e.png,OEBPS/images/chart-22-39d82e9d-aa54b27e.png,true
OEBPS/content.opf,manifest,images/chart-22-45f88967-cec1e6c2.png,OEBPS/images/chart-22-45f88967-cec1e6c2.png,true
OEBPS/content.opf,manifest,images/chart-22-4702fc09-9fca873c.png,OEBPS/images/chart-22-4702fc09-9fca873c.png,true
OEBPS/content.opf,manifest,images/chart-22-51287b1a-022ada0b.png,OEBPS/images/chart-22-51287b1a-022ada0b.png,true
OEBPS/content.opf,manifest,images/chart-22-5e130fbf-f229bb5c.png,OEBPS/images/chart-22-5e130fbf-f229bb5c.png,true
OEBPS/content.opf,manifest,images/chart-22-651daae2-337f25a0.png,OEBPS/images/chart-22-651daae2-337f25a0.png,true
OEBPS/content.opf,manifest,images/chart-22-7c944652-dcc807c3.png,OEBPS/images/chart-22-7c944652-dcc807c3.png,true
OEBPS/content.opf,manifest,images/chart-22-a0cbf509-6c2b359e.png,OEBPS/images/chart-22-a0cbf509-6c2b359e.png,true
OEBPS/content.opf,manifest,images/chart-22-ad8ee314-b28b7d25.png,OEBPS/images/chart-22-ad8ee314-b28b7d25.png,true
OEBPS/content.opf,manifest,images/chart-22-aea44f3a-f5a2d239.png,OEBPS/images/chart-22-aea44f3a-f5a2d239.png,true
OEBPS/content.opf,manifest,images/chart-22-c2cc72cf-8cae5d1b.png,OEBPS/images/chart-22-c2cc72cf-8cae5d1b.png,true
OEBPS/content.opf,manifest,images/chart-22-e1f9a770-9656e2c2.png,OEBPS/images/chart-22-e1f9a770-9656e2c2.png,true
OEBPS/content.opf,manifest,images/chart-22-e2da02d6-dcb34179.png,OEBPS/images/chart-22-e2da02d6-dcb34179.png,true
OEBPS/content.opf,manifest,images/chart-23-2d323e42-5593067d.png,OEBPS/images/chart-23-2d323e42-5593067d.png,true
OEBPS/content.opf,manifest,images/chart-23-53c153a1-7462920a.png,OEBPS/images/chart-23-53c153a1-7462920a.png,true
OEBPS/content.opf,manifest,images/chart-23-6547fc02-377a9488.png,OEBPS/images/chart-23-6547fc02-377a9488.png,true
OEBPS/content.opf,manifest,images/chart-23-85c805c3-e54d3941.png,OEBPS/images/chart-23-85c805c3-e54d3941.png,true
OEBPS/content.opf,manifest,images/chart-23-9197a286-0760a1c6.png,OEBPS/images/chart-23-9197a286-0760a1c6.png,true
OEBPS/content.opf,manifest,images/chart-23-9648f7d8-2df9d04f.png,OEBPS/images/chart-23-9648f7d8-2df9d04f.png,true
OEBPS/content.opf,manifest,images/chart-23-9b35d14a-d8fed53a.png,OEBPS/images/chart-23-9b35d14a-d8fed53a.png,true
OEBPS/content.opf,manifest,images/chart-23-a885cf62-d09f83a0.png,OEBPS/images/chart-23-a885cf62-d09f83a0.png,true
OEBPS/content.opf,manifest,images/chart-23-aeb0a13d-640f7ad1.png,OEBPS/images/chart-23-aeb0a13d-640f7ad1.png,true
OEBPS/content.opf,manifest,images/chart-23-af7f2b64-53adf062.png,OEBPS/images/chart-23-af7f2b64-53adf062.png,true
OEBPS/content.opf,manifest,images/chart-23-b20c8b5b-5d4d3be1.png,OEBPS/images/chart-23-b20c8b5b-5d4d3be1.png,true
OEBPS/content.opf,manifest,images/chart-23-c5201d7d-529e8bec.png,OEBPS/images/chart-23-c5201d7d-529e8bec.png,true
OEBPS/content.opf,manifest,images/chart-23-d374074f-631a1113.png,OEBPS/images/chart-23-d374074f-631a1113.png,true
OEBPS/content.opf,manifest,images/chart-23-fee41cf9-bf52bbbb.png,OEBPS/images/chart-23-fee41cf9-bf52bbbb.png,true
OEBPS/content.opf,manifest,images/chart-24-1acf2d02-0ec5b289.png,OEBPS/images/chart-24-1acf2d02-0ec5b289.png,true
OEBPS/content.opf,manifest,images/chart-24-2cd8d9e0-d7d835be.png,OEBPS/images/chart-24-2cd8d9e0-d7d835be.png,true
OEBPS/content.opf,manifest,images/chart-24-6f3c1225-d67248d2.png,OEBPS/images/chart-24-6f3c1225-d67248d2.png,true
OEBPS/content.opf,manifest,images/chart-24-72d0b90b-6161fc46.png,OEBPS/images/chart-24-72d0b90b-6161fc46.png,true
OEBPS/content.opf,manifest,images/chart-24-72e22c79-661f2b44.png,OEBPS/images/chart-24-72e22c79-661f2b44.png,true
OEBPS/content.opf,manifest,images/chart-24-9f795626-32ba02b5.png,OEBPS/images/chart-24-9f795626-32ba02b5.png,true
OEBPS/content.opf,manifest,images/chart-24-a38abdc5-0b258c0c.png,OEBPS/images/chart-24-a38abdc5-0b258c0c.png,true
OEBPS/content.opf,manifest,images/chart-24-a7b4f255-231f9f8c.png,OEBPS/images/chart-24-a7b4f255-231f9f8c.png,true
OEBPS/content.opf,manifest,images/chart-24-b807a475-323ea60f.png,OEBPS/images/chart-24-b807a475-323ea60f.png,true
OEBPS/content.opf,manifest,images/chart-24-d8ba6027-bce7146c.png,OEBPS/images/chart-24-d8ba6027-bce7146c.png,true
OEBPS/content.opf,manifest,images/chart-24-ddfd3fd7-93ffc921.png,OEBPS/images/chart-24-ddfd3fd7-93ffc921.png,true
OEBPS/content.opf,manifest,images/chart-24-e7a29fc8-0e1465c3.png,OEBPS/images/chart-24-e7a29fc8-0e1465c3.png,true
OEBPS/content.opf,manifest,images/chart-24-ef821549-67a65f2e.png,OEBPS/images/chart-24-ef821549-67a65f2e.png,true
OEBPS/content.opf,manifest,images/chart-25-0eeb8f09-1c7ba509.png,OEBPS/images/chart-25-0eeb8f09-1c7ba509.png,true
OEBPS/content.opf,manifest,images/chart-25-291baa47-f0c2021c.png,OEBPS/images/chart-25-291baa47-f0c2021c.png,true
OEBPS/content.opf,manifest,images/chart-25-2e529415-7013fe05.png,OEBPS/images/chart-25-2e529415-7013fe05.png,true
OEBPS/content.opf,manifest,images/chart-25-313d6547-7a850f6e.png,OEBPS/images/chart-25-313d6547-7a850f6e.png,true
OEBPS/content.opf,manifest,images/chart-25-34db99a3-523e9521.png,OEBPS/images/chart-25-34db99a3-523e9521.png,true
OEBPS/content.opf,manifest,images/chart-25-4647671f-371b4565.png,OEBPS/images/chart-25-4647671f-371b4565.png,true
OEBPS/content.opf,manifest,images/chart-25-5306540d-f2a7ac5c.png,OEBPS/images/chart-25-5306540d-f2a7ac5c.png,true
OEBPS/content.opf,manifest,images/chart-25-606921b2-a857d17e.png,OEBPS/images/chart-25-606921b2-a857d17e.png,true
OEBPS/content.opf,manifest,images/chart-25-9b313d2f-9d426a2a.png,OEBPS/images/chart-25-9b313d2f-9d426a2a.png,true
OEBPS/content.opf,manifest,images/chart-25-af65b76c-82f6f862.png,OEBPS/images/chart-25-af65b76c-82f6f862.png,true
OEBPS/content.opf,manifest,images/chart-25-c57c8919-156617c3.png,OEBPS/images/chart-25-c57c8919-156617c3.png,true
OEBPS/content.opf,manifest,images/chart-25-d2861b17-dabe100e.png,OEBPS/images/chart-25-d2861b17-dabe100e.png,true
OEBPS/content.opf,manifest,images/chart-26-306eb2ae-f7400f91.png,OEBPS/images/chart-26-306eb2ae-f7400f91.png,true
OEBPS/content.opf,manifest,images/chart-26-306ef76e-5b2367c2.png,OEBPS/images/chart-26-306ef76e-5b2367c2.png,true
OEBPS/content.opf,manifest,images/chart-26-6f51f4ed-13544e02.png,OEBPS/images/chart-26-6f51f4ed-13544e02.png,true
OEBPS/content.opf,manifest,images/chart-26-7428aef6-15d5f03f.png,OEBPS/images/chart-26-7428aef6-15d5f03f.png,true
OEBPS/content.opf,manifest,images/chart-26-8a5db2da-0beb098c.png,OEBPS/images/chart-26-8a5db2da-0beb098c.png,true
OEBPS/content.opf,manifest,images/chart-26-9273f86b-c2ab94c7.png,OEBPS/images/chart-26-9273f86b-c2ab94c7.png,true
OEBPS/content.opf,manifest,images/chart-26-a1ee7604-331d1062.png,OEBPS/images/chart-26-a1ee7604-331d1062.png,true
OEBPS/content.opf,manifest,images/chart-26-b87b6ee0-86ac6e5a.png,OEBPS/images/chart-26-b87b6ee0-86ac6e5a.png,true
OEBPS/content.opf,manifest,images/chart-26-d91b352f-0a020321.png,OEBPS/images/chart-26-d91b352f-0a020321.png,true
OEBPS/content.opf,manifest,images/chart-26-e4357e35-b0e44e62.png,OEBPS/images/chart-26-e4357e35-b0e44e62.png,true
OEBPS/content.opf,manifest,images/chart-27-0d59126a-415a3323.png,OEBPS/images/chart-27-0d59126a-415a3323.png,true
OEBPS/content.opf,manifest,images/chart-27-2f1de294-b384a8eb.png,OEBPS/images/chart-27-2f1de294-b384a8eb.png,true
OEBPS/content.opf,manifest,images/chart-27-305efaa4-41609e59.png,OEBPS/images/chart-27-305efaa4-41609e59.png,true
OEBPS/content.opf,manifest,images/chart-27-4610d139-dac29a21.png,OEBPS/images/chart-27-4610d139-dac29a21.png,true
OEBPS/content.opf,manifest,images/chart-27-4b592478-702cb1c4.png,OEBPS/images/chart-27-4b592478-702cb1c4.png,true
OEBPS/content.opf,manifest,images/chart-27-a5bf66a1-b6cdd277.png,OEBPS/images/chart-27-a5bf66a1-b6cdd277.png,true
OEBPS/content.opf,manifest,images/chart-27-b1acf30f-0a761f0f.png,OEBPS/images/chart-27-b1acf30f-0a761f0f.png,true
OEBPS/content.opf,manifest,images/chart-27-d6b56ade-abca95a4.png,OEBPS/images/chart-27-d6b56ade-abca95a4.png,true
OEBPS/content.opf,manifest,images/chart-27-f13f2a1c-cb01bd07.png,OEBPS/images/chart-27-f13f2a1c-cb01bd07.png,true
OEBPS/content.opf,manifest,images/chart-28-0d3e06c1-1fcc238d.png,OEBPS/images/chart-28-0d3e06c1-1fcc238d.png,true
OEBPS/content.opf,manifest,images/chart-28-176b9c75-1570202b.png,OEBPS/images/chart-28-176b9c75-1570202b.png,true
OEBPS/content.opf,manifest,images/chart-28-249a3c14-cc4fc51c.png,OEBPS/images/chart-28-249a3c14-cc4fc51c.png,true
OEBPS/content.opf,manifest,images/chart-28-770b0e05-d8ec478f.png,OEBPS/images/chart-28-770b0e05-d8ec478f.png,true
OEBPS/content.opf,manifest,images/chart-28-8286952c-563abb55.png,OEBPS/images/chart-28-8286952c-563abb55.png,true
OEBPS/content.opf,manifest,images/chart-28-b2b578e6-21457bf0.png,OEBPS/images/chart-28-b2b578e6-21457bf0.png,true
OEBPS/content.opf,manifest,images/chart-28-e60563b6-2dee3392.png,OEBPS/images/chart-28-e60563b6-2dee3392.png,true
OEBPS/content.opf,manifest,images/chart-28-fd8bae96-07730d58.png,OEBPS/images/chart-28-fd8bae96-07730d58.png,true
OEBPS/content.opf,manifest,images/chart-29-0599d985-c49580d1.png,OEBPS/images/chart-29-0599d985-c49580d1.png,true
OEBPS/content.opf,manifest,images/chart-29-0f6594b4-14c8e610.png,OEBPS/images/chart-29-0f6594b4-14c8e610.png,true
OEBPS/content.opf,manifest,images/chart-29-1ca1fb7d-4880c4f0.png,OEBPS/images/chart-29-1ca1fb7d-4880c4f0.png,true
OEBPS/content.opf,manifest,images/chart-29-1e3f6fc0-c1ee96ca.png,OEBPS/images/chart-29-1e3f6fc0-c1ee96ca.png,true
OEBPS/content.opf,manifest,images/chart-29-602152ec-8748994f.png,OEBPS/images/chart-29-602152ec-8748994f.png,true
OEBPS/content.opf,manifest,images/chart-29-7331871d-178f5921.png,OEBPS/images/chart-29-7331871d-178f5921.png,true
OEBPS/content.opf,manifest,images/chart-29-7fa67211-b894543c.png,OEBPS/images/chart-29-7fa67211-b894543c.png,true
OEBPS/content.opf,manifest,images/chart-29-b74a9af2-e3a49f93.png,OEBPS/images/chart-29-b74a9af2-e3a49f93.png,true
OEBPS/content.opf,manifest,images/chart-30-0246ade8-6dcd9742.png,OEBPS/images/chart-30-0246ade8-6dcd9742.png,true
OEBPS/content.opf,manifest,images/chart-30-32552ae3-7395f20d.png,OEBPS/images/chart-30-32552ae3-7395f20d.png,true
OEBPS/content.opf,manifest,images/chart-30-52448f35-2e7366bf.png,OEBPS/images/chart-30-52448f35-2e7366bf.png,true
OEBPS/content.opf,manifest,images/chart-30-58103ba2-92859e09.png,OEBPS/images/chart-30-58103ba2-92859e09.png,true
OEBPS/content.opf,manifest,images/chart-30-59d8a103-9102fb28.png,OEBPS/images/chart-30-59d8a103-9102fb28.png,true
OEBPS/content.opf,manifest,images/chart-30-c952e8ec-7652db84.png,OEBPS/images/chart-30-c952e8ec-7652db84.png,true
OEBPS/content.opf,manifest,images/chart-30-f1e501af-a759004a.png,OEBPS/images/chart-30-f1e501af-a759004a.png,true
OEBPS/content.opf,manifest,images/chart-31-01f8df33-7100e45b.png,OEBPS/images/chart-31-01f8df33-7100e45b.png,true
OEBPS/content.opf,manifest,images/chart-31-5aa14d55-4fc6de12.png,OEBPS/images/chart-31-5aa14d55-4fc6de12.png,true
OEBPS/content.opf,manifest,images/chart-31-60dda67e-9f77db21.png,OEBPS/images/chart-31-60dda67e-9f77db21.png,true
OEBPS/content.opf,manifest,images/chart-31-6b8fc713-fadc210c.png,OEBPS/images/chart-31-6b8fc713-fadc210c.png,true
OEBPS/content.opf,manifest,images/chart-31-a8856ae2-53adf062.png,OEBPS/images/chart-31-a8856ae2-53adf062.png,true
OEBPS/content.opf,manifest,images/chart-31-c2e2ea82-38388823.png,OEBPS/images/chart-31-c2e2ea82-38388823.png,true
OEBPS/content.opf,manifest,images/chart-31-d4bb162c-1538a170.png,OEBPS/images/chart-31-d4bb162c-1538a170.png,true
OEBPS/content.opf,manifest,images/chart-32-2abe9fae-fdf25dea.png,OEBPS/images/chart-32-2abe9fae-fdf25dea.png,true
OEBPS/content.opf,manifest,images/chart-32-2afb7231-bf74bd34.png,OEBPS/images/chart-32-2afb7231-bf74bd34.png,true
OEBPS/content.opf,manifest,images/chart-32-39061ed3-00679e7e.png,OEBPS/images/chart-32-39061ed3-00679e7e.png,true
OEBPS/content.opf,manifest,images/chart-32-79dedf0b-bf5b7884.png,OEBPS/images/chart-32-79dedf0b-bf5b7884.png,true
OEBPS/content.opf,manifest,images/chart-32-7bc90e8a-124fb25d.png,OEBPS/images/chart-32-7bc90e8a-124fb25d.png,true
OEBPS/content.opf,manifest,images/chart-32-96d41e81-f8d80efd.png,OEBPS/images/chart-32-96d41e81-f8d80efd.png,true
OEBPS/content.opf,manifest,images/chart-33-0cce1010-1e874f7a.png,OEBPS/images/chart-33-0cce1010-1e874f7a.png,true
OEBPS/content.opf,manifest,images/chart-33-181a998c-8cff27b6.png,OEBPS/images/chart-33-181a998c-8cff27b6.png,true
OEBPS/content.opf,manifest,images/chart-33-1b83f77f-53114ff6.png,OEBPS/images/chart-33-1b83f77f-53114ff6.png,true
OEBPS/content.opf,manifest,images/chart-33-bc24dca4-29ac2dfa.png,OEBPS/images/chart-33-bc24dca4-29ac2dfa.png,true
OEBPS/content.opf,manifest,images/chart-33-bf4da8d5-86934e92.png,OEBPS/images/chart-33-bf4da8d5-86934e92.png,true
OEBPS/content.opf,manifest,images/chart-33-d7c2e95b-bb207919.png,OEBPS/images/chart-33-d7c2e95b-bb207919.png,true
OEBPS/content.opf,manifest,images/chart-34-3a95dc4c-fd0819b3.png,OEBPS/images/chart-34-3a95dc4c-fd0819b3.png,true
OEBPS/content.opf,manifest,images/chart-34-4477e89b-4e85413d.png,OEBPS/images/chart-34-4477e89b-4e85413d.png,true
OEBPS/content.opf,manifest,images/chart-34-5090fcd6-dbcb2be9.png,OEBPS/images/chart-34-5090fcd6-dbcb2be9.png,true
OEBPS/content.opf,manifest,images/chart-34-95473c1e-d5ded8a0.png,OEBPS/images/chart-34-95473c1e-d5ded8a0.png,true
OEBPS/content.opf,manifest,images/chart-34-c30dbc44-78c72eba.png,OEBPS/images/chart-34-c30dbc44-78c72eba.png,true
OEBPS/content.opf,manifest,images/chart-34-d007f5f4-52a3efa3.png,OEBPS/images/chart-34-d007f5f4-52a3efa3.png,true
OEBPS/content.opf,manifest,images/chart-35-038b8a9d-e9603910.png,OEBPS/images/chart-35-038b8a9d-e9603910.png,true
OEBPS/content.opf,manifest,images/chart-35-1b413274-530f85c2.png,OEBPS/images/chart-35-1b413274-530f85c2.png,true
OEBPS/content.opf,manifest,images/chart-35-5a0cad5d-7174e335.png,OEBPS/images/chart-35-5a0cad5d-7174e335.png,true
OEBPS/content.opf,manifest,images/chart-35-61449f8b-8cc4312e.png,OEBPS/images/chart-35-61449f8b-8cc4312e.png,true
OEBPS/content.opf,manifest,images/chart-35-6b168537-ddf97369.png,OEBPS/images/chart-35-6b168537-ddf97369.png,true
OEBPS/content.opf,manifest,images/chart-35-dc212902-9124890f.png,OEBPS/images/chart-35-dc212902-9124890f.png,true
OEBPS/content.opf,manifest,images/chart-36-512d04ad-9257fca3.png,OEBPS/images/chart-36-512d04ad-9257fca3.png,true
OEBPS/content.opf,manifest,images/chart-36-595860b5-ec55d8fd.png,OEBPS/images/chart-36-595860b5-ec55d8fd.png,true
OEBPS/content.opf,manifest,images/chart-36-8d480fa9-add9748e.png,OEBPS/images/chart-36-8d480fa9-add9748e.png,true
OEBPS/content.opf,manifest,images/chart-36-99670b66-17ff4965.png,OEBPS/images/chart-36-99670b66-17ff4965.png,true
OEBPS/content.opf,manifest,images/chart-36-bd63329f-23f08d69.png,OEBPS/images/chart-36-bd63329f-23f08d69.png,true
OEBPS/content.opf,manifest,images/chart-37-68dbad7b-18cdd56f.png,OEBPS/images/chart-37-68dbad7b-18cdd56f.png,true
OEBPS/content.opf,manifest,images/chart-37-80abc435-43b2550d.png,OEBPS/images/chart-37-80abc435-43b2550d.png,true
OEBPS/content.opf,manifest,images/chart-37-ac0965d5-f9489422.png,OEBPS/images/chart-37-ac0965d5-f9489422.png,true
OEBPS/content.opf,manifest,images/chart-37-ec6bad66-8143116c.png,OEBPS/images/chart-37-ec6bad66-8143116c.png,true
OEBPS/content.opf,manifest,images/chart-38-4f6d568e-2b11c080.png,OEBPS/images/chart-38-4f6d568e-2b11c080.png,true
OEBPS/content.opf,manifest,images/chart-38-ab3b87ab-5050507f.png,OEBPS/images/chart-38-ab3b87ab-5050507f.png,true
OEBPS/content.opf,manifest,images/chart-38-f4addbfd-972e4333.png,OEBPS/images/chart-38-f4addbfd-972e4333.png,true
OEBPS/content.opf,manifest,images/chart-39-a1fa0613-2e4ea4c8.png,OEBPS/images/chart-39-a1fa0613-2e4ea4c8.png,true
OEBPS/content.opf,manifest,images/chart-39-bac44fd0-15842ce2.png,OEBPS/images/chart-39-bac44fd0-15842ce2.png,true
OEBPS/content.opf,manifest,images/chart-40-a24333d6-01405271.png,OEBPS/images/chart-40-a24333d6-01405271.png,true
OEBPS/content.opf,manifest,images/chart-41-1d230035-f6bc5521.png,OEBPS/images/chart-41-1d230035-f6bc5521.png,true
OEBPS/content.opf,manifest,images/chart-42-2f75443f-a227649b.png,OEBPS/images/chart-42-2f75443f-a227649b.png,true
OEBPS/content.opf,manifest,images/chart-43-73582655-19555ef7.png,OEBPS/images/chart-43-73582655-19555ef7.png,true
OEBPS/content.opf,manifest,images/chart-44-1105aae0-dcae3acb.png,OEBPS/images/chart-44-1105aae0-dcae3acb.png,true
OEBPS/content.opf,manifest,images/chart-45-03e697a0-b8d81825.png,OEBPS/images/chart-45-03e697a0-b8d81825.png,true
OEBPS/content.opf,manifest,images/co3w75-003_25d510247c-c727e8ec-0637a88c.jpg,OEBPS/images/co3w75-003_25d510247c-c727e8ec-0637a88c.jpg,true
OEBPS/content.opf,manifest,images/cover.jpg,OEBPS/images/cover.jpg,true
OEBPS/content.opf,manifest,images/cw8zob-015_3cadbebe77-d1997d15-4bb591f8.jpg,OEBPS/images/cw8zob-015_3cadbebe77-d1997d15-4bb591f8.jpg,true
OEBPS/content.opf,manifest,images/d4g0su-007_9ca1c2065f-cf9bbad7-4995c258.jpg,OEBPS/images/d4g0su-007_9ca1c2065f-cf9bbad7-4995c258.jpg,true
OEBPS/content.opf,manifest,images/da5k2z-012_2b0f4a9600-223cd4ab-c49b3322.jpg,OEBPS/images/da5k2z-012_2b0f4a9600-223cd4ab-c49b3322.jpg,true
OEBPS/content.opf,manifest,images/dhlttj-010_22d3f1d595-efd18e46-626f1b88.jpg,OEBPS/images/dhlttj-010_22d3f1d595-efd18e46-626f1b88.jpg,true
OEBPS/content.opf,manifest,images/dnb55a-002_5111b4263d-052d341e-ed8e4eaa.jpg,OEBPS/images/dnb55a-002_5111b4263d-052d341e-ed8e4eaa.jpg,true
OEBPS/content.opf,manifest,images/dwl4yj-002_ae634db3c8-09984bac-6b1b0753.jpg,OEBPS/images/dwl4yj-002_ae634db3c8-09984bac-6b1b0753.jpg,true
OEBPS/content.opf,manifest,images/e26sfq-006_8ba1809d35-0cdded74-bad07fc6.jpg,OEBPS/images/e26sfq-006_8ba1809d35-0cdded74-bad07fc6.jpg,true
OEBPS/content.opf,manifest,images/e9h8fj-013_49ddc847b2-e8465821-7e0df6e0.jpg,OEBPS/images/e9h8fj-013_49ddc847b2-e8465821-7e0df6e0.jpg,true
OEBPS/content.opf,manifest,images/ehz1vu-005_e7a7213194-734657ab-012ac7fa.jpg,OEBPS/images/ehz1vu-005_e7a7213194-734657ab-012ac7fa.jpg,true
OEBPS/content.opf,manifest,images/el0taw-013_855c749809-368f586b-2d19d268.jpg,OEBPS/images/el0taw-013_855c749809-368f586b-2d19d268.jpg,true
OEBPS/content.opf,manifest,images/eow7ln-001_ef968b0e0d-056808c1-4cd92bf2.jpg,OEBPS/images/eow7ln-001_ef968b0e0d-056808c1-4cd92bf2.jpg,true
OEBPS/content.opf,manifest,images/euia46-006_923469a83e-b4e3a8b7-dfbefda2.jpg,OEBPS/images/euia46-006_923469a83e-b4e3a8b7-dfbefda2.jpg,true
OEBPS/content.opf,manifest,images/f2adao-021_c8655122cf-5bd66166-707239b7.jpg,OEBPS/images/f2adao-021_c8655122cf-5bd66166-707239b7.jpg,true
OEBPS/content.opf,manifest,images/f5heio-006_675d935bcc-6632a806-bfcd1469.jpg,OEBPS/images/f5heio-006_675d935bcc-6632a806-bfcd1469.jpg,true
OEBPS/content.opf,manifest,images/fm6nru-001_701c80ce87-4f768723-ce504254.jpg,OEBPS/images/fm6nru-001_701c80ce87-4f768723-ce504254.jpg,true
OEBPS/content.opf,manifest,images/formula-01-bf42b8b9-1b10084b.png,OEBPS/images/formula-01-bf42b8b9-1b10084b.png,true
OEBPS/content.opf,manifest,images/formula-02-74137521-2955a232.png,OEBPS/images/formula-02-74137521-2955a232.png,true
OEBPS/content.opf,manifest,images/formula-03-c999029e-5762c1c8.png,OEBPS/images/formula-03-c999029e-5762c1c8.png,true
OEBPS/content.opf,manifest,images/formula-04-699112e6-e8a5a3b3.png,OEBPS/images/formula-04-699112e6-e8a5a3b3.png,true
OEBPS/content.opf,manifest,images/fv3vhk-009_673eb9e7d9-51373983-a2bf2bad.jpg,OEBPS/images/fv3vhk-009_673eb9e7d9-51373983-a2bf2bad.jpg,true
OEBPS/content.opf,manifest,images/gbnole-005_f4e9ddc53c-9e24dd42-03a6022a.jpg,OEBPS/images/gbnole-005_f4e9ddc53c-9e24dd42-03a6022a.jpg,true
OEBPS/content.opf,manifest,images/gi3tia-013_7c79c3bd2c-e9bf60ec-49828f90.jpg,OEBPS/images/gi3tia-013_7c79c3bd2c-e9bf60ec-49828f90.jpg,true
OEBPS/content.opf,manifest,images/gntx7f-016_b626ba95a6-dc1564f0-e02e2d84.jpg,OEBPS/images/gntx7f-016_b626ba95a6-dc1564f0-e02e2d84.jpg,true
OEBPS/content.opf,manifest,images/goz6xf-002_12ed1ab3c1-01f85a55-4862cdbb.jpg,OEBPS/images/goz6xf-002_12ed1ab3c1-01f85a55-4862cdbb.jpg,true
OEBPS/content.opf,manifest,images/grmvf7-003_1f0819b076-afc7a6d8-c7f36205.jpg,OEBPS/images/grmvf7-003_1f0819b076-afc7a6d8-c7f36205.jpg,true
OEBPS/content.opf,manifest,images/h0fntu-005_0586d98173-05e5dedc-bb2e1be1.jpg,OEBPS/images/h0fntu-005_0586d98173-05e5dedc-bb2e1be1.jpg,true
OEBPS/content.opf,manifest,images/h3t16o-003_396e95d2c7-69f352eb-4058265e.jpg,OEBPS/images/h3t16o-003_396e95d2c7-69f352eb-4058265e.jpg,true
OEBPS/content.opf,manifest,images/h7nsab-002_39285df71f-68bd249f-efb1a46d.jpg,OEBPS/images/h7nsab-002_39285df71f-68bd249f-efb1a46d.jpg,true
OEBPS/content.opf,manifest,images/hv2j2l-002_9e49652ffa-40c04c6f-49623359.jpg,OEBPS/images/hv2j2l-002_9e49652ffa-40c04c6f-49623359.jpg,true
OEBPS/content.opf,manifest,images/ifahrm-001_f458957b3f-05a9cc8f-115cfcb0.jpg,OEBPS/images/ifahrm-001_f458957b3f-05a9cc8f-115cfcb0.jpg,true
OEBPS/content.opf,manifest,images/image1-07f6a71d-736f244c.png,OEBPS/images/image1-07f6a71d-736f244c.png,true
OEBPS/content.opf,manifest,images/image1-1184b809-01f649b5.png,OEBPS/images/image1-1184b809-01f649b5.png,true
OEBPS/content.opf,manifest,images/image1-35dfc064-81af4455.png,OEBPS/images/image1-35dfc064-81af4455.png,true
OEBPS/content.opf,manifest,images/image1-79e8f2a4-243c391c.png,OEBPS/images/image1-79e8f2a4-243c391c.png,true
OEBPS/content.opf,manifest,images/image10-c60dded9-8b08b5b0.png,OEBPS/images/image10-c60dded9-8b08b5b0.png,true
OEBPS/content.opf,manifest,images/image11-a68502c9-e8fe193d.png,OEBPS/images/image11-a68502c9-e8fe193d.png,true
OEBPS/content.opf,manifest,images/image12-b3ea10c2-ae327f24.png,OEBPS/images/image12-b3ea10c2-ae327f24.png,true
OEBPS/content.opf,manifest,images/image13-94135961-9e480c9d.png,OEBPS/images/image13-94135961-9e480c9d.png,true
OEBPS/content.opf,manifest,images/image14-de72233f-7331afa3.png,OEBPS/images/image14-de72233f-7331afa3.png,true
OEBPS/content.opf,manifest,images/image15-ee681df4-03b34c3b.jpeg,OEBPS/images/image15-ee681df4-03b34c3b.jpeg,true
OEBPS/content.opf,manifest,images/image16-4217670a-1ece8c17.png,OEBPS/images/image16-4217670a-1ece8c17.png,true
OEBPS/content.opf,manifest,images/image17-f8ccfc77-d6bbf4eb.png,OEBPS/images/image17-f8ccfc77-d6bbf4eb.png,true
OEBPS/content.opf,manifest,images/image18-097148ff-23f27982.png,OEBPS/images/image18-097148ff-23f27982.png,true
OEBPS/content.opf,manifest,images/image19-c5fb2d60-8fcdbb4b.png,OEBPS/images/image19-c5fb2d60-8fcdbb4b.png,true
OEBPS/content.opf,manifest,images/image2-01724f0d-eee37469.png,OEBPS/images/image2-01724f0d-eee37469.png,true
OEBPS/content.opf,manifest,images/image2-86c2f2ec-9d4a7ad9.png,OEBPS/images/image2-86c2f2ec-9d4a7ad9.png,true
OEBPS/content.opf,manifest,images/image2-e8880e8b-eab9cd86.png,OEBPS/images/image2-e8880e8b-eab9cd86.png,true
OEBPS/content.opf,manifest,images/image3-09630bf0-246a722e.png,OEBPS/images/image3-09630bf0-246a722e.png,true
OEBPS/content.opf,manifest,images/image3-2302083a-be77fa09.png,OEBPS/images/image3-2302083a-be77fa09.png,true
OEBPS/content.opf,manifest,images/image3-d7a83f5a-974a3c95.png,OEBPS/images/image3-d7a83f5a-974a3c95.png,true
OEBPS/content.opf,manifest,images/image4-2f0d22cf-60d37309.png,OEBPS/images/image4-2f0d22cf-60d37309.png,true
OEBPS/content.opf,manifest,images/image4-e4091822-91365d6b.png,OEBPS/images/image4-e4091822-91365d6b.png,true
OEBPS/content.opf,manifest,images/image5-bb5db21f-bbbb3cb2.png,OEBPS/images/image5-bb5db21f-bbbb3cb2.png,true
OEBPS/content.opf,manifest,images/image6-2b5f757e-51e0d146.png,OEBPS/images/image6-2b5f757e-51e0d146.png,true
OEBPS/content.opf,manifest,images/image7-efc2309b-9e71a866.png,OEBPS/images/image7-efc2309b-9e71a866.png,true
OEBPS/content.opf,manifest,images/image8-a1cb5936-df032b81.png,OEBPS/images/image8-a1cb5936-df032b81.png,true
OEBPS/content.opf,manifest,images/image9-166dc8d0-53251ce7.png,OEBPS/images/image9-166dc8d0-53251ce7.png,true
OEBPS/content.opf,manifest,images/iyj2hj-002_5b7d954f50-e67ace4a-e6e40fd9.jpg,OEBPS/images/iyj2hj-002_5b7d954f50-e67ace4a-e6e40fd9.jpg,true
OEBPS/content.opf,manifest,images/j6xame-004_be33d828a7-8ad07b55-eb5e5466.jpg,OEBPS/images/j6xame-004_be33d828a7-8ad07b55-eb5e5466.jpg,true
OEBPS/content.opf,manifest,images/j8b1ud-001_c0dc5ac709-1c9bf94b-a4ab8e06.jpg,OEBPS/images/j8b1ud-001_c0dc5ac709-1c9bf94b-a4ab8e06.jpg,true
OEBPS/content.opf,manifest,images/jixu7g-021_dc422b8741-e66229d0-5873714e.jpg,OEBPS/images/jixu7g-021_dc422b8741-e66229d0-5873714e.jpg,true
OEBPS/content.opf,manifest,images/jjtyda-005_0f88b62582-15a82bfd-df3cee74.jpg,OEBPS/images/jjtyda-005_0f88b62582-15a82bfd-df3cee74.jpg,true
OEBPS/content.opf,manifest,images/js5lj8-013_5cafda6ea4-c4b60c3e-e5011f01.jpg,OEBPS/images/js5lj8-013_5cafda6ea4-c4b60c3e-e5011f01.jpg,true
OEBPS/content.opf,manifest,images/k5m6rz-002_694620a4d6-3d9505e3-d1fac8f3.jpg,OEBPS/images/k5m6rz-002_694620a4d6-3d9505e3-d1fac8f3.jpg,true
OEBPS/content.opf,manifest,images/k91zzj-004_4e6e39aecd-69cb68eb-4e7c0e0d.jpg,OEBPS/images/k91zzj-004_4e6e39aecd-69cb68eb-4e7c0e0d.jpg,true
OEBPS/content.opf,manifest,images/kb3fnu-005_2ee1ec0205-65ce65b6-dad72ee2.jpg,OEBPS/images/kb3fnu-005_2ee1ec0205-65ce65b6-dad72ee2.jpg,true
OEBPS/content.opf,manifest,images/kb4jzp-012_a2fa157a6d-fc0ba1c6-acca4c50.jpg,OEBPS/images/kb4jzp-012_a2fa157a6d-fc0ba1c6-acca4c50.jpg,true
OEBPS/content.opf,manifest,images/kclslz-005_4232b84d5f-d3d397fa-b325e2ec.jpg,OEBPS/images/kclslz-005_4232b84d5f-d3d397fa-b325e2ec.jpg,true
OEBPS/content.opf,manifest,images/kd0cn3-008_eeb06836f5-f4f778a5-e072c291.jpg,OEBPS/images/kd0cn3-008_eeb06836f5-f4f778a5-e072c291.jpg,true
OEBPS/content.opf,manifest,images/kojfrf-009_049e60e144-b5077571-97122206.jpg,OEBPS/images/kojfrf-009_049e60e144-b5077571-97122206.jpg,true
OEBPS/content.opf,manifest,images/kqd0p1-001_b662ffd0dc-abb5c9e7-829d0213.jpg,OEBPS/images/kqd0p1-001_b662ffd0dc-abb5c9e7-829d0213.jpg,true
OEBPS/content.opf,manifest,images/kt8a9o-002_aef49d3ddf-62c133dd-b1df301a.jpg,OEBPS/images/kt8a9o-002_aef49d3ddf-62c133dd-b1df301a.jpg,true
OEBPS/content.opf,manifest,images/l4puei-009_b76f7b0c61-ec413d84-b3115b56.jpg,OEBPS/images/l4puei-009_b76f7b0c61-ec413d84-b3115b56.jpg,true
OEBPS/content.opf,manifest,images/l7mdkz-001_5945d182f3-b6a60622-1605020e.jpg,OEBPS/images/l7mdkz-001_5945d182f3-b6a60622-1605020e.jpg,true
OEBPS/content.opf,manifest,images/l7uyb3-001_5fc0cfbe46-15cfa62c-eafaea77.jpg,OEBPS/images/l7uyb3-001_5fc0cfbe46-15cfa62c-eafaea77.jpg,true
OEBPS/content.opf,manifest,images/lbihh3-003_0c7d074e75-b48bbc6c-b6a5010b.jpg,OEBPS/images/lbihh3-003_0c7d074e75-b48bbc6c-b6a5010b.jpg,true
OEBPS/content.opf,manifest,images/lf6okb-006_3a0dd4ed15-a4fe6500-734e4b97.jpg,OEBPS/images/lf6okb-006_3a0dd4ed15-a4fe6500-734e4b97.jpg,true
OEBPS/content.opf,manifest,images/lmsay-011_3bad7218e7-c7f434a7-ade03c67.jpg,OEBPS/images/lmsay-011_3bad7218e7-c7f434a7-ade03c67.jpg,true
OEBPS/content.opf,manifest,images/m29qtb-004_8aa23f4479-c8e42876-45feec21.jpg,OEBPS/images/m29qtb-004_8aa23f4479-c8e42876-45feec21.jpg,true
OEBPS/content.opf,manifest,images/mmh6gx-005_d8be2fe517-604fb45f-7f40079c.jpg,OEBPS/images/mmh6gx-005_d8be2fe517-604fb45f-7f40079c.jpg,true
OEBPS/content.opf,manifest,images/n1vpxm-003_7379dc3ab2-d91fcd82-55c4ef55.jpg,OEBPS/images/n1vpxm-003_7379dc3ab2-d91fcd82-55c4ef55.jpg,true
OEBPS/content.opf,manifest,images/npzq05-007_211a3e4d7b-923a17a9-017b7d6d.jpg,OEBPS/images/npzq05-007_211a3e4d7b-923a17a9-017b7d6d.jpg,true
OEBPS/content.opf,manifest,images/nuql48-001_d53b622af5-77e07f98-afba3972.jpg,OEBPS/images/nuql48-001_d53b622af5-77e07f98-afba3972.jpg,true
OEBPS/content.opf,manifest,images/o3zwh-007_d776bfd8ca-5f8cdc06-c6070406.jpg,OEBPS/images/o3zwh-007_d776bfd8ca-5f8cdc06-c6070406.jpg,true
OEBPS/content.opf,manifest,images/o623jk-007_bfcb2244b7-ef2de403-0edb54d4.jpg,OEBPS/images/o623jk-007_bfcb2244b7-ef2de403-0edb54d4.jpg,true
OEBPS/content.opf,manifest,images/obv3co-020_5eabe2454a-ce17da63-eb31afa2.jpg,OEBPS/images/obv3co-020_5eabe2454a-ce17da63-eb31afa2.jpg,true
OEBPS/content.opf,manifest,images/omncgz-004_8dcd6fd217-da70a777-dfbefda2.jpg,OEBPS/images/omncgz-004_8dcd6fd217-da70a777-dfbefda2.jpg,true
OEBPS/content.opf,manifest,images/p8gzpg-001_08a951c72c-84bf32c1-f2b77a4e.jpg,OEBPS/images/p8gzpg-001_08a951c72c-84bf32c1-f2b77a4e.jpg,true
OEBPS/content.opf,manifest,images/pa889l-003_00957dbcba-6892954e-60ba7925.jpg,OEBPS/images/pa889l-003_00957dbcba-6892954e-60ba7925.jpg,true
OEBPS/content.opf,manifest,images/qo1xfz-004_70375ff774-ed8496be-e9d0d6b1.jpg,OEBPS/images/qo1xfz-004_70375ff774-ed8496be-e9d0d6b1.jpg,true
OEBPS/content.opf,manifest,images/qvgei2-002_7e79484a53-60426ae0-dff2058f.jpg,OEBPS/images/qvgei2-002_7e79484a53-60426ae0-dff2058f.jpg,true
OEBPS/content.opf,manifest,images/rmlrsb-003_ea77c18c07-eb2e032e-09f021a2.jpg,OEBPS/images/rmlrsb-003_ea77c18c07-eb2e032e-09f021a2.jpg,true
OEBPS/content.opf,manifest,images/s6iyay-006_8e7a931817-a0d34cad-23b49b2e.jpg,OEBPS/images/s6iyay-006_8e7a931817-a0d34cad-23b49b2e.jpg,true
OEBPS/content.opf,manifest,images/skz5h0-004_628e63c62d-4292b89c-89d4e740.jpg,OEBPS/images/skz5h0-004_628e63c62d-4292b89c-89d4e740.jpg,true
OEBPS/content.opf,manifest,images/t944g8-010_ca70e64402-4a3c767f-744ee114.jpg,OEBPS/images/t944g8-010_ca70e64402-4a3c767f-744ee114.jpg,true
OEBPS/content.opf,manifest,images/tl55gs-003_e0b753fd88-3b6f5fae-d6f8ae5f.jpg,OEBPS/images/tl55gs-003_e0b753fd88-3b6f5fae-d6f8ae5f.jpg,true
OEBPS/content.opf,manifest,images/u6wrjo-018_5f601a67bf-f2b163a0-a449daee.jpg,OEBPS/images/u6wrjo-018_5f601a67bf-f2b163a0-a449daee.jpg,true
OEBPS/content.opf,manifest,images/urjacm-006_6966a81c03-982829dd-f94f90a4.jpg,OEBPS/images/urjacm-006_6966a81c03-982829dd-f94f90a4.jpg,true
OEBPS/content.opf,manifest,images/v0b6ar-005_13b5bd98c0-1a85e6ff-8731c295.jpg,OEBPS/images/v0b6ar-005_13b5bd98c0-1a85e6ff-8731c295.jpg,true
OEBPS/content.opf,manifest,images/v5y9r2-005_7711d58208-aba9fb8b-e69d3501.jpg,OEBPS/images/v5y9r2-005_7711d58208-aba9fb8b-e69d3501.jpg,true
OEBPS/content.opf,manifest,images/vem0gn-013_5e31b442d4-e8348d44-ac147355.jpg,OEBPS/images/vem0gn-013_5e31b442d4-e8348d44-ac147355.jpg,true
OEBPS/content.opf,manifest,images/whi7dy-010_d29164abe7-81fa85cd-aa831aff.jpg,OEBPS/images/whi7dy-010_d29164abe7-81fa85cd-aa831aff.jpg,true
OEBPS/content.opf,manifest,images/wsmfw7-008_f7aa440810-70b381d0-c247c8af.jpg,OEBPS/images/wsmfw7-008_f7aa440810-70b381d0-c247c8af.jpg,true
OEBPS/content.opf,manifest,images/x2lz2v-001_484b9da975-fdd66e1d-4c7a10f5.jpg,OEBPS/images/x2lz2v-001_484b9da975-fdd66e1d-4c7a10f5.jpg,true
OEBPS/content.opf,manifest,images/xcp6ht-017_61c034830e-6a450fb6-0024ad02.jpg,OEBPS/images/xcp6ht-017_61c034830e-6a450fb6-0024ad02.jpg,true
OEBPS/content.opf,manifest,images/xk5w7a-007_f1065958cf-8a896e11-5505e715.jpg,OEBPS/images/xk5w7a-007_f1065958cf-8a896e11-5505e715.jpg,true
OEBPS/content.opf,manifest,images/xs50kx-002_2c5509ee13-13a0f8d2-c9490425.jpg,OEBPS/images/xs50kx-002_2c5509ee13-13a0f8d2-c9490425.jpg,true
OEBPS/content.opf,manifest,images/xzqynr-007_ac31f74324-2f4166a6-1d9790e0.jpg,OEBPS/images/xzqynr-007_ac31f74324-2f4166a6-1d9790e0.jpg,true
OEBPS/content.opf,manifest,images/y07oz2-004_53af56cb6b-e33f4d0b-9c530517.jpg,OEBPS/images/y07oz2-004_53af56cb6b-e33f4d0b-9c530517.jpg,true
OEBPS/content.opf,manifest,images/y7aez6-019_15f5be658e-e1734623-a76e85fc.jpg,OEBPS/images/y7aez6-019_15f5be658e-e1734623-a76e85fc.jpg,true
OEBPS/content.opf,manifest,images/y8tkl7-019_d3b1648e82-ea9ac4af-4c539988.jpg,OEBPS/images/y8tkl7-019_d3b1648e82-ea9ac4af-4c539988.jpg,true
OEBPS/content.opf,manifest,images/ya3en6-006_9080588986-31bceadb-c87f7bc4.jpg,OEBPS/images/ya3en6-006_9080588986-31bceadb-c87f7bc4.jpg,true
OEBPS/content.opf,manifest,images/ykg4yu-003_18150ec20b-84979417-82c21aa2.jpg,OEBPS/images/ykg4yu-003_18150ec20b-84979417-82c21aa2.jpg,true
OEBPS/content.opf,manifest,images/yzj6un-016_a2a6550a4c-a4682825-d4ac4b4b.jpg,OEBPS/images/yzj6un-016_a2a6550a4c-a4682825-d4ac4b4b.jpg,true
OEBPS/content.opf,manifest,images/z20smg-004_4cd77c9c08-90febc4d-b7a95c7c.jpg,OEBPS/images/z20smg-004_4cd77c9c08-90febc4d-b7a95c7c.jpg,true
OEBPS/content.opf,manifest,images/z5t93h-007_b56ca3674e-72103e88-086693c3.jpg,OEBPS/images/z5t93h-007_b56ca3674e-72103e88-086693c3.jpg,true
OEBPS/content.opf,manifest,images/z8pbll-001_b643bbd29c-01928a18-6f0b0b95.jpg,OEBPS/images/z8pbll-001_b643bbd29c-01928a18-6f0b0b95.jpg,true
OEBPS/content.opf,manifest,images/z92cw-006_dc255fd0e1-44980025-4e00e239.jpg,OEBPS/images/z92cw-006_dc255fd0e1-44980025-4e00e239.jpg,true
OEBPS/content.opf,manifest,images/zn5ki2-008_f4352f2686-0bf455de-31ce365e.jpg,OEBPS/images/zn5ki2-008_f4352f2686-0bf455de-31ce365e.jpg,true
OEBPS/content.opf,manifest,images/zx8k1i-012_c4ba8f6e37-6d148296-b0930759.jpg,OEBPS/images/zx8k1i-012_c4ba8f6e37-6d148296-b0930759.jpg,true
OEBPS/content.opf,manifest,styles/epub.css,OEBPS/styles/epub.css,true
OEBPS/content.opf,manifest,text/article-001-commentary-2011-12-12-deggh2.xhtml,OEBPS/text/article-001-commentary-2011-12-12-deggh2.xhtml,true
OEBPS/content.opf,manifest,text/article-002-essay-2012-09-16-1w3ulz.xhtml,OEBPS/text/article-002-essay-2012-09-16-1w3ulz.xhtml,true
OEBPS/content.opf,manifest,text/article-003-essay-2013-08-13-1u7u3gz.xhtml,OEBPS/text/article-003-essay-2013-08-13-1u7u3gz.xhtml,true
OEBPS/content.opf,manifest,text/article-004-essay-2018-07-10-2r7slu.xhtml,OEBPS/text/article-004-essay-2018-07-10-2r7slu.xhtml,true
OEBPS/content.opf,manifest,text/article-005-essay-undated-gaozhong-life.xhtml,OEBPS/text/article-005-essay-undated-gaozhong-life.xhtml,true
OEBPS/content.opf,manifest,text/article-006-essay-2018-07-26-1tkzb2j.xhtml,OEBPS/text/article-006-essay-2018-07-26-1tkzb2j.xhtml,true
OEBPS/content.opf,manifest,text/article-007-essay-2020-12-18-ffqqho.xhtml,OEBPS/text/article-007-essay-2020-12-18-ffqqho.xhtml,true
OEBPS/content.opf,manifest,text/article-008-essay-2021-10-01-14j3a6w.xhtml,OEBPS/text/article-008-essay-2021-10-01-14j3a6w.xhtml,true
OEBPS/content.opf,manifest,text/article-009-essay-2021-10-11-13nbyr5.xhtml,OEBPS/text/article-009-essay-2021-10-11-13nbyr5.xhtml,true
OEBPS/content.opf,manifest,text/article-010-essay-2022-07-22-1qni7fh.xhtml,OEBPS/text/article-010-essay-2022-07-22-1qni7fh.xhtml,true
OEBPS/content.opf,manifest,text/article-011-essay-2024-02-18-1ifohxo.xhtml,OEBPS/text/article-011-essay-2024-02-18-1ifohxo.xhtml,true
OEBPS/content.opf,manifest,text/article-012-commentary-undated-12935ru.xhtml,OEBPS/text/article-012-commentary-undated-12935ru.xhtml,true
OEBPS/content.opf,manifest,text/article-013-analysis-2009-09-09-cf40-193.xhtml,OEBPS/text/article-013-analysis-2009-09-09-cf40-193.xhtml,true
OEBPS/content.opf,manifest,text/article-014-representative-2010-10-12-1b8qs6i.xhtml,OEBPS/text/article-014-representative-2010-10-12-1b8qs6i.xhtml,true
OEBPS/content.opf,manifest,text/article-015-representative-2011-04-27-e2sypg.xhtml,OEBPS/text/article-015-representative-2011-04-27-e2sypg.xhtml,true
OEBPS/content.opf,manifest,text/article-016-analysis-2011-11-25-z31s07.xhtml,OEBPS/text/article-016-analysis-2011-11-25-z31s07.xhtml,true
OEBPS/content.opf,manifest,text/article-017-analysis-2012-12-30-1fltqdh.xhtml,OEBPS/text/article-017-analysis-2012-12-30-1fltqdh.xhtml,true
OEBPS/content.opf,manifest,text/article-018-analysis-2013-10-26-cf40-1458.xhtml,OEBPS/text/article-018-analysis-2013-10-26-cf40-1458.xhtml,true
OEBPS/content.opf,manifest,text/article-019-analysis-2014-09-18-z3ob9o.xhtml,OEBPS/text/article-019-analysis-2014-09-18-z3ob9o.xhtml,true
OEBPS/content.opf,manifest,text/article-020-representative-2018-07-31-lrxbyg.xhtml,OEBPS/text/article-020-representative-2018-07-31-lrxbyg.xhtml,true
OEBPS/content.opf,manifest,text/article-021-analysis-2009-09-29-cf40-203.xhtml,OEBPS/text/article-021-analysis-2009-09-29-cf40-203.xhtml,true
OEBPS/content.opf,manifest,text/article-022-analysis-2010-09-02-cf40-435.xhtml,OEBPS/text/article-022-analysis-2010-09-02-cf40-435.xhtml,true
OEBPS/content.opf,manifest,text/article-023-analysis-2011-01-31-cf40-574.xhtml,OEBPS/text/article-023-analysis-2011-01-31-cf40-574.xhtml,true
OEBPS/content.opf,manifest,text/article-024-analysis-2011-06-08-nl9vt9.xhtml,OEBPS/text/article-024-analysis-2011-06-08-nl9vt9.xhtml,true
OEBPS/content.opf,manifest,text/article-025-analysis-2011-06-17-1mbdi65.xhtml,OEBPS/text/article-025-analysis-2011-06-17-1mbdi65.xhtml,true
OEBPS/content.opf,manifest,text/article-026-analysis-2011-07-14-cf40-694.xhtml,OEBPS/text/article-026-analysis-2011-07-14-cf40-694.xhtml,true
OEBPS/content.opf,manifest,text/article-027-analysis-2011-08-19-cf40-740.xhtml,OEBPS/text/article-027-analysis-2011-08-19-cf40-740.xhtml,true
OEBPS/content.opf,manifest,text/article-028-analysis-2011-08-22-1aj4ecp.xhtml,OEBPS/text/article-028-analysis-2011-08-22-1aj4ecp.xhtml,true
OEBPS/content.opf,manifest,text/article-029-analysis-2011-08-29-1tp9faf.xhtml,OEBPS/text/article-029-analysis-2011-08-29-1tp9faf.xhtml,true
OEBPS/content.opf,manifest,text/article-030-analysis-2011-09-13-hpt5hk.xhtml,OEBPS/text/article-030-analysis-2011-09-13-hpt5hk.xhtml,true
OEBPS/content.opf,manifest,text/article-031-analysis-2012-06-29-ydl9ff.xhtml,OEBPS/text/article-031-analysis-2012-06-29-ydl9ff.xhtml,true
OEBPS/content.opf,manifest,text/article-032-analysis-2014-04-20-cf40-1619.xhtml,OEBPS/text/article-032-analysis-2014-04-20-cf40-1619.xhtml,true
OEBPS/content.opf,manifest,text/article-033-analysis-2014-05-08-133h92r.xhtml,OEBPS/text/article-033-analysis-2014-05-08-133h92r.xhtml,true
OEBPS/content.opf,manifest,text/article-034-analysis-2015-05-15-cf40-1953.xhtml,OEBPS/text/article-034-analysis-2015-05-15-cf40-1953.xhtml,true
OEBPS/content.opf,manifest,text/article-035-analysis-2017-02-27-cf40-2467.xhtml,OEBPS/text/article-035-analysis-2017-02-27-cf40-2467.xhtml,true
OEBPS/content.opf,manifest,text/article-036-analysis-2017-07-12-1s0j49i.xhtml,OEBPS/text/article-036-analysis-2017-07-12-1s0j49i.xhtml,true
OEBPS/content.opf,manifest,text/article-037-analysis-2017-09-07-cf40-2628.xhtml,OEBPS/text/article-037-analysis-2017-09-07-cf40-2628.xhtml,true
OEBPS/content.opf,manifest,text/article-038-analysis-2019-12-08-1c9smie.xhtml,OEBPS/text/article-038-analysis-2019-12-08-1c9smie.xhtml,true
OEBPS/content.opf,manifest,text/article-039-analysis-2020-05-03-cf40-3357.xhtml,OEBPS/text/article-039-analysis-2020-05-03-cf40-3357.xhtml,true
OEBPS/content.opf,manifest,text/article-040-analysis-2022-11-14-1x1gha2.xhtml,OEBPS/text/article-040-analysis-2022-11-14-1x1gha2.xhtml,true
OEBPS/content.opf,manifest,text/article-041-analysis-2023-06-13-1h21gmn.xhtml,OEBPS/text/article-041-analysis-2023-06-13-1h21gmn.xhtml,true
OEBPS/content.opf,manifest,text/article-042-analysis-2023-07-26-cf40-4507.xhtml,OEBPS/text/article-042-analysis-2023-07-26-cf40-4507.xhtml,true
OEBPS/content.opf,manifest,text/article-043-analysis-2010-11-11-cf40-497.xhtml,OEBPS/text/article-043-analysis-2010-11-11-cf40-497.xhtml,true
OEBPS/content.opf,manifest,text/article-044-analysis-2011-05-24-pk1kfh.xhtml,OEBPS/text/article-044-analysis-2011-05-24-pk1kfh.xhtml,true
OEBPS/content.opf,manifest,text/article-045-analysis-2012-02-20-1fnty3l.xhtml,OEBPS/text/article-045-analysis-2012-02-20-1fnty3l.xhtml,true
OEBPS/content.opf,manifest,text/article-046-analysis-2013-06-26-1lqkujw.xhtml,OEBPS/text/article-046-analysis-2013-06-26-1lqkujw.xhtml,true
OEBPS/content.opf,manifest,text/article-047-analysis-2013-07-12-drn2d1.xhtml,OEBPS/text/article-047-analysis-2013-07-12-drn2d1.xhtml,true
OEBPS/content.opf,manifest,text/article-048-analysis-2013-12-13-1j8ud9w.xhtml,OEBPS/text/article-048-analysis-2013-12-13-1j8ud9w.xhtml,true
OEBPS/content.opf,manifest,text/article-049-analysis-2013-12-25-1sc4a6v.xhtml,OEBPS/text/article-049-analysis-2013-12-25-1sc4a6v.xhtml,true
OEBPS/content.opf,manifest,text/article-050-analysis-2014-04-21-1w4964r.xhtml,OEBPS/text/article-050-analysis-2014-04-21-1w4964r.xhtml,true
OEBPS/content.opf,manifest,text/article-051-commentary-2014-06-17-1s84v5m.xhtml,OEBPS/text/article-051-commentary-2014-06-17-1s84v5m.xhtml,true
OEBPS/content.opf,manifest,text/article-052-analysis-2015-08-12-nxtdhp.xhtml,OEBPS/text/article-052-analysis-2015-08-12-nxtdhp.xhtml,true
OEBPS/content.opf,manifest,text/article-053-analysis-2015-10-23-1a7mblf.xhtml,OEBPS/text/article-053-analysis-2015-10-23-1a7mblf.xhtml,true
OEBPS/content.opf,manifest,text/article-054-analysis-2015-12-16-9ey7c3.xhtml,OEBPS/text/article-054-analysis-2015-12-16-9ey7c3.xhtml,true
OEBPS/content.opf,manifest,text/article-055-analysis-2016-01-23-cf40-2217.xhtml,OEBPS/text/article-055-analysis-2016-01-23-cf40-2217.xhtml,true
OEBPS/content.opf,manifest,text/article-056-analysis-2016-08-11-1xw3jws.xhtml,OEBPS/text/article-056-analysis-2016-08-11-1xw3jws.xhtml,true
OEBPS/content.opf,manifest,text/article-057-analysis-2017-01-10-oi5ohh.xhtml,OEBPS/text/article-057-analysis-2017-01-10-oi5ohh.xhtml,true
OEBPS/content.opf,manifest,text/article-058-analysis-2017-02-08-ped4oo.xhtml,OEBPS/text/article-058-analysis-2017-02-08-ped4oo.xhtml,true
OEBPS/content.opf,manifest,text/article-059-analysis-2017-07-10-1wa6qd7.xhtml,OEBPS/text/article-059-analysis-2017-07-10-1wa6qd7.xhtml,true
OEBPS/content.opf,manifest,text/article-060-analysis-2017-07-29-cf40-2593.xhtml,OEBPS/text/article-060-analysis-2017-07-29-cf40-2593.xhtml,true
OEBPS/content.opf,manifest,text/article-061-analysis-2017-09-21-1x1xhed.xhtml,OEBPS/text/article-061-analysis-2017-09-21-1x1xhed.xhtml,true
OEBPS/content.opf,manifest,text/article-062-analysis-2017-11-16-cf40-2675.xhtml,OEBPS/text/article-062-analysis-2017-11-16-cf40-2675.xhtml,true
OEBPS/content.opf,manifest,text/article-063-analysis-2018-03-07-cf40-2760.xhtml,OEBPS/text/article-063-analysis-2018-03-07-cf40-2760.xhtml,true
OEBPS/content.opf,manifest,text/article-064-analysis-2020-04-05-cf40-3328.xhtml,OEBPS/text/article-064-analysis-2020-04-05-cf40-3328.xhtml,true
OEBPS/content.opf,manifest,text/article-065-analysis-2020-11-07-cf40-3610.xhtml,OEBPS/text/article-065-analysis-2020-11-07-cf40-3610.xhtml,true
OEBPS/content.opf,manifest,text/article-066-analysis-2021-02-10-cf40-3694.xhtml,OEBPS/text/article-066-analysis-2021-02-10-cf40-3694.xhtml,true
OEBPS/content.opf,manifest,text/article-067-analysis-2021-03-10-cf40-3709.xhtml,OEBPS/text/article-067-analysis-2021-03-10-cf40-3709.xhtml,true
OEBPS/content.opf,manifest,text/article-068-analysis-2022-05-31-cf40-4048.xhtml,OEBPS/text/article-068-analysis-2022-05-31-cf40-4048.xhtml,true
OEBPS/content.opf,manifest,text/article-069-analysis-2010-12-14-cf40-525.xhtml,OEBPS/text/article-069-analysis-2010-12-14-cf40-525.xhtml,true
OEBPS/content.opf,manifest,text/article-070-analysis-2011-12-08-w0p4t8.xhtml,OEBPS/text/article-070-analysis-2011-12-08-w0p4t8.xhtml,true
OEBPS/content.opf,manifest,text/article-071-analysis-2011-12-15-1bxk9k7.xhtml,OEBPS/text/article-071-analysis-2011-12-15-1bxk9k7.xhtml,true
OEBPS/content.opf,manifest,text/article-072-analysis-2012-07-13-t5sgzj.xhtml,OEBPS/text/article-072-analysis-2012-07-13-t5sgzj.xhtml,true
OEBPS/content.opf,manifest,text/article-073-analysis-2013-01-23-cf40-1182.xhtml,OEBPS/text/article-073-analysis-2013-01-23-cf40-1182.xhtml,true
OEBPS/content.opf,manifest,text/article-074-analysis-2013-06-23-1ffp2x3.xhtml,OEBPS/text/article-074-analysis-2013-06-23-1ffp2x3.xhtml,true
OEBPS/content.opf,manifest,text/article-075-analysis-2014-01-12-1olyata.xhtml,OEBPS/text/article-075-analysis-2014-01-12-1olyata.xhtml,true
OEBPS/content.opf,manifest,text/article-076-analysis-2014-01-23-19q2ojg.xhtml,OEBPS/text/article-076-analysis-2014-01-23-19q2ojg.xhtml,true
OEBPS/content.opf,manifest,text/article-077-analysis-2014-05-17-cf40-1666.xhtml,OEBPS/text/article-077-analysis-2014-05-17-cf40-1666.xhtml,true
OEBPS/content.opf,manifest,text/article-078-analysis-2014-08-06-8obrb8.xhtml,OEBPS/text/article-078-analysis-2014-08-06-8obrb8.xhtml,true
OEBPS/content.opf,manifest,text/article-079-analysis-2014-12-25-16gb0ew.xhtml,OEBPS/text/article-079-analysis-2014-12-25-16gb0ew.xhtml,true
OEBPS/content.opf,manifest,text/article-080-analysis-2015-06-01-1hir3om.xhtml,OEBPS/text/article-080-analysis-2015-06-01-1hir3om.xhtml,true
OEBPS/content.opf,manifest,text/article-081-analysis-2015-07-02-1i64yjn.xhtml,OEBPS/text/article-081-analysis-2015-07-02-1i64yjn.xhtml,true
OEBPS/content.opf,manifest,text/article-082-commentary-2015-07-24-2he5hh.xhtml,OEBPS/text/article-082-commentary-2015-07-24-2he5hh.xhtml,true
OEBPS/content.opf,manifest,text/article-083-commentary-2015-08-09-1lqohk2.xhtml,OEBPS/text/article-083-commentary-2015-08-09-1lqohk2.xhtml,true
OEBPS/content.opf,manifest,text/article-084-commentary-2015-08-15-okmyr0.xhtml,OEBPS/text/article-084-commentary-2015-08-15-okmyr0.xhtml,true
OEBPS/content.opf,manifest,text/article-085-analysis-2016-07-07-12hogiu.xhtml,OEBPS/text/article-085-analysis-2016-07-07-12hogiu.xhtml,true
OEBPS/content.opf,manifest,text/article-086-analysis-2017-04-27-ljvbla.xhtml,OEBPS/text/article-086-analysis-2017-04-27-ljvbla.xhtml,true
OEBPS/content.opf,manifest,text/article-087-analysis-2017-07-03-147gkay.xhtml,OEBPS/text/article-087-analysis-2017-07-03-147gkay.xhtml,true
OEBPS/content.opf,manifest,text/article-088-analysis-2017-09-18-16oiu69.xhtml,OEBPS/text/article-088-analysis-2017-09-18-16oiu69.xhtml,true
OEBPS/content.opf,manifest,text/article-089-analysis-2018-01-25-jhc4vh.xhtml,OEBPS/text/article-089-analysis-2018-01-25-jhc4vh.xhtml,true
OEBPS/content.opf,manifest,text/article-090-analysis-2018-03-20-10gutlg.xhtml,OEBPS/text/article-090-analysis-2018-03-20-10gutlg.xhtml,true
OEBPS/content.opf,manifest,text/article-091-analysis-2018-05-28-wginz7.xhtml,OEBPS/text/article-091-analysis-2018-05-28-wginz7.xhtml,true
OEBPS/content.opf,manifest,text/article-092-analysis-2018-05-31-vmlmi0.xhtml,OEBPS/text/article-092-analysis-2018-05-31-vmlmi0.xhtml,true
OEBPS/content.opf,manifest,text/article-093-analysis-2018-12-28-cf40-3013.xhtml,OEBPS/text/article-093-analysis-2018-12-28-cf40-3013.xhtml,true
OEBPS/content.opf,manifest,text/article-094-analysis-2020-09-14-6m3pis.xhtml,OEBPS/text/article-094-analysis-2020-09-14-6m3pis.xhtml,true
OEBPS/content.opf,manifest,text/article-095-analysis-2021-01-17-cf40-3672.xhtml,OEBPS/text/article-095-analysis-2021-01-17-cf40-3672.xhtml,true
OEBPS/content.opf,manifest,text/article-096-analysis-2022-02-07-cf40-3958.xhtml,OEBPS/text/article-096-analysis-2022-02-07-cf40-3958.xhtml,true
OEBPS/content.opf,manifest,text/article-097-analysis-undated-18r006g.xhtml,OEBPS/text/article-097-analysis-undated-18r006g.xhtml,true
OEBPS/content.opf,manifest,text/article-098-commentary-undated-1fcf1t3.xhtml,OEBPS/text/article-098-commentary-undated-1fcf1t3.xhtml,true
OEBPS/content.opf,manifest,text/article-099-analysis-2009-08-15-cf40-177.xhtml,OEBPS/text/article-099-analysis-2009-08-15-cf40-177.xhtml,true
OEBPS/content.opf,manifest,text/article-100-analysis-2013-03-05-17b10m7.xhtml,OEBPS/text/article-100-analysis-2013-03-05-17b10m7.xhtml,true
OEBPS/content.opf,manifest,text/article-101-analysis-2014-07-05-cf40-1691.xhtml,OEBPS/text/article-101-analysis-2014-07-05-cf40-1691.xhtml,true
OEBPS/content.opf,manifest,text/article-102-analysis-2014-07-07-1v3ncu2.xhtml,OEBPS/text/article-102-analysis-2014-07-07-1v3ncu2.xhtml,true
OEBPS/content.opf,manifest,text/article-103-analysis-2014-07-24-1yh5fmx.xhtml,OEBPS/text/article-103-analysis-2014-07-24-1yh5fmx.xhtml,true
OEBPS/content.opf,manifest,text/article-104-analysis-2016-12-27-auk8v4.xhtml,OEBPS/text/article-104-analysis-2016-12-27-auk8v4.xhtml,true
OEBPS/content.opf,manifest,text/article-105-analysis-2017-10-24-koiumd.xhtml,OEBPS/text/article-105-analysis-2017-10-24-koiumd.xhtml,true
OEBPS/content.opf,manifest,text/article-106-analysis-2017-10-30-piquit.xhtml,OEBPS/text/article-106-analysis-2017-10-30-piquit.xhtml,true
OEBPS/content.opf,manifest,text/article-107-analysis-2017-11-04-py9veu.xhtml,OEBPS/text/article-107-analysis-2017-11-04-py9veu.xhtml,true
OEBPS/content.opf,manifest,text/article-108-analysis-2017-11-23-1hgafp2.xhtml,OEBPS/text/article-108-analysis-2017-11-23-1hgafp2.xhtml,true
OEBPS/content.opf,manifest,text/article-109-analysis-2018-01-03-cf40-2715.xhtml,OEBPS/text/article-109-analysis-2018-01-03-cf40-2715.xhtml,true
OEBPS/content.opf,manifest,text/article-110-analysis-2018-04-24-cf40-2789.xhtml,OEBPS/text/article-110-analysis-2018-04-24-cf40-2789.xhtml,true
OEBPS/content.opf,manifest,text/article-111-analysis-2021-07-08-b3nxx8.xhtml,OEBPS/text/article-111-analysis-2021-07-08-b3nxx8.xhtml,true
OEBPS/content.opf,manifest,text/article-112-analysis-2021-12-24-1ilob08.xhtml,OEBPS/text/article-112-analysis-2021-12-24-1ilob08.xhtml,true
OEBPS/content.opf,manifest,text/article-113-analysis-2022-09-19-cf40-4141.xhtml,OEBPS/text/article-113-analysis-2022-09-19-cf40-4141.xhtml,true
OEBPS/content.opf,manifest,text/article-114-analysis-2022-12-18-373pwx.xhtml,OEBPS/text/article-114-analysis-2022-12-18-373pwx.xhtml,true
OEBPS/content.opf,manifest,text/article-115-analysis-2023-11-08-cf40-4594.xhtml,OEBPS/text/article-115-analysis-2023-11-08-cf40-4594.xhtml,true
OEBPS/content.opf,manifest,text/article-116-analysis-2023-12-13-xmy5dk.xhtml,OEBPS/text/article-116-analysis-2023-12-13-xmy5dk.xhtml,true
OEBPS/content.opf,manifest,text/article-117-analysis-2024-01-30-cf40-4657.xhtml,OEBPS/text/article-117-analysis-2024-01-30-cf40-4657.xhtml,true
OEBPS/content.opf,manifest,text/article-118-analysis-2024-05-31-w3d19i.xhtml,OEBPS/text/article-118-analysis-2024-05-31-w3d19i.xhtml,true
OEBPS/content.opf,manifest,text/article-119-analysis-2024-09-15-cf40-4826.xhtml,OEBPS/text/article-119-analysis-2024-09-15-cf40-4826.xhtml,true
OEBPS/content.opf,manifest,text/article-120-analysis-2024-09-30-cf40-4838.xhtml,OEBPS/text/article-120-analysis-2024-09-30-cf40-4838.xhtml,true
OEBPS/content.opf,manifest,text/article-121-analysis-2024-10-22-cf40-4853.xhtml,OEBPS/text/article-121-analysis-2024-10-22-cf40-4853.xhtml,true
OEBPS/content.opf,manifest,text/article-122-analysis-2010-06-07-cf40-354.xhtml,OEBPS/text/article-122-analysis-2010-06-07-cf40-354.xhtml,true
OEBPS/content.opf,manifest,text/article-123-analysis-2016-09-02-1vxpt19.xhtml,OEBPS/text/article-123-analysis-2016-09-02-1vxpt19.xhtml,true
OEBPS/content.opf,manifest,text/article-124-analysis-2016-12-20-1nurznx.xhtml,OEBPS/text/article-124-analysis-2016-12-20-1nurznx.xhtml,true
OEBPS/content.opf,manifest,text/article-125-analysis-2017-04-12-fbad43.xhtml,OEBPS/text/article-125-analysis-2017-04-12-fbad43.xhtml,true
OEBPS/content.opf,manifest,text/article-126-analysis-2017-11-25-cf40-2689.xhtml,OEBPS/text/article-126-analysis-2017-11-25-cf40-2689.xhtml,true
OEBPS/content.opf,manifest,text/article-127-analysis-2017-12-31-ngfyo.xhtml,OEBPS/text/article-127-analysis-2017-12-31-ngfyo.xhtml,true
OEBPS/content.opf,manifest,text/article-128-analysis-2018-12-04-cf40-2993.xhtml,OEBPS/text/article-128-analysis-2018-12-04-cf40-2993.xhtml,true
OEBPS/content.opf,manifest,text/article-129-analysis-2018-12-11-172b1d7.xhtml,OEBPS/text/article-129-analysis-2018-12-11-172b1d7.xhtml,true
OEBPS/content.opf,manifest,text/article-130-analysis-2021-05-27-cf40-3766.xhtml,OEBPS/text/article-130-analysis-2021-05-27-cf40-3766.xhtml,true
OEBPS/content.opf,manifest,text/article-131-analysis-2021-06-23-cf40-3795.xhtml,OEBPS/text/article-131-analysis-2021-06-23-cf40-3795.xhtml,true
OEBPS/content.opf,manifest,text/article-132-analysis-2021-11-19-cf40-3908.xhtml,OEBPS/text/article-132-analysis-2021-11-19-cf40-3908.xhtml,true
OEBPS/content.opf,manifest,text/article-133-analysis-2024-06-14-cf40-4747.xhtml,OEBPS/text/article-133-analysis-2024-06-14-cf40-4747.xhtml,true
OEBPS/content.opf,manifest,text/article-134-analysis-2010-04-12-cf40-348.xhtml,OEBPS/text/article-134-analysis-2010-04-12-cf40-348.xhtml,true
OEBPS/content.opf,manifest,text/article-135-analysis-2012-01-10-fb45zh.xhtml,OEBPS/text/article-135-analysis-2012-01-10-fb45zh.xhtml,true
OEBPS/content.opf,manifest,text/article-136-analysis-2012-06-21-cf40-1009.xhtml,OEBPS/text/article-136-analysis-2012-06-21-cf40-1009.xhtml,true
OEBPS/content.opf,manifest,text/article-137-analysis-2015-11-27-mkwijb.xhtml,OEBPS/text/article-137-analysis-2015-11-27-mkwijb.xhtml,true
OEBPS/content.opf,manifest,text/article-138-analysis-2017-03-14-agajzn.xhtml,OEBPS/text/article-138-analysis-2017-03-14-agajzn.xhtml,true
OEBPS/content.opf,manifest,text/article-139-analysis-2018-03-21-1sl5ymg.xhtml,OEBPS/text/article-139-analysis-2018-03-21-1sl5ymg.xhtml,true
OEBPS/content.opf,manifest,text/article-140-analysis-2018-06-21-famr7l.xhtml,OEBPS/text/article-140-analysis-2018-06-21-famr7l.xhtml,true
OEBPS/content.opf,manifest,text/article-141-analysis-2018-07-31-cf40-2877.xhtml,OEBPS/text/article-141-analysis-2018-07-31-cf40-2877.xhtml,true
OEBPS/content.opf,manifest,text/article-142-analysis-2018-09-30-cf40-2946.xhtml,OEBPS/text/article-142-analysis-2018-09-30-cf40-2946.xhtml,true
OEBPS/content.opf,manifest,text/article-143-analysis-2018-11-22-cf40-2986.xhtml,OEBPS/text/article-143-analysis-2018-11-22-cf40-2986.xhtml,true
OEBPS/content.opf,manifest,text/article-144-analysis-2019-01-15-cf40-3022.xhtml,OEBPS/text/article-144-analysis-2019-01-15-cf40-3022.xhtml,true
OEBPS/content.opf,manifest,text/article-145-analysis-2019-05-29-1awyt7m.xhtml,OEBPS/text/article-145-analysis-2019-05-29-1awyt7m.xhtml,true
OEBPS/content.opf,manifest,text/article-146-analysis-2019-08-23-cf40-3162.xhtml,OEBPS/text/article-146-analysis-2019-08-23-cf40-3162.xhtml,true
OEBPS/content.opf,manifest,text/article-147-analysis-2019-11-10-cf40-3210.xhtml,OEBPS/text/article-147-analysis-2019-11-10-cf40-3210.xhtml,true
OEBPS/content.opf,manifest,text/article-148-analysis-2022-07-02-q66d6x.xhtml,OEBPS/text/article-148-analysis-2022-07-02-q66d6x.xhtml,true
OEBPS/content.opf,manifest,text/article-149-analysis-2022-11-21-cf40-4191.xhtml,OEBPS/text/article-149-analysis-2022-11-21-cf40-4191.xhtml,true
OEBPS/content.opf,manifest,text/article-150-analysis-2024-07-25-cf40-4777.xhtml,OEBPS/text/article-150-analysis-2024-07-25-cf40-4777.xhtml,true
OEBPS/content.opf,manifest,text/article-151-analysis-2019-09-28-cf40-3185.xhtml,OEBPS/text/article-151-analysis-2019-09-28-cf40-3185.xhtml,true
OEBPS/content.opf,manifest,text/article-152-analysis-2020-02-29-cf40-3295.xhtml,OEBPS/text/article-152-analysis-2020-02-29-cf40-3295.xhtml,true
OEBPS/content.opf,manifest,text/article-153-analysis-2020-03-17-cf40-3306.xhtml,OEBPS/text/article-153-analysis-2020-03-17-cf40-3306.xhtml,true
OEBPS/content.opf,manifest,text/article-154-analysis-2020-06-14-cf40-3494.xhtml,OEBPS/text/article-154-analysis-2020-06-14-cf40-3494.xhtml,true
OEBPS/content.opf,manifest,text/article-155-analysis-2020-07-01-14dsh8z.xhtml,OEBPS/text/article-155-analysis-2020-07-01-14dsh8z.xhtml,true
OEBPS/content.opf,manifest,text/article-156-analysis-2020-07-09-1297y42.xhtml,OEBPS/text/article-156-analysis-2020-07-09-1297y42.xhtml,true
OEBPS/content.opf,manifest,text/article-157-analysis-2020-07-24-cf40-3520.xhtml,OEBPS/text/article-157-analysis-2020-07-24-cf40-3520.xhtml,true
OEBPS/content.opf,manifest,text/article-158-analysis-2021-01-14-1vn7z1z.xhtml,OEBPS/text/article-158-analysis-2021-01-14-1vn7z1z.xhtml,true
OEBPS/content.opf,manifest,text/article-159-analysis-2021-04-29-cf40-3744.xhtml,OEBPS/text/article-159-analysis-2021-04-29-cf40-3744.xhtml,true
OEBPS/content.opf,manifest,text/article-160-analysis-2022-12-10-cf40-4313.xhtml,OEBPS/text/article-160-analysis-2022-12-10-cf40-4313.xhtml,true
OEBPS/content.opf,manifest,text/biography.xhtml,OEBPS/text/biography.xhtml,true
OEBPS/content.opf,manifest,text/category-core_method.xhtml,OEBPS/text/category-core_method.xhtml,true
OEBPS/content.opf,manifest,text/category-essay.xhtml,OEBPS/text/category-essay.xhtml,true
OEBPS/content.opf,manifest,text/category-growth_cycle.xhtml,OEBPS/text/category-growth_cycle.xhtml,true
OEBPS/content.opf,manifest,text/category-industry_energy.xhtml,OEBPS/text/category-industry_energy.xhtml,true
OEBPS/content.opf,manifest,text/category-market_risk.xhtml,OEBPS/text/category-market_risk.xhtml,true
OEBPS/content.opf,manifest,text/category-money_currency.xhtml,OEBPS/text/category-money_currency.xhtml,true
OEBPS/content.opf,manifest,text/category-policy_shock.xhtml,OEBPS/text/category-policy_shock.xhtml,true
OEBPS/content.opf,manifest,text/category-property_demand.xhtml,OEBPS/text/category-property_demand.xhtml,true
OEBPS/content.opf,manifest,text/category-trade_global.xhtml,OEBPS/text/category-trade_global.xhtml,true
OEBPS/content.opf,manifest,text/cover.xhtml,OEBPS/text/cover.xhtml,true
OEBPS/content.opf,manifest,text/detailed-toc.xhtml,OEBPS/text/detailed-toc.xhtml,true
OEBPS/content.opf,manifest,text/title.xhtml,OEBPS/text/title.xhtml,true
OEBPS/content.opf,spine_idref,item-text-cover-xhtml,text/cover.xhtml,true
OEBPS/content.opf,spine_idref,item-text-biography-xhtml,text/biography.xhtml,true
OEBPS/content.opf,spine_idref,item-text-title-xhtml,text/title.xhtml,true
OEBPS/content.opf,spine_idref,item-text-detailed-toc-xhtml,text/detailed-toc.xhtml,true
OEBPS/content.opf,spine_idref,item-text-category-essay-xhtml,text/category-essay.xhtml,true
OEBPS/content.opf,spine_idref,item-text-article-001-commentary-2011-12-12-deggh2-xhtml,text/article-001-commentary-2011-12-12-deggh2.xhtml,true
OEBPS/content.opf,spine_idref,item-text-article-002-essay-2012-09-16-1w3ulz-xhtml,text/article-002-essay-2012-09-16-1w3ulz.xhtml,true
OEBPS/content.opf,spine_idref,item-text-article-003-essay-2013-08-13-1u7u3gz-xhtml,text/article-003-essay-2013-08-13-1u7u3gz.xhtml,true
OEBPS/content.opf,spine_idref,item-text-article-004-essay-2018-07-10-2r7slu-xhtml,text/article-004-essay-2018-07-10-2r7slu.xhtml,true
OEBPS/content.opf,spine_idref,item-text-article-005-essay-undated-gaozhong-life-xhtml,text/article-005-essay-undated-gaozhong-life.xhtml,true
OEBPS/content.opf,spine_idref,item-text-article-006-essay-2018-07-26-1tkzb2j-xhtml,text/article-006-essay-2018-07-26-1tkzb2j.xhtml,true
OEBPS/content.opf,spine_idref,item-text-article-007-essay-2020-12-18-ffqqho-xhtml,text/article-007-essay-2020-12-18-ffqqho.xhtml,true
OEBPS/content.opf,spine_idref,item-text-article-008-essay-2021-10-01-14j3a6w-xhtml,text/article-008-essay-2021-10-01-14j3a6w.xhtml,true
OEBPS/content.opf,spine_idref,item-text-article-009-essay-2021-10-11-13nbyr5-xhtml,text/article-009-essay-2021-10-11-13nbyr5.xhtml,true
OEBPS/content.opf,spine_idref,item-text-article-010-essay-2022-07-22-1qni7fh-xhtml,text/article-010-essay-2022-07-22-1qni7fh.xhtml,true
OEBPS/content.opf,spine_idref,item-text-article-011-essay-2024-02-18-1ifohxo-xhtml,text/article-011-essay-2024-02-18-1ifohxo.xhtml,true
OEBPS/content.opf,spine_idref,item-text-article-012-commentary-undated-12935ru-xhtml,text/article-012-commentary-undated-12935ru.xhtml,true
OEBPS/content.opf,spine_idref,item-text-category-core_method-xhtml,text/category-core_method.xhtml,true
OEBPS/content.opf,spine_idref,item-text-article-013-analysis-2009-09-09-cf40-193-xhtml,text/article-013-analysis-2009-09-09-cf40-193.xhtml,true
OEBPS/content.opf,spine_idref,item-text-article-014-representative-2010-10-12-1b8qs6i-xhtml,text/article-014-representative-2010-10-12-1b8qs6i.xhtml,true
OEBPS/content.opf,spine_idref,item-text-article-015-representative-2011-04-27-e2sypg-xhtml,text/article-015-representative-2011-04-27-e2sypg.xhtml,true
OEBPS/content.opf,spine_idref,item-text-article-016-analysis-2011-11-25-z31s07-xhtml,text/article-016-analysis-2011-11-25-z31s07.xhtml,true
OEBPS/content.opf,spine_idref,item-text-article-017-analysis-2012-12-30-1fltqdh-xhtml,text/article-017-analysis-2012-12-30-1fltqdh.xhtml,true
OEBPS/content.opf,spine_idref,item-text-article-018-analysis-2013-10-26-cf40-1458-xhtml,text/article-018-analysis-2013-10-26-cf40-1458.xhtml,true
OEBPS/content.opf,spine_idref,item-text-article-019-analysis-2014-09-18-z3ob9o-xhtml,text/article-019-analysis-2014-09-18-z3ob9o.xhtml,true
OEBPS/content.opf,spine_idref,item-text-article-020-representative-2018-07-31-lrxbyg-xhtml,text/article-020-representative-2018-07-31-lrxbyg.xhtml,true
OEBPS/content.opf,spine_idref,item-text-category-growth_cycle-xhtml,text/category-growth_cycle.xhtml,true
OEBPS/content.opf,spine_idref,item-text-article-021-analysis-2009-09-29-cf40-203-xhtml,text/article-021-analysis-2009-09-29-cf40-203.xhtml,true
OEBPS/content.opf,spine_idref,item-text-article-022-analysis-2010-09-02-cf40-435-xhtml,text/article-022-analysis-2010-09-02-cf40-435.xhtml,true
OEBPS/content.opf,spine_idref,item-text-article-023-analysis-2011-01-31-cf40-574-xhtml,text/article-023-analysis-2011-01-31-cf40-574.xhtml,true
OEBPS/content.opf,spine_idref,item-text-article-024-analysis-2011-06-08-nl9vt9-xhtml,text/article-024-analysis-2011-06-08-nl9vt9.xhtml,true
OEBPS/content.opf,spine_idref,item-text-article-025-analysis-2011-06-17-1mbdi65-xhtml,text/article-025-analysis-2011-06-17-1mbdi65.xhtml,true
OEBPS/content.opf,spine_idref,item-text-article-026-analysis-2011-07-14-cf40-694-xhtml,text/article-026-analysis-2011-07-14-cf40-694.xhtml,true
OEBPS/content.opf,spine_idref,item-text-article-027-analysis-2011-08-19-cf40-740-xhtml,text/article-027-analysis-2011-08-19-cf40-740.xhtml,true
OEBPS/content.opf,spine_idref,item-text-article-028-analysis-2011-08-22-1aj4ecp-xhtml,text/article-028-analysis-2011-08-22-1aj4ecp.xhtml,true
OEBPS/content.opf,spine_idref,item-text-article-029-analysis-2011-08-29-1tp9faf-xhtml,text/article-029-analysis-2011-08-29-1tp9faf.xhtml,true
OEBPS/content.opf,spine_idref,item-text-article-030-analysis-2011-09-13-hpt5hk-xhtml,text/article-030-analysis-2011-09-13-hpt5hk.xhtml,true
OEBPS/content.opf,spine_idref,item-text-article-031-analysis-2012-06-29-ydl9ff-xhtml,text/article-031-analysis-2012-06-29-ydl9ff.xhtml,true
OEBPS/content.opf,spine_idref,item-text-article-032-analysis-2014-04-20-cf40-1619-xhtml,text/article-032-analysis-2014-04-20-cf40-1619.xhtml,true
OEBPS/content.opf,spine_idref,item-text-article-033-analysis-2014-05-08-133h92r-xhtml,text/article-033-analysis-2014-05-08-133h92r.xhtml,true
OEBPS/content.opf,spine_idref,item-text-article-034-analysis-2015-05-15-cf40-1953-xhtml,text/article-034-analysis-2015-05-15-cf40-1953.xhtml,true
OEBPS/content.opf,spine_idref,item-text-article-035-analysis-2017-02-27-cf40-2467-xhtml,text/article-035-analysis-2017-02-27-cf40-2467.xhtml,true
OEBPS/content.opf,spine_idref,item-text-article-036-analysis-2017-07-12-1s0j49i-xhtml,text/article-036-analysis-2017-07-12-1s0j49i.xhtml,true
OEBPS/content.opf,spine_idref,item-text-article-037-analysis-2017-09-07-cf40-2628-xhtml,text/article-037-analysis-2017-09-07-cf40-2628.xhtml,true
OEBPS/content.opf,spine_idref,item-text-article-038-analysis-2019-12-08-1c9smie-xhtml,text/article-038-analysis-2019-12-08-1c9smie.xhtml,true
OEBPS/content.opf,spine_idref,item-text-article-039-analysis-2020-05-03-cf40-3357-xhtml,text/article-039-analysis-2020-05-03-cf40-3357.xhtml,true
OEBPS/content.opf,spine_idref,item-text-article-040-analysis-2022-11-14-1x1gha2-xhtml,text/article-040-analysis-2022-11-14-1x1gha2.xhtml,true
OEBPS/content.opf,spine_idref,item-text-article-041-analysis-2023-06-13-1h21gmn-xhtml,text/article-041-analysis-2023-06-13-1h21gmn.xhtml,true
OEBPS/content.opf,spine_idref,item-text-article-042-analysis-2023-07-26-cf40-4507-xhtml,text/article-042-analysis-2023-07-26-cf40-4507.xhtml,true
OEBPS/content.opf,spine_idref,item-text-category-money_currency-xhtml,text/category-money_currency.xhtml,true
OEBPS/content.opf,spine_idref,item-text-article-043-analysis-2010-11-11-cf40-497-xhtml,text/article-043-analysis-2010-11-11-cf40-497.xhtml,true
OEBPS/content.opf,spine_idref,item-text-article-044-analysis-2011-05-24-pk1kfh-xhtml,text/article-044-analysis-2011-05-24-pk1kfh.xhtml,true
OEBPS/content.opf,spine_idref,item-text-article-045-analysis-2012-02-20-1fnty3l-xhtml,text/article-045-analysis-2012-02-20-1fnty3l.xhtml,true
OEBPS/content.opf,spine_idref,item-text-article-046-analysis-2013-06-26-1lqkujw-xhtml,text/article-046-analysis-2013-06-26-1lqkujw.xhtml,true
OEBPS/content.opf,spine_idref,item-text-article-047-analysis-2013-07-12-drn2d1-xhtml,text/article-047-analysis-2013-07-12-drn2d1.xhtml,true
OEBPS/content.opf,spine_idref,item-text-article-048-analysis-2013-12-13-1j8ud9w-xhtml,text/article-048-analysis-2013-12-13-1j8ud9w.xhtml,true
OEBPS/content.opf,spine_idref,item-text-article-049-analysis-2013-12-25-1sc4a6v-xhtml,text/article-049-analysis-2013-12-25-1sc4a6v.xhtml,true
OEBPS/content.opf,spine_idref,item-text-article-050-analysis-2014-04-21-1w4964r-xhtml,text/article-050-analysis-2014-04-21-1w4964r.xhtml,true
OEBPS/content.opf,spine_idref,item-text-article-051-commentary-2014-06-17-1s84v5m-xhtml,text/article-051-commentary-2014-06-17-1s84v5m.xhtml,true
OEBPS/content.opf,spine_idref,item-text-article-052-analysis-2015-08-12-nxtdhp-xhtml,text/article-052-analysis-2015-08-12-nxtdhp.xhtml,true
OEBPS/content.opf,spine_idref,item-text-article-053-analysis-2015-10-23-1a7mblf-xhtml,text/article-053-analysis-2015-10-23-1a7mblf.xhtml,true
OEBPS/content.opf,spine_idref,item-text-article-054-analysis-2015-12-16-9ey7c3-xhtml,text/article-054-analysis-2015-12-16-9ey7c3.xhtml,true
OEBPS/content.opf,spine_idref,item-text-article-055-analysis-2016-01-23-cf40-2217-xhtml,text/article-055-analysis-2016-01-23-cf40-2217.xhtml,true
OEBPS/content.opf,spine_idref,item-text-article-056-analysis-2016-08-11-1xw3jws-xhtml,text/article-056-analysis-2016-08-11-1xw3jws.xhtml,true
OEBPS/content.opf,spine_idref,item-text-article-057-analysis-2017-01-10-oi5ohh-xhtml,text/article-057-analysis-2017-01-10-oi5ohh.xhtml,true
OEBPS/content.opf,spine_idref,item-text-article-058-analysis-2017-02-08-ped4oo-xhtml,text/article-058-analysis-2017-02-08-ped4oo.xhtml,true
OEBPS/content.opf,spine_idref,item-text-article-059-analysis-2017-07-10-1wa6qd7-xhtml,text/article-059-analysis-2017-07-10-1wa6qd7.xhtml,true
OEBPS/content.opf,spine_idref,item-text-article-060-analysis-2017-07-29-cf40-2593-xhtml,text/article-060-analysis-2017-07-29-cf40-2593.xhtml,true
OEBPS/content.opf,spine_idref,item-text-article-061-analysis-2017-09-21-1x1xhed-xhtml,text/article-061-analysis-2017-09-21-1x1xhed.xhtml,true
OEBPS/content.opf,spine_idref,item-text-article-062-analysis-2017-11-16-cf40-2675-xhtml,text/article-062-analysis-2017-11-16-cf40-2675.xhtml,true
OEBPS/content.opf,spine_idref,item-text-article-063-analysis-2018-03-07-cf40-2760-xhtml,text/article-063-analysis-2018-03-07-cf40-2760.xhtml,true
OEBPS/content.opf,spine_idref,item-text-article-064-analysis-2020-04-05-cf40-3328-xhtml,text/article-064-analysis-2020-04-05-cf40-3328.xhtml,true
OEBPS/content.opf,spine_idref,item-text-article-065-analysis-2020-11-07-cf40-3610-xhtml,text/article-065-analysis-2020-11-07-cf40-3610.xhtml,true
OEBPS/content.opf,spine_idref,item-text-article-066-analysis-2021-02-10-cf40-3694-xhtml,text/article-066-analysis-2021-02-10-cf40-3694.xhtml,true
OEBPS/content.opf,spine_idref,item-text-article-067-analysis-2021-03-10-cf40-3709-xhtml,text/article-067-analysis-2021-03-10-cf40-3709.xhtml,true
OEBPS/content.opf,spine_idref,item-text-article-068-analysis-2022-05-31-cf40-4048-xhtml,text/article-068-analysis-2022-05-31-cf40-4048.xhtml,true
OEBPS/content.opf,spine_idref,item-text-category-market_risk-xhtml,text/category-market_risk.xhtml,true
OEBPS/content.opf,spine_idref,item-text-article-069-analysis-2010-12-14-cf40-525-xhtml,text/article-069-analysis-2010-12-14-cf40-525.xhtml,true
OEBPS/content.opf,spine_idref,item-text-article-070-analysis-2011-12-08-w0p4t8-xhtml,text/article-070-analysis-2011-12-08-w0p4t8.xhtml,true
OEBPS/content.opf,spine_idref,item-text-article-071-analysis-2011-12-15-1bxk9k7-xhtml,text/article-071-analysis-2011-12-15-1bxk9k7.xhtml,true
OEBPS/content.opf,spine_idref,item-text-article-072-analysis-2012-07-13-t5sgzj-xhtml,text/article-072-analysis-2012-07-13-t5sgzj.xhtml,true
OEBPS/content.opf,spine_idref,item-text-article-073-analysis-2013-01-23-cf40-1182-xhtml,text/article-073-analysis-2013-01-23-cf40-1182.xhtml,true
OEBPS/content.opf,spine_idref,item-text-article-074-analysis-2013-06-23-1ffp2x3-xhtml,text/article-074-analysis-2013-06-23-1ffp2x3.xhtml,true
OEBPS/content.opf,spine_idref,item-text-article-075-analysis-2014-01-12-1olyata-xhtml,text/article-075-analysis-2014-01-12-1olyata.xhtml,true
OEBPS/content.opf,spine_idref,item-text-article-076-analysis-2014-01-23-19q2ojg-xhtml,text/article-076-analysis-2014-01-23-19q2ojg.xhtml,true
OEBPS/content.opf,spine_idref,item-text-article-077-analysis-2014-05-17-cf40-1666-xhtml,text/article-077-analysis-2014-05-17-cf40-1666.xhtml,true
OEBPS/content.opf,spine_idref,item-text-article-078-analysis-2014-08-06-8obrb8-xhtml,text/article-078-analysis-2014-08-06-8obrb8.xhtml,true
OEBPS/content.opf,spine_idref,item-text-article-079-analysis-2014-12-25-16gb0ew-xhtml,text/article-079-analysis-2014-12-25-16gb0ew.xhtml,true
OEBPS/content.opf,spine_idref,item-text-article-080-analysis-2015-06-01-1hir3om-xhtml,text/article-080-analysis-2015-06-01-1hir3om.xhtml,true
OEBPS/content.opf,spine_idref,item-text-article-081-analysis-2015-07-02-1i64yjn-xhtml,text/article-081-analysis-2015-07-02-1i64yjn.xhtml,true
OEBPS/content.opf,spine_idref,item-text-article-082-commentary-2015-07-24-2he5hh-xhtml,text/article-082-commentary-2015-07-24-2he5hh.xhtml,true
OEBPS/content.opf,spine_idref,item-text-article-083-commentary-2015-08-09-1lqohk2-xhtml,text/article-083-commentary-2015-08-09-1lqohk2.xhtml,true
OEBPS/content.opf,spine_idref,item-text-article-084-commentary-2015-08-15-okmyr0-xhtml,text/article-084-commentary-2015-08-15-okmyr0.xhtml,true
OEBPS/content.opf,spine_idref,item-text-article-085-analysis-2016-07-07-12hogiu-xhtml,text/article-085-analysis-2016-07-07-12hogiu.xhtml,true
OEBPS/content.opf,spine_idref,item-text-article-086-analysis-2017-04-27-ljvbla-xhtml,text/article-086-analysis-2017-04-27-ljvbla.xhtml,true
OEBPS/content.opf,spine_idref,item-text-article-087-analysis-2017-07-03-147gkay-xhtml,text/article-087-analysis-2017-07-03-147gkay.xhtml,true
OEBPS/content.opf,spine_idref,item-text-article-088-analysis-2017-09-18-16oiu69-xhtml,text/article-088-analysis-2017-09-18-16oiu69.xhtml,true
OEBPS/content.opf,spine_idref,item-text-article-089-analysis-2018-01-25-jhc4vh-xhtml,text/article-089-analysis-2018-01-25-jhc4vh.xhtml,true
OEBPS/content.opf,spine_idref,item-text-article-090-analysis-2018-03-20-10gutlg-xhtml,text/article-090-analysis-2018-03-20-10gutlg.xhtml,true
OEBPS/content.opf,spine_idref,item-text-article-091-analysis-2018-05-28-wginz7-xhtml,text/article-091-analysis-2018-05-28-wginz7.xhtml,true
OEBPS/content.opf,spine_idref,item-text-article-092-analysis-2018-05-31-vmlmi0-xhtml,text/article-092-analysis-2018-05-31-vmlmi0.xhtml,true
OEBPS/content.opf,spine_idref,item-text-article-093-analysis-2018-12-28-cf40-3013-xhtml,text/article-093-analysis-2018-12-28-cf40-3013.xhtml,true
OEBPS/content.opf,spine_idref,item-text-article-094-analysis-2020-09-14-6m3pis-xhtml,text/article-094-analysis-2020-09-14-6m3pis.xhtml,true
OEBPS/content.opf,spine_idref,item-text-article-095-analysis-2021-01-17-cf40-3672-xhtml,text/article-095-analysis-2021-01-17-cf40-3672.xhtml,true
OEBPS/content.opf,spine_idref,item-text-article-096-analysis-2022-02-07-cf40-3958-xhtml,text/article-096-analysis-2022-02-07-cf40-3958.xhtml,true
OEBPS/content.opf,spine_idref,item-text-article-097-analysis-undated-18r006g-xhtml,text/article-097-analysis-undated-18r006g.xhtml,true
OEBPS/content.opf,spine_idref,item-text-article-098-commentary-undated-1fcf1t3-xhtml,text/article-098-commentary-undated-1fcf1t3.xhtml,true
OEBPS/content.opf,spine_idref,item-text-category-property_demand-xhtml,text/category-property_demand.xhtml,true
OEBPS/content.opf,spine_idref,item-text-article-099-analysis-2009-08-15-cf40-177-xhtml,text/article-099-analysis-2009-08-15-cf40-177.xhtml,true
OEBPS/content.opf,spine_idref,item-text-article-100-analysis-2013-03-05-17b10m7-xhtml,text/article-100-analysis-2013-03-05-17b10m7.xhtml,true
OEBPS/content.opf,spine_idref,item-text-article-101-analysis-2014-07-05-cf40-1691-xhtml,text/article-101-analysis-2014-07-05-cf40-1691.xhtml,true
OEBPS/content.opf,spine_idref,item-text-article-102-analysis-2014-07-07-1v3ncu2-xhtml,text/article-102-analysis-2014-07-07-1v3ncu2.xhtml,true
OEBPS/content.opf,spine_idref,item-text-article-103-analysis-2014-07-24-1yh5fmx-xhtml,text/article-103-analysis-2014-07-24-1yh5fmx.xhtml,true
OEBPS/content.opf,spine_idref,item-text-article-104-analysis-2016-12-27-auk8v4-xhtml,text/article-104-analysis-2016-12-27-auk8v4.xhtml,true
OEBPS/content.opf,spine_idref,item-text-article-105-analysis-2017-10-24-koiumd-xhtml,text/article-105-analysis-2017-10-24-koiumd.xhtml,true
OEBPS/content.opf,spine_idref,item-text-article-106-analysis-2017-10-30-piquit-xhtml,text/article-106-analysis-2017-10-30-piquit.xhtml,true
OEBPS/content.opf,spine_idref,item-text-article-107-analysis-2017-11-04-py9veu-xhtml,text/article-107-analysis-2017-11-04-py9veu.xhtml,true
OEBPS/content.opf,spine_idref,item-text-article-108-analysis-2017-11-23-1hgafp2-xhtml,text/article-108-analysis-2017-11-23-1hgafp2.xhtml,true
OEBPS/content.opf,spine_idref,item-text-article-109-analysis-2018-01-03-cf40-2715-xhtml,text/article-109-analysis-2018-01-03-cf40-2715.xhtml,true
OEBPS/content.opf,spine_idref,item-text-article-110-analysis-2018-04-24-cf40-2789-xhtml,text/article-110-analysis-2018-04-24-cf40-2789.xhtml,true
OEBPS/content.opf,spine_idref,item-text-article-111-analysis-2021-07-08-b3nxx8-xhtml,text/article-111-analysis-2021-07-08-b3nxx8.xhtml,true
OEBPS/content.opf,spine_idref,item-text-article-112-analysis-2021-12-24-1ilob08-xhtml,text/article-112-analysis-2021-12-24-1ilob08.xhtml,true
OEBPS/content.opf,spine_idref,item-text-article-113-analysis-2022-09-19-cf40-4141-xhtml,text/article-113-analysis-2022-09-19-cf40-4141.xhtml,true
OEBPS/content.opf,spine_idref,item-text-article-114-analysis-2022-12-18-373pwx-xhtml,text/article-114-analysis-2022-12-18-373pwx.xhtml,true
OEBPS/content.opf,spine_idref,item-text-article-115-analysis-2023-11-08-cf40-4594-xhtml,text/article-115-analysis-2023-11-08-cf40-4594.xhtml,true
OEBPS/content.opf,spine_idref,item-text-article-116-analysis-2023-12-13-xmy5dk-xhtml,text/article-116-analysis-2023-12-13-xmy5dk.xhtml,true
OEBPS/content.opf,spine_idref,item-text-article-117-analysis-2024-01-30-cf40-4657-xhtml,text/article-117-analysis-2024-01-30-cf40-4657.xhtml,true
OEBPS/content.opf,spine_idref,item-text-article-118-analysis-2024-05-31-w3d19i-xhtml,text/article-118-analysis-2024-05-31-w3d19i.xhtml,true
OEBPS/content.opf,spine_idref,item-text-article-119-analysis-2024-09-15-cf40-4826-xhtml,text/article-119-analysis-2024-09-15-cf40-4826.xhtml,true
OEBPS/content.opf,spine_idref,item-text-article-120-analysis-2024-09-30-cf40-4838-xhtml,text/article-120-analysis-2024-09-30-cf40-4838.xhtml,true
OEBPS/content.opf,spine_idref,item-text-article-121-analysis-2024-10-22-cf40-4853-xhtml,text/article-121-analysis-2024-10-22-cf40-4853.xhtml,true
OEBPS/content.opf,spine_idref,item-text-category-industry_energy-xhtml,text/category-industry_energy.xhtml,true
OEBPS/content.opf,spine_idref,item-text-article-122-analysis-2010-06-07-cf40-354-xhtml,text/article-122-analysis-2010-06-07-cf40-354.xhtml,true
OEBPS/content.opf,spine_idref,item-text-article-123-analysis-2016-09-02-1vxpt19-xhtml,text/article-123-analysis-2016-09-02-1vxpt19.xhtml,true
OEBPS/content.opf,spine_idref,item-text-article-124-analysis-2016-12-20-1nurznx-xhtml,text/article-124-analysis-2016-12-20-1nurznx.xhtml,true
OEBPS/content.opf,spine_idref,item-text-article-125-analysis-2017-04-12-fbad43-xhtml,text/article-125-analysis-2017-04-12-fbad43.xhtml,true
OEBPS/content.opf,spine_idref,item-text-article-126-analysis-2017-11-25-cf40-2689-xhtml,text/article-126-analysis-2017-11-25-cf40-2689.xhtml,true
OEBPS/content.opf,spine_idref,item-text-article-127-analysis-2017-12-31-ngfyo-xhtml,text/article-127-analysis-2017-12-31-ngfyo.xhtml,true
OEBPS/content.opf,spine_idref,item-text-article-128-analysis-2018-12-04-cf40-2993-xhtml,text/article-128-analysis-2018-12-04-cf40-2993.xhtml,true
OEBPS/content.opf,spine_idref,item-text-article-129-analysis-2018-12-11-172b1d7-xhtml,text/article-129-analysis-2018-12-11-172b1d7.xhtml,true
OEBPS/content.opf,spine_idref,item-text-article-130-analysis-2021-05-27-cf40-3766-xhtml,text/article-130-analysis-2021-05-27-cf40-3766.xhtml,true
OEBPS/content.opf,spine_idref,item-text-article-131-analysis-2021-06-23-cf40-3795-xhtml,text/article-131-analysis-2021-06-23-cf40-3795.xhtml,true
OEBPS/content.opf,spine_idref,item-text-article-132-analysis-2021-11-19-cf40-3908-xhtml,text/article-132-analysis-2021-11-19-cf40-3908.xhtml,true
OEBPS/content.opf,spine_idref,item-text-article-133-analysis-2024-06-14-cf40-4747-xhtml,text/article-133-analysis-2024-06-14-cf40-4747.xhtml,true
OEBPS/content.opf,spine_idref,item-text-category-trade_global-xhtml,text/category-trade_global.xhtml,true
OEBPS/content.opf,spine_idref,item-text-article-134-analysis-2010-04-12-cf40-348-xhtml,text/article-134-analysis-2010-04-12-cf40-348.xhtml,true
OEBPS/content.opf,spine_idref,item-text-article-135-analysis-2012-01-10-fb45zh-xhtml,text/article-135-analysis-2012-01-10-fb45zh.xhtml,true
OEBPS/content.opf,spine_idref,item-text-article-136-analysis-2012-06-21-cf40-1009-xhtml,text/article-136-analysis-2012-06-21-cf40-1009.xhtml,true
OEBPS/content.opf,spine_idref,item-text-article-137-analysis-2015-11-27-mkwijb-xhtml,text/article-137-analysis-2015-11-27-mkwijb.xhtml,true
OEBPS/content.opf,spine_idref,item-text-article-138-analysis-2017-03-14-agajzn-xhtml,text/article-138-analysis-2017-03-14-agajzn.xhtml,true
OEBPS/content.opf,spine_idref,item-text-article-139-analysis-2018-03-21-1sl5ymg-xhtml,text/article-139-analysis-2018-03-21-1sl5ymg.xhtml,true
OEBPS/content.opf,spine_idref,item-text-article-140-analysis-2018-06-21-famr7l-xhtml,text/article-140-analysis-2018-06-21-famr7l.xhtml,true
OEBPS/content.opf,spine_idref,item-text-article-141-analysis-2018-07-31-cf40-2877-xhtml,text/article-141-analysis-2018-07-31-cf40-2877.xhtml,true
OEBPS/content.opf,spine_idref,item-text-article-142-analysis-2018-09-30-cf40-2946-xhtml,text/article-142-analysis-2018-09-30-cf40-2946.xhtml,true
OEBPS/content.opf,spine_idref,item-text-article-143-analysis-2018-11-22-cf40-2986-xhtml,text/article-143-analysis-2018-11-22-cf40-2986.xhtml,true
OEBPS/content.opf,spine_idref,item-text-article-144-analysis-2019-01-15-cf40-3022-xhtml,text/article-144-analysis-2019-01-15-cf40-3022.xhtml,true
OEBPS/content.opf,spine_idref,item-text-article-145-analysis-2019-05-29-1awyt7m-xhtml,text/article-145-analysis-2019-05-29-1awyt7m.xhtml,true
OEBPS/content.opf,spine_idref,item-text-article-146-analysis-2019-08-23-cf40-3162-xhtml,text/article-146-analysis-2019-08-23-cf40-3162.xhtml,true
OEBPS/content.opf,spine_idref,item-text-article-147-analysis-2019-11-10-cf40-3210-xhtml,text/article-147-analysis-2019-11-10-cf40-3210.xhtml,true
OEBPS/content.opf,spine_idref,item-text-article-148-analysis-2022-07-02-q66d6x-xhtml,text/article-148-analysis-2022-07-02-q66d6x.xhtml,true
OEBPS/content.opf,spine_idref,item-text-article-149-analysis-2022-11-21-cf40-4191-xhtml,text/article-149-analysis-2022-11-21-cf40-4191.xhtml,true
OEBPS/content.opf,spine_idref,item-text-article-150-analysis-2024-07-25-cf40-4777-xhtml,text/article-150-analysis-2024-07-25-cf40-4777.xhtml,true
OEBPS/content.opf,spine_idref,item-text-category-policy_shock-xhtml,text/category-policy_shock.xhtml,true
OEBPS/content.opf,spine_idref,item-text-article-151-analysis-2019-09-28-cf40-3185-xhtml,text/article-151-analysis-2019-09-28-cf40-3185.xhtml,true
OEBPS/content.opf,spine_idref,item-text-article-152-analysis-2020-02-29-cf40-3295-xhtml,text/article-152-analysis-2020-02-29-cf40-3295.xhtml,true
OEBPS/content.opf,spine_idref,item-text-article-153-analysis-2020-03-17-cf40-3306-xhtml,text/article-153-analysis-2020-03-17-cf40-3306.xhtml,true
OEBPS/content.opf,spine_idref,item-text-article-154-analysis-2020-06-14-cf40-3494-xhtml,text/article-154-analysis-2020-06-14-cf40-3494.xhtml,true
OEBPS/content.opf,spine_idref,item-text-article-155-analysis-2020-07-01-14dsh8z-xhtml,text/article-155-analysis-2020-07-01-14dsh8z.xhtml,true
OEBPS/content.opf,spine_idref,item-text-article-156-analysis-2020-07-09-1297y42-xhtml,text/article-156-analysis-2020-07-09-1297y42.xhtml,true
OEBPS/content.opf,spine_idref,item-text-article-157-analysis-2020-07-24-cf40-3520-xhtml,text/article-157-analysis-2020-07-24-cf40-3520.xhtml,true
OEBPS/content.opf,spine_idref,item-text-article-158-analysis-2021-01-14-1vn7z1z-xhtml,text/article-158-analysis-2021-01-14-1vn7z1z.xhtml,true
OEBPS/content.opf,spine_idref,item-text-article-159-analysis-2021-04-29-cf40-3744-xhtml,text/article-159-analysis-2021-04-29-cf40-3744.xhtml,true
OEBPS/content.opf,spine_idref,item-text-article-160-analysis-2022-12-10-cf40-4313-xhtml,text/article-160-analysis-2022-12-10-cf40-4313.xhtml,true
