chunk_id,article_id,title,date,thematic_category,chunk_index,section_path,primary_topic,topics,methodology_concepts,broad_observation_dimensions,exclusive_evidence_methods,non_ws_chars,overlap_non_ws_chars,prev_chunk_id,next_chunk_id,article_md,content_sha256
001-s001,001,“远见杯”排名之我见,2011-12-12,成长、追忆与评论,1,正文,研究方法与证据,研究方法与证据,左侧—右侧判断;情景与预测复盘,国内国际与资本流动,时序与领先滞后,939,0,,001-s002,02_markdown_articles/001_2011-12-12_“远见杯”排名之我见.md,1728018b1dc4f9964aeeab279d38c55c99eea346e57e376f91caba1789d85c2e
001-s002,001,“远见杯”排名之我见,2011-12-12,成长、追忆与评论,2,正文,研究方法与证据,研究方法与证据,左侧—右侧判断;情景与预测复盘,国内国际与资本流动,时序与领先滞后,976,214,001-s001,001-s003,02_markdown_articles/001_2011-12-12_“远见杯”排名之我见.md,404c9d472076ea374e56d767d19de5683b36e02a564764cfe931ad634772b76f
001-s003,001,“远见杯”排名之我见,2011-12-12,成长、追忆与评论,3,正文,研究方法与证据,研究方法与证据,左侧—右侧判断;情景与预测复盘,国内国际与资本流动,时序与领先滞后,634,215,001-s002,,02_markdown_articles/001_2011-12-12_“远见杯”排名之我见.md,30cdf13b6e1e35734a50f09edfc84f165292ff6cf09677c08ca8c0477581f540
002-s001,002,送别父亲,2012-09-16,成长、追忆与评论,1,正文,研究方法与证据,研究方法与证据,,行业横断面,,957,0,,002-s002,02_markdown_articles/002_2012-09-16_送别父亲.md,596fde7f7b3db4cc5c0b027f91842665d0f8e99db6b8cc9cdc18e936d4cb8947
002-s002,002,送别父亲,2012-09-16,成长、追忆与评论,2,正文,研究方法与证据,研究方法与证据,,行业横断面,,487,203,002-s001,,02_markdown_articles/002_2012-09-16_送别父亲.md,c1b8ac67c8f1fe4bf3fb20b7f3ac349313a9b7603b838282c4b4c4f002c2e943
003-s001,003,关于逻辑、经济、政策、市场等,2013-08-13,成长、追忆与评论,1,正文,研究方法与证据,研究方法与证据;财政与地方政府;信用债务与金融风险;股票与资本市场;通胀与价格;房地产与城市化,情景与预测复盘,产品与品类横断面,多市场一致性,965,0,,003-s002,02_markdown_articles/003_2013-08-13_关于逻辑、经济、政策、市场等.md,062f178c8283b1352159b3f2177ab81e9a5d512354e3594b5dda6ed494f1629e
003-s002,003,关于逻辑、经济、政策、市场等,2013-08-13,成长、追忆与评论,2,正文,研究方法与证据,研究方法与证据;财政与地方政府;信用债务与金融风险;股票与资本市场;通胀与价格;房地产与城市化,情景与预测复盘,产品与品类横断面,多市场一致性,932,208,003-s001,003-s003,02_markdown_articles/003_2013-08-13_关于逻辑、经济、政策、市场等.md,323df7a2173de2303f8b3f4d2155617236af77ce15181039d029aff71370afae
003-s003,003,关于逻辑、经济、政策、市场等,2013-08-13,成长、追忆与评论,3,正文,研究方法与证据,研究方法与证据;财政与地方政府;信用债务与金融风险;股票与资本市场;通胀与价格;房地产与城市化,情景与预测复盘,产品与品类横断面,多市场一致性,904,200,003-s002,003-s004,02_markdown_articles/003_2013-08-13_关于逻辑、经济、政策、市场等.md,fa5999949a6a5125050459385a792653fb585c1621cc279376c1a9937f648d97
003-s004,003,关于逻辑、经济、政策、市场等,2013-08-13,成长、追忆与评论,4,正文,研究方法与证据,研究方法与证据;财政与地方政府;信用债务与金融风险;股票与资本市场;通胀与价格;房地产与城市化,情景与预测复盘,产品与品类横断面,多市场一致性,931,191,003-s003,003-s005,02_markdown_articles/003_2013-08-13_关于逻辑、经济、政策、市场等.md,510c8c277974ff7f819aba51716d1ab87a9e6901d3cd7f5774a9829786956caa
003-s005,003,关于逻辑、经济、政策、市场等,2013-08-13,成长、追忆与评论,5,正文,研究方法与证据,研究方法与证据;财政与地方政府;信用债务与金融风险;股票与资本市场;通胀与价格;房地产与城市化,情景与预测复盘,产品与品类横断面,多市场一致性,344,201,003-s004,,02_markdown_articles/003_2013-08-13_关于逻辑、经济、政策、市场等.md,132596b2c65613084ff529106c0af7afcddd13bedb554f0e4bbd6e5deda38f83
004-s001,004,回望青春 感恩母校,2018-07-10,成长、追忆与评论,1,正文,研究方法与证据,研究方法与证据;产业升级与制造业,国际与历史对标,,,1002,0,,004-s002,02_markdown_articles/004_2018-07-10_回望青春_感恩母校.md,1e21dbf37fb3c138ba2bc8248dabe785e4ae4dbc41e45d0a3d0c735ccedf2b62
004-s002,004,回望青春 感恩母校,2018-07-10,成长、追忆与评论,2,正文,研究方法与证据,研究方法与证据;产业升级与制造业,国际与历史对标,,,467,210,004-s001,,02_markdown_articles/004_2018-07-10_回望青春_感恩母校.md,ef07cd862aab6ee15d96db7faa311271182bf717e38ad917c6d6b00ed1ce9194
005-s001,005,高中生活二三事,2018-07-20,成长、追忆与评论,1,一、去远方,研究方法与证据,研究方法与证据,,,,986,0,,005-s002,02_markdown_articles/005_2018-07-20_高中生活二三事.md,14aa8628cc16ebea131fff9f2daac70625fc2424bd19276f868e9f57c7abc3d4
005-s002,005,高中生活二三事,2018-07-20,成长、追忆与评论,2,一、去远方,研究方法与证据,研究方法与证据,,,,335,206,005-s001,005-s003,02_markdown_articles/005_2018-07-20_高中生活二三事.md,9bf57a55978e8c40b9492fb7b5f65c571c13d78445d404feaf18701fb9614710
005-s003,005,高中生活二三事,2018-07-20,成长、追忆与评论,3,二、沐浴,研究方法与证据,研究方法与证据,,,,578,214,005-s002,005-s004,02_markdown_articles/005_2018-07-20_高中生活二三事.md,19437e42a80ca91d93086c880427d8b638b42f073aa6ffdaea8c35d5d31f659b
005-s004,005,高中生活二三事,2018-07-20,成长、追忆与评论,4,三、火人,研究方法与证据,研究方法与证据,,,,561,201,005-s003,005-s005,02_markdown_articles/005_2018-07-20_高中生活二三事.md,70c2b0f6cb83c34048246295ca21d2e075ddfe6246af890abf13e0a00b9e69c2
005-s005,005,高中生活二三事,2018-07-20,成长、追忆与评论,5,四、喝酒与无线电,研究方法与证据,研究方法与证据,,,,962,202,005-s004,,02_markdown_articles/005_2018-07-20_高中生活二三事.md,5564b18793f208a378b4a020ae8cd2e029d4b16106db6167ac0bf001c8066e2d
006-s001,006,时光的刻痕,2018-07-26,成长、追忆与评论,1,正文,研究方法与证据,研究方法与证据;股票与资本市场,国际与历史对标,主体资产负债表,时序与领先滞后,308,0,,006-s002,02_markdown_articles/006_2018-07-26_时光的刻痕.md,f40538e099ba241c86daba04452a9a42a2ba4ab40f60041b65d5d7664dc7644c
006-s002,006,时光的刻痕,2018-07-26,成长、追忆与评论,2,一、生产队的记忆,研究方法与证据,研究方法与证据;股票与资本市场,国际与历史对标,主体资产负债表,时序与领先滞后,952,214,006-s001,006-s003,02_markdown_articles/006_2018-07-26_时光的刻痕.md,3c11e23970221af03caf89fa31d7c4a8f4df967b2b17523eda4fcd23a29be8f3
006-s003,006,时光的刻痕,2018-07-26,成长、追忆与评论,3,二、北大往事,研究方法与证据,研究方法与证据;股票与资本市场,国际与历史对标,主体资产负债表,时序与领先滞后,911,205,006-s002,006-s004,02_markdown_articles/006_2018-07-26_时光的刻痕.md,33205f8e51b6c31bbb22f2db97e4dd64d73ef5882e801fc58aca95b19102cf25
006-s004,006,时光的刻痕,2018-07-26,成长、追忆与评论,4,二、北大往事,研究方法与证据,研究方法与证据;股票与资本市场,国际与历史对标,主体资产负债表,时序与领先滞后,815,202,006-s003,006-s005,02_markdown_articles/006_2018-07-26_时光的刻痕.md,f97d6269f9504d680a8a9b582029115036f6aef1ce5771d17c3bb52150edf276
006-s005,006,时光的刻痕,2018-07-26,成长、追忆与评论,5,三、葵花宝典,研究方法与证据,研究方法与证据;股票与资本市场,国际与历史对标,主体资产负债表,时序与领先滞后,931,211,006-s004,006-s006,02_markdown_articles/006_2018-07-26_时光的刻痕.md,c7ef908a4e21082b74d19018daa0825fcc1610d04593bfe29734341f65a3b95a
006-s006,006,时光的刻痕,2018-07-26,成长、追忆与评论,6,四、上海滩,研究方法与证据,研究方法与证据;股票与资本市场,国际与历史对标,主体资产负债表,时序与领先滞后,926,202,006-s005,006-s007,02_markdown_articles/006_2018-07-26_时光的刻痕.md,1e5eaafecbce8a482b530045015207bffb1d90b7bcaadf86316f6d6fafb6a9c3
006-s007,006,时光的刻痕,2018-07-26,成长、追忆与评论,7,四、上海滩,研究方法与证据,研究方法与证据;股票与资本市场,国际与历史对标,主体资产负债表,时序与领先滞后,267,206,006-s006,006-s008,02_markdown_articles/006_2018-07-26_时光的刻痕.md,93dbc07e0dbc24aa394450c5969f3cd154284affcf88faeb685a55260718188d
006-s008,006,时光的刻痕,2018-07-26,成长、追忆与评论,8,五、江湖之远,研究方法与证据,研究方法与证据;股票与资本市场,国际与历史对标,主体资产负债表,时序与领先滞后,913,188,006-s007,006-s009,02_markdown_articles/006_2018-07-26_时光的刻痕.md,7dd48783dcb07fbba62330e33045149b6a899159ed82ec6936e0b6697071960b
006-s009,006,时光的刻痕,2018-07-26,成长、追忆与评论,9,五、江湖之远,研究方法与证据,研究方法与证据;股票与资本市场,国际与历史对标,主体资产负债表,时序与领先滞后,664,201,006-s008,,02_markdown_articles/006_2018-07-26_时光的刻痕.md,64d8511cc68ff73a8e7720434547e87cb1f9cb0e77729cd28ee0d93d4db6de45
007-s001,007,关于北京大学秦宛顺靳云汇奖学基金的问答,2020-12-18,成长、追忆与评论,1,一、秦宛顺靳云汇是谁？,研究方法与证据,研究方法与证据,,,,278,0,,007-s002,02_markdown_articles/007_2020-12-18_关于北京大学秦宛顺靳云汇奖学基金的问答.md,976096a943bf0da36d9e2a889a855a82218aec484aa392ccd085d5af79c977b4
007-s002,007,关于北京大学秦宛顺靳云汇奖学基金的问答,2020-12-18,成长、追忆与评论,2,一、秦宛顺靳云汇是谁？,研究方法与证据,研究方法与证据,,,,428,206,007-s001,,02_markdown_articles/007_2020-12-18_关于北京大学秦宛顺靳云汇奖学基金的问答.md,f2e00ef9dc0c2077a401da540b30617e948d1371bb88c90e0ad41c4d53b8f56b
008-s001,008,悼词——李勇先生,2021-10-01,成长、追忆与评论,1,正文,研究方法与证据,研究方法与证据;疫情冲击与宏观应对,,,自然实验与制度冲击,1048,0,,008-s002,02_markdown_articles/008_2021-10-01_悼词——李勇先生.md,46fbd0ee7e728e30f875b8043c41811b6c0c17e75348f2160b4aec9ee16b3181
008-s002,008,悼词——李勇先生,2021-10-01,成长、追忆与评论,2,正文,研究方法与证据,研究方法与证据;疫情冲击与宏观应对,,,自然实验与制度冲击,925,201,008-s001,,02_markdown_articles/008_2021-10-01_悼词——李勇先生.md,7b14a2274719a57a2dc64ea6077503ebbdef1a19728e3b6c7d8e83b8b6a48f50
009-s001,009,岁月如歌,2021-10-11,成长、追忆与评论,1,正文,研究方法与证据,研究方法与证据;货币与流动性,国际与历史对标,,,905,0,,009-s002,02_markdown_articles/009_2021-10-11_岁月如歌.md,1a1731993c4565fceb07af37d3a39d9fc5c5927196dc343a18aef82cd095b353
009-s002,009,岁月如歌,2021-10-11,成长、追忆与评论,2,正文,研究方法与证据,研究方法与证据;货币与流动性,国际与历史对标,,,609,200,009-s001,,02_markdown_articles/009_2021-10-11_岁月如歌.md,56939b20ce09108f8a310ce405c2f5792468be893d0e34888c0c1211522554b0
010-s001,010,《投资中国》书评,2022-07-22,成长、追忆与评论,1,正文,研究方法与证据,研究方法与证据;股票与资本市场,情景与预测复盘,,自然实验与制度冲击,972,0,,010-s002,02_markdown_articles/010_2022-07-22_《投资中国》书评.md,5fceaf40ff1c38adcbd2ce12d87e11e05c8c523de62b7135769dc31c7382a75d
010-s002,010,《投资中国》书评,2022-07-22,成长、追忆与评论,2,正文,研究方法与证据,研究方法与证据;股票与资本市场,情景与预测复盘,,自然实验与制度冲击,1054,199,010-s001,010-s003,02_markdown_articles/010_2022-07-22_《投资中国》书评.md,0ca97236f7efadaffa5092e218d4a459cad6555dc3956c25bbf3e9d13e3e7d71
010-s003,010,《投资中国》书评,2022-07-22,成长、追忆与评论,3,正文,研究方法与证据,研究方法与证据;股票与资本市场,情景与预测复盘,,自然实验与制度冲击,914,213,010-s002,,02_markdown_articles/010_2022-07-22_《投资中国》书评.md,9a31fa627d02d2cb1805bf6cee1bf524abd6a26f5969ccda9eddc32d597a7d0d
011-s001,011,送别母亲,2024-02-18,成长、追忆与评论,1,正文,研究方法与证据,研究方法与证据;疫情冲击与宏观应对,排他性证据,收入年龄与家庭分组,时序与领先滞后,920,0,,011-s002,02_markdown_articles/011_2024-02-18_送别母亲.md,7cfe6294104ee84a068c6f69ae8c881c10718fd9ad00ed685296612765f753f2
011-s002,011,送别母亲,2024-02-18,成长、追忆与评论,2,正文,研究方法与证据,研究方法与证据;疫情冲击与宏观应对,排他性证据,收入年龄与家庭分组,时序与领先滞后,1039,202,011-s001,,02_markdown_articles/011_2024-02-18_送别母亲.md,07f3399ff1422aff460b2c3c2d4c67b6f3b876185f8140ec8c8c7b58c64e54ba
012-s001,012,《金钱永不眠》书评,,成长、追忆与评论,1,评《金钱永不眠》,研究方法与证据,研究方法与证据;股票与资本市场,,,自然实验与制度冲击,941,0,,012-s002,02_markdown_articles/012_《金钱永不眠》书评.md,9fd36f7d2d17432c7437d71cb55c438c359ac843b1fb3bef60f3828aff03df10
012-s002,012,《金钱永不眠》书评,,成长、追忆与评论,2,评《金钱永不眠》,研究方法与证据,研究方法与证据;股票与资本市场,,,自然实验与制度冲击,291,201,012-s001,,02_markdown_articles/012_《金钱永不眠》书评.md,4df6380f316ee62e45f9e1edf81a00257ff0c245adb5c35e25b7a56d2f5ebb63
013-s001,013,一块金币引发的思考,2009-09-09,代表作与研究方法,1,内容提要：,研究方法与证据,研究方法与证据;股票与资本市场;房地产与城市化,左侧—右侧判断,跨资产与市场谱系,多市场一致性;时序与领先滞后,900,0,,013-s002,02_markdown_articles/013_2009-09-09_一块金币引发的思考.md,cf62e8148660251e29ba83a30c65dd14501f86226aa8b6601ee998d8350ddcd2
013-s002,013,一块金币引发的思考,2009-09-09,代表作与研究方法,2,内容提要：,研究方法与证据,研究方法与证据;股票与资本市场;房地产与城市化,左侧—右侧判断,跨资产与市场谱系,多市场一致性;时序与领先滞后,926,196,013-s001,013-s003,02_markdown_articles/013_2009-09-09_一块金币引发的思考.md,6541e8a90085395909090a95c19add1c416d45f20603345cef2a3a8b9f67aa72
013-s003,013,一块金币引发的思考,2009-09-09,代表作与研究方法,3,内容提要：,研究方法与证据,研究方法与证据;股票与资本市场;房地产与城市化,左侧—右侧判断,跨资产与市场谱系,多市场一致性;时序与领先滞后,867,199,013-s002,,02_markdown_articles/013_2009-09-09_一块金币引发的思考.md,f876a9e09b3959d612a8741fd795b164b560d473aef2f0118ba905bcc0e0a649
014-s001,014,三十年未有之变局——中国潜在增速的趋势转折,2010-10-12,代表作与研究方法,1,按语,潜在增长与人口,潜在增长与人口;产业升级与制造业;增长与总需求;消费收入与就业;通胀与价格;研究方法与证据;能源资源与碳转型;贸易与全球经济,国际与历史对标;情景与预测复盘;左侧—右侧判断;总量—结构拆分,国内国际与资本流动,时序与领先滞后;会计与存量流量约束,475,0,,014-s002,02_markdown_articles/014_2010-10-12_三十年未有之变局——中国潜在增速的趋势转折.md,2949fdc9fa05644703afae081bc6bf20867d298e66ea41f491b98b79c2649eb9
014-s002,014,三十年未有之变局——中国潜在增速的趋势转折,2010-10-12,代表作与研究方法,2,内容提要,潜在增长与人口,潜在增长与人口;产业升级与制造业;增长与总需求;消费收入与就业;通胀与价格;研究方法与证据;能源资源与碳转型;贸易与全球经济,国际与历史对标;情景与预测复盘;左侧—右侧判断;总量—结构拆分,国内国际与资本流动,时序与领先滞后;会计与存量流量约束,330,202,014-s001,014-s003,02_markdown_articles/014_2010-10-12_三十年未有之变局——中国潜在增速的趋势转折.md,d46598bc11c6c7967eed3234da52c701abe9168bdb4be3f566a946f43d5a2392
014-s003,014,三十年未有之变局——中国潜在增速的趋势转折,2010-10-12,代表作与研究方法,3,一、劳动力供应转折,潜在增长与人口,潜在增长与人口;产业升级与制造业;增长与总需求;消费收入与就业;通胀与价格;研究方法与证据;能源资源与碳转型;贸易与全球经济,国际与历史对标;情景与预测复盘;左侧—右侧判断;总量—结构拆分,国内国际与资本流动,时序与领先滞后;会计与存量流量约束,473,209,014-s002,014-s004,02_markdown_articles/014_2010-10-12_三十年未有之变局——中国潜在增速的趋势转折.md,803ad0cb54900efa39da6c6ab5c4eb8405c4d4bb33b53ca4861c33128848d478
014-s004,014,三十年未有之变局——中国潜在增速的趋势转折,2010-10-12,代表作与研究方法,4,二、“三十年未有之变局”,潜在增长与人口,潜在增长与人口;产业升级与制造业;增长与总需求;消费收入与就业;通胀与价格;研究方法与证据;能源资源与碳转型;贸易与全球经济,国际与历史对标;情景与预测复盘;左侧—右侧判断;总量—结构拆分,国内国际与资本流动,时序与领先滞后;会计与存量流量约束,304,206,014-s003,014-s005,02_markdown_articles/014_2010-10-12_三十年未有之变局——中国潜在增速的趋势转折.md,08a56c09c5853ee25fbb3c81821e8b3c8c1d8e368805c3e047349e0cf4693d1c
014-s005,014,三十年未有之变局——中国潜在增速的趋势转折,2010-10-12,代表作与研究方法,5,二、“三十年未有之变局” > （一）劳动力投入,潜在增长与人口,潜在增长与人口;产业升级与制造业;增长与总需求;消费收入与就业;通胀与价格;研究方法与证据;能源资源与碳转型;贸易与全球经济,国际与历史对标;情景与预测复盘;左侧—右侧判断;总量—结构拆分,国内国际与资本流动,时序与领先滞后;会计与存量流量约束,415,205,014-s004,014-s006,02_markdown_articles/014_2010-10-12_三十年未有之变局——中国潜在增速的趋势转折.md,6adddad8b99cc58e4a3dbf92b344ba94f347b7f3e2241022144bfc557a91d1c2
014-s006,014,三十年未有之变局——中国潜在增速的趋势转折,2010-10-12,代表作与研究方法,6,二、“三十年未有之变局” > （二）资本投入,潜在增长与人口,潜在增长与人口;产业升级与制造业;增长与总需求;消费收入与就业;通胀与价格;研究方法与证据;能源资源与碳转型;贸易与全球经济,国际与历史对标;情景与预测复盘;左侧—右侧判断;总量—结构拆分,国内国际与资本流动,时序与领先滞后;会计与存量流量约束,1033,203,014-s005,014-s007,02_markdown_articles/014_2010-10-12_三十年未有之变局——中国潜在增速的趋势转折.md,ce9c954b0b97b6d6c24e5742e2bc8975907039bb763e886141672e9fab4590f8
014-s007,014,三十年未有之变局——中国潜在增速的趋势转折,2010-10-12,代表作与研究方法,7,二、“三十年未有之变局” > （二）资本投入,潜在增长与人口,潜在增长与人口;产业升级与制造业;增长与总需求;消费收入与就业;通胀与价格;研究方法与证据;能源资源与碳转型;贸易与全球经济,国际与历史对标;情景与预测复盘;左侧—右侧判断;总量—结构拆分,国内国际与资本流动,时序与领先滞后;会计与存量流量约束,333,203,014-s006,014-s008,02_markdown_articles/014_2010-10-12_三十年未有之变局——中国潜在增速的趋势转折.md,c20a33bdee019a59ce8a4ef2c1440df4ae4d24018cb9040f41f78929554e1f34
014-s008,014,三十年未有之变局——中国潜在增速的趋势转折,2010-10-12,代表作与研究方法,8,二、“三十年未有之变局” > （三）技术进步,潜在增长与人口,潜在增长与人口;产业升级与制造业;增长与总需求;消费收入与就业;通胀与价格;研究方法与证据;能源资源与碳转型;贸易与全球经济,国际与历史对标;情景与预测复盘;左侧—右侧判断;总量—结构拆分,国内国际与资本流动,时序与领先滞后;会计与存量流量约束,462,214,014-s007,014-s009,02_markdown_articles/014_2010-10-12_三十年未有之变局——中国潜在增速的趋势转折.md,ca0f45f9a3fcafbb30bfe991a895d2afb5d79b41f96ec033fbda79178d6d3c97
014-s009,014,三十年未有之变局——中国潜在增速的趋势转折,2010-10-12,代表作与研究方法,9,二、“三十年未有之变局” > （四）资本系数,潜在增长与人口,潜在增长与人口;产业升级与制造业;增长与总需求;消费收入与就业;通胀与价格;研究方法与证据;能源资源与碳转型;贸易与全球经济,国际与历史对标;情景与预测复盘;左侧—右侧判断;总量—结构拆分,国内国际与资本流动,时序与领先滞后;会计与存量流量约束,582,201,014-s008,014-s010,02_markdown_articles/014_2010-10-12_三十年未有之变局——中国潜在增速的趋势转折.md,99baea8caa66758f7976f21c4803cad1a10a1769528a687d5bb59e2325f34d47
014-s010,014,三十年未有之变局——中国潜在增速的趋势转折,2010-10-12,代表作与研究方法,10,三、中国经济增速的趋势转折,潜在增长与人口,潜在增长与人口;产业升级与制造业;增长与总需求;消费收入与就业;通胀与价格;研究方法与证据;能源资源与碳转型;贸易与全球经济,国际与历史对标;情景与预测复盘;左侧—右侧判断;总量—结构拆分,国内国际与资本流动,时序与领先滞后;会计与存量流量约束,313,209,014-s009,014-s011,02_markdown_articles/014_2010-10-12_三十年未有之变局——中国潜在增速的趋势转折.md,018b18655a70dc6c248d96d3e72e00d434cf3837c75cfdf9cdf5bf9a69eeb0bd
014-s011,014,三十年未有之变局——中国潜在增速的趋势转折,2010-10-12,代表作与研究方法,11,四、潜在经济增速下降的风险 > （一）潜在经济增速下降的经验事实,潜在增长与人口,潜在增长与人口;产业升级与制造业;增长与总需求;消费收入与就业;通胀与价格;研究方法与证据;能源资源与碳转型;贸易与全球经济,国际与历史对标;情景与预测复盘;左侧—右侧判断;总量—结构拆分,国内国际与资本流动,时序与领先滞后;会计与存量流量约束,1077,214,014-s010,014-s012,02_markdown_articles/014_2010-10-12_三十年未有之变局——中国潜在增速的趋势转折.md,e13d941f3010c588dfd6671ba0e088cd6697208ab584f21edff522ba8d38bd00
014-s012,014,三十年未有之变局——中国潜在增速的趋势转折,2010-10-12,代表作与研究方法,12,四、潜在经济增速下降的风险 > （一）潜在经济增速下降的经验事实,潜在增长与人口,潜在增长与人口;产业升级与制造业;增长与总需求;消费收入与就业;通胀与价格;研究方法与证据;能源资源与碳转型;贸易与全球经济,国际与历史对标;情景与预测复盘;左侧—右侧判断;总量—结构拆分,国内国际与资本流动,时序与领先滞后;会计与存量流量约束,306,205,014-s011,014-s013,02_markdown_articles/014_2010-10-12_三十年未有之变局——中国潜在增速的趋势转折.md,55bcbf8ea1326a7a8b50d9960741b4b269b210c0b4fe7d5fa6406588e4744e6d
014-s013,014,三十年未有之变局——中国潜在增速的趋势转折,2010-10-12,代表作与研究方法,13,四、潜在经济增速下降的风险 > （二）潜在增速下降与调整的一般模式,潜在增长与人口,潜在增长与人口;产业升级与制造业;增长与总需求;消费收入与就业;通胀与价格;研究方法与证据;能源资源与碳转型;贸易与全球经济,国际与历史对标;情景与预测复盘;左侧—右侧判断;总量—结构拆分,国内国际与资本流动,时序与领先滞后;会计与存量流量约束,600,214,014-s012,,02_markdown_articles/014_2010-10-12_三十年未有之变局——中国潜在增速的趋势转折.md,3728e697ff363ba623699aa1379f8cc018746fa81af1f12301169161869cb003
015-s001,015,光线是可以弯曲的–关于研究方法的一些体悟和浅见,2011-04-27,代表作与研究方法,1,内容提要,研究方法与证据,研究方法与证据,可证伪假说;因果与相关区分;情景与预测复盘;国际与历史对标;排他性证据,主体资产负债表,负向预测与证伪阈值;反证与不相容事实;时序与领先滞后,273,0,,015-s002,02_markdown_articles/015_2011-04-27_光线是可以弯曲的–关于研究方法的一些体悟和浅见.md,1342dc499a8cf5ab099a2173fc7c21d1eedd0e616c82e748bcfcb54f0ef2893d
015-s002,015,光线是可以弯曲的–关于研究方法的一些体悟和浅见,2011-04-27,代表作与研究方法,2,内容提要,研究方法与证据,研究方法与证据,可证伪假说;因果与相关区分;情景与预测复盘;国际与历史对标;排他性证据,主体资产负债表,负向预测与证伪阈值;反证与不相容事实;时序与领先滞后,288,199,015-s001,015-s003,02_markdown_articles/015_2011-04-27_光线是可以弯曲的–关于研究方法的一些体悟和浅见.md,2434ee79a5d2dd41c5cc952dd3b7a4e07c91cfc46a94c1259d2313e4d7647af7
015-s003,015,光线是可以弯曲的–关于研究方法的一些体悟和浅见,2011-04-27,代表作与研究方法,3,内容提要 > 1 ．非洲蚂蚁如何找家？,研究方法与证据,研究方法与证据,可证伪假说;因果与相关区分;情景与预测复盘;国际与历史对标;排他性证据,主体资产负债表,负向预测与证伪阈值;反证与不相容事实;时序与领先滞后,978,205,015-s002,015-s004,02_markdown_articles/015_2011-04-27_光线是可以弯曲的–关于研究方法的一些体悟和浅见.md,33e9154b2422bce9d029e5fbc9e6d50e3ef3207376f9bb0558d677e416f8e5e2
015-s004,015,光线是可以弯曲的–关于研究方法的一些体悟和浅见,2011-04-27,代表作与研究方法,4,内容提要 > 1 ．非洲蚂蚁如何找家？,研究方法与证据,研究方法与证据,可证伪假说;因果与相关区分;情景与预测复盘;国际与历史对标;排他性证据,主体资产负债表,负向预测与证伪阈值;反证与不相容事实;时序与领先滞后,516,204,015-s003,015-s005,02_markdown_articles/015_2011-04-27_光线是可以弯曲的–关于研究方法的一些体悟和浅见.md,d29089121928d9c7cb698f0f295bd2391f881cf572d968f8ea4151f15811fd09
015-s005,015,光线是可以弯曲的–关于研究方法的一些体悟和浅见,2011-04-27,代表作与研究方法,5,内容提要 > 2 ．重的物体比轻的物体下落得更快,研究方法与证据,研究方法与证据,可证伪假说;因果与相关区分;情景与预测复盘;国际与历史对标;排他性证据,主体资产负债表,负向预测与证伪阈值;反证与不相容事实;时序与领先滞后,941,206,015-s004,015-s006,02_markdown_articles/015_2011-04-27_光线是可以弯曲的–关于研究方法的一些体悟和浅见.md,4d5df1125f797721d42151f60337314fc33d26e387c091aca45ad5dcb083c07c
015-s006,015,光线是可以弯曲的–关于研究方法的一些体悟和浅见,2011-04-27,代表作与研究方法,6,内容提要 > 2 ．重的物体比轻的物体下落得更快,研究方法与证据,研究方法与证据,可证伪假说;因果与相关区分;情景与预测复盘;国际与历史对标;排他性证据,主体资产负债表,负向预测与证伪阈值;反证与不相容事实;时序与领先滞后,260,203,015-s005,015-s007,02_markdown_articles/015_2011-04-27_光线是可以弯曲的–关于研究方法的一些体悟和浅见.md,4c4744944c60cec1d016f8926a41db4338b0f5bcb7a9fc453bdb82c3993c30c2
015-s007,015,光线是可以弯曲的–关于研究方法的一些体悟和浅见,2011-04-27,代表作与研究方法,7,内容提要 > 3 ．光线是可以弯曲的,研究方法与证据,研究方法与证据,可证伪假说;因果与相关区分;情景与预测复盘;国际与历史对标;排他性证据,主体资产负债表,负向预测与证伪阈值;反证与不相容事实;时序与领先滞后,295,201,015-s006,015-s008,02_markdown_articles/015_2011-04-27_光线是可以弯曲的–关于研究方法的一些体悟和浅见.md,6110190213d82c58aace0e25df7842de43513cebe3b4d440b93b04b9a57dc8c5
015-s008,015,光线是可以弯曲的–关于研究方法的一些体悟和浅见,2011-04-27,代表作与研究方法,8,内容提要 > 4 ．民可使由之，不可使然之,研究方法与证据,研究方法与证据,可证伪假说;因果与相关区分;情景与预测复盘;国际与历史对标;排他性证据,主体资产负债表,负向预测与证伪阈值;反证与不相容事实;时序与领先滞后,874,195,015-s007,015-s009,02_markdown_articles/015_2011-04-27_光线是可以弯曲的–关于研究方法的一些体悟和浅见.md,b58e7be34788af9c6196a66c0528bbbd39b7d4832d8aafb1c5e481691615cac3
015-s009,015,光线是可以弯曲的–关于研究方法的一些体悟和浅见,2011-04-27,代表作与研究方法,9,内容提要 > 5 ．“下边，没有了”,研究方法与证据,研究方法与证据,可证伪假说;因果与相关区分;情景与预测复盘;国际与历史对标;排他性证据,主体资产负债表,负向预测与证伪阈值;反证与不相容事实;时序与领先滞后,494,197,015-s008,015-s010,02_markdown_articles/015_2011-04-27_光线是可以弯曲的–关于研究方法的一些体悟和浅见.md,adb031494fe8197f8ef917df805dfe164da724dee3f615218e34ac77ceed37ad
015-s010,015,光线是可以弯曲的–关于研究方法的一些体悟和浅见,2011-04-27,代表作与研究方法,10,内容提要 > 6 ．引力与温度无关,研究方法与证据,研究方法与证据,可证伪假说;因果与相关区分;情景与预测复盘;国际与历史对标;排他性证据,主体资产负债表,负向预测与证伪阈值;反证与不相容事实;时序与领先滞后,924,207,015-s009,015-s011,02_markdown_articles/015_2011-04-27_光线是可以弯曲的–关于研究方法的一些体悟和浅见.md,2d7134bd7a6085e632c7e53f007890bc6521ab0c06cbe522323e7596d63e4d54
015-s011,015,光线是可以弯曲的–关于研究方法的一些体悟和浅见,2011-04-27,代表作与研究方法,11,内容提要 > 6 ．引力与温度无关,研究方法与证据,研究方法与证据,可证伪假说;因果与相关区分;情景与预测复盘;国际与历史对标;排他性证据,主体资产负债表,负向预测与证伪阈值;反证与不相容事实;时序与领先滞后,316,215,015-s010,015-s012,02_markdown_articles/015_2011-04-27_光线是可以弯曲的–关于研究方法的一些体悟和浅见.md,c93720fe27d9e9084793ea241cdffd634d450b681c1ac407c77c30bae0df8c92
015-s012,015,光线是可以弯曲的–关于研究方法的一些体悟和浅见,2011-04-27,代表作与研究方法,12,内容提要 > 7 ．雄鸡一唱天下白,研究方法与证据,研究方法与证据,可证伪假说;因果与相关区分;情景与预测复盘;国际与历史对标;排他性证据,主体资产负债表,负向预测与证伪阈值;反证与不相容事实;时序与领先滞后,798,207,015-s011,015-s013,02_markdown_articles/015_2011-04-27_光线是可以弯曲的–关于研究方法的一些体悟和浅见.md,f74b3dbc5fdb420a8aa7cc3f722aacdd150c49bb542bd21670d1d26027cc4f97
015-s013,015,光线是可以弯曲的–关于研究方法的一些体悟和浅见,2011-04-27,代表作与研究方法,13,内容提要 > 8 ．诗必穷而后工,研究方法与证据,研究方法与证据,可证伪假说;因果与相关区分;情景与预测复盘;国际与历史对标;排他性证据,主体资产负债表,负向预测与证伪阈值;反证与不相容事实;时序与领先滞后,928,216,015-s012,015-s014,02_markdown_articles/015_2011-04-27_光线是可以弯曲的–关于研究方法的一些体悟和浅见.md,8a15ba6a66626e14715dcd76d5840b49763abfa77ca5582ecbaf442388e049d6
015-s014,015,光线是可以弯曲的–关于研究方法的一些体悟和浅见,2011-04-27,代表作与研究方法,14,内容提要 > 8 ．诗必穷而后工,研究方法与证据,研究方法与证据,可证伪假说;因果与相关区分;情景与预测复盘;国际与历史对标;排他性证据,主体资产负债表,负向预测与证伪阈值;反证与不相容事实;时序与领先滞后,1076,205,015-s013,015-s015,02_markdown_articles/015_2011-04-27_光线是可以弯曲的–关于研究方法的一些体悟和浅见.md,e86252f08d445371398f0d90fbcd85bfa232de9fcb2de04a02d221ecc24f80b3
015-s015,015,光线是可以弯曲的–关于研究方法的一些体悟和浅见,2011-04-27,代表作与研究方法,15,内容提要 > 8 ．诗必穷而后工,研究方法与证据,研究方法与证据,可证伪假说;因果与相关区分;情景与预测复盘;国际与历史对标;排他性证据,主体资产负债表,负向预测与证伪阈值;反证与不相容事实;时序与领先滞后,1123,205,015-s014,015-s016,02_markdown_articles/015_2011-04-27_光线是可以弯曲的–关于研究方法的一些体悟和浅见.md,f3294021b4e84584f10783a90f005c8e961ef2979bd2c6d960d04f20ea191026
015-s016,015,光线是可以弯曲的–关于研究方法的一些体悟和浅见,2011-04-27,代表作与研究方法,16,内容提要 > 9 ．上帝是存在的,研究方法与证据,研究方法与证据,可证伪假说;因果与相关区分;情景与预测复盘;国际与历史对标;排他性证据,主体资产负债表,负向预测与证伪阈值;反证与不相容事实;时序与领先滞后,980,203,015-s015,015-s017,02_markdown_articles/015_2011-04-27_光线是可以弯曲的–关于研究方法的一些体悟和浅见.md,cf8e0f7c09ee87f7b4490e6c3cd8dd6cce289eb301db1983fbb2e2209557166b
015-s017,015,光线是可以弯曲的–关于研究方法的一些体悟和浅见,2011-04-27,代表作与研究方法,17,内容提要 > 9 ．上帝是存在的,研究方法与证据,研究方法与证据,可证伪假说;因果与相关区分;情景与预测复盘;国际与历史对标;排他性证据,主体资产负债表,负向预测与证伪阈值;反证与不相容事实;时序与领先滞后,288,201,015-s016,015-s018,02_markdown_articles/015_2011-04-27_光线是可以弯曲的–关于研究方法的一些体悟和浅见.md,218a8d0c22f63af4dd74e83f1119a08f5f0513e8d8f03ba2947651fff23fb5a4
015-s018,015,光线是可以弯曲的–关于研究方法的一些体悟和浅见,2011-04-27,代表作与研究方法,18,内容提要 > 10 ．上帝难以琢磨，但他并不邪恶！,研究方法与证据,研究方法与证据,可证伪假说;因果与相关区分;情景与预测复盘;国际与历史对标;排他性证据,主体资产负债表,负向预测与证伪阈值;反证与不相容事实;时序与领先滞后,708,213,015-s017,,02_markdown_articles/015_2011-04-27_光线是可以弯曲的–关于研究方法的一些体悟和浅见.md,a72cc0e81db0527cfabb29863eb5e0649a75f453683c182a7c7f2e536133dca6
016-s001,016,中国经济是否经过了刘易斯拐点？,2011-11-25,代表作与研究方法,1,内容提要,消费收入与就业,消费收入与就业;潜在增长与人口;通胀与价格;产业升级与制造业;增长与总需求;研究方法与证据,左侧—右侧判断,收入年龄与家庭分组;产品与品类横断面,时序与领先滞后,383,0,,016-s002,02_markdown_articles/016_2011-11-25_中国经济是否经过了刘易斯拐点.md,eda39c86b0ea824e31cb35a1caa26dab662d1a6e5d7008f91ed0538c34974c85
016-s002,016,中国经济是否经过了刘易斯拐点？,2011-11-25,代表作与研究方法,2,内容提要,消费收入与就业,消费收入与就业;潜在增长与人口;通胀与价格;产业升级与制造业;增长与总需求;研究方法与证据,左侧—右侧判断,收入年龄与家庭分组;产品与品类横断面,时序与领先滞后,271,210,016-s001,016-s003,02_markdown_articles/016_2011-11-25_中国经济是否经过了刘易斯拐点.md,17ee920af1e16507a75c39834ab13a270e9574371f852d327eb0f7f8c1e8fd73
016-s003,016,中国经济是否经过了刘易斯拐点？,2011-11-25,代表作与研究方法,3,一、刘易斯拐点,消费收入与就业,消费收入与就业;潜在增长与人口;通胀与价格;产业升级与制造业;增长与总需求;研究方法与证据,左侧—右侧判断,收入年龄与家庭分组;产品与品类横断面,时序与领先滞后,373,188,016-s002,016-s004,02_markdown_articles/016_2011-11-25_中国经济是否经过了刘易斯拐点.md,18996f80086577a55d492a2efa31e8220404028e174a0f2d3cd6d18150714ec1
016-s004,016,中国经济是否经过了刘易斯拐点？,2011-11-25,代表作与研究方法,4,二、刘易斯拐点的判别,消费收入与就业,消费收入与就业;潜在增长与人口;通胀与价格;产业升级与制造业;增长与总需求;研究方法与证据,左侧—右侧判断,收入年龄与家庭分组;产品与品类横断面,时序与领先滞后,274,198,016-s003,016-s005,02_markdown_articles/016_2011-11-25_中国经济是否经过了刘易斯拐点.md,1dbd7a2137d201f8439f45e117bca546baaf3479ec96bacebe136e4659b2df23
016-s005,016,中国经济是否经过了刘易斯拐点？,2011-11-25,代表作与研究方法,5,二、刘易斯拐点的判别 > （一）从总量供需的角度推测刘易斯拐点需要太多的假定,消费收入与就业,消费收入与就业;潜在增长与人口;通胀与价格;产业升级与制造业;增长与总需求;研究方法与证据,左侧—右侧判断,收入年龄与家庭分组;产品与品类横断面,时序与领先滞后,332,200,016-s004,016-s006,02_markdown_articles/016_2011-11-25_中国经济是否经过了刘易斯拐点.md,62136008272aa7907924ac1ec891a3cf4ba2d37d398de3e2c771f8c91cce44aa
016-s006,016,中国经济是否经过了刘易斯拐点？,2011-11-25,代表作与研究方法,6,二、刘易斯拐点的判别 > （二）我们缺乏可靠的低端劳动者工资收入数据,消费收入与就业,消费收入与就业;潜在增长与人口;通胀与价格;产业升级与制造业;增长与总需求;研究方法与证据,左侧—右侧判断,收入年龄与家庭分组;产品与品类横断面,时序与领先滞后,289,199,016-s005,016-s007,02_markdown_articles/016_2011-11-25_中国经济是否经过了刘易斯拐点.md,b4365d13db10565c6f69e8ec155ce40f63bb10f5ae2771a25564a748a70422b6
016-s007,016,中国经济是否经过了刘易斯拐点？,2011-11-25,代表作与研究方法,7,二、刘易斯拐点的判别 > （三）农产品以及低端服务业价格数据、消费数据可以作为判定刘易斯拐点的证据,消费收入与就业,消费收入与就业;潜在增长与人口;通胀与价格;产业升级与制造业;增长与总需求;研究方法与证据,左侧—右侧判断,收入年龄与家庭分组;产品与品类横断面,时序与领先滞后,923,214,016-s006,016-s008,02_markdown_articles/016_2011-11-25_中国经济是否经过了刘易斯拐点.md,4d19444037fd0e870bc7c590bbfaca66591f53d64211d306bb30fc419a74347d
016-s008,016,中国经济是否经过了刘易斯拐点？,2011-11-25,代表作与研究方法,8,二、刘易斯拐点的判别 > （三）农产品以及低端服务业价格数据、消费数据可以作为判定刘易斯拐点的证据,消费收入与就业,消费收入与就业;潜在增长与人口;通胀与价格;产业升级与制造业;增长与总需求;研究方法与证据,左侧—右侧判断,收入年龄与家庭分组;产品与品类横断面,时序与领先滞后,271,212,016-s007,016-s009,02_markdown_articles/016_2011-11-25_中国经济是否经过了刘易斯拐点.md,c33fd86485887303fb148675a4e0398722db131725b4c5295be3fd6d7a61c4a2
016-s009,016,中国经济是否经过了刘易斯拐点？,2011-11-25,代表作与研究方法,9,三、事实与证据 > （一）CPI食品与CPI以及二三产业GDP缩减指数之间的裂口,消费收入与就业,消费收入与就业;潜在增长与人口;通胀与价格;产业升级与制造业;增长与总需求;研究方法与证据,左侧—右侧判断,收入年龄与家庭分组;产品与品类横断面,时序与领先滞后,791,197,016-s008,016-s010,02_markdown_articles/016_2011-11-25_中国经济是否经过了刘易斯拐点.md,4639f3b576df86b6f511c989e1d2b4bd2d57fb82f5ca55c3ea00095cbea0e2e4
016-s010,016,中国经济是否经过了刘易斯拐点？,2011-11-25,代表作与研究方法,10,三、事实与证据 > （二）蔬菜价格中轴的抬升以及乡城蔬菜价格同比增速差,消费收入与就业,消费收入与就业;潜在增长与人口;通胀与价格;产业升级与制造业;增长与总需求;研究方法与证据,左侧—右侧判断,收入年龄与家庭分组;产品与品类横断面,时序与领先滞后,825,216,016-s009,016-s011,02_markdown_articles/016_2011-11-25_中国经济是否经过了刘易斯拐点.md,2b69b28ddca3275db61bd5aa78c02ba5023261f65457fd1bc9c75600cac44bf3
016-s011,016,中国经济是否经过了刘易斯拐点？,2011-11-25,代表作与研究方法,11,三、事实与证据 > （三）粮食价格与粮食种植物质费用之间的裂口,消费收入与就业,消费收入与就业;潜在增长与人口;通胀与价格;产业升级与制造业;增长与总需求;研究方法与证据,左侧—右侧判断,收入年龄与家庭分组;产品与品类横断面,时序与领先滞后,324,208,016-s010,016-s012,02_markdown_articles/016_2011-11-25_中国经济是否经过了刘易斯拐点.md,0f801c80013e6ec70975db0a194b7f030bfe4564231b19fbd6d5a9a7791b18f6
016-s012,016,中国经济是否经过了刘易斯拐点？,2011-11-25,代表作与研究方法,12,三、事实与证据 > （四）中药材中成药价格以及低端服务业价格的上涨,消费收入与就业,消费收入与就业;潜在增长与人口;通胀与价格;产业升级与制造业;增长与总需求;研究方法与证据,左侧—右侧判断,收入年龄与家庭分组;产品与品类横断面,时序与领先滞后,329,204,016-s011,016-s013,02_markdown_articles/016_2011-11-25_中国经济是否经过了刘易斯拐点.md,397c60675068707164f0b0fb1912be84ff8c82070b278ef2ade717016f7c8a85
016-s013,016,中国经济是否经过了刘易斯拐点？,2011-11-25,代表作与研究方法,13,三、事实与证据 > （五）粮食种植的机会成本变迁：低端劳动力工资快速上升在农产品价格时间序列上的体现,消费收入与就业,消费收入与就业;潜在增长与人口;通胀与价格;产业升级与制造业;增长与总需求;研究方法与证据,左侧—右侧判断,收入年龄与家庭分组;产品与品类横断面,时序与领先滞后,1017,199,016-s012,,02_markdown_articles/016_2011-11-25_中国经济是否经过了刘易斯拐点.md,5281bd4767bb4624813554fefc2067f305d7d52d2d45902a26b7b2a68fcd5656
017-s001,017,《经济运行的逻辑》前言,2012-12-30,代表作与研究方法,1,前言（征求意见稿）,研究方法与证据,研究方法与证据;通胀与价格,情景与预测复盘,国内国际与资本流动,时序与领先滞后,971,0,,017-s002,02_markdown_articles/017_2012-12-30_《经济运行的逻辑》前言.md,214108097ca8524226602652f195a83d9abfc9a44dcd0b7c7321708cf8397f33
017-s002,017,《经济运行的逻辑》前言,2012-12-30,代表作与研究方法,2,前言（征求意见稿）,研究方法与证据,研究方法与证据;通胀与价格,情景与预测复盘,国内国际与资本流动,时序与领先滞后,952,214,017-s001,017-s003,02_markdown_articles/017_2012-12-30_《经济运行的逻辑》前言.md,0f6e9cc1649dfe1ba67407cd270a5f82d73d103c1e058ae6e48c751d65b7bf99
017-s003,017,《经济运行的逻辑》前言,2012-12-30,代表作与研究方法,3,前言（征求意见稿）,研究方法与证据,研究方法与证据;通胀与价格,情景与预测复盘,国内国际与资本流动,时序与领先滞后,541,207,017-s002,,02_markdown_articles/017_2012-12-30_《经济运行的逻辑》前言.md,63b9f69dc42a059269f3ffac7acec90c6c922a1b612551796b598d6c6ac1aaba
018-s001,018,经济数据背后的逻辑,2013-10-26,代表作与研究方法,1,正文,研究方法与证据,研究方法与证据;贸易与全球经济;消费收入与就业;汇率与国际收支;增长与总需求;通胀与价格;产业升级与制造业;潜在增长与人口,存量—流量与会计闭合;排他性证据;国际与历史对标;情景与预测复盘,国内国际与资本流动,会计与存量流量约束;反证与不相容事实;多市场一致性;符号与量价组合;时序与领先滞后,904,0,,018-s002,02_markdown_articles/018_2013-10-26_经济数据背后的逻辑.md,c2d25d2860730310f01acec8c2e5ea1554f15c5ccd1bd65c9b6d47498a7ddcee
018-s002,018,经济数据背后的逻辑,2013-10-26,代表作与研究方法,2,正文,研究方法与证据,研究方法与证据;贸易与全球经济;消费收入与就业;汇率与国际收支;增长与总需求;通胀与价格;产业升级与制造业;潜在增长与人口,存量—流量与会计闭合;排他性证据;国际与历史对标;情景与预测复盘,国内国际与资本流动,会计与存量流量约束;反证与不相容事实;多市场一致性;符号与量价组合;时序与领先滞后,1205,209,018-s001,018-s003,02_markdown_articles/018_2013-10-26_经济数据背后的逻辑.md,d890603429b29553c1c64c07fce2383068a249cdad0d3ded699af6bf3fbc4450
018-s003,018,经济数据背后的逻辑,2013-10-26,代表作与研究方法,3,正文,研究方法与证据,研究方法与证据;贸易与全球经济;消费收入与就业;汇率与国际收支;增长与总需求;通胀与价格;产业升级与制造业;潜在增长与人口,存量—流量与会计闭合;排他性证据;国际与历史对标;情景与预测复盘,国内国际与资本流动,会计与存量流量约束;反证与不相容事实;多市场一致性;符号与量价组合;时序与领先滞后,975,212,018-s002,018-s004,02_markdown_articles/018_2013-10-26_经济数据背后的逻辑.md,5001179901e4c98405f780472a61c53d57e80b1fd18477702247a396e5e1607d
018-s004,018,经济数据背后的逻辑,2013-10-26,代表作与研究方法,4,正文,研究方法与证据,研究方法与证据;贸易与全球经济;消费收入与就业;汇率与国际收支;增长与总需求;通胀与价格;产业升级与制造业;潜在增长与人口,存量—流量与会计闭合;排他性证据;国际与历史对标;情景与预测复盘,国内国际与资本流动,会计与存量流量约束;反证与不相容事实;多市场一致性;符号与量价组合;时序与领先滞后,1174,198,018-s003,018-s005,02_markdown_articles/018_2013-10-26_经济数据背后的逻辑.md,4c11da0117b9de5d8e81d6ef2e2170ca6cb6f919517b86465a4e51884c07b1bc
018-s005,018,经济数据背后的逻辑,2013-10-26,代表作与研究方法,5,正文,研究方法与证据,研究方法与证据;贸易与全球经济;消费收入与就业;汇率与国际收支;增长与总需求;通胀与价格;产业升级与制造业;潜在增长与人口,存量—流量与会计闭合;排他性证据;国际与历史对标;情景与预测复盘,国内国际与资本流动,会计与存量流量约束;反证与不相容事实;多市场一致性;符号与量价组合;时序与领先滞后,376,214,018-s004,,02_markdown_articles/018_2013-10-26_经济数据背后的逻辑.md,dbfc8efc29a4a4d72d3c4b7c63bb1e7d751c82ac24e444f8f819103f3898e163
019-s001,019,市场预测的可能与不可能,2014-09-18,代表作与研究方法,1,正文,研究方法与证据,研究方法与证据,情景与预测复盘;可证伪假说,国内国际与资本流动,自然实验与制度冲击,935,0,,019-s002,02_markdown_articles/019_2014-09-18_市场预测的可能与不可能.md,6b99e4448d56705acc089d4676d8963cfff1958428a2ea2e90f19e33f99cdc1d
019-s002,019,市场预测的可能与不可能,2014-09-18,代表作与研究方法,2,正文,研究方法与证据,研究方法与证据,情景与预测复盘;可证伪假说,国内国际与资本流动,自然实验与制度冲击,975,210,019-s001,019-s003,02_markdown_articles/019_2014-09-18_市场预测的可能与不可能.md,573dbc07b069a8193d7c0a98584ed05c6871581dee58b04479a801bd457f8dae
019-s003,019,市场预测的可能与不可能,2014-09-18,代表作与研究方法,3,正文,研究方法与证据,研究方法与证据,情景与预测复盘;可证伪假说,国内国际与资本流动,自然实验与制度冲击,1105,205,019-s002,,02_markdown_articles/019_2014-09-18_市场预测的可能与不可能.md,e3c009d2a05a2b88550b9839014b29bfe7aa807572e830f11ad4d27d245fd68e
020-s001,020,中美贸易摩擦深处的忧虑,2018-07-31,代表作与研究方法,1,正文,研究方法与证据,研究方法与证据;贸易与全球经济;增长与总需求;产业升级与制造业;汇率与国际收支;产能库存与工业周期;能源资源与碳转型;金融制度与监管,国际与历史对标,国内国际与资本流动;主体资产负债表,横断面梯度;时序与领先滞后;负向预测与证伪阈值,1064,0,,020-s002,02_markdown_articles/020_2018-07-31_中美贸易摩擦深处的忧虑.md,34cae294cfd801c7c0b285d36e4a63320dedc2e0cbf95d42f90192b90acf55c2
020-s002,020,中美贸易摩擦深处的忧虑,2018-07-31,代表作与研究方法,2,一、国际贸易摩擦的来源,研究方法与证据,研究方法与证据;贸易与全球经济;增长与总需求;产业升级与制造业;汇率与国际收支;产能库存与工业周期;能源资源与碳转型;金融制度与监管,国际与历史对标,国内国际与资本流动;主体资产负债表,横断面梯度;时序与领先滞后;负向预测与证伪阈值,332,208,020-s001,020-s003,02_markdown_articles/020_2018-07-31_中美贸易摩擦深处的忧虑.md,f22c3af5c2deebc2b9546ec9e90a1af782645cc5e8ddd5297e1a1d6aa9c98c62
020-s003,020,中美贸易摩擦深处的忧虑,2018-07-31,代表作与研究方法,3,一、国际贸易摩擦的来源,研究方法与证据,研究方法与证据;贸易与全球经济;增长与总需求;产业升级与制造业;汇率与国际收支;产能库存与工业周期;能源资源与碳转型;金融制度与监管,国际与历史对标,国内国际与资本流动;主体资产负债表,横断面梯度;时序与领先滞后;负向预测与证伪阈值,958,210,020-s002,020-s004,02_markdown_articles/020_2018-07-31_中美贸易摩擦深处的忧虑.md,056a84700316fd0c21c00f19bc2e0c7596a074068dbefc41d1d2d6911f5f0a73
020-s004,020,中美贸易摩擦深处的忧虑,2018-07-31,代表作与研究方法,4,一、国际贸易摩擦的来源,研究方法与证据,研究方法与证据;贸易与全球经济;增长与总需求;产业升级与制造业;汇率与国际收支;产能库存与工业周期;能源资源与碳转型;金融制度与监管,国际与历史对标,国内国际与资本流动;主体资产负债表,横断面梯度;时序与领先滞后;负向预测与证伪阈值,928,210,020-s003,020-s005,02_markdown_articles/020_2018-07-31_中美贸易摩擦深处的忧虑.md,32a9b1288a95c0a7ebd236d171fa1fc891283f4129ce8580c228ac158839c472
020-s005,020,中美贸易摩擦深处的忧虑,2018-07-31,代表作与研究方法,5,一、国际贸易摩擦的来源,研究方法与证据,研究方法与证据;贸易与全球经济;增长与总需求;产业升级与制造业;汇率与国际收支;产能库存与工业周期;能源资源与碳转型;金融制度与监管,国际与历史对标,国内国际与资本流动;主体资产负债表,横断面梯度;时序与领先滞后;负向预测与证伪阈值,665,212,020-s004,020-s006,02_markdown_articles/020_2018-07-31_中美贸易摩擦深处的忧虑.md,521a51d22f0920fb26d464458ae0ba18cc6406fb5ca75f3817e5ba17dc10bfd0
020-s006,020,中美贸易摩擦深处的忧虑,2018-07-31,代表作与研究方法,6,二、全球贸易发展的历史回顾,研究方法与证据,研究方法与证据;贸易与全球经济;增长与总需求;产业升级与制造业;汇率与国际收支;产能库存与工业周期;能源资源与碳转型;金融制度与监管,国际与历史对标,国内国际与资本流动;主体资产负债表,横断面梯度;时序与领先滞后;负向预测与证伪阈值,1031,203,020-s005,020-s007,02_markdown_articles/020_2018-07-31_中美贸易摩擦深处的忧虑.md,9d7262a0bce772b00ca3c5ce9419ade78121cd018f5dceb1a483df07aad52922
020-s007,020,中美贸易摩擦深处的忧虑,2018-07-31,代表作与研究方法,7,二、全球贸易发展的历史回顾,研究方法与证据,研究方法与证据;贸易与全球经济;增长与总需求;产业升级与制造业;汇率与国际收支;产能库存与工业周期;能源资源与碳转型;金融制度与监管,国际与历史对标,国内国际与资本流动;主体资产负债表,横断面梯度;时序与领先滞后;负向预测与证伪阈值,526,200,020-s006,020-s008,02_markdown_articles/020_2018-07-31_中美贸易摩擦深处的忧虑.md,d2e0e6833933a5b42f25587a4eefa2d3d47c0ca940922e75096b0f9d738537c3
020-s008,020,中美贸易摩擦深处的忧虑,2018-07-31,代表作与研究方法,8,三、以美国为中心的全球经济治理体系,研究方法与证据,研究方法与证据;贸易与全球经济;增长与总需求;产业升级与制造业;汇率与国际收支;产能库存与工业周期;能源资源与碳转型;金融制度与监管,国际与历史对标,国内国际与资本流动;主体资产负债表,横断面梯度;时序与领先滞后;负向预测与证伪阈值,923,200,020-s007,020-s009,02_markdown_articles/020_2018-07-31_中美贸易摩擦深处的忧虑.md,6d081b412b9cdc46d05daced8e3936e63b5e8589afdb2efb07bd955fdc757cfe
020-s009,020,中美贸易摩擦深处的忧虑,2018-07-31,代表作与研究方法,9,三、以美国为中心的全球经济治理体系,研究方法与证据,研究方法与证据;贸易与全球经济;增长与总需求;产业升级与制造业;汇率与国际收支;产能库存与工业周期;能源资源与碳转型;金融制度与监管,国际与历史对标,国内国际与资本流动;主体资产负债表,横断面梯度;时序与领先滞后;负向预测与证伪阈值,1049,201,020-s008,020-s010,02_markdown_articles/020_2018-07-31_中美贸易摩擦深处的忧虑.md,28450492cb8a3955813e7dc004f71e80d26878a5385d038bb22bd251e09f199a
020-s010,020,中美贸易摩擦深处的忧虑,2018-07-31,代表作与研究方法,10,三、以美国为中心的全球经济治理体系,研究方法与证据,研究方法与证据;贸易与全球经济;增长与总需求;产业升级与制造业;汇率与国际收支;产能库存与工业周期;能源资源与碳转型;金融制度与监管,国际与历史对标,国内国际与资本流动;主体资产负债表,横断面梯度;时序与领先滞后;负向预测与证伪阈值,321,198,020-s009,020-s011,02_markdown_articles/020_2018-07-31_中美贸易摩擦深处的忧虑.md,b8600d63b15cb81513acd99c1d91892840675232455f19d1f3c984872da0e2d3
020-s011,020,中美贸易摩擦深处的忧虑,2018-07-31,代表作与研究方法,11,四、G2时代，美国继续维持目前全球经济治理体系的愿望和能力都在下降,研究方法与证据,研究方法与证据;贸易与全球经济;增长与总需求;产业升级与制造业;汇率与国际收支;产能库存与工业周期;能源资源与碳转型;金融制度与监管,国际与历史对标,国内国际与资本流动;主体资产负债表,横断面梯度;时序与领先滞后;负向预测与证伪阈值,1038,207,020-s010,020-s012,02_markdown_articles/020_2018-07-31_中美贸易摩擦深处的忧虑.md,fa95c0deeab18c64c5e84af2fbeffc7efdd945cd051dd3c21e9beb02ac4be397
020-s012,020,中美贸易摩擦深处的忧虑,2018-07-31,代表作与研究方法,12,四、G2时代，美国继续维持目前全球经济治理体系的愿望和能力都在下降,研究方法与证据,研究方法与证据;贸易与全球经济;增长与总需求;产业升级与制造业;汇率与国际收支;产能库存与工业周期;能源资源与碳转型;金融制度与监管,国际与历史对标,国内国际与资本流动;主体资产负债表,横断面梯度;时序与领先滞后;负向预测与证伪阈值,1097,215,020-s011,020-s013,02_markdown_articles/020_2018-07-31_中美贸易摩擦深处的忧虑.md,1c407c9287c1a127c29837fe87f9fe5d0505eddf154a9107f1cd024a3a442a9c
020-s013,020,中美贸易摩擦深处的忧虑,2018-07-31,代表作与研究方法,13,四、G2时代，美国继续维持目前全球经济治理体系的愿望和能力都在下降,研究方法与证据,研究方法与证据;贸易与全球经济;增长与总需求;产业升级与制造业;汇率与国际收支;产能库存与工业周期;能源资源与碳转型;金融制度与监管,国际与历史对标,国内国际与资本流动;主体资产负债表,横断面梯度;时序与领先滞后;负向预测与证伪阈值,997,209,020-s012,020-s014,02_markdown_articles/020_2018-07-31_中美贸易摩擦深处的忧虑.md,125fffa37beaeea05c0f86c6f55bc2a459c9ab6a924f3c4952bc274b97bcf689
020-s014,020,中美贸易摩擦深处的忧虑,2018-07-31,代表作与研究方法,14,四、G2时代，美国继续维持目前全球经济治理体系的愿望和能力都在下降,研究方法与证据,研究方法与证据;贸易与全球经济;增长与总需求;产业升级与制造业;汇率与国际收支;产能库存与工业周期;能源资源与碳转型;金融制度与监管,国际与历史对标,国内国际与资本流动;主体资产负债表,横断面梯度;时序与领先滞后;负向预测与证伪阈值,456,209,020-s013,020-s015,02_markdown_articles/020_2018-07-31_中美贸易摩擦深处的忧虑.md,217dc753680b08017d0d8d089163f3af71d098da459adce5e7a5d826c248d956
020-s015,020,中美贸易摩擦深处的忧虑,2018-07-31,代表作与研究方法,15,五、中美关系的未来走向,研究方法与证据,研究方法与证据;贸易与全球经济;增长与总需求;产业升级与制造业;汇率与国际收支;产能库存与工业周期;能源资源与碳转型;金融制度与监管,国际与历史对标,国内国际与资本流动;主体资产负债表,横断面梯度;时序与领先滞后;负向预测与证伪阈值,881,196,020-s014,,02_markdown_articles/020_2018-07-31_中美贸易摩擦深处的忧虑.md,d15a606c532e92f619adba675199cd1ac8325722dd06f701ed351417e8a6dd43
021-s001,021,通胀趋势与风险分析,2009-09-29,周期、通胀与人口,1,正文,通胀与价格,通胀与价格;增长与总需求;货币与流动性;产能库存与工业周期;潜在增长与人口;能源资源与碳转型;汇率与国际收支,国际与历史对标;跨市场与跨资产验证,国内国际与资本流动;产品与品类横断面,多市场一致性,954,0,,021-s002,02_markdown_articles/021_2009-09-29_通胀趋势与风险分析.md,c6b360dfd38b1e5830903d84c984d16771cf8e7b2fca322e9eb9263eb27433d7
021-s002,021,通胀趋势与风险分析,2009-09-29,周期、通胀与人口,2,正文,通胀与价格,通胀与价格;增长与总需求;货币与流动性;产能库存与工业周期;潜在增长与人口;能源资源与碳转型;汇率与国际收支,国际与历史对标;跨市场与跨资产验证,国内国际与资本流动;产品与品类横断面,多市场一致性,946,203,021-s001,021-s003,02_markdown_articles/021_2009-09-29_通胀趋势与风险分析.md,3726651cd8edb6a9994ec3011202257b3ed70b09d82b1316b19919f50645505e
021-s003,021,通胀趋势与风险分析,2009-09-29,周期、通胀与人口,3,正文,通胀与价格,通胀与价格;增长与总需求;货币与流动性;产能库存与工业周期;潜在增长与人口;能源资源与碳转型;汇率与国际收支,国际与历史对标;跨市场与跨资产验证,国内国际与资本流动;产品与品类横断面,多市场一致性,1100,209,021-s002,021-s004,02_markdown_articles/021_2009-09-29_通胀趋势与风险分析.md,b4ed7d5c5fc0950033c906a34c66cdc237e1824c9c9d55736020e133c9ee0885
021-s004,021,通胀趋势与风险分析,2009-09-29,周期、通胀与人口,4,正文,通胀与价格,通胀与价格;增长与总需求;货币与流动性;产能库存与工业周期;潜在增长与人口;能源资源与碳转型;汇率与国际收支,国际与历史对标;跨市场与跨资产验证,国内国际与资本流动;产品与品类横断面,多市场一致性,1223,204,021-s003,021-s005,02_markdown_articles/021_2009-09-29_通胀趋势与风险分析.md,a83c14bcbab07de0e22ab37289b9b2f93df914004548c0a31b4dfb7a7f164285
021-s005,021,通胀趋势与风险分析,2009-09-29,周期、通胀与人口,5,正文,通胀与价格,通胀与价格;增长与总需求;货币与流动性;产能库存与工业周期;潜在增长与人口;能源资源与碳转型;汇率与国际收支,国际与历史对标;跨市场与跨资产验证,国内国际与资本流动;产品与品类横断面,多市场一致性,1052,212,021-s004,021-s006,02_markdown_articles/021_2009-09-29_通胀趋势与风险分析.md,edb6aa07ac3871673d44507c046c2023475de833a612ba59f12e05f56ccf6653
021-s006,021,通胀趋势与风险分析,2009-09-29,周期、通胀与人口,6,正文,通胀与价格,通胀与价格;增长与总需求;货币与流动性;产能库存与工业周期;潜在增长与人口;能源资源与碳转型;汇率与国际收支,国际与历史对标;跨市场与跨资产验证,国内国际与资本流动;产品与品类横断面,多市场一致性,579,210,021-s005,,02_markdown_articles/021_2009-09-29_通胀趋势与风险分析.md,3813dbc634a227408a3608bf37b950e2a92687692746232a567a650d52e1e16f
022-s001,022,上升的地平线——刘易斯拐点与通胀裂口,2010-09-02,周期、通胀与人口,1,内容提要,增长与总需求,增长与总需求;通胀与价格;潜在增长与人口;消费收入与就业;产业升级与制造业;研究方法与证据;产能库存与工业周期;能源资源与碳转型,国际与历史对标;左侧—右侧判断;总量—结构拆分,收入年龄与家庭分组;产品与品类横断面,时序与领先滞后;横断面梯度;符号与量价组合,586,0,,022-s002,02_markdown_articles/022_2010-09-02_上升的地平线——刘易斯拐点与通胀裂口.md,3855ccf84a0bade222da4cdf9d8ced6b1335f561932447584d6d7d8488686e52
022-s002,022,上升的地平线——刘易斯拐点与通胀裂口,2010-09-02,周期、通胀与人口,2,一、刘易斯拐点和通货膨胀,增长与总需求,增长与总需求;通胀与价格;潜在增长与人口;消费收入与就业;产业升级与制造业;研究方法与证据;产能库存与工业周期;能源资源与碳转型,国际与历史对标;左侧—右侧判断;总量—结构拆分,收入年龄与家庭分组;产品与品类横断面,时序与领先滞后;横断面梯度;符号与量价组合,905,196,022-s001,022-s003,02_markdown_articles/022_2010-09-02_上升的地平线——刘易斯拐点与通胀裂口.md,932878559a1cc39ea424c40864a77e912b18bf160ed55ba9b5620e2dfec700bf
022-s003,022,上升的地平线——刘易斯拐点与通胀裂口,2010-09-02,周期、通胀与人口,3,二、日本 1960 年代案例,增长与总需求,增长与总需求;通胀与价格;潜在增长与人口;消费收入与就业;产业升级与制造业;研究方法与证据;产能库存与工业周期;能源资源与碳转型,国际与历史对标;左侧—右侧判断;总量—结构拆分,收入年龄与家庭分组;产品与品类横断面,时序与领先滞后;横断面梯度;符号与量价组合,312,213,022-s002,022-s004,02_markdown_articles/022_2010-09-02_上升的地平线——刘易斯拐点与通胀裂口.md,aecf75ae667adf8c61501d539aa7ba77f4b67aa29b94dadcc405e9d543f933c2
022-s004,022,上升的地平线——刘易斯拐点与通胀裂口,2010-09-02,周期、通胀与人口,4,二、日本 1960 年代案例 > （一）CPI 和 PPI 的脱钩,增长与总需求,增长与总需求;通胀与价格;潜在增长与人口;消费收入与就业;产业升级与制造业;研究方法与证据;产能库存与工业周期;能源资源与碳转型,国际与历史对标;左侧—右侧判断;总量—结构拆分,收入年龄与家庭分组;产品与品类横断面,时序与领先滞后;横断面梯度;符号与量价组合,290,215,022-s003,022-s005,02_markdown_articles/022_2010-09-02_上升的地平线——刘易斯拐点与通胀裂口.md,2cdce6633a4c4641c4c96d00d9f35d25bbfa9b6658f145f189f270ff50043b93
022-s005,022,上升的地平线——刘易斯拐点与通胀裂口,2010-09-02,周期、通胀与人口,5,二、日本 1960 年代案例 > （二）农产品和服务业推高 CPI,增长与总需求,增长与总需求;通胀与价格;潜在增长与人口;消费收入与就业;产业升级与制造业;研究方法与证据;产能库存与工业周期;能源资源与碳转型,国际与历史对标;左侧—右侧判断;总量—结构拆分,收入年龄与家庭分组;产品与品类横断面,时序与领先滞后;横断面梯度;符号与量价组合,486,204,022-s004,022-s006,02_markdown_articles/022_2010-09-02_上升的地平线——刘易斯拐点与通胀裂口.md,e92596bc5baa8fe9e7b787c7eb29d4615fe4f3e2930aa0ffd09fc1480528c974
022-s006,022,上升的地平线——刘易斯拐点与通胀裂口,2010-09-02,周期、通胀与人口,6,三、中国：从农产品价格看刘易斯拐点 > （一）刘易斯拐点的判定,增长与总需求,增长与总需求;通胀与价格;潜在增长与人口;消费收入与就业;产业升级与制造业;研究方法与证据;产能库存与工业周期;能源资源与碳转型,国际与历史对标;左侧—右侧判断;总量—结构拆分,收入年龄与家庭分组;产品与品类横断面,时序与领先滞后;横断面梯度;符号与量价组合,953,210,022-s005,022-s007,02_markdown_articles/022_2010-09-02_上升的地平线——刘易斯拐点与通胀裂口.md,564e8f4c4d7cb03d8ca7558a15436ba4bfaa91b6386d40cfe301cb0a2dbaa6cf
022-s007,022,上升的地平线——刘易斯拐点与通胀裂口,2010-09-02,周期、通胀与人口,7,三、中国：从农产品价格看刘易斯拐点 > （一）刘易斯拐点的判定,增长与总需求,增长与总需求;通胀与价格;潜在增长与人口;消费收入与就业;产业升级与制造业;研究方法与证据;产能库存与工业周期;能源资源与碳转型,国际与历史对标;左侧—右侧判断;总量—结构拆分,收入年龄与家庭分组;产品与品类横断面,时序与领先滞后;横断面梯度;符号与量价组合,597,209,022-s006,022-s008,02_markdown_articles/022_2010-09-02_上升的地平线——刘易斯拐点与通胀裂口.md,4690100542b83e8237884d998f58a2f8025f07fa8f9ba6abb558a51b768968d2
022-s008,022,上升的地平线——刘易斯拐点与通胀裂口,2010-09-02,周期、通胀与人口,8,三、中国：从农产品价格看刘易斯拐点 > （二）粮食种植的机会成本变迁,增长与总需求,增长与总需求;通胀与价格;潜在增长与人口;消费收入与就业;产业升级与制造业;研究方法与证据;产能库存与工业周期;能源资源与碳转型,国际与历史对标;左侧—右侧判断;总量—结构拆分,收入年龄与家庭分组;产品与品类横断面,时序与领先滞后;横断面梯度;符号与量价组合,911,213,022-s007,022-s009,02_markdown_articles/022_2010-09-02_上升的地平线——刘易斯拐点与通胀裂口.md,29d371ddc857e114edc848fcd8dee6449a9ed4775e0102ca55c98da70366c2ba
022-s009,022,上升的地平线——刘易斯拐点与通胀裂口,2010-09-02,周期、通胀与人口,9,三、中国：从农产品价格看刘易斯拐点 > （二）粮食种植的机会成本变迁,增长与总需求,增长与总需求;通胀与价格;潜在增长与人口;消费收入与就业;产业升级与制造业;研究方法与证据;产能库存与工业周期;能源资源与碳转型,国际与历史对标;左侧—右侧判断;总量—结构拆分,收入年龄与家庭分组;产品与品类横断面,时序与领先滞后;横断面梯度;符号与量价组合,299,203,022-s008,022-s010,02_markdown_articles/022_2010-09-02_上升的地平线——刘易斯拐点与通胀裂口.md,97f974d7c7fc285d5105ce7db988430f8d604c0487321b182366a5c6c78bee6d
022-s010,022,上升的地平线——刘易斯拐点与通胀裂口,2010-09-02,周期、通胀与人口,10,三、中国：从农产品价格看刘易斯拐点 > （三）农产品涨幅和劳动密集度,增长与总需求,增长与总需求;通胀与价格;潜在增长与人口;消费收入与就业;产业升级与制造业;研究方法与证据;产能库存与工业周期;能源资源与碳转型,国际与历史对标;左侧—右侧判断;总量—结构拆分,收入年龄与家庭分组;产品与品类横断面,时序与领先滞后;横断面梯度;符号与量价组合,666,216,022-s009,022-s011,02_markdown_articles/022_2010-09-02_上升的地平线——刘易斯拐点与通胀裂口.md,d1ab87ca9b803b9714f5427f55b50ab0d9aea57f450a961b5283510eca7ce7b0
022-s011,022,上升的地平线——刘易斯拐点与通胀裂口,2010-09-02,周期、通胀与人口,11,四、近期的趋势 > （一）2007-2008 年通胀的不同之处,增长与总需求,增长与总需求;通胀与价格;潜在增长与人口;消费收入与就业;产业升级与制造业;研究方法与证据;产能库存与工业周期;能源资源与碳转型,国际与历史对标;左侧—右侧判断;总量—结构拆分,收入年龄与家庭分组;产品与品类横断面,时序与领先滞后;横断面梯度;符号与量价组合,522,197,022-s010,022-s012,02_markdown_articles/022_2010-09-02_上升的地平线——刘易斯拐点与通胀裂口.md,0eb8a92da651eafdab4ffcca70f65dc15626fff2bb8df782a9b4500232d66a10
022-s012,022,上升的地平线——刘易斯拐点与通胀裂口,2010-09-02,周期、通胀与人口,12,四、近期的趋势 > （二）民工荒和农产品加速上涨,增长与总需求,增长与总需求;通胀与价格;潜在增长与人口;消费收入与就业;产业升级与制造业;研究方法与证据;产能库存与工业周期;能源资源与碳转型,国际与历史对标;左侧—右侧判断;总量—结构拆分,收入年龄与家庭分组;产品与品类横断面,时序与领先滞后;横断面梯度;符号与量价组合,792,194,022-s011,022-s013,02_markdown_articles/022_2010-09-02_上升的地平线——刘易斯拐点与通胀裂口.md,8406f3685697490e7f0ad48c48120d0e6f02e6d6ad4725ab334266732ddf4da9
022-s013,022,上升的地平线——刘易斯拐点与通胀裂口,2010-09-02,周期、通胀与人口,13,五、总结和展望,增长与总需求,增长与总需求;通胀与价格;潜在增长与人口;消费收入与就业;产业升级与制造业;研究方法与证据;产能库存与工业周期;能源资源与碳转型,国际与历史对标;左侧—右侧判断;总量—结构拆分,收入年龄与家庭分组;产品与品类横断面,时序与领先滞后;横断面梯度;符号与量价组合,460,197,022-s012,022-s014,02_markdown_articles/022_2010-09-02_上升的地平线——刘易斯拐点与通胀裂口.md,b1297fc9e0fc733a076df3b3ea0e5e6fc67b6853d090ae845f3739b532247a4d
022-s014,022,上升的地平线——刘易斯拐点与通胀裂口,2010-09-02,周期、通胀与人口,14,附录一：韩国和台湾案例,增长与总需求,增长与总需求;通胀与价格;潜在增长与人口;消费收入与就业;产业升级与制造业;研究方法与证据;产能库存与工业周期;能源资源与碳转型,国际与历史对标;左侧—右侧判断;总量—结构拆分,收入年龄与家庭分组;产品与品类横断面,时序与领先滞后;横断面梯度;符号与量价组合,262,197,022-s013,022-s015,02_markdown_articles/022_2010-09-02_上升的地平线——刘易斯拐点与通胀裂口.md,8a297df043a298b3adafebd66513187dc8de753f900206c06809fd7e78870271
022-s015,022,上升的地平线——刘易斯拐点与通胀裂口,2010-09-02,周期、通胀与人口,15,附录一：韩国和台湾案例 > （一）韩国的案例,增长与总需求,增长与总需求;通胀与价格;潜在增长与人口;消费收入与就业;产业升级与制造业;研究方法与证据;产能库存与工业周期;能源资源与碳转型,国际与历史对标;左侧—右侧判断;总量—结构拆分,收入年龄与家庭分组;产品与品类横断面,时序与领先滞后;横断面梯度;符号与量价组合,346,207,022-s014,022-s016,02_markdown_articles/022_2010-09-02_上升的地平线——刘易斯拐点与通胀裂口.md,5906b07b712028194da3c99e6720fd58dd06deb2f4f5fb5f142b6631cfce8178
022-s016,022,上升的地平线——刘易斯拐点与通胀裂口,2010-09-02,周期、通胀与人口,16,附录一：韩国和台湾案例 > （二）台湾的案例,增长与总需求,增长与总需求;通胀与价格;潜在增长与人口;消费收入与就业;产业升级与制造业;研究方法与证据;产能库存与工业周期;能源资源与碳转型,国际与历史对标;左侧—右侧判断;总量—结构拆分,收入年龄与家庭分组;产品与品类横断面,时序与领先滞后;横断面梯度;符号与量价组合,412,205,022-s015,022-s017,02_markdown_articles/022_2010-09-02_上升的地平线——刘易斯拐点与通胀裂口.md,e28dba63a691661e073cf1bf93919740f32fdc5757f245b9726b26c1e15af8b8
022-s017,022,上升的地平线——刘易斯拐点与通胀裂口,2010-09-02,周期、通胀与人口,17,附录一：韩国和台湾案例 > （三）广泛的国际研究总结,增长与总需求,增长与总需求;通胀与价格;潜在增长与人口;消费收入与就业;产业升级与制造业;研究方法与证据;产能库存与工业周期;能源资源与碳转型,国际与历史对标;左侧—右侧判断;总量—结构拆分,收入年龄与家庭分组;产品与品类横断面,时序与领先滞后;横断面梯度;符号与量价组合,973,206,022-s016,022-s018,02_markdown_articles/022_2010-09-02_上升的地平线——刘易斯拐点与通胀裂口.md,f024805bdff80e5076f1b6260af3ae2e48de1baab7d01b94a98cd4bbc44f4900
022-s018,022,上升的地平线——刘易斯拐点与通胀裂口,2010-09-02,周期、通胀与人口,18,附录二：弹性和劳动力价格估算,增长与总需求,增长与总需求;通胀与价格;潜在增长与人口;消费收入与就业;产业升级与制造业;研究方法与证据;产能库存与工业周期;能源资源与碳转型,国际与历史对标;左侧—右侧判断;总量—结构拆分,收入年龄与家庭分组;产品与品类横断面,时序与领先滞后;横断面梯度;符号与量价组合,1115,200,022-s017,022-s019,02_markdown_articles/022_2010-09-02_上升的地平线——刘易斯拐点与通胀裂口.md,b545a83e2e9473cc69d1f7a78b13f512dadd79cd482201f094987bc80b341a6f
022-s019,022,上升的地平线——刘易斯拐点与通胀裂口,2010-09-02,周期、通胀与人口,19,附录二：弹性和劳动力价格估算,增长与总需求,增长与总需求;通胀与价格;潜在增长与人口;消费收入与就业;产业升级与制造业;研究方法与证据;产能库存与工业周期;能源资源与碳转型,国际与历史对标;左侧—右侧判断;总量—结构拆分,收入年龄与家庭分组;产品与品类横断面,时序与领先滞后;横断面梯度;符号与量价组合,341,216,022-s018,,02_markdown_articles/022_2010-09-02_上升的地平线——刘易斯拐点与通胀裂口.md,6a35bf7c6afea75db8ed6f90b1b4d125c49ef02e7e8c3082c81307c9ad462685
023-s001,023,2011看波段,2011-01-31,周期、通胀与人口,1,正文,增长与总需求,增长与总需求;股票与资本市场;货币与流动性;通胀与价格;潜在增长与人口,广谱利率与流动性,产品与品类横断面,时序与领先滞后,968,0,,023-s002,02_markdown_articles/023_2011-01-31_2011看波段.md,78d5a45143b90c046b9d15ef55c0b70b2416789e16cbb5fce2ef35d06c55cb97
023-s002,023,2011看波段,2011-01-31,周期、通胀与人口,2,正文,增长与总需求,增长与总需求;股票与资本市场;货币与流动性;通胀与价格;潜在增长与人口,广谱利率与流动性,产品与品类横断面,时序与领先滞后,470,203,023-s001,,02_markdown_articles/023_2011-01-31_2011看波段.md,dccfb9dc0e19f6d5b9cc291def3f8eb62d9ffea6d15de8eae5a9c96c8083ae10
024-s001,024,掀开货币的面纱之二– 产出缺口与通货膨胀,2011-06-08,周期、通胀与人口,1,内容提要,通胀与价格,通胀与价格;增长与总需求;消费收入与就业;研究方法与证据;货币与流动性;潜在增长与人口,价格—数量联合验证;国际与历史对标;情景与预测复盘,产品与品类横断面,会计与存量流量约束,337,0,,024-s002,02_markdown_articles/024_2011-06-08_掀开货币的面纱之二–_产出缺口与通货膨胀.md,1405262afe2816cf093e0bc07185cb5973ba33d8ee38bf0e59784dfd149f5f78
024-s002,024,掀开货币的面纱之二– 产出缺口与通货膨胀,2011-06-08,周期、通胀与人口,2,内容提要,通胀与价格,通胀与价格;增长与总需求;消费收入与就业;研究方法与证据;货币与流动性;潜在增长与人口,价格—数量联合验证;国际与历史对标;情景与预测复盘,产品与品类横断面,会计与存量流量约束,472,199,024-s001,024-s003,02_markdown_articles/024_2011-06-08_掀开货币的面纱之二–_产出缺口与通货膨胀.md,275e6d674c369cf3c911d74a376553b18b22632655142ef693ab8c90d11e221a
024-s003,024,掀开货币的面纱之二– 产出缺口与通货膨胀,2011-06-08,周期、通胀与人口,3,一、菲利普斯曲线与产出缺口的概念,通胀与价格,通胀与价格;增长与总需求;消费收入与就业;研究方法与证据;货币与流动性;潜在增长与人口,价格—数量联合验证;国际与历史对标;情景与预测复盘,产品与品类横断面,会计与存量流量约束,688,211,024-s002,024-s004,02_markdown_articles/024_2011-06-08_掀开货币的面纱之二–_产出缺口与通货膨胀.md,4b0118d51be88eb59bf5d50d1418e0360e1000ec2f8341c23f2aa873a15d0f86
024-s004,024,掀开货币的面纱之二– 产出缺口与通货膨胀,2011-06-08,周期、通胀与人口,4,二、价格粘性：现代宏观经济学的根基,通胀与价格,通胀与价格;增长与总需求;消费收入与就业;研究方法与证据;货币与流动性;潜在增长与人口,价格—数量联合验证;国际与历史对标;情景与预测复盘,产品与品类横断面,会计与存量流量约束,951,203,024-s003,024-s005,02_markdown_articles/024_2011-06-08_掀开货币的面纱之二–_产出缺口与通货膨胀.md,e93823d8337b620ebeef882f5879d6f6815d3e8d31008f6e5c6c8c1707772d9e
024-s005,024,掀开货币的面纱之二– 产出缺口与通货膨胀,2011-06-08,周期、通胀与人口,5,二、价格粘性：现代宏观经济学的根基,通胀与价格,通胀与价格;增长与总需求;消费收入与就业;研究方法与证据;货币与流动性;潜在增长与人口,价格—数量联合验证;国际与历史对标;情景与预测复盘,产品与品类横断面,会计与存量流量约束,293,203,024-s004,024-s006,02_markdown_articles/024_2011-06-08_掀开货币的面纱之二–_产出缺口与通货膨胀.md,192d7e26f4703748c888259a0c75565aeac7b9caea09297bfa1575643b95b687
024-s006,024,掀开货币的面纱之二– 产出缺口与通货膨胀,2011-06-08,周期、通胀与人口,6,三、货币与产出缺口的关系,通胀与价格,通胀与价格;增长与总需求;消费收入与就业;研究方法与证据;货币与流动性;潜在增长与人口,价格—数量联合验证;国际与历史对标;情景与预测复盘,产品与品类横断面,会计与存量流量约束,323,214,024-s005,024-s007,02_markdown_articles/024_2011-06-08_掀开货币的面纱之二–_产出缺口与通货膨胀.md,9732741cb8c114acc507454110f40316f7bb14fecf21b959627dbc33eafbc5a2
024-s007,024,掀开货币的面纱之二– 产出缺口与通货膨胀,2011-06-08,周期、通胀与人口,7,四、菲利普斯曲线在实践中的应用,通胀与价格,通胀与价格;增长与总需求;消费收入与就业;研究方法与证据;货币与流动性;潜在增长与人口,价格—数量联合验证;国际与历史对标;情景与预测复盘,产品与品类横断面,会计与存量流量约束,829,206,024-s006,024-s008,02_markdown_articles/024_2011-06-08_掀开货币的面纱之二–_产出缺口与通货膨胀.md,56c91876074ec97b415011f2aa18ff6eaf169ddde19df7d3a2f60da3099ecd06
024-s008,024,掀开货币的面纱之二– 产出缺口与通货膨胀,2011-06-08,周期、通胀与人口,8,五、菲利普斯曲线在中国的实用性,通胀与价格,通胀与价格;增长与总需求;消费收入与就业;研究方法与证据;货币与流动性;潜在增长与人口,价格—数量联合验证;国际与历史对标;情景与预测复盘,产品与品类横断面,会计与存量流量约束,659,201,024-s007,,02_markdown_articles/024_2011-06-08_掀开货币的面纱之二–_产出缺口与通货膨胀.md,cca2051cddb5801f947947be8f7e2ee450abce8c5cd401c21a485b1b16c70a06
025-s001,025,通货膨胀的理解框架,2011-06-17,周期、通胀与人口,1,一、食品 CPI 的波动成因,通胀与价格,通胀与价格;研究方法与证据;消费收入与就业;产能库存与工业周期;增长与总需求;潜在增长与人口,情景与预测复盘;国际与历史对标,产品与品类横断面;收入年龄与家庭分组,多市场一致性;横断面梯度;符号与量价组合,276,0,,025-s002,02_markdown_articles/025_2011-06-17_通货膨胀的理解框架.md,a3b12e045e08f091b7e2e42fce0e17e4dace6e0afbfde122113909ca2259df23
025-s002,025,通货膨胀的理解框架,2011-06-17,周期、通胀与人口,2,一、食品 CPI 的波动成因 > 1 ．食品价格和总物价趋势的同步性及解释,通胀与价格,通胀与价格;研究方法与证据;消费收入与就业;产能库存与工业周期;增长与总需求;潜在增长与人口,情景与预测复盘;国际与历史对标,产品与品类横断面;收入年龄与家庭分组,多市场一致性;横断面梯度;符号与量价组合,985,205,025-s001,025-s003,02_markdown_articles/025_2011-06-17_通货膨胀的理解框架.md,b42b366b11dd14efb071ad472c3c4f550c5dda1a32b5d9ecba6da6d7d74cd8b8
025-s003,025,通货膨胀的理解框架,2011-06-17,周期、通胀与人口,3,一、食品 CPI 的波动成因 > 2 ．成本加成和通胀预期的区分和检验,通胀与价格,通胀与价格;研究方法与证据;消费收入与就业;产能库存与工业周期;增长与总需求;潜在增长与人口,情景与预测复盘;国际与历史对标,产品与品类横断面;收入年龄与家庭分组,多市场一致性;横断面梯度;符号与量价组合,860,214,025-s002,025-s004,02_markdown_articles/025_2011-06-17_通货膨胀的理解框架.md,ffaace06ba038a9a0ba2fa570be595c5819515e61b130c5e9e2a7e22b93c0eba
025-s004,025,通货膨胀的理解框架,2011-06-17,周期、通胀与人口,4,一、食品 CPI 的波动成因 > 3. 预测食品 CPI 的方法,通胀与价格,通胀与价格;研究方法与证据;消费收入与就业;产能库存与工业周期;增长与总需求;潜在增长与人口,情景与预测复盘;国际与历史对标,产品与品类横断面;收入年龄与家庭分组,多市场一致性;横断面梯度;符号与量价组合,286,200,025-s003,025-s005,02_markdown_articles/025_2011-06-17_通货膨胀的理解框架.md,2063ab7c35262d2e70577db66de2044a7e670034f3962437ac67c82bce57f3d3
025-s005,025,通货膨胀的理解框架,2011-06-17,周期、通胀与人口,5,三、长期通货膨胀的趋势,通胀与价格,通胀与价格;研究方法与证据;消费收入与就业;产能库存与工业周期;增长与总需求;潜在增长与人口,情景与预测复盘;国际与历史对标,产品与品类横断面;收入年龄与家庭分组,多市场一致性;横断面梯度;符号与量价组合,261,210,025-s004,025-s006,02_markdown_articles/025_2011-06-17_通货膨胀的理解框架.md,12c84f062a7bd3f4925b7616f5c3cdb18cd59c712067a87b651d7e2dd62b46e0
025-s006,025,通货膨胀的理解框架,2011-06-17,周期、通胀与人口,6,三、长期通货膨胀的趋势 > 1. 长期名义价格的上升动因,通胀与价格,通胀与价格;研究方法与证据;消费收入与就业;产能库存与工业周期;增长与总需求;潜在增长与人口,情景与预测复盘;国际与历史对标,产品与品类横断面;收入年龄与家庭分组,多市场一致性;横断面梯度;符号与量价组合,568,216,025-s005,025-s007,02_markdown_articles/025_2011-06-17_通货膨胀的理解框架.md,30fc8cd8334ef3e489c78a16b0e5c04ed54cc87df2cc152083227b03fe2a48f9
025-s007,025,通货膨胀的理解框架,2011-06-17,周期、通胀与人口,7,三、长期通货膨胀的趋势 > 2. 农民工和农产品价格趋势,通胀与价格,通胀与价格;研究方法与证据;消费收入与就业;产能库存与工业周期;增长与总需求;潜在增长与人口,情景与预测复盘;国际与历史对标,产品与品类横断面;收入年龄与家庭分组,多市场一致性;横断面梯度;符号与量价组合,1132,195,025-s006,,02_markdown_articles/025_2011-06-17_通货膨胀的理解框架.md,cb6f44d97293cb9a3682348a76213fe5999a9a996231e27beb2013f94af54012
026-s001,026,潮水退去,2011-07-14,周期、通胀与人口,1,内容提要,通胀与价格,通胀与价格;贸易与全球经济;增长与总需求;产能库存与工业周期;潜在增长与人口;企业盈利与资产负债表;货币与流动性;股票与资本市场,国际与历史对标;资产负债表分析;情景与预测复盘;广谱利率与流动性,国内国际与资本流动;主体资产负债表;行业横断面;产品与品类横断面,多市场一致性;时序与领先滞后;会计与存量流量约束;横断面梯度,354,0,,026-s002,02_markdown_articles/026_2011-07-14_潮水退去.md,477505a7d834ffdd9d51a49324f3e41240fa92ab395b5e07293e3eef087da150
026-s002,026,潮水退去,2011-07-14,周期、通胀与人口,2,一、通货膨胀的潮水正在退去,通胀与价格,通胀与价格;贸易与全球经济;增长与总需求;产能库存与工业周期;潜在增长与人口;企业盈利与资产负债表;货币与流动性;股票与资本市场,国际与历史对标;资产负债表分析;情景与预测复盘;广谱利率与流动性,国内国际与资本流动;主体资产负债表;行业横断面;产品与品类横断面,多市场一致性;时序与领先滞后;会计与存量流量约束;横断面梯度,287,202,026-s001,026-s003,02_markdown_articles/026_2011-07-14_潮水退去.md,3054c71b07f2e39aeac351285ba35c0dc6b920aaa1d3a4238312d56b027d6089
026-s003,026,潮水退去,2011-07-14,周期、通胀与人口,3,一、通货膨胀的潮水正在退去 > 1、猪周期即将转入下降,通胀与价格,通胀与价格;贸易与全球经济;增长与总需求;产能库存与工业周期;潜在增长与人口;企业盈利与资产负债表;货币与流动性;股票与资本市场,国际与历史对标;资产负债表分析;情景与预测复盘;广谱利率与流动性,国内国际与资本流动;主体资产负债表;行业横断面;产品与品类横断面,多市场一致性;时序与领先滞后;会计与存量流量约束;横断面梯度,262,207,026-s002,026-s004,02_markdown_articles/026_2011-07-14_潮水退去.md,d2c9e7fb263e4fe601d3f6b7686319032fd9459a1c968ee2189331404b79d27f
026-s004,026,潮水退去,2011-07-14,周期、通胀与人口,4,一、通货膨胀的潮水正在退去 > 2、猪周期背后的宏观机制,通胀与价格,通胀与价格;贸易与全球经济;增长与总需求;产能库存与工业周期;潜在增长与人口;企业盈利与资产负债表;货币与流动性;股票与资本市场,国际与历史对标;资产负债表分析;情景与预测复盘;广谱利率与流动性,国内国际与资本流动;主体资产负债表;行业横断面;产品与品类横断面,多市场一致性;时序与领先滞后;会计与存量流量约束;横断面梯度,437,154,026-s003,026-s005,02_markdown_articles/026_2011-07-14_潮水退去.md,6539c14d8f48d4b20eaed2357911c29b6ec8c89c359de06e993576f2be795e6f
026-s005,026,潮水退去,2011-07-14,周期、通胀与人口,5,一、通货膨胀的潮水正在退去 > （二）生产资料价格的上升过程正在接近尾声,通胀与价格,通胀与价格;贸易与全球经济;增长与总需求;产能库存与工业周期;潜在增长与人口;企业盈利与资产负债表;货币与流动性;股票与资本市场,国际与历史对标;资产负债表分析;情景与预测复盘;广谱利率与流动性,国内国际与资本流动;主体资产负债表;行业横断面;产品与品类横断面,多市场一致性;时序与领先滞后;会计与存量流量约束;横断面梯度,275,214,026-s004,026-s006,02_markdown_articles/026_2011-07-14_潮水退去.md,aba791320014b3e5478f2bb1d6b967e7df2fdf1d561ac7086efd50b0949a5fca
026-s006,026,潮水退去,2011-07-14,周期、通胀与人口,6,一、通货膨胀的潮水正在退去 > 1、中美PPI具有很强的同步性,通胀与价格,通胀与价格;贸易与全球经济;增长与总需求;产能库存与工业周期;潜在增长与人口;企业盈利与资产负债表;货币与流动性;股票与资本市场,国际与历史对标;资产负债表分析;情景与预测复盘;广谱利率与流动性,国内国际与资本流动;主体资产负债表;行业横断面;产品与品类横断面,多市场一致性;时序与领先滞后;会计与存量流量约束;横断面梯度,349,201,026-s005,026-s007,02_markdown_articles/026_2011-07-14_潮水退去.md,7187a11c1b39a53966fdbff82f97381abd44073c2ea9e69795924167c9a25aed
026-s007,026,潮水退去,2011-07-14,周期、通胀与人口,7,一、通货膨胀的潮水正在退去 > 2、全球生产资料价格周期有其自身规律,通胀与价格,通胀与价格;贸易与全球经济;增长与总需求;产能库存与工业周期;潜在增长与人口;企业盈利与资产负债表;货币与流动性;股票与资本市场,国际与历史对标;资产负债表分析;情景与预测复盘;广谱利率与流动性,国内国际与资本流动;主体资产负债表;行业横断面;产品与品类横断面,多市场一致性;时序与领先滞后;会计与存量流量约束;横断面梯度,343,209,026-s006,026-s008,02_markdown_articles/026_2011-07-14_潮水退去.md,dbd7186ecb9893635eb7ac2d0a2dd0e8fe341cd287201b4ae5bf60f3068a6dce
026-s008,026,潮水退去,2011-07-14,周期、通胀与人口,8,一、通货膨胀的潮水正在退去 > 3、中国与全球经济周期的同步性增强,通胀与价格,通胀与价格;贸易与全球经济;增长与总需求;产能库存与工业周期;潜在增长与人口;企业盈利与资产负债表;货币与流动性;股票与资本市场,国际与历史对标;资产负债表分析;情景与预测复盘;广谱利率与流动性,国内国际与资本流动;主体资产负债表;行业横断面;产品与品类横断面,多市场一致性;时序与领先滞后;会计与存量流量约束;横断面梯度,1114,210,026-s007,026-s009,02_markdown_articles/026_2011-07-14_潮水退去.md,1608ea323b68de04e46209f1f3002180614be487beed18aab22ca766193f0aa1
026-s009,026,潮水退去,2011-07-14,周期、通胀与人口,9,一、通货膨胀的潮水正在退去 > 3、中国与全球经济周期的同步性增强,通胀与价格,通胀与价格;贸易与全球经济;增长与总需求;产能库存与工业周期;潜在增长与人口;企业盈利与资产负债表;货币与流动性;股票与资本市场,国际与历史对标;资产负债表分析;情景与预测复盘;广谱利率与流动性,国内国际与资本流动;主体资产负债表;行业横断面;产品与品类横断面,多市场一致性;时序与领先滞后;会计与存量流量约束;横断面梯度,325,211,026-s008,026-s010,02_markdown_articles/026_2011-07-14_潮水退去.md,19333d5c86b6d9154e42cd9534044f10698a7600211a220774edadc2098e97d2
026-s010,026,潮水退去,2011-07-14,周期、通胀与人口,10,一、通货膨胀的潮水正在退去 > 4、全球经济增长减速与PPI趋势性转折,通胀与价格,通胀与价格;贸易与全球经济;增长与总需求;产能库存与工业周期;潜在增长与人口;企业盈利与资产负债表;货币与流动性;股票与资本市场,国际与历史对标;资产负债表分析;情景与预测复盘;广谱利率与流动性,国内国际与资本流动;主体资产负债表;行业横断面;产品与品类横断面,多市场一致性;时序与领先滞后;会计与存量流量约束;横断面梯度,973,209,026-s009,026-s011,02_markdown_articles/026_2011-07-14_潮水退去.md,3f1f190132746d5ba78afeb88ca76024b61ac8c9e426a57f4050802008fc50c7
026-s011,026,潮水退去,2011-07-14,周期、通胀与人口,11,一、通货膨胀的潮水正在退去 > 4、全球经济增长减速与PPI趋势性转折,通胀与价格,通胀与价格;贸易与全球经济;增长与总需求;产能库存与工业周期;潜在增长与人口;企业盈利与资产负债表;货币与流动性;股票与资本市场,国际与历史对标;资产负债表分析;情景与预测复盘;广谱利率与流动性,国内国际与资本流动;主体资产负债表;行业横断面;产品与品类横断面,多市场一致性;时序与领先滞后;会计与存量流量约束;横断面梯度,264,216,026-s010,026-s012,02_markdown_articles/026_2011-07-14_潮水退去.md,4771057b98dd8a6511192037fdcf2b668eedda66127637035a51b364cf80be36
026-s012,026,潮水退去,2011-07-14,周期、通胀与人口,12,二、低端劳动力成本上升推高通货膨胀中轴 > （一）低端劳动力价格上升是本轮通胀的核心动力之一,通胀与价格,通胀与价格;贸易与全球经济;增长与总需求;产能库存与工业周期;潜在增长与人口;企业盈利与资产负债表;货币与流动性;股票与资本市场,国际与历史对标;资产负债表分析;情景与预测复盘;广谱利率与流动性,国内国际与资本流动;主体资产负债表;行业横断面;产品与品类横断面,多市场一致性;时序与领先滞后;会计与存量流量约束;横断面梯度,920,211,026-s011,026-s013,02_markdown_articles/026_2011-07-14_潮水退去.md,dd2bf3458c2330b3cf3fff0dc7d52fa1b3c09952eee520e159259e6e9023b62d
026-s013,026,潮水退去,2011-07-14,周期、通胀与人口,13,二、低端劳动力成本上升推高通货膨胀中轴 > （一）低端劳动力价格上升是本轮通胀的核心动力之一,通胀与价格,通胀与价格;贸易与全球经济;增长与总需求;产能库存与工业周期;潜在增长与人口;企业盈利与资产负债表;货币与流动性;股票与资本市场,国际与历史对标;资产负债表分析;情景与预测复盘;广谱利率与流动性,国内国际与资本流动;主体资产负债表;行业横断面;产品与品类横断面,多市场一致性;时序与领先滞后;会计与存量流量约束;横断面梯度,312,211,026-s012,026-s014,02_markdown_articles/026_2011-07-14_潮水退去.md,16ff62b1f58d27bb79d4fae12c85be5f56a60f728671634f9d7e5afa6762bc93
026-s014,026,潮水退去,2011-07-14,周期、通胀与人口,14,二、低端劳动力成本上升推高通货膨胀中轴 > （二）通胀趋势与周期的驱动力量,通胀与价格,通胀与价格;贸易与全球经济;增长与总需求;产能库存与工业周期;潜在增长与人口;企业盈利与资产负债表;货币与流动性;股票与资本市场,国际与历史对标;资产负债表分析;情景与预测复盘;广谱利率与流动性,国内国际与资本流动;主体资产负债表;行业横断面;产品与品类横断面,多市场一致性;时序与领先滞后;会计与存量流量约束;横断面梯度,370,212,026-s013,026-s015,02_markdown_articles/026_2011-07-14_潮水退去.md,1c14cbe2a8a1c604c4c3e2ab0fa420e4363bac87e0838d0db4259b95e17c4de9
026-s015,026,潮水退去,2011-07-14,周期、通胀与人口,15,三、新周期启动与资本市场的方向 > （一）利率见顶是市场转势相对更确定的信号,通胀与价格,通胀与价格;贸易与全球经济;增长与总需求;产能库存与工业周期;潜在增长与人口;企业盈利与资产负债表;货币与流动性;股票与资本市场,国际与历史对标;资产负债表分析;情景与预测复盘;广谱利率与流动性,国内国际与资本流动;主体资产负债表;行业横断面;产品与品类横断面,多市场一致性;时序与领先滞后;会计与存量流量约束;横断面梯度,767,201,026-s014,026-s016,02_markdown_articles/026_2011-07-14_潮水退去.md,ee4fb37aa842348859d641a731c0a3918dfaaba3a04b22bff41834b79f852d7b
026-s016,026,潮水退去,2011-07-14,周期、通胀与人口,16,三、新周期启动与资本市场的方向 > （二）周期位置的差异值得注意,通胀与价格,通胀与价格;贸易与全球经济;增长与总需求;产能库存与工业周期;潜在增长与人口;企业盈利与资产负债表;货币与流动性;股票与资本市场,国际与历史对标;资产负债表分析;情景与预测复盘;广谱利率与流动性,国内国际与资本流动;主体资产负债表;行业横断面;产品与品类横断面,多市场一致性;时序与领先滞后;会计与存量流量约束;横断面梯度,288,210,026-s015,026-s017,02_markdown_articles/026_2011-07-14_潮水退去.md,acdbf4419a301092b0749bbb39b4988ee756230a6c29869169916fd7c095c393
026-s017,026,潮水退去,2011-07-14,周期、通胀与人口,17,三、新周期启动与资本市场的方向 > （三）为什么当前资金如此紧张？,通胀与价格,通胀与价格;贸易与全球经济;增长与总需求;产能库存与工业周期;潜在增长与人口;企业盈利与资产负债表;货币与流动性;股票与资本市场,国际与历史对标;资产负债表分析;情景与预测复盘;广谱利率与流动性,国内国际与资本流动;主体资产负债表;行业横断面;产品与品类横断面,多市场一致性;时序与领先滞后;会计与存量流量约束;横断面梯度,937,203,026-s016,026-s018,02_markdown_articles/026_2011-07-14_潮水退去.md,b36cd1550d36f93614c63b9ee0d3ad1f227fc680a11470d17c54db6c143323c4
026-s018,026,潮水退去,2011-07-14,周期、通胀与人口,18,三、新周期启动与资本市场的方向 > （三）为什么当前资金如此紧张？,通胀与价格,通胀与价格;贸易与全球经济;增长与总需求;产能库存与工业周期;潜在增长与人口;企业盈利与资产负债表;货币与流动性;股票与资本市场,国际与历史对标;资产负债表分析;情景与预测复盘;广谱利率与流动性,国内国际与资本流动;主体资产负债表;行业横断面;产品与品类横断面,多市场一致性;时序与领先滞后;会计与存量流量约束;横断面梯度,314,207,026-s017,026-s019,02_markdown_articles/026_2011-07-14_潮水退去.md,38f338439f7c5bfde91b6e804c22b7fc12cf2fa3e0e0d65376b809b602a07f33
026-s019,026,潮水退去,2011-07-14,周期、通胀与人口,19,三、新周期启动与资本市场的方向 > （四）私人部门投资意愿上升的假说,通胀与价格,通胀与价格;贸易与全球经济;增长与总需求;产能库存与工业周期;潜在增长与人口;企业盈利与资产负债表;货币与流动性;股票与资本市场,国际与历史对标;资产负债表分析;情景与预测复盘;广谱利率与流动性,国内国际与资本流动;主体资产负债表;行业横断面;产品与品类横断面,多市场一致性;时序与领先滞后;会计与存量流量约束;横断面梯度,948,197,026-s018,026-s020,02_markdown_articles/026_2011-07-14_潮水退去.md,c1064d8569acf5b777df22dad2b9b1225986d38a723c0d1dd7c306eb1e7c71c0
026-s020,026,潮水退去,2011-07-14,周期、通胀与人口,20,三、新周期启动与资本市场的方向 > （四）私人部门投资意愿上升的假说,通胀与价格,通胀与价格;贸易与全球经济;增长与总需求;产能库存与工业周期;潜在增长与人口;企业盈利与资产负债表;货币与流动性;股票与资本市场,国际与历史对标;资产负债表分析;情景与预测复盘;广谱利率与流动性,国内国际与资本流动;主体资产负债表;行业横断面;产品与品类横断面,多市场一致性;时序与领先滞后;会计与存量流量约束;横断面梯度,269,212,026-s019,026-s021,02_markdown_articles/026_2011-07-14_潮水退去.md,588912208b699201f8fff00da1031468e07bd206f276d8ee740957740fd0541b
026-s021,026,潮水退去,2011-07-14,周期、通胀与人口,21,三、新周期启动与资本市场的方向 > （五）４月份以来的工业减速：短期扰动还是趋势转折？,通胀与价格,通胀与价格;贸易与全球经济;增长与总需求;产能库存与工业周期;潜在增长与人口;企业盈利与资产负债表;货币与流动性;股票与资本市场,国际与历史对标;资产负债表分析;情景与预测复盘;广谱利率与流动性,国内国际与资本流动;主体资产负债表;行业横断面;产品与品类横断面,多市场一致性;时序与领先滞后;会计与存量流量约束;横断面梯度,342,193,026-s020,026-s022,02_markdown_articles/026_2011-07-14_潮水退去.md,8110ffd3bb0f23caa54e3b30eab4cde79bfa32b7b02a773094753ce49e0c19fe
026-s022,026,潮水退去,2011-07-14,周期、通胀与人口,22,三、新周期启动与资本市场的方向 > （六）经济的下行风险和对冲力量,通胀与价格,通胀与价格;贸易与全球经济;增长与总需求;产能库存与工业周期;潜在增长与人口;企业盈利与资产负债表;货币与流动性;股票与资本市场,国际与历史对标;资产负债表分析;情景与预测复盘;广谱利率与流动性,国内国际与资本流动;主体资产负债表;行业横断面;产品与品类横断面,多市场一致性;时序与领先滞后;会计与存量流量约束;横断面梯度,520,203,026-s021,026-s023,02_markdown_articles/026_2011-07-14_潮水退去.md,5c657cbaddcf546d1f4ac3468092d54a76ac12d5003a982106a7f4b3e0fe37ad
026-s023,026,潮水退去,2011-07-14,周期、通胀与人口,23,五、总结,通胀与价格,通胀与价格;贸易与全球经济;增长与总需求;产能库存与工业周期;潜在增长与人口;企业盈利与资产负债表;货币与流动性;股票与资本市场,国际与历史对标;资产负债表分析;情景与预测复盘;广谱利率与流动性,国内国际与资本流动;主体资产负债表;行业横断面;产品与品类横断面,多市场一致性;时序与领先滞后;会计与存量流量约束;横断面梯度,401,214,026-s022,,02_markdown_articles/026_2011-07-14_潮水退去.md,c9081f84f84194228a0f3344d26dd4384909e8fa72f9f017bffbead4ff995919
027-s001,027,货币与通胀长期关系的简要回顾,2011-08-19,周期、通胀与人口,1,内容提要,增长与总需求,增长与总需求;通胀与价格;货币与流动性;研究方法与证据,情景与预测复盘,国内国际与资本流动,横断面梯度,517,0,,027-s002,02_markdown_articles/027_2011-08-19_货币与通胀长期关系的简要回顾.md,817f03f367993f2929d19359ea459febd4518a9a9d851ab9110df0df8e884586
027-s002,027,货币与通胀长期关系的简要回顾,2011-08-19,周期、通胀与人口,2,一、引言,增长与总需求,增长与总需求;通胀与价格;货币与流动性;研究方法与证据,情景与预测复盘,国内国际与资本流动,横断面梯度,426,209,027-s001,027-s003,02_markdown_articles/027_2011-08-19_货币与通胀长期关系的简要回顾.md,abf09dc93a91a5ef9540728e9675e5be43f991ecdec5defbb01e8706311e5cdd
027-s003,027,货币与通胀长期关系的简要回顾,2011-08-19,周期、通胀与人口,3,二、理论及文献回顾,增长与总需求,增长与总需求;通胀与价格;货币与流动性;研究方法与证据,情景与预测复盘,国内国际与资本流动,横断面梯度,832,209,027-s002,027-s004,02_markdown_articles/027_2011-08-19_货币与通胀长期关系的简要回顾.md,fa17fc1fd49bd9cef1f892c348334f4cadd7f15c2a89e5ffb2e55a30e9b96c4a
027-s004,027,货币与通胀长期关系的简要回顾,2011-08-19,周期、通胀与人口,4,三、实证研究,增长与总需求,增长与总需求;通胀与价格;货币与流动性;研究方法与证据,情景与预测复盘,国内国际与资本流动,横断面梯度,1096,209,027-s003,027-s005,02_markdown_articles/027_2011-08-19_货币与通胀长期关系的简要回顾.md,5b0e5e0652097c3990c7ea7a15075706dbb2a6476e111c74ac9440424372d04a
027-s005,027,货币与通胀长期关系的简要回顾,2011-08-19,周期、通胀与人口,5,三、实证研究,增长与总需求,增长与总需求;通胀与价格;货币与流动性;研究方法与证据,情景与预测复盘,国内国际与资本流动,横断面梯度,965,202,027-s004,027-s006,02_markdown_articles/027_2011-08-19_货币与通胀长期关系的简要回顾.md,bd5bc47272c157e4a9e0d055820c26c3e6b247a531f4aae1b1a79afc144c8c4a
027-s006,027,货币与通胀长期关系的简要回顾,2011-08-19,周期、通胀与人口,6,三、实证研究,增长与总需求,增长与总需求;通胀与价格;货币与流动性;研究方法与证据,情景与预测复盘,国内国际与资本流动,横断面梯度,406,205,027-s005,027-s007,02_markdown_articles/027_2011-08-19_货币与通胀长期关系的简要回顾.md,52ee6c043e412a8e7fd0e7da4d020878dce0857074ba074d90ec9eab5b33dd4c
027-s007,027,货币与通胀长期关系的简要回顾,2011-08-19,周期、通胀与人口,7,四、结论,增长与总需求,增长与总需求;通胀与价格;货币与流动性;研究方法与证据,情景与预测复盘,国内国际与资本流动,横断面梯度,432,209,027-s006,,02_markdown_articles/027_2011-08-19_货币与通胀长期关系的简要回顾.md,cc1482e8abc56c5e2baace7f11ab9fb9833e3c7e2eac79774bc0fcb09fada602
028-s001,028,掀开货币的面纱之三-中国的通货膨胀与货币供应,2011-08-22,周期、通胀与人口,1,内容提要,通胀与价格,通胀与价格;产能库存与工业周期;货币与流动性;研究方法与证据;增长与总需求;贸易与全球经济;汇率与国际收支;能源资源与碳转型,情景与预测复盘;国际与历史对标,产品与品类横断面;国内国际与资本流动;行业横断面;主体资产负债表,多市场一致性;符号与量价组合;时序与领先滞后;横断面梯度,269,0,,028-s002,02_markdown_articles/028_2011-08-22_掀开货币的面纱之三-中国的通货膨胀与货币供应.md,527317cf5d8f224ddc5fe74b770495ac2359d054fa44580d24f9c963116b7de8
028-s002,028,掀开货币的面纱之三-中国的通货膨胀与货币供应,2011-08-22,周期、通胀与人口,2,内容提要,通胀与价格,通胀与价格;产能库存与工业周期;货币与流动性;研究方法与证据;增长与总需求;贸易与全球经济;汇率与国际收支;能源资源与碳转型,情景与预测复盘;国际与历史对标,产品与品类横断面;国内国际与资本流动;行业横断面;主体资产负债表,多市场一致性;符号与量价组合;时序与领先滞后;横断面梯度,475,213,028-s001,028-s003,02_markdown_articles/028_2011-08-22_掀开货币的面纱之三-中国的通货膨胀与货币供应.md,626de45a6a0fa484e780b102904f62ee77c5eab8ca8d2a4ad349b992a7d54a19
028-s003,028,掀开货币的面纱之三-中国的通货膨胀与货币供应,2011-08-22,周期、通胀与人口,3,一、 中国生产资料价格的波动 > 1．全球生产资料价格的同步性,通胀与价格,通胀与价格;产能库存与工业周期;货币与流动性;研究方法与证据;增长与总需求;贸易与全球经济;汇率与国际收支;能源资源与碳转型,情景与预测复盘;国际与历史对标,产品与品类横断面;国内国际与资本流动;行业横断面;主体资产负债表,多市场一致性;符号与量价组合;时序与领先滞后;横断面梯度,319,204,028-s002,028-s004,02_markdown_articles/028_2011-08-22_掀开货币的面纱之三-中国的通货膨胀与货币供应.md,294aee54de71c46367aac1856a736945e68328b40db391747d4151c8a889b486
028-s004,028,掀开货币的面纱之三-中国的通货膨胀与货币供应,2011-08-22,周期、通胀与人口,4,一、 中国生产资料价格的波动 > 2．主导生产资料价格波动的因素,通胀与价格,通胀与价格;产能库存与工业周期;货币与流动性;研究方法与证据;增长与总需求;贸易与全球经济;汇率与国际收支;能源资源与碳转型,情景与预测复盘;国际与历史对标,产品与品类横断面;国内国际与资本流动;行业横断面;主体资产负债表,多市场一致性;符号与量价组合;时序与领先滞后;横断面梯度,370,196,028-s003,028-s005,02_markdown_articles/028_2011-08-22_掀开货币的面纱之三-中国的通货膨胀与货币供应.md,1626ee221d2a406f98838fda0f80a09b1ac8fc1c8257397f4f8971d9c2d99f12
028-s005,028,掀开货币的面纱之三-中国的通货膨胀与货币供应,2011-08-22,周期、通胀与人口,5,一、 中国生产资料价格的波动 > 3．全球经济的同步性,通胀与价格,通胀与价格;产能库存与工业周期;货币与流动性;研究方法与证据;增长与总需求;贸易与全球经济;汇率与国际收支;能源资源与碳转型,情景与预测复盘;国际与历史对标,产品与品类横断面;国内国际与资本流动;行业横断面;主体资产负债表,多市场一致性;符号与量价组合;时序与领先滞后;横断面梯度,690,201,028-s004,028-s006,02_markdown_articles/028_2011-08-22_掀开货币的面纱之三-中国的通货膨胀与货币供应.md,faf5fad9823aa932c97fd2bcf64e4684669869196bf326c88f6166aa4007e793
028-s006,028,掀开货币的面纱之三-中国的通货膨胀与货币供应,2011-08-22,周期、通胀与人口,6,二、 理解中国食品价格的波动 > 1．食品和总物价趋势的同步性,通胀与价格,通胀与价格;产能库存与工业周期;货币与流动性;研究方法与证据;增长与总需求;贸易与全球经济;汇率与国际收支;能源资源与碳转型,情景与预测复盘;国际与历史对标,产品与品类横断面;国内国际与资本流动;行业横断面;主体资产负债表,多市场一致性;符号与量价组合;时序与领先滞后;横断面梯度,529,215,028-s005,028-s007,02_markdown_articles/028_2011-08-22_掀开货币的面纱之三-中国的通货膨胀与货币供应.md,510fdb743b7eedcaf1ab9c219b6fac4876a0cf5e9ed29c4b8784ed59e01978c2
028-s007,028,掀开货币的面纱之三-中国的通货膨胀与货币供应,2011-08-22,周期、通胀与人口,7,二、 理解中国食品价格的波动 > 2．成本加成和通胀预期,通胀与价格,通胀与价格;产能库存与工业周期;货币与流动性;研究方法与证据;增长与总需求;贸易与全球经济;汇率与国际收支;能源资源与碳转型,情景与预测复盘;国际与历史对标,产品与品类横断面;国内国际与资本流动;行业横断面;主体资产负债表,多市场一致性;符号与量价组合;时序与领先滞后;横断面梯度,951,203,028-s006,028-s008,02_markdown_articles/028_2011-08-22_掀开货币的面纱之三-中国的通货膨胀与货币供应.md,1c7f4491b9fdcccef9fdbaa7b6ad0c81177c852350391804b48b0fe92f01a350
028-s008,028,掀开货币的面纱之三-中国的通货膨胀与货币供应,2011-08-22,周期、通胀与人口,8,二、 理解中国食品价格的波动 > 3．通胀预期和库存调整的证据,通胀与价格,通胀与价格;产能库存与工业周期;货币与流动性;研究方法与证据;增长与总需求;贸易与全球经济;汇率与国际收支;能源资源与碳转型,情景与预测复盘;国际与历史对标,产品与品类横断面;国内国际与资本流动;行业横断面;主体资产负债表,多市场一致性;符号与量价组合;时序与领先滞后;横断面梯度,912,205,028-s007,028-s009,02_markdown_articles/028_2011-08-22_掀开货币的面纱之三-中国的通货膨胀与货币供应.md,98a86d689bac45866d59c8791a90f9c59d1f4c3354c09df69f62b87272fac8d8
028-s009,028,掀开货币的面纱之三-中国的通货膨胀与货币供应,2011-08-22,周期、通胀与人口,9,二、 理解中国食品价格的波动 > 3．通胀预期和库存调整的证据,通胀与价格,通胀与价格;产能库存与工业周期;货币与流动性;研究方法与证据;增长与总需求;贸易与全球经济;汇率与国际收支;能源资源与碳转型,情景与预测复盘;国际与历史对标,产品与品类横断面;国内国际与资本流动;行业横断面;主体资产负债表,多市场一致性;符号与量价组合;时序与领先滞后;横断面梯度,318,209,028-s008,028-s010,02_markdown_articles/028_2011-08-22_掀开货币的面纱之三-中国的通货膨胀与货币供应.md,d379ab93b39c491c5a1afc4d5830172d1a1ab1a61fe045d39941a8715d0eb790
028-s010,028,掀开货币的面纱之三-中国的通货膨胀与货币供应,2011-08-22,周期、通胀与人口,10,三、 通货膨胀预期和产品属性 > 1．为什么食品的库存调整十分显著？,通胀与价格,通胀与价格;产能库存与工业周期;货币与流动性;研究方法与证据;增长与总需求;贸易与全球经济;汇率与国际收支;能源资源与碳转型,情景与预测复盘;国际与历史对标,产品与品类横断面;国内国际与资本流动;行业横断面;主体资产负债表,多市场一致性;符号与量价组合;时序与领先滞后;横断面梯度,957,201,028-s009,028-s011,02_markdown_articles/028_2011-08-22_掀开货币的面纱之三-中国的通货膨胀与货币供应.md,a9006871f0ab6d556b929ec53787c91f7aa0d7af8dfd8938caa25dfdf3f8c93b
028-s011,028,掀开货币的面纱之三-中国的通货膨胀与货币供应,2011-08-22,周期、通胀与人口,11,三、 通货膨胀预期和产品属性 > 2．下游产品和服务的价格调整,通胀与价格,通胀与价格;产能库存与工业周期;货币与流动性;研究方法与证据;增长与总需求;贸易与全球经济;汇率与国际收支;能源资源与碳转型,情景与预测复盘;国际与历史对标,产品与品类横断面;国内国际与资本流动;行业横断面;主体资产负债表,多市场一致性;符号与量价组合;时序与领先滞后;横断面梯度,614,211,028-s010,028-s012,02_markdown_articles/028_2011-08-22_掀开货币的面纱之三-中国的通货膨胀与货币供应.md,50f00e81a413943ae9f4699cbf0936fc47bca15a85f240c27a32c7fc79e49a51
028-s012,028,掀开货币的面纱之三-中国的通货膨胀与货币供应,2011-08-22,周期、通胀与人口,12,三、 通货膨胀预期和产品属性 > 3．如何测量通货膨胀预期,通胀与价格,通胀与价格;产能库存与工业周期;货币与流动性;研究方法与证据;增长与总需求;贸易与全球经济;汇率与国际收支;能源资源与碳转型,情景与预测复盘;国际与历史对标,产品与品类横断面;国内国际与资本流动;行业横断面;主体资产负债表,多市场一致性;符号与量价组合;时序与领先滞后;横断面梯度,380,213,028-s011,028-s013,02_markdown_articles/028_2011-08-22_掀开货币的面纱之三-中国的通货膨胀与货币供应.md,20a7073924283b079c1ddafeaa7176a82d4be57392329607a4de6371257b7249
028-s013,028,掀开货币的面纱之三-中国的通货膨胀与货币供应,2011-08-22,周期、通胀与人口,13,三、 通货膨胀预期和产品属性 > 4．通货膨胀的预测和问题,通胀与价格,通胀与价格;产能库存与工业周期;货币与流动性;研究方法与证据;增长与总需求;贸易与全球经济;汇率与国际收支;能源资源与碳转型,情景与预测复盘;国际与历史对标,产品与品类横断面;国内国际与资本流动;行业横断面;主体资产负债表,多市场一致性;符号与量价组合;时序与领先滞后;横断面梯度,794,214,028-s012,028-s014,02_markdown_articles/028_2011-08-22_掀开货币的面纱之三-中国的通货膨胀与货币供应.md,8adb73a31292c1c5f4be779c6d64697875a5e819b44f50a1012a8765ce1cfff0
028-s014,028,掀开货币的面纱之三-中国的通货膨胀与货币供应,2011-08-22,周期、通胀与人口,14,四、 货币和经济的交互作用,通胀与价格,通胀与价格;产能库存与工业周期;货币与流动性;研究方法与证据;增长与总需求;贸易与全球经济;汇率与国际收支;能源资源与碳转型,情景与预测复盘;国际与历史对标,产品与品类横断面;国内国际与资本流动;行业横断面;主体资产负债表,多市场一致性;符号与量价组合;时序与领先滞后;横断面梯度,380,216,028-s013,028-s015,02_markdown_articles/028_2011-08-22_掀开货币的面纱之三-中国的通货膨胀与货币供应.md,ee78b04727d29a56c5db9228c8321aa11188da2c109f31f5e22fd1002c1b96f2
028-s015,028,掀开货币的面纱之三-中国的通货膨胀与货币供应,2011-08-22,周期、通胀与人口,15,四、 货币和经济的交互作用 > 1．货币的供应和需求,通胀与价格,通胀与价格;产能库存与工业周期;货币与流动性;研究方法与证据;增长与总需求;贸易与全球经济;汇率与国际收支;能源资源与碳转型,情景与预测复盘;国际与历史对标,产品与品类横断面;国内国际与资本流动;行业横断面;主体资产负债表,多市场一致性;符号与量价组合;时序与领先滞后;横断面梯度,428,203,028-s014,028-s016,02_markdown_articles/028_2011-08-22_掀开货币的面纱之三-中国的通货膨胀与货币供应.md,2fb21bb80ff6b415ed75f279fbc0c174f724bfa8a6e589f09a1a535c6eb45e9a
028-s016,028,掀开货币的面纱之三-中国的通货膨胀与货币供应,2011-08-22,周期、通胀与人口,16,四、 货币和经济的交互作用 > 2．货币和经济的交互作用,通胀与价格,通胀与价格;产能库存与工业周期;货币与流动性;研究方法与证据;增长与总需求;贸易与全球经济;汇率与国际收支;能源资源与碳转型,情景与预测复盘;国际与历史对标,产品与品类横断面;国内国际与资本流动;行业横断面;主体资产负债表,多市场一致性;符号与量价组合;时序与领先滞后;横断面梯度,892,211,028-s015,,02_markdown_articles/028_2011-08-22_掀开货币的面纱之三-中国的通货膨胀与货币供应.md,5575e20901474c6ac70358646da82f94c98f7b06658f24453328736fef5663c6
029-s001,029,新经济周期的是与非,2011-08-29,周期、通胀与人口,1,一、问题的提出,贸易与全球经济,贸易与全球经济;增长与总需求;财政与地方政府;货币与流动性;消费收入与就业;通胀与价格;信用债务与金融风险,国际与历史对标;广谱利率与流动性,国内国际与资本流动;主体资产负债表,会计与存量流量约束,328,0,,029-s002,02_markdown_articles/029_2011-08-29_新经济周期的是与非.md,516db7e73564a62a5b4ad569a23368d397932555bebf5ea7657194b3df0ec228
029-s002,029,新经济周期的是与非,2011-08-29,周期、通胀与人口,2,一、问题的提出,贸易与全球经济,贸易与全球经济;增长与总需求;财政与地方政府;货币与流动性;消费收入与就业;通胀与价格;信用债务与金融风险,国际与历史对标;广谱利率与流动性,国内国际与资本流动;主体资产负债表,会计与存量流量约束,291,208,029-s001,029-s003,02_markdown_articles/029_2011-08-29_新经济周期的是与非.md,65e73e4796948c5ae54a8e1ae753a809800f8953042a2df2803989111dc9a87d
029-s003,029,新经济周期的是与非,2011-08-29,周期、通胀与人口,3,二、工业和金融数据的悖论,贸易与全球经济,贸易与全球经济;增长与总需求;财政与地方政府;货币与流动性;消费收入与就业;通胀与价格;信用债务与金融风险,国际与历史对标;广谱利率与流动性,国内国际与资本流动;主体资产负债表,会计与存量流量约束,921,215,029-s002,029-s004,02_markdown_articles/029_2011-08-29_新经济周期的是与非.md,17b2d69064228dcc0c5f6b229080d67449841a80b7414867aaeaf9bacec15a14
029-s004,029,新经济周期的是与非,2011-08-29,周期、通胀与人口,4,二、工业和金融数据的悖论,贸易与全球经济,贸易与全球经济;增长与总需求;财政与地方政府;货币与流动性;消费收入与就业;通胀与价格;信用债务与金融风险,国际与历史对标;广谱利率与流动性,国内国际与资本流动;主体资产负债表,会计与存量流量约束,267,206,029-s003,029-s005,02_markdown_articles/029_2011-08-29_新经济周期的是与非.md,eede1dfb96ad8fdbd9679dc63a8ad9a424e2e3109d4faa6f1de6d8198c0eded4
029-s005,029,新经济周期的是与非,2011-08-29,周期、通胀与人口,5,三、为何事情正在起变化？,贸易与全球经济,贸易与全球经济;增长与总需求;财政与地方政府;货币与流动性;消费收入与就业;通胀与价格;信用债务与金融风险,国际与历史对标;广谱利率与流动性,国内国际与资本流动;主体资产负债表,会计与存量流量约束,560,198,029-s004,029-s006,02_markdown_articles/029_2011-08-29_新经济周期的是与非.md,2217b26f98694dd72bca45708e8648fb59ead1f3cdbc909b7e5660f8d168e759
029-s006,029,新经济周期的是与非,2011-08-29,周期、通胀与人口,6,四、新周期不是老周期的简单重复,贸易与全球经济,贸易与全球经济;增长与总需求;财政与地方政府;货币与流动性;消费收入与就业;通胀与价格;信用债务与金融风险,国际与历史对标;广谱利率与流动性,国内国际与资本流动;主体资产负债表,会计与存量流量约束,563,200,029-s005,029-s007,02_markdown_articles/029_2011-08-29_新经济周期的是与非.md,d27be92f59779dee3fc12eb4c13b0aab4f907e5c5bfe5dcbdd7198002f79ea13
029-s007,029,新经济周期的是与非,2011-08-29,周期、通胀与人口,7,五、未来经济和市场走向如何？,贸易与全球经济,贸易与全球经济;增长与总需求;财政与地方政府;货币与流动性;消费收入与就业;通胀与价格;信用债务与金融风险,国际与历史对标;广谱利率与流动性,国内国际与资本流动;主体资产负债表,会计与存量流量约束,972,212,029-s006,029-s008,02_markdown_articles/029_2011-08-29_新经济周期的是与非.md,eb03f03161096dc03073c41064ec6dab690724e9d26f8edfa9da95378adbff28
029-s008,029,新经济周期的是与非,2011-08-29,周期、通胀与人口,8,五、未来经济和市场走向如何？,贸易与全球经济,贸易与全球经济;增长与总需求;财政与地方政府;货币与流动性;消费收入与就业;通胀与价格;信用债务与金融风险,国际与历史对标;广谱利率与流动性,国内国际与资本流动;主体资产负债表,会计与存量流量约束,476,199,029-s007,,02_markdown_articles/029_2011-08-29_新经济周期的是与非.md,09d21c2ea5b1b3e994e210162d0ac3e5f55c3b37ef7efd79510a6023abf34ba4
030-s001,030,通胀是股市的“情敌”,2011-09-13,周期、通胀与人口,1,正文,增长与总需求,增长与总需求;通胀与价格;股票与资本市场,广谱利率与流动性;国际与历史对标,产品与品类横断面,时序与领先滞后,1075,0,,030-s002,02_markdown_articles/030_2011-09-13_通胀是股市的“情敌”.md,b718cbb61b6255e2f10898200a5bac0113bcc24202fef911e68b2de40365dbc1
030-s002,030,通胀是股市的“情敌”,2011-09-13,周期、通胀与人口,2,正文,增长与总需求,增长与总需求;通胀与价格;股票与资本市场,广谱利率与流动性;国际与历史对标,产品与品类横断面,时序与领先滞后,963,197,030-s001,030-s003,02_markdown_articles/030_2011-09-13_通胀是股市的“情敌”.md,a9220441a9210d8077cfc46021887fa8fb98feb3eba690db1a61a5ebdc3b997c
030-s003,030,通胀是股市的“情敌”,2011-09-13,周期、通胀与人口,3,正文,增长与总需求,增长与总需求;通胀与价格;股票与资本市场,广谱利率与流动性;国际与历史对标,产品与品类横断面,时序与领先滞后,996,203,030-s002,,02_markdown_articles/030_2011-09-13_通胀是股市的“情敌”.md,268a5d6834e82244d396b7fe7a38845c79b4e0dbb4831e30e45eccd7991ba222
031-s001,031,固本培元,2012-06-29,周期、通胀与人口,1,内容提要,产业升级与制造业,产业升级与制造业;房地产与城市化;增长与总需求;消费收入与就业;产能库存与工业周期;贸易与全球经济;财政与地方政府;股票与资本市场,国际与历史对标;竞争性假说;左侧—右侧判断;总量—结构拆分,国内国际与资本流动;主体资产负债表;地区与城市横断面,时序与领先滞后,642,0,,031-s002,02_markdown_articles/031_2012-06-29_固本培元.md,699116d13d2a5081a768fa15c047dc0eb874ff8af55780d07cf6db97b3f7f1f7
031-s002,031,固本培元,2012-06-29,周期、通胀与人口,2,二、实体经济的供应面调整... 6 > （一）房地产市场的存货去化对实体经济的抑制...\,产业升级与制造业,产业升级与制造业;房地产与城市化;增长与总需求;消费收入与就业;产能库存与工业周期;贸易与全球经济;财政与地方政府;股票与资本市场,国际与历史对标;竞争性假说;左侧—右侧判断;总量—结构拆分,国内国际与资本流动;主体资产负债表;地区与城市横断面,时序与领先滞后,266,199,031-s001,031-s003,02_markdown_articles/031_2012-06-29_固本培元.md,4afeb23a5f0ed3cb9a855c387b981cb68f32111f957e13d34904d477cf3cf664
031-s003,031,固本培元,2012-06-29,周期、通胀与人口,3,一、中长期的U型格局,产业升级与制造业,产业升级与制造业;房地产与城市化;增长与总需求;消费收入与就业;产能库存与工业周期;贸易与全球经济;财政与地方政府;股票与资本市场,国际与历史对标;竞争性假说;左侧—右侧判断;总量—结构拆分,国内国际与资本流动;主体资产负债表;地区与城市横断面,时序与领先滞后,695,201,031-s002,031-s004,02_markdown_articles/031_2012-06-29_固本培元.md,3c19054a949320f22793e98f68edc11c0eeb3cf6c7ea03d394952e4717f23b7a
031-s004,031,固本培元,2012-06-29,周期、通胀与人口,4,二、实体经济的供应面调整,产业升级与制造业,产业升级与制造业;房地产与城市化;增长与总需求;消费收入与就业;产能库存与工业周期;贸易与全球经济;财政与地方政府;股票与资本市场,国际与历史对标;竞争性假说;左侧—右侧判断;总量—结构拆分,国内国际与资本流动;主体资产负债表;地区与城市横断面,时序与领先滞后,531,212,031-s003,031-s005,02_markdown_articles/031_2012-06-29_固本培元.md,8b9aba48ac8ad9a119afb3e1e9792525fb818546990f32043c9b6b71be07518e
031-s005,031,固本培元,2012-06-29,周期、通胀与人口,5,二、实体经济的供应面调整 > （一）房地产市场的存货去化对实体经济的抑制,产业升级与制造业,产业升级与制造业;房地产与城市化;增长与总需求;消费收入与就业;产能库存与工业周期;贸易与全球经济;财政与地方政府;股票与资本市场,国际与历史对标;竞争性假说;左侧—右侧判断;总量—结构拆分,国内国际与资本流动;主体资产负债表;地区与城市横断面,时序与领先滞后,798,212,031-s004,031-s006,02_markdown_articles/031_2012-06-29_固本培元.md,8ab7ca68296a8e174637c32e2256d4cf352c0e275ed18381e6133cb49707dee6
031-s006,031,固本培元,2012-06-29,周期、通胀与人口,6,二、实体经济的供应面调整 > （二）房地产行业的长期趋势：地产投资占比难再提升,产业升级与制造业,产业升级与制造业;房地产与城市化;增长与总需求;消费收入与就业;产能库存与工业周期;贸易与全球经济;财政与地方政府;股票与资本市场,国际与历史对标;竞争性假说;左侧—右侧判断;总量—结构拆分,国内国际与资本流动;主体资产负债表;地区与城市横断面,时序与领先滞后,908,215,031-s005,031-s007,02_markdown_articles/031_2012-06-29_固本培元.md,5af74949dbc05f3f8faccc480b4809415774093c380b9679928c73c9b2f1ec52
031-s007,031,固本培元,2012-06-29,周期、通胀与人口,7,二、实体经济的供应面调整 > （二）房地产行业的长期趋势：地产投资占比难再提升,产业升级与制造业,产业升级与制造业;房地产与城市化;增长与总需求;消费收入与就业;产能库存与工业周期;贸易与全球经济;财政与地方政府;股票与资本市场,国际与历史对标;竞争性假说;左侧—右侧判断;总量—结构拆分,国内国际与资本流动;主体资产负债表;地区与城市横断面,时序与领先滞后,690,212,031-s006,031-s008,02_markdown_articles/031_2012-06-29_固本培元.md,05341dfcefc6ec76c6834294f5e16dfe4461cd7d80de5508b8a5e9359211002b
031-s008,031,固本培元,2012-06-29,周期、通胀与人口,8,二、实体经济的供应面调整 > （三）竞争性行业的产能过剩,产业升级与制造业,产业升级与制造业;房地产与城市化;增长与总需求;消费收入与就业;产能库存与工业周期;贸易与全球经济;财政与地方政府;股票与资本市场,国际与历史对标;竞争性假说;左侧—右侧判断;总量—结构拆分,国内国际与资本流动;主体资产负债表;地区与城市横断面,时序与领先滞后,359,200,031-s007,031-s009,02_markdown_articles/031_2012-06-29_固本培元.md,06433a8a615b815317122764585fe9eb29d5d2a3009c77d15bd74c71e6024a45
031-s009,031,固本培元,2012-06-29,周期、通胀与人口,9,二、实体经济的供应面调整 > （四）银行体系不良资产压力和利率自由化的影响,产业升级与制造业,产业升级与制造业;房地产与城市化;增长与总需求;消费收入与就业;产能库存与工业周期;贸易与全球经济;财政与地方政府;股票与资本市场,国际与历史对标;竞争性假说;左侧—右侧判断;总量—结构拆分,国内国际与资本流动;主体资产负债表;地区与城市横断面,时序与领先滞后,487,207,031-s008,031-s010,02_markdown_articles/031_2012-06-29_固本培元.md,039c85db898d9746c2eedb33f317d9e089e32b195c59145fad8635b15e4af01c
031-s010,031,固本培元,2012-06-29,周期、通胀与人口,10,三、未来的增长机会,产业升级与制造业,产业升级与制造业;房地产与城市化;增长与总需求;消费收入与就业;产能库存与工业周期;贸易与全球经济;财政与地方政府;股票与资本市场,国际与历史对标;竞争性假说;左侧—右侧判断;总量—结构拆分,国内国际与资本流动;主体资产负债表;地区与城市横断面,时序与领先滞后,268,205,031-s009,031-s011,02_markdown_articles/031_2012-06-29_固本培元.md,d4b946b7c32977639582fd8addcdba362cfa9d7b87d6bf4be5d6760d488039b2
031-s011,031,固本培元,2012-06-29,周期、通胀与人口,11,三、未来的增长机会 > （一）竞争性行业过剩产能消除以后投资的自然扩张,产业升级与制造业,产业升级与制造业;房地产与城市化;增长与总需求;消费收入与就业;产能库存与工业周期;贸易与全球经济;财政与地方政府;股票与资本市场,国际与历史对标;竞争性假说;左侧—右侧判断;总量—结构拆分,国内国际与资本流动;主体资产负债表;地区与城市横断面,时序与领先滞后,270,201,031-s010,031-s012,02_markdown_articles/031_2012-06-29_固本培元.md,9de907328e645457eaa556a5e27c86fd69618f57e8f2b3473b0683846722b114
031-s012,031,固本培元,2012-06-29,周期、通胀与人口,12,三、未来的增长机会 > （二）制造业竞争力的提升,产业升级与制造业,产业升级与制造业;房地产与城市化;增长与总需求;消费收入与就业;产能库存与工业周期;贸易与全球经济;财政与地方政府;股票与资本市场,国际与历史对标;竞争性假说;左侧—右侧判断;总量—结构拆分,国内国际与资本流动;主体资产负债表;地区与城市横断面,时序与领先滞后,316,213,031-s011,031-s013,02_markdown_articles/031_2012-06-29_固本培元.md,6f1723e02161d8941d0a4b2a7614b8b0eb0f86792782435d13907566b231b49f
031-s013,031,固本培元,2012-06-29,周期、通胀与人口,13,三、未来的增长机会 > （三）管制性行业向社会资本的开放：结构性改革,产业升级与制造业,产业升级与制造业;房地产与城市化;增长与总需求;消费收入与就业;产能库存与工业周期;贸易与全球经济;财政与地方政府;股票与资本市场,国际与历史对标;竞争性假说;左侧—右侧判断;总量—结构拆分,国内国际与资本流动;主体资产负债表;地区与城市横断面,时序与领先滞后,368,207,031-s012,031-s014,02_markdown_articles/031_2012-06-29_固本培元.md,7e1e6382c3bab958249dd53a4d846433c09bf09c444391c7609445a0dfd9fa43
031-s014,031,固本培元,2012-06-29,周期、通胀与人口,14,四、短期经济增长和资本市场的评估,产业升级与制造业,产业升级与制造业;房地产与城市化;增长与总需求;消费收入与就业;产能库存与工业周期;贸易与全球经济;财政与地方政府;股票与资本市场,国际与历史对标;竞争性假说;左侧—右侧判断;总量—结构拆分,国内国际与资本流动;主体资产负债表;地区与城市横断面,时序与领先滞后,288,212,031-s013,031-s015,02_markdown_articles/031_2012-06-29_固本培元.md,d2fefbd64865f25e2763f677c90ed301a48382a3392694059bf82af673f46c16
031-s015,031,固本培元,2012-06-29,周期、通胀与人口,15,四、短期经济增长和资本市场的评估 > （一）全球经济前景不明朗，制造业景气不佳,产业升级与制造业,产业升级与制造业;房地产与城市化;增长与总需求;消费收入与就业;产能库存与工业周期;贸易与全球经济;财政与地方政府;股票与资本市场,国际与历史对标;竞争性假说;左侧—右侧判断;总量—结构拆分,国内国际与资本流动;主体资产负债表;地区与城市横断面,时序与领先滞后,323,200,031-s014,031-s016,02_markdown_articles/031_2012-06-29_固本培元.md,1e3fe557b23bdf55f49825c417f0019741208378ab0c4a835d7ad5a415bfc509
031-s016,031,固本培元,2012-06-29,周期、通胀与人口,16,四、短期经济增长和资本市场的评估 > （二）周期向下，消费增速提升困难,产业升级与制造业,产业升级与制造业;房地产与城市化;增长与总需求;消费收入与就业;产能库存与工业周期;贸易与全球经济;财政与地方政府;股票与资本市场,国际与历史对标;竞争性假说;左侧—右侧判断;总量—结构拆分,国内国际与资本流动;主体资产负债表;地区与城市横断面,时序与领先滞后,325,213,031-s015,031-s017,02_markdown_articles/031_2012-06-29_固本培元.md,4f6cba849f8c31f227591ada0e70b1f814b4d0892b2d30731b14f796844e31bb
031-s017,031,固本培元,2012-06-29,周期、通胀与人口,17,四、短期经济增长和资本市场的评估 > （四）增长为目，信贷为纲,产业升级与制造业,产业升级与制造业;房地产与城市化;增长与总需求;消费收入与就业;产能库存与工业周期;贸易与全球经济;财政与地方政府;股票与资本市场,国际与历史对标;竞争性假说;左侧—右侧判断;总量—结构拆分,国内国际与资本流动;主体资产负债表;地区与城市横断面,时序与领先滞后,680,201,031-s016,031-s018,02_markdown_articles/031_2012-06-29_固本培元.md,2e471733a18989333583aa81feecb48209584c73d1edcd0e56da49272af5c97e
031-s018,031,固本培元,2012-06-29,周期、通胀与人口,18,五、结论,产业升级与制造业,产业升级与制造业;房地产与城市化;增长与总需求;消费收入与就业;产能库存与工业周期;贸易与全球经济;财政与地方政府;股票与资本市场,国际与历史对标;竞争性假说;左侧—右侧判断;总量—结构拆分,国内国际与资本流动;主体资产负债表;地区与城市横断面,时序与领先滞后,642,209,031-s017,,02_markdown_articles/031_2012-06-29_固本培元.md,699116d13d2a5081a768fa15c047dc0eb874ff8af55780d07cf6db97b3f7f1f7
032-s001,032,总量扩张政策难解结构性失业问题,2014-04-20,周期、通胀与人口,1,正文,消费收入与就业,消费收入与就业;增长与总需求;通胀与价格;潜在增长与人口,总量—结构拆分;情景与预测复盘;存量—流量与会计闭合,收入年龄与家庭分组,会计与存量流量约束,1132,0,,032-s002,02_markdown_articles/032_2014-04-20_总量扩张政策难解结构性失业问题.md,ab9232a4ab22393315819c6ec660b5420d4f512e0349249a250b72a26c50101d
032-s002,032,总量扩张政策难解结构性失业问题,2014-04-20,周期、通胀与人口,2,正文,消费收入与就业,消费收入与就业;增长与总需求;通胀与价格;潜在增长与人口,总量—结构拆分;情景与预测复盘;存量—流量与会计闭合,收入年龄与家庭分组,会计与存量流量约束,904,197,032-s001,032-s003,02_markdown_articles/032_2014-04-20_总量扩张政策难解结构性失业问题.md,deb3c490cc9d477fc072d41d157a073f1306c1516a2f4528e1bff13f24ecc1b9
032-s003,032,总量扩张政策难解结构性失业问题,2014-04-20,周期、通胀与人口,3,正文,消费收入与就业,消费收入与就业;增长与总需求;通胀与价格;潜在增长与人口,总量—结构拆分;情景与预测复盘;存量—流量与会计闭合,收入年龄与家庭分组,会计与存量流量约束,909,197,032-s002,032-s004,02_markdown_articles/032_2014-04-20_总量扩张政策难解结构性失业问题.md,0f72d17fecd6f73b64d6e776b2db26bcb26a27729c2959f4d36645352fce167e
032-s004,032,总量扩张政策难解结构性失业问题,2014-04-20,周期、通胀与人口,4,正文,消费收入与就业,消费收入与就业;增长与总需求;通胀与价格;潜在增长与人口,总量—结构拆分;情景与预测复盘;存量—流量与会计闭合,收入年龄与家庭分组,会计与存量流量约束,1069,200,032-s003,032-s005,02_markdown_articles/032_2014-04-20_总量扩张政策难解结构性失业问题.md,72392a589cc18221b19d874eaf4988dcaac7cd982baba6eb69737423f3211d93
032-s005,032,总量扩张政策难解结构性失业问题,2014-04-20,周期、通胀与人口,5,正文,消费收入与就业,消费收入与就业;增长与总需求;通胀与价格;潜在增长与人口,总量—结构拆分;情景与预测复盘;存量—流量与会计闭合,收入年龄与家庭分组,会计与存量流量约束,965,209,032-s004,032-s006,02_markdown_articles/032_2014-04-20_总量扩张政策难解结构性失业问题.md,0f8462f43c47da77670164fa2d6bc8f823a98ec7872b95da24e2bffb77dc1176
032-s006,032,总量扩张政策难解结构性失业问题,2014-04-20,周期、通胀与人口,6,正文,消费收入与就业,消费收入与就业;增长与总需求;通胀与价格;潜在增长与人口,总量—结构拆分;情景与预测复盘;存量—流量与会计闭合,收入年龄与家庭分组,会计与存量流量约束,846,208,032-s005,,02_markdown_articles/032_2014-04-20_总量扩张政策难解结构性失业问题.md,9efc8727e8beaae416795f53da41e1f9a99d61e1cd50b0607e89f0a642c86724
033-s001,033,经济增长与城镇新增就业,2014-05-08,周期、通胀与人口,1,正文,消费收入与就业,消费收入与就业;增长与总需求;潜在增长与人口,存量—流量与会计闭合,收入年龄与家庭分组,会计与存量流量约束,992,0,,033-s002,02_markdown_articles/033_2014-05-08_经济增长与城镇新增就业.md,5ab0abb097bbd19917a0a270d1b03182eeadb7ddd9b6306ff8adbcb374092a63
033-s002,033,经济增长与城镇新增就业,2014-05-08,周期、通胀与人口,2,正文,消费收入与就业,消费收入与就业;增长与总需求;潜在增长与人口,存量—流量与会计闭合,收入年龄与家庭分组,会计与存量流量约束,951,211,033-s001,033-s003,02_markdown_articles/033_2014-05-08_经济增长与城镇新增就业.md,fc16b01affd5e8069a6c93b99580fdbd59531bd46f5f224d0f7bd4ecef26ef4e
033-s003,033,经济增长与城镇新增就业,2014-05-08,周期、通胀与人口,3,正文,消费收入与就业,消费收入与就业;增长与总需求;潜在增长与人口,存量—流量与会计闭合,收入年龄与家庭分组,会计与存量流量约束,907,213,033-s002,033-s004,02_markdown_articles/033_2014-05-08_经济增长与城镇新增就业.md,164931b7af7f0fbb7cf3e9cd232bbca88816792dda682eaead616efc98121bef
033-s004,033,经济增长与城镇新增就业,2014-05-08,周期、通胀与人口,4,正文,消费收入与就业,消费收入与就业;增长与总需求;潜在增长与人口,存量—流量与会计闭合,收入年龄与家庭分组,会计与存量流量约束,293,215,033-s003,,02_markdown_articles/033_2014-05-08_经济增长与城镇新增就业.md,dd61942df061e24b15fdab2f00e024789aca3c81d67ceef2cb906f77003b8917
034-s001,034,上升的地平线,2015-05-15,周期、通胀与人口,1,提要：,增长与总需求,增长与总需求;通胀与价格;潜在增长与人口,左侧—右侧判断,主体资产负债表,时序与领先滞后,926,0,,,02_markdown_articles/034_2015-05-15_上升的地平线.md,588d653ddc8ed4e06994f738294ee61d430d33fbd35ead731c4d19d3535a0f7d
035-s001,035,反思2016年的两种经济现象,2017-02-27,周期、通胀与人口,1,正文,增长与总需求,增长与总需求;通胀与价格;产能库存与工业周期;财政与地方政府;房地产与城市化;研究方法与证据;产业升级与制造业,情景与预测复盘,产品与品类横断面;地区与城市横断面,自然实验与制度冲击,968,0,,035-s002,02_markdown_articles/035_2017-02-27_反思2016年的两种经济现象.md,04c0692806f905c2beed15afec47f44b308a613ca407fc375dbc24fd7e52def9
035-s002,035,反思2016年的两种经济现象,2017-02-27,周期、通胀与人口,2,正文,增长与总需求,增长与总需求;通胀与价格;产能库存与工业周期;财政与地方政府;房地产与城市化;研究方法与证据;产业升级与制造业,情景与预测复盘,产品与品类横断面;地区与城市横断面,自然实验与制度冲击,1100,197,035-s001,035-s003,02_markdown_articles/035_2017-02-27_反思2016年的两种经济现象.md,b7e59e408bf7f82cc132eecbf9b8824375854f6138a91487b95f4a600e351fe7
035-s003,035,反思2016年的两种经济现象,2017-02-27,周期、通胀与人口,3,正文,增长与总需求,增长与总需求;通胀与价格;产能库存与工业周期;财政与地方政府;房地产与城市化;研究方法与证据;产业升级与制造业,情景与预测复盘,产品与品类横断面;地区与城市横断面,自然实验与制度冲击,902,198,035-s002,035-s004,02_markdown_articles/035_2017-02-27_反思2016年的两种经济现象.md,821b3acc745c8098073017769d986494a75c7c20eb02ec7ce6b3825adc196706
035-s004,035,反思2016年的两种经济现象,2017-02-27,周期、通胀与人口,4,正文,增长与总需求,增长与总需求;通胀与价格;产能库存与工业周期;财政与地方政府;房地产与城市化;研究方法与证据;产业升级与制造业,情景与预测复盘,产品与品类横断面;地区与城市横断面,自然实验与制度冲击,399,205,035-s003,,02_markdown_articles/035_2017-02-27_反思2016年的两种经济现象.md,29e96cf90581eb84d9f20ee6edbaca0c52ba7c5f0797a07ee7fa788ae8dca00c
036-s001,036,年内经济前高后低 中长期景气前景仍值得期待,2017-07-12,周期、通胀与人口,1,正文,增长与总需求,增长与总需求;产能库存与工业周期;信用债务与金融风险;房地产与城市化;汇率与国际收支;股票与资本市场;通胀与价格,资产负债表分析,主体资产负债表;国内国际与资本流动,符号与量价组合,267,0,,036-s002,02_markdown_articles/036_2017-07-12_年内经济前高后低_中长期景气前景仍值得期待.md,b82f1756e411c43275134c02abf9110fde404b7a4d0ff381f7b765bfd1c03641
036-s002,036,年内经济前高后低 中长期景气前景仍值得期待,2017-07-12,周期、通胀与人口,2,1、年初供应响应主导经济,增长与总需求,增长与总需求;产能库存与工业周期;信用债务与金融风险;房地产与城市化;汇率与国际收支;股票与资本市场;通胀与价格,资产负债表分析,主体资产负债表;国内国际与资本流动,符号与量价组合,646,199,036-s001,036-s003,02_markdown_articles/036_2017-07-12_年内经济前高后低_中长期景气前景仍值得期待.md,753c378e8e5e2fc472e021f2259d14db0d07180eb7b9ff686ce005e2067b6b9d
036-s003,036,年内经济前高后低 中长期景气前景仍值得期待,2017-07-12,周期、通胀与人口,3,2、年内经济增速前高后低,增长与总需求,增长与总需求;产能库存与工业周期;信用债务与金融风险;房地产与城市化;汇率与国际收支;股票与资本市场;通胀与价格,资产负债表分析,主体资产负债表;国内国际与资本流动,符号与量价组合,395,214,036-s002,036-s004,02_markdown_articles/036_2017-07-12_年内经济前高后低_中长期景气前景仍值得期待.md,af60a7d07211299eb2b7c86c8b73911d6c7133ec29b7cf658bdb0f77045c0876
036-s004,036,年内经济前高后低 中长期景气前景仍值得期待,2017-07-12,周期、通胀与人口,4,3、中长期经济前景仍值得期待,增长与总需求,增长与总需求;产能库存与工业周期;信用债务与金融风险;房地产与城市化;汇率与国际收支;股票与资本市场;通胀与价格,资产负债表分析,主体资产负债表;国内国际与资本流动,符号与量价组合,935,205,036-s003,036-s005,02_markdown_articles/036_2017-07-12_年内经济前高后低_中长期景气前景仍值得期待.md,e842687298cf6497e371cb166892ab1460f9ba3d1a249d186988435444fbad92
036-s005,036,年内经济前高后低 中长期景气前景仍值得期待,2017-07-12,周期、通胀与人口,5,3、中长期经济前景仍值得期待,增长与总需求,增长与总需求;产能库存与工业周期;信用债务与金融风险;房地产与城市化;汇率与国际收支;股票与资本市场;通胀与价格,资产负债表分析,主体资产负债表;国内国际与资本流动,符号与量价组合,1139,213,036-s004,,02_markdown_articles/036_2017-07-12_年内经济前高后低_中长期景气前景仍值得期待.md,99468a016e93aea5260b6708a256c5c4fc27dddbfe89f8b0b20c2149d2a429f3
037-s001,037,关于经济周期的一些看法,2017-09-07,周期、通胀与人口,1,正文,增长与总需求,增长与总需求;研究方法与证据;产能库存与工业周期;股票与资本市场,情景与预测复盘,国内国际与资本流动,横断面梯度,1008,0,,037-s002,02_markdown_articles/037_2017-09-07_关于经济周期的一些看法.md,2082cfcf028ceb82ac31f467a4df8bd9489297169dd6c85b519df6fcd57a905a
037-s002,037,关于经济周期的一些看法,2017-09-07,周期、通胀与人口,2,正文,增长与总需求,增长与总需求;研究方法与证据;产能库存与工业周期;股票与资本市场,情景与预测复盘,国内国际与资本流动,横断面梯度,1051,197,037-s001,037-s003,02_markdown_articles/037_2017-09-07_关于经济周期的一些看法.md,4af38a07120a5c8ffd3a082bf3b217526b12e5563356c64bbfcc18dd8c503d61
037-s003,037,关于经济周期的一些看法,2017-09-07,周期、通胀与人口,3,正文,增长与总需求,增长与总需求;研究方法与证据;产能库存与工业周期;股票与资本市场,情景与预测复盘,国内国际与资本流动,横断面梯度,829,207,037-s002,,02_markdown_articles/037_2017-09-07_关于经济周期的一些看法.md,a6b974d6847b32af2f1385d976be22621ff84f16da5a1c4e01d975d05c9c0995
038-s001,038,知止不殆,2019-12-08,周期、通胀与人口,1,内容提要,潜在增长与人口,潜在增长与人口;贸易与全球经济;产业升级与制造业;信用债务与金融风险;股票与资本市场;消费收入与就业;企业盈利与资产负债表;增长与总需求,国际与历史对标;资产负债表分析;情景与预测复盘;存量—流量与会计闭合;左侧—右侧判断;广谱横断面观察;总量—结构拆分,所有制与企业类型;主体资产负债表;国内国际与资本流动;收入年龄与家庭分组,时序与领先滞后;会计与存量流量约束;横断面梯度;自然实验与制度冲击,529,0,,038-s002,02_markdown_articles/038_2019-12-08_知止不殆.md,ad7cf0b3ebe79445e3c6dc87d257100dec344749fedd8a5000dd23852376976a
038-s002,038,知止不殆,2019-12-08,周期、通胀与人口,2,内容提要,潜在增长与人口,潜在增长与人口;贸易与全球经济;产业升级与制造业;信用债务与金融风险;股票与资本市场;消费收入与就业;企业盈利与资产负债表;增长与总需求,国际与历史对标;资产负债表分析;情景与预测复盘;存量—流量与会计闭合;左侧—右侧判断;广谱横断面观察;总量—结构拆分,所有制与企业类型;主体资产负债表;国内国际与资本流动;收入年龄与家庭分组,时序与领先滞后;会计与存量流量约束;横断面梯度;自然实验与制度冲击,316,200,038-s001,038-s003,02_markdown_articles/038_2019-12-08_知止不殆.md,1a2958e74af2fb1075e8320794096184ca9ae63ddfe17f2ee0745c8e74bbea19
038-s003,038,知止不殆,2019-12-08,周期、通胀与人口,3,**目录**,潜在增长与人口,潜在增长与人口;贸易与全球经济;产业升级与制造业;信用债务与金融风险;股票与资本市场;消费收入与就业;企业盈利与资产负债表;增长与总需求,国际与历史对标;资产负债表分析;情景与预测复盘;存量—流量与会计闭合;左侧—右侧判断;广谱横断面观察;总量—结构拆分,所有制与企业类型;主体资产负债表;国内国际与资本流动;收入年龄与家庭分组,时序与领先滞后;会计与存量流量约束;横断面梯度;自然实验与制度冲击,344,197,038-s002,038-s004,02_markdown_articles/038_2019-12-08_知止不殆.md,b2e332b6ad68c0c1b8b2860c69f9746b40a1491052c00c7da36836419d782efc
038-s004,038,知止不殆,2019-12-08,周期、通胀与人口,4,一、中国经济转型的国际比较,潜在增长与人口,潜在增长与人口;贸易与全球经济;产业升级与制造业;信用债务与金融风险;股票与资本市场;消费收入与就业;企业盈利与资产负债表;增长与总需求,国际与历史对标;资产负债表分析;情景与预测复盘;存量—流量与会计闭合;左侧—右侧判断;广谱横断面观察;总量—结构拆分,所有制与企业类型;主体资产负债表;国内国际与资本流动;收入年龄与家庭分组,时序与领先滞后;会计与存量流量约束;横断面梯度;自然实验与制度冲击,900,211,038-s003,038-s005,02_markdown_articles/038_2019-12-08_知止不殆.md,2a0f017cd3a42e9301458b68422f17cf10aacd2f18a26cd9189686125f641efa
038-s005,038,知止不殆,2019-12-08,周期、通胀与人口,5,一、中国经济转型的国际比较,潜在增长与人口,潜在增长与人口;贸易与全球经济;产业升级与制造业;信用债务与金融风险;股票与资本市场;消费收入与就业;企业盈利与资产负债表;增长与总需求,国际与历史对标;资产负债表分析;情景与预测复盘;存量—流量与会计闭合;左侧—右侧判断;广谱横断面观察;总量—结构拆分,所有制与企业类型;主体资产负债表;国内国际与资本流动;收入年龄与家庭分组,时序与领先滞后;会计与存量流量约束;横断面梯度;自然实验与制度冲击,965,203,038-s004,038-s006,02_markdown_articles/038_2019-12-08_知止不殆.md,d8b295b504bfa377889d0ece60a9f8d3947d3365067f38faf3d2a0df0969147d
038-s006,038,知止不殆,2019-12-08,周期、通胀与人口,6,一、中国经济转型的国际比较,潜在增长与人口,潜在增长与人口;贸易与全球经济;产业升级与制造业;信用债务与金融风险;股票与资本市场;消费收入与就业;企业盈利与资产负债表;增长与总需求,国际与历史对标;资产负债表分析;情景与预测复盘;存量—流量与会计闭合;左侧—右侧判断;广谱横断面观察;总量—结构拆分,所有制与企业类型;主体资产负债表;国内国际与资本流动;收入年龄与家庭分组,时序与领先滞后;会计与存量流量约束;横断面梯度;自然实验与制度冲击,998,196,038-s005,038-s007,02_markdown_articles/038_2019-12-08_知止不殆.md,e20730c8566a64413fc74170e16a3115de0d05f088e6fb286ab1e3a0874a4c9b
038-s007,038,知止不殆,2019-12-08,周期、通胀与人口,7,一、中国经济转型的国际比较,潜在增长与人口,潜在增长与人口;贸易与全球经济;产业升级与制造业;信用债务与金融风险;股票与资本市场;消费收入与就业;企业盈利与资产负债表;增长与总需求,国际与历史对标;资产负债表分析;情景与预测复盘;存量—流量与会计闭合;左侧—右侧判断;广谱横断面观察;总量—结构拆分,所有制与企业类型;主体资产负债表;国内国际与资本流动;收入年龄与家庭分组,时序与领先滞后;会计与存量流量约束;横断面梯度;自然实验与制度冲击,1012,211,038-s006,038-s008,02_markdown_articles/038_2019-12-08_知止不殆.md,e63441e9a4f18c39756f29d6e6a652f8f0cc1da68f209d8bbbc89cffaf8b5eb4
038-s008,038,知止不殆,2019-12-08,周期、通胀与人口,8,一、中国经济转型的国际比较,潜在增长与人口,潜在增长与人口;贸易与全球经济;产业升级与制造业;信用债务与金融风险;股票与资本市场;消费收入与就业;企业盈利与资产负债表;增长与总需求,国际与历史对标;资产负债表分析;情景与预测复盘;存量—流量与会计闭合;左侧—右侧判断;广谱横断面观察;总量—结构拆分,所有制与企业类型;主体资产负债表;国内国际与资本流动;收入年龄与家庭分组,时序与领先滞后;会计与存量流量约束;横断面梯度;自然实验与制度冲击,988,201,038-s007,038-s009,02_markdown_articles/038_2019-12-08_知止不殆.md,0c7aeda76b1fbf2d5eecf7bf4aef74a64b7749bed38951b272dca1facd1c893f
038-s009,038,知止不殆,2019-12-08,周期、通胀与人口,9,一、中国经济转型的国际比较,潜在增长与人口,潜在增长与人口;贸易与全球经济;产业升级与制造业;信用债务与金融风险;股票与资本市场;消费收入与就业;企业盈利与资产负债表;增长与总需求,国际与历史对标;资产负债表分析;情景与预测复盘;存量—流量与会计闭合;左侧—右侧判断;广谱横断面观察;总量—结构拆分,所有制与企业类型;主体资产负债表;国内国际与资本流动;收入年龄与家庭分组,时序与领先滞后;会计与存量流量约束;横断面梯度;自然实验与制度冲击,931,214,038-s008,038-s010,02_markdown_articles/038_2019-12-08_知止不殆.md,cbe9d3e27d0b1fb607f989420eaa437b7bb5457692251797c11dc48608a604f8
038-s010,038,知止不殆,2019-12-08,周期、通胀与人口,10,一、中国经济转型的国际比较,潜在增长与人口,潜在增长与人口;贸易与全球经济;产业升级与制造业;信用债务与金融风险;股票与资本市场;消费收入与就业;企业盈利与资产负债表;增长与总需求,国际与历史对标;资产负债表分析;情景与预测复盘;存量—流量与会计闭合;左侧—右侧判断;广谱横断面观察;总量—结构拆分,所有制与企业类型;主体资产负债表;国内国际与资本流动;收入年龄与家庭分组,时序与领先滞后;会计与存量流量约束;横断面梯度;自然实验与制度冲击,574,197,038-s009,038-s011,02_markdown_articles/038_2019-12-08_知止不殆.md,507da607baf69dacf7ac73c91649e7b3d5f6fe9e3780de2b0267e664377b915b
038-s011,038,知止不殆,2019-12-08,周期、通胀与人口,11,二、国企和民企在资本市场上的估值分化,潜在增长与人口,潜在增长与人口;贸易与全球经济;产业升级与制造业;信用债务与金融风险;股票与资本市场;消费收入与就业;企业盈利与资产负债表;增长与总需求,国际与历史对标;资产负债表分析;情景与预测复盘;存量—流量与会计闭合;左侧—右侧判断;广谱横断面观察;总量—结构拆分,所有制与企业类型;主体资产负债表;国内国际与资本流动;收入年龄与家庭分组,时序与领先滞后;会计与存量流量约束;横断面梯度;自然实验与制度冲击,950,206,038-s010,038-s012,02_markdown_articles/038_2019-12-08_知止不殆.md,9fb2c2c8e4374ef606cc763425c6ffb1317fe3cba7cf3807a0b8a0c730ccf87b
038-s012,038,知止不殆,2019-12-08,周期、通胀与人口,12,二、国企和民企在资本市场上的估值分化,潜在增长与人口,潜在增长与人口;贸易与全球经济;产业升级与制造业;信用债务与金融风险;股票与资本市场;消费收入与就业;企业盈利与资产负债表;增长与总需求,国际与历史对标;资产负债表分析;情景与预测复盘;存量—流量与会计闭合;左侧—右侧判断;广谱横断面观察;总量—结构拆分,所有制与企业类型;主体资产负债表;国内国际与资本流动;收入年龄与家庭分组,时序与领先滞后;会计与存量流量约束;横断面梯度;自然实验与制度冲击,969,199,038-s011,038-s013,02_markdown_articles/038_2019-12-08_知止不殆.md,9333c14e7c2226426b1ee0b2cd0da2998d3bd4fcf2e5075512422613f9d66813
038-s013,038,知止不殆,2019-12-08,周期、通胀与人口,13,二、国企和民企在资本市场上的估值分化,潜在增长与人口,潜在增长与人口;贸易与全球经济;产业升级与制造业;信用债务与金融风险;股票与资本市场;消费收入与就业;企业盈利与资产负债表;增长与总需求,国际与历史对标;资产负债表分析;情景与预测复盘;存量—流量与会计闭合;左侧—右侧判断;广谱横断面观察;总量—结构拆分,所有制与企业类型;主体资产负债表;国内国际与资本流动;收入年龄与家庭分组,时序与领先滞后;会计与存量流量约束;横断面梯度;自然实验与制度冲击,1010,198,038-s012,038-s014,02_markdown_articles/038_2019-12-08_知止不殆.md,14ee5630223dcd6ed2ef425b94aa6b316289d7de6cbce270d3a641501fef808e
038-s014,038,知止不殆,2019-12-08,周期、通胀与人口,14,二、国企和民企在资本市场上的估值分化,潜在增长与人口,潜在增长与人口;贸易与全球经济;产业升级与制造业;信用债务与金融风险;股票与资本市场;消费收入与就业;企业盈利与资产负债表;增长与总需求,国际与历史对标;资产负债表分析;情景与预测复盘;存量—流量与会计闭合;左侧—右侧判断;广谱横断面观察;总量—结构拆分,所有制与企业类型;主体资产负债表;国内国际与资本流动;收入年龄与家庭分组,时序与领先滞后;会计与存量流量约束;横断面梯度;自然实验与制度冲击,942,216,038-s013,038-s015,02_markdown_articles/038_2019-12-08_知止不殆.md,2365d396b0baf9fbe84b135cd2a21b7cb62917aecc52bb878c5d3daf34f4c0ce
038-s015,038,知止不殆,2019-12-08,周期、通胀与人口,15,二、国企和民企在资本市场上的估值分化,潜在增长与人口,潜在增长与人口;贸易与全球经济;产业升级与制造业;信用债务与金融风险;股票与资本市场;消费收入与就业;企业盈利与资产负债表;增长与总需求,国际与历史对标;资产负债表分析;情景与预测复盘;存量—流量与会计闭合;左侧—右侧判断;广谱横断面观察;总量—结构拆分,所有制与企业类型;主体资产负债表;国内国际与资本流动;收入年龄与家庭分组,时序与领先滞后;会计与存量流量约束;横断面梯度;自然实验与制度冲击,911,201,038-s014,038-s016,02_markdown_articles/038_2019-12-08_知止不殆.md,a956dd8a33a0bf0075db8d4346b7077301d69d34adeacc7a0101019c79f4d674
038-s016,038,知止不殆,2019-12-08,周期、通胀与人口,16,二、国企和民企在资本市场上的估值分化,潜在增长与人口,潜在增长与人口;贸易与全球经济;产业升级与制造业;信用债务与金融风险;股票与资本市场;消费收入与就业;企业盈利与资产负债表;增长与总需求,国际与历史对标;资产负债表分析;情景与预测复盘;存量—流量与会计闭合;左侧—右侧判断;广谱横断面观察;总量—结构拆分,所有制与企业类型;主体资产负债表;国内国际与资本流动;收入年龄与家庭分组,时序与领先滞后;会计与存量流量约束;横断面梯度;自然实验与制度冲击,920,216,038-s015,038-s017,02_markdown_articles/038_2019-12-08_知止不殆.md,cd27613ce66669dabf237e62245f447a0d2bd39b33b1350ebf731487f548f0cb
038-s017,038,知止不殆,2019-12-08,周期、通胀与人口,17,二、国企和民企在资本市场上的估值分化,潜在增长与人口,潜在增长与人口;贸易与全球经济;产业升级与制造业;信用债务与金融风险;股票与资本市场;消费收入与就业;企业盈利与资产负债表;增长与总需求,国际与历史对标;资产负债表分析;情景与预测复盘;存量—流量与会计闭合;左侧—右侧判断;广谱横断面观察;总量—结构拆分,所有制与企业类型;主体资产负债表;国内国际与资本流动;收入年龄与家庭分组,时序与领先滞后;会计与存量流量约束;横断面梯度;自然实验与制度冲击,983,203,038-s016,038-s018,02_markdown_articles/038_2019-12-08_知止不殆.md,1a3de09ccf38d1a01fc56461f5689ec1bacf0adcfa6449cab02af7f3dd0961e0
038-s018,038,知止不殆,2019-12-08,周期、通胀与人口,18,三、未来中国经济形势的判断,潜在增长与人口,潜在增长与人口;贸易与全球经济;产业升级与制造业;信用债务与金融风险;股票与资本市场;消费收入与就业;企业盈利与资产负债表;增长与总需求,国际与历史对标;资产负债表分析;情景与预测复盘;存量—流量与会计闭合;左侧—右侧判断;广谱横断面观察;总量—结构拆分,所有制与企业类型;主体资产负债表;国内国际与资本流动;收入年龄与家庭分组,时序与领先滞后;会计与存量流量约束;横断面梯度;自然实验与制度冲击,934,206,038-s017,038-s019,02_markdown_articles/038_2019-12-08_知止不殆.md,0e8ca4ec558682155a71becb32fbddeaa940c2df0e3b1496f840711f57fb1b4e
038-s019,038,知止不殆,2019-12-08,周期、通胀与人口,19,三、未来中国经济形势的判断,潜在增长与人口,潜在增长与人口;贸易与全球经济;产业升级与制造业;信用债务与金融风险;股票与资本市场;消费收入与就业;企业盈利与资产负债表;增长与总需求,国际与历史对标;资产负债表分析;情景与预测复盘;存量—流量与会计闭合;左侧—右侧判断;广谱横断面观察;总量—结构拆分,所有制与企业类型;主体资产负债表;国内国际与资本流动;收入年龄与家庭分组,时序与领先滞后;会计与存量流量约束;横断面梯度;自然实验与制度冲击,944,213,038-s018,038-s020,02_markdown_articles/038_2019-12-08_知止不殆.md,e97adc4fd95d349a836b806d9d5d68c70ed65dab39eab8987f3f05c58b4df85b
038-s020,038,知止不殆,2019-12-08,周期、通胀与人口,20,三、未来中国经济形势的判断,潜在增长与人口,潜在增长与人口;贸易与全球经济;产业升级与制造业;信用债务与金融风险;股票与资本市场;消费收入与就业;企业盈利与资产负债表;增长与总需求,国际与历史对标;资产负债表分析;情景与预测复盘;存量—流量与会计闭合;左侧—右侧判断;广谱横断面观察;总量—结构拆分,所有制与企业类型;主体资产负债表;国内国际与资本流动;收入年龄与家庭分组,时序与领先滞后;会计与存量流量约束;横断面梯度;自然实验与制度冲击,1041,208,038-s019,038-s021,02_markdown_articles/038_2019-12-08_知止不殆.md,eda96e5562653532a7d0bd98b4691d37e4fdb851245b4fcad3e66adadb9a93df
038-s021,038,知止不殆,2019-12-08,周期、通胀与人口,21,三、未来中国经济形势的判断,潜在增长与人口,潜在增长与人口;贸易与全球经济;产业升级与制造业;信用债务与金融风险;股票与资本市场;消费收入与就业;企业盈利与资产负债表;增长与总需求,国际与历史对标;资产负债表分析;情景与预测复盘;存量—流量与会计闭合;左侧—右侧判断;广谱横断面观察;总量—结构拆分,所有制与企业类型;主体资产负债表;国内国际与资本流动;收入年龄与家庭分组,时序与领先滞后;会计与存量流量约束;横断面梯度;自然实验与制度冲击,280,203,038-s020,038-s022,02_markdown_articles/038_2019-12-08_知止不殆.md,5e038d73f874692b6e446069c63aadb1eb9ca3747d8f81b663a5c53e943b3aed
038-s022,038,知止不殆,2019-12-08,周期、通胀与人口,22,三、未来中国经济形势的判断 > 附录,潜在增长与人口,潜在增长与人口;贸易与全球经济;产业升级与制造业;信用债务与金融风险;股票与资本市场;消费收入与就业;企业盈利与资产负债表;增长与总需求,国际与历史对标;资产负债表分析;情景与预测复盘;存量—流量与会计闭合;左侧—右侧判断;广谱横断面观察;总量—结构拆分,所有制与企业类型;主体资产负债表;国内国际与资本流动;收入年龄与家庭分组,时序与领先滞后;会计与存量流量约束;横断面梯度;自然实验与制度冲击,407,207,038-s021,038-s023,02_markdown_articles/038_2019-12-08_知止不殆.md,f6f7ff197c3f53f87adaa02c56a4498c27d8924e28239720a95df7d3859a53b5
038-s023,038,知止不殆,2019-12-08,周期、通胀与人口,23,三、未来中国经济形势的判断 > 内容提要,潜在增长与人口,潜在增长与人口;贸易与全球经济;产业升级与制造业;信用债务与金融风险;股票与资本市场;消费收入与就业;企业盈利与资产负债表;增长与总需求,国际与历史对标;资产负债表分析;情景与预测复盘;存量—流量与会计闭合;左侧—右侧判断;广谱横断面观察;总量—结构拆分,所有制与企业类型;主体资产负债表;国内国际与资本流动;收入年龄与家庭分组,时序与领先滞后;会计与存量流量约束;横断面梯度;自然实验与制度冲击,390,196,038-s022,038-s024,02_markdown_articles/038_2019-12-08_知止不殆.md,e4a5f0d2ecee534da768a4783326feafeccedcbbd7a6f83b87377db4e62395b0
038-s024,038,知止不殆,2019-12-08,周期、通胀与人口,24,三、未来中国经济形势的判断 > 一、劳动力供应转折,潜在增长与人口,潜在增长与人口;贸易与全球经济;产业升级与制造业;信用债务与金融风险;股票与资本市场;消费收入与就业;企业盈利与资产负债表;增长与总需求,国际与历史对标;资产负债表分析;情景与预测复盘;存量—流量与会计闭合;左侧—右侧判断;广谱横断面观察;总量—结构拆分,所有制与企业类型;主体资产负债表;国内国际与资本流动;收入年龄与家庭分组,时序与领先滞后;会计与存量流量约束;横断面梯度;自然实验与制度冲击,306,207,038-s023,038-s025,02_markdown_articles/038_2019-12-08_知止不殆.md,02ac7a6862e8560a098cbfb61b853903291bf997031856fa0a3054d89da8ffb7
038-s025,038,知止不殆,2019-12-08,周期、通胀与人口,25,三、未来中国经济形势的判断 > 二、“三十年未有之变局”,潜在增长与人口,潜在增长与人口;贸易与全球经济;产业升级与制造业;信用债务与金融风险;股票与资本市场;消费收入与就业;企业盈利与资产负债表;增长与总需求,国际与历史对标;资产负债表分析;情景与预测复盘;存量—流量与会计闭合;左侧—右侧判断;广谱横断面观察;总量—结构拆分,所有制与企业类型;主体资产负债表;国内国际与资本流动;收入年龄与家庭分组,时序与领先滞后;会计与存量流量约束;横断面梯度;自然实验与制度冲击,737,196,038-s024,038-s026,02_markdown_articles/038_2019-12-08_知止不殆.md,1ad4cb9dc58c4f4741ee46635bb6cbd06d7c869001e61e66d1f5b5f0489bef85
038-s026,038,知止不殆,2019-12-08,周期、通胀与人口,26,三、未来中国经济形势的判断 > 二、“三十年未有之变局” > （一）劳动力投入,潜在增长与人口,潜在增长与人口;贸易与全球经济;产业升级与制造业;信用债务与金融风险;股票与资本市场;消费收入与就业;企业盈利与资产负债表;增长与总需求,国际与历史对标;资产负债表分析;情景与预测复盘;存量—流量与会计闭合;左侧—右侧判断;广谱横断面观察;总量—结构拆分,所有制与企业类型;主体资产负债表;国内国际与资本流动;收入年龄与家庭分组,时序与领先滞后;会计与存量流量约束;横断面梯度;自然实验与制度冲击,419,196,038-s025,038-s027,02_markdown_articles/038_2019-12-08_知止不殆.md,0e5e9601da6a5f1d8f11eac04dfdf73cc4572b513f945d4fb06cd0af64978a4e
038-s027,038,知止不殆,2019-12-08,周期、通胀与人口,27,三、未来中国经济形势的判断 > 二、“三十年未有之变局” > （二）资本投入,潜在增长与人口,潜在增长与人口;贸易与全球经济;产业升级与制造业;信用债务与金融风险;股票与资本市场;消费收入与就业;企业盈利与资产负债表;增长与总需求,国际与历史对标;资产负债表分析;情景与预测复盘;存量—流量与会计闭合;左侧—右侧判断;广谱横断面观察;总量—结构拆分,所有制与企业类型;主体资产负债表;国内国际与资本流动;收入年龄与家庭分组,时序与领先滞后;会计与存量流量约束;横断面梯度;自然实验与制度冲击,921,206,038-s026,038-s028,02_markdown_articles/038_2019-12-08_知止不殆.md,6de99866ac625705cfd2fd9c8c236779f38f31294736d281b8f2fdfd893a18c3
038-s028,038,知止不殆,2019-12-08,周期、通胀与人口,28,三、未来中国经济形势的判断 > 二、“三十年未有之变局” > （二）资本投入,潜在增长与人口,潜在增长与人口;贸易与全球经济;产业升级与制造业;信用债务与金融风险;股票与资本市场;消费收入与就业;企业盈利与资产负债表;增长与总需求,国际与历史对标;资产负债表分析;情景与预测复盘;存量—流量与会计闭合;左侧—右侧判断;广谱横断面观察;总量—结构拆分,所有制与企业类型;主体资产负债表;国内国际与资本流动;收入年龄与家庭分组,时序与领先滞后;会计与存量流量约束;横断面梯度;自然实验与制度冲击,902,97,038-s027,038-s029,02_markdown_articles/038_2019-12-08_知止不殆.md,1a278bad4f0011aea57391fc5f656ba87127f359d4f8e3bca9ec151f4778043d
038-s029,038,知止不殆,2019-12-08,周期、通胀与人口,29,三、未来中国经济形势的判断 > 二、“三十年未有之变局” > （二）资本投入,潜在增长与人口,潜在增长与人口;贸易与全球经济;产业升级与制造业;信用债务与金融风险;股票与资本市场;消费收入与就业;企业盈利与资产负债表;增长与总需求,国际与历史对标;资产负债表分析;情景与预测复盘;存量—流量与会计闭合;左侧—右侧判断;广谱横断面观察;总量—结构拆分,所有制与企业类型;主体资产负债表;国内国际与资本流动;收入年龄与家庭分组,时序与领先滞后;会计与存量流量约束;横断面梯度;自然实验与制度冲击,279,210,038-s028,038-s030,02_markdown_articles/038_2019-12-08_知止不殆.md,8486b03e68fa8a126f955a6a570d1de4d8cada144150dbcde751f8fa1afee952
038-s030,038,知止不殆,2019-12-08,周期、通胀与人口,30,三、未来中国经济形势的判断 > 二、“三十年未有之变局” > （三）技术进步,潜在增长与人口,潜在增长与人口;贸易与全球经济;产业升级与制造业;信用债务与金融风险;股票与资本市场;消费收入与就业;企业盈利与资产负债表;增长与总需求,国际与历史对标;资产负债表分析;情景与预测复盘;存量—流量与会计闭合;左侧—右侧判断;广谱横断面观察;总量—结构拆分,所有制与企业类型;主体资产负债表;国内国际与资本流动;收入年龄与家庭分组,时序与领先滞后;会计与存量流量约束;横断面梯度;自然实验与制度冲击,335,196,038-s029,038-s031,02_markdown_articles/038_2019-12-08_知止不殆.md,bc754ca00fd1dfe266a3f799379cecac31c0edc64af2de67f8c8b2238bdf2dd2
038-s031,038,知止不殆,2019-12-08,周期、通胀与人口,31,三、未来中国经济形势的判断 > 二、“三十年未有之变局” > （四）资本系数,潜在增长与人口,潜在增长与人口;贸易与全球经济;产业升级与制造业;信用债务与金融风险;股票与资本市场;消费收入与就业;企业盈利与资产负债表;增长与总需求,国际与历史对标;资产负债表分析;情景与预测复盘;存量—流量与会计闭合;左侧—右侧判断;广谱横断面观察;总量—结构拆分,所有制与企业类型;主体资产负债表;国内国际与资本流动;收入年龄与家庭分组,时序与领先滞后;会计与存量流量约束;横断面梯度;自然实验与制度冲击,582,196,038-s030,038-s032,02_markdown_articles/038_2019-12-08_知止不殆.md,99baea8caa66758f7976f21c4803cad1a10a1769528a687d5bb59e2325f34d47
038-s032,038,知止不殆,2019-12-08,周期、通胀与人口,32,三、未来中国经济形势的判断 > 三、中国经济增速的趋势转折,潜在增长与人口,潜在增长与人口;贸易与全球经济;产业升级与制造业;信用债务与金融风险;股票与资本市场;消费收入与就业;企业盈利与资产负债表;增长与总需求,国际与历史对标;资产负债表分析;情景与预测复盘;存量—流量与会计闭合;左侧—右侧判断;广谱横断面观察;总量—结构拆分,所有制与企业类型;主体资产负债表;国内国际与资本流动;收入年龄与家庭分组,时序与领先滞后;会计与存量流量约束;横断面梯度;自然实验与制度冲击,313,209,038-s031,038-s033,02_markdown_articles/038_2019-12-08_知止不殆.md,018b18655a70dc6c248d96d3e72e00d434cf3837c75cfdf9cdf5bf9a69eeb0bd
038-s033,038,知止不殆,2019-12-08,周期、通胀与人口,33,三、未来中国经济形势的判断 > 四、潜在经济增速下降的风险 > （一）潜在经济增速下降的经验事实,潜在增长与人口,潜在增长与人口;贸易与全球经济;产业升级与制造业;信用债务与金融风险;股票与资本市场;消费收入与就业;企业盈利与资产负债表;增长与总需求,国际与历史对标;资产负债表分析;情景与预测复盘;存量—流量与会计闭合;左侧—右侧判断;广谱横断面观察;总量—结构拆分,所有制与企业类型;主体资产负债表;国内国际与资本流动;收入年龄与家庭分组,时序与领先滞后;会计与存量流量约束;横断面梯度;自然实验与制度冲击,1077,214,038-s032,038-s034,02_markdown_articles/038_2019-12-08_知止不殆.md,e13d941f3010c588dfd6671ba0e088cd6697208ab584f21edff522ba8d38bd00
038-s034,038,知止不殆,2019-12-08,周期、通胀与人口,34,三、未来中国经济形势的判断 > 四、潜在经济增速下降的风险 > （一）潜在经济增速下降的经验事实,潜在增长与人口,潜在增长与人口;贸易与全球经济;产业升级与制造业;信用债务与金融风险;股票与资本市场;消费收入与就业;企业盈利与资产负债表;增长与总需求,国际与历史对标;资产负债表分析;情景与预测复盘;存量—流量与会计闭合;左侧—右侧判断;广谱横断面观察;总量—结构拆分,所有制与企业类型;主体资产负债表;国内国际与资本流动;收入年龄与家庭分组,时序与领先滞后;会计与存量流量约束;横断面梯度;自然实验与制度冲击,306,205,038-s033,038-s035,02_markdown_articles/038_2019-12-08_知止不殆.md,55bcbf8ea1326a7a8b50d9960741b4b269b210c0b4fe7d5fa6406588e4744e6d
038-s035,038,知止不殆,2019-12-08,周期、通胀与人口,35,三、未来中国经济形势的判断 > 四、潜在经济增速下降的风险 > （二）潜在增速下降与调整的一般模式,潜在增长与人口,潜在增长与人口;贸易与全球经济;产业升级与制造业;信用债务与金融风险;股票与资本市场;消费收入与就业;企业盈利与资产负债表;增长与总需求,国际与历史对标;资产负债表分析;情景与预测复盘;存量—流量与会计闭合;左侧—右侧判断;广谱横断面观察;总量—结构拆分,所有制与企业类型;主体资产负债表;国内国际与资本流动;收入年龄与家庭分组,时序与领先滞后;会计与存量流量约束;横断面梯度;自然实验与制度冲击,632,214,038-s034,,02_markdown_articles/038_2019-12-08_知止不殆.md,a6b9abb4b51bb3804616f85ce71a0225fc3da0dd0947452fd51790f10473d252
039-s001,039,观察一季度经济数据的三个维度,2020-05-03,周期、通胀与人口,1,正文,消费收入与就业,消费收入与就业;疫情冲击与宏观应对;通胀与价格;增长与总需求;潜在增长与人口,存量—流量与会计闭合,收入年龄与家庭分组;产品与品类横断面;主体资产负债表,自然实验与制度冲击;会计与存量流量约束;符号与量价组合,978,0,,039-s002,02_markdown_articles/039_2020-05-03_观察一季度经济数据的三个维度.md,6ad05d1ad76fdeaf0c6ed821435b3ad11cf1bd98308a793598c3aa4cec592e9a
039-s002,039,观察一季度经济数据的三个维度,2020-05-03,周期、通胀与人口,2,正文,消费收入与就业,消费收入与就业;疫情冲击与宏观应对;通胀与价格;增长与总需求;潜在增长与人口,存量—流量与会计闭合,收入年龄与家庭分组;产品与品类横断面;主体资产负债表,自然实验与制度冲击;会计与存量流量约束;符号与量价组合,940,201,039-s001,039-s003,02_markdown_articles/039_2020-05-03_观察一季度经济数据的三个维度.md,15b534aed0672801b771d1e65345f3d17eccde5ff6bad32ef1fa71f94b58db77
039-s003,039,观察一季度经济数据的三个维度,2020-05-03,周期、通胀与人口,3,正文,消费收入与就业,消费收入与就业;疫情冲击与宏观应对;通胀与价格;增长与总需求;潜在增长与人口,存量—流量与会计闭合,收入年龄与家庭分组;产品与品类横断面;主体资产负债表,自然实验与制度冲击;会计与存量流量约束;符号与量价组合,922,211,039-s002,039-s004,02_markdown_articles/039_2020-05-03_观察一季度经济数据的三个维度.md,e0aef1f827e4ef8ea60656248f0ddce3b499a1c3b3aed430ffcd92e5ab4924a9
039-s004,039,观察一季度经济数据的三个维度,2020-05-03,周期、通胀与人口,4,正文,消费收入与就业,消费收入与就业;疫情冲击与宏观应对;通胀与价格;增长与总需求;潜在增长与人口,存量—流量与会计闭合,收入年龄与家庭分组;产品与品类横断面;主体资产负债表,自然实验与制度冲击;会计与存量流量约束;符号与量价组合,992,213,039-s003,039-s005,02_markdown_articles/039_2020-05-03_观察一季度经济数据的三个维度.md,4dde0dcc39e8daaeaf324c04904581a3fd6d547a4fd969e9508c423b920431f8
039-s005,039,观察一季度经济数据的三个维度,2020-05-03,周期、通胀与人口,5,正文,消费收入与就业,消费收入与就业;疫情冲击与宏观应对;通胀与价格;增长与总需求;潜在增长与人口,存量—流量与会计闭合,收入年龄与家庭分组;产品与品类横断面;主体资产负债表,自然实验与制度冲击;会计与存量流量约束;符号与量价组合,974,206,039-s004,039-s006,02_markdown_articles/039_2020-05-03_观察一季度经济数据的三个维度.md,63872cc409a902a9b3b75baf87f6344f9e5413590ae97c36ed61372b1777836e
039-s006,039,观察一季度经济数据的三个维度,2020-05-03,周期、通胀与人口,6,正文,消费收入与就业,消费收入与就业;疫情冲击与宏观应对;通胀与价格;增长与总需求;潜在增长与人口,存量—流量与会计闭合,收入年龄与家庭分组;产品与品类横断面;主体资产负债表,自然实验与制度冲击;会计与存量流量约束;符号与量价组合,472,204,039-s005,039-s007,02_markdown_articles/039_2020-05-03_观察一季度经济数据的三个维度.md,38f9454926f8837685bc4cb4734c62571deb2c2d1708ae3736eeef2d96a26930
039-s007,039,观察一季度经济数据的三个维度,2020-05-03,周期、通胀与人口,7,总结来看，本文包括以下三个核心观察：,消费收入与就业,消费收入与就业;疫情冲击与宏观应对;通胀与价格;增长与总需求;潜在增长与人口,存量—流量与会计闭合,收入年龄与家庭分组;产品与品类横断面;主体资产负债表,自然实验与制度冲击;会计与存量流量约束;符号与量价组合,888,207,039-s006,,02_markdown_articles/039_2020-05-03_观察一季度经济数据的三个维度.md,06a91b3aeba8303fde84a185926f5e30eab7805f889370c0fafac19848f70abd
040-s001,040,关于中国通货膨胀形成机制的几点观察,2022-11-14,周期、通胀与人口,1,内容提要,通胀与价格,通胀与价格;消费收入与就业;增长与总需求;潜在增长与人口;贸易与全球经济;产能库存与工业周期;汇率与国际收支;产业升级与制造业,国际与历史对标;左侧—右侧判断;总量—结构拆分,产品与品类横断面;收入年龄与家庭分组;国内国际与资本流动;主体资产负债表,时序与领先滞后;多市场一致性;横断面梯度;自然实验与制度冲击,284,0,,040-s002,02_markdown_articles/040_2022-11-14_关于中国通货膨胀形成机制的几点观察.md,05590f536169e6cebddcef5a44d76f09c477c79020e3be4be2c8a0797de13a18
040-s002,040,关于中国通货膨胀形成机制的几点观察,2022-11-14,周期、通胀与人口,2,内容提要,通胀与价格,通胀与价格;消费收入与就业;增长与总需求;潜在增长与人口;贸易与全球经济;产能库存与工业周期;汇率与国际收支;产业升级与制造业,国际与历史对标;左侧—右侧判断;总量—结构拆分,产品与品类横断面;收入年龄与家庭分组;国内国际与资本流动;主体资产负债表,时序与领先滞后;多市场一致性;横断面梯度;自然实验与制度冲击,437,213,040-s001,040-s003,02_markdown_articles/040_2022-11-14_关于中国通货膨胀形成机制的几点观察.md,33fec3b930f333cbad9c0d25d35e599468bbc6eafdb80002f80224af24967d2f
040-s003,040,关于中国通货膨胀形成机制的几点观察,2022-11-14,周期、通胀与人口,3,引言,通胀与价格,通胀与价格;消费收入与就业;增长与总需求;潜在增长与人口;贸易与全球经济;产能库存与工业周期;汇率与国际收支;产业升级与制造业,国际与历史对标;左侧—右侧判断;总量—结构拆分,产品与品类横断面;收入年龄与家庭分组;国内国际与资本流动;主体资产负债表,时序与领先滞后;多市场一致性;横断面梯度;自然实验与制度冲击,333,202,040-s002,040-s004,02_markdown_articles/040_2022-11-14_关于中国通货膨胀形成机制的几点观察.md,89584528161f9148bde8ca24026536ca1dc86b392a344f9d5be2f740006b10e3
040-s004,040,关于中国通货膨胀形成机制的几点观察,2022-11-14,周期、通胀与人口,4,一、从封闭走向开放的中国经济,通胀与价格,通胀与价格;消费收入与就业;增长与总需求;潜在增长与人口;贸易与全球经济;产能库存与工业周期;汇率与国际收支;产业升级与制造业,国际与历史对标;左侧—右侧判断;总量—结构拆分,产品与品类横断面;收入年龄与家庭分组;国内国际与资本流动;主体资产负债表,时序与领先滞后;多市场一致性;横断面梯度;自然实验与制度冲击,874,210,040-s003,040-s005,02_markdown_articles/040_2022-11-14_关于中国通货膨胀形成机制的几点观察.md,74109cd2755bff2f2b4eec196341424983507431074d9dec6517d1ebc2e32eaf
040-s005,040,关于中国通货膨胀形成机制的几点观察,2022-11-14,周期、通胀与人口,5,二、食品通货膨胀主导消费物价指数,通胀与价格,通胀与价格;消费收入与就业;增长与总需求;潜在增长与人口;贸易与全球经济;产能库存与工业周期;汇率与国际收支;产业升级与制造业,国际与历史对标;左侧—右侧判断;总量—结构拆分,产品与品类横断面;收入年龄与家庭分组;国内国际与资本流动;主体资产负债表,时序与领先滞后;多市场一致性;横断面梯度;自然实验与制度冲击,903,213,040-s004,040-s006,02_markdown_articles/040_2022-11-14_关于中国通货膨胀形成机制的几点观察.md,9cba98eefe34e790f7f5e32c2dd4331940eade88fcb718094533eb79538642dc
040-s006,040,关于中国通货膨胀形成机制的几点观察,2022-11-14,周期、通胀与人口,6,二、食品通货膨胀主导消费物价指数,通胀与价格,通胀与价格;消费收入与就业;增长与总需求;潜在增长与人口;贸易与全球经济;产能库存与工业周期;汇率与国际收支;产业升级与制造业,国际与历史对标;左侧—右侧判断;总量—结构拆分,产品与品类横断面;收入年龄与家庭分组;国内国际与资本流动;主体资产负债表,时序与领先滞后;多市场一致性;横断面梯度;自然实验与制度冲击,951,204,040-s005,040-s007,02_markdown_articles/040_2022-11-14_关于中国通货膨胀形成机制的几点观察.md,ec5873007c8855b1cb82033b2e451e93dd24ebf5e8cc6fb957ad898994c92c4e
040-s007,040,关于中国通货膨胀形成机制的几点观察,2022-11-14,周期、通胀与人口,7,二、食品通货膨胀主导消费物价指数,通胀与价格,通胀与价格;消费收入与就业;增长与总需求;潜在增长与人口;贸易与全球经济;产能库存与工业周期;汇率与国际收支;产业升级与制造业,国际与历史对标;左侧—右侧判断;总量—结构拆分,产品与品类横断面;收入年龄与家庭分组;国内国际与资本流动;主体资产负债表,时序与领先滞后;多市场一致性;横断面梯度;自然实验与制度冲击,924,201,040-s006,040-s008,02_markdown_articles/040_2022-11-14_关于中国通货膨胀形成机制的几点观察.md,491ed9d43bad859edd7e6ae7d68f050593bf8c3908b71d2e6fd36f53f9c5a589
040-s008,040,关于中国通货膨胀形成机制的几点观察,2022-11-14,周期、通胀与人口,8,二、食品通货膨胀主导消费物价指数,通胀与价格,通胀与价格;消费收入与就业;增长与总需求;潜在增长与人口;贸易与全球经济;产能库存与工业周期;汇率与国际收支;产业升级与制造业,国际与历史对标;左侧—右侧判断;总量—结构拆分,产品与品类横断面;收入年龄与家庭分组;国内国际与资本流动;主体资产负债表,时序与领先滞后;多市场一致性;横断面梯度;自然实验与制度冲击,939,207,040-s007,040-s009,02_markdown_articles/040_2022-11-14_关于中国通货膨胀形成机制的几点观察.md,24eb1c412a25af161b896c5f0d9b7c4233ffbc52c0aa6266dcc33a46498da662
040-s009,040,关于中国通货膨胀形成机制的几点观察,2022-11-14,周期、通胀与人口,9,二、食品通货膨胀主导消费物价指数,通胀与价格,通胀与价格;消费收入与就业;增长与总需求;潜在增长与人口;贸易与全球经济;产能库存与工业周期;汇率与国际收支;产业升级与制造业,国际与历史对标;左侧—右侧判断;总量—结构拆分,产品与品类横断面;收入年龄与家庭分组;国内国际与资本流动;主体资产负债表,时序与领先滞后;多市场一致性;横断面梯度;自然实验与制度冲击,681,212,040-s008,040-s010,02_markdown_articles/040_2022-11-14_关于中国通货膨胀形成机制的几点观察.md,af2ccea91664a373914e9611d7be6ba25a4706ceb9d203937f57d31bb76a8385
040-s010,040,关于中国通货膨胀形成机制的几点观察,2022-11-14,周期、通胀与人口,10,四、城乡居民生活方式的趋同,通胀与价格,通胀与价格;消费收入与就业;增长与总需求;潜在增长与人口;贸易与全球经济;产能库存与工业周期;汇率与国际收支;产业升级与制造业,国际与历史对标;左侧—右侧判断;总量—结构拆分,产品与品类横断面;收入年龄与家庭分组;国内国际与资本流动;主体资产负债表,时序与领先滞后;多市场一致性;横断面梯度;自然实验与制度冲击,311,216,040-s009,040-s011,02_markdown_articles/040_2022-11-14_关于中国通货膨胀形成机制的几点观察.md,d6ae89ebf90df4f96133d3dc1acc200978fc504fb016c50d7657d4017e2add2c
040-s011,040,关于中国通货膨胀形成机制的几点观察,2022-11-14,周期、通胀与人口,11,四、城乡居民生活方式的趋同 > （一）居民食品支出的变化及国际比较,通胀与价格,通胀与价格;消费收入与就业;增长与总需求;潜在增长与人口;贸易与全球经济;产能库存与工业周期;汇率与国际收支;产业升级与制造业,国际与历史对标;左侧—右侧判断;总量—结构拆分,产品与品类横断面;收入年龄与家庭分组;国内国际与资本流动;主体资产负债表,时序与领先滞后;多市场一致性;横断面梯度;自然实验与制度冲击,342,187,040-s010,040-s012,02_markdown_articles/040_2022-11-14_关于中国通货膨胀形成机制的几点观察.md,8c8288dd31d52d4d8cf5a0ed487d626b7878ca19bc1fbae99e24828a0c41aead
040-s012,040,关于中国通货膨胀形成机制的几点观察,2022-11-14,周期、通胀与人口,12,四、城乡居民生活方式的趋同 > （二）农户支出行为的变化,通胀与价格,通胀与价格;消费收入与就业;增长与总需求;潜在增长与人口;贸易与全球经济;产能库存与工业周期;汇率与国际收支;产业升级与制造业,国际与历史对标;左侧—右侧判断;总量—结构拆分,产品与品类横断面;收入年龄与家庭分组;国内国际与资本流动;主体资产负债表,时序与领先滞后;多市场一致性;横断面梯度;自然实验与制度冲击,419,213,040-s011,040-s013,02_markdown_articles/040_2022-11-14_关于中国通货膨胀形成机制的几点观察.md,0350f4f50771f7457ba8190c012c58bc58ac850bf202ca5ad5d457ce111c25f5
040-s013,040,关于中国通货膨胀形成机制的几点观察,2022-11-14,周期、通胀与人口,13,四、城乡居民生活方式的趋同 > （三）农户资产配置行为的变化,通胀与价格,通胀与价格;消费收入与就业;增长与总需求;潜在增长与人口;贸易与全球经济;产能库存与工业周期;汇率与国际收支;产业升级与制造业,国际与历史对标;左侧—右侧判断;总量—结构拆分,产品与品类横断面;收入年龄与家庭分组;国内国际与资本流动;主体资产负债表,时序与领先滞后;多市场一致性;横断面梯度;自然实验与制度冲击,944,196,040-s012,040-s014,02_markdown_articles/040_2022-11-14_关于中国通货膨胀形成机制的几点观察.md,76079c57c774b85f693fe979253d2ef672258a1b8216d4027613bd1f71edeee0
040-s014,040,关于中国通货膨胀形成机制的几点观察,2022-11-14,周期、通胀与人口,14,附录：,通胀与价格,通胀与价格;消费收入与就业;增长与总需求;潜在增长与人口;贸易与全球经济;产能库存与工业周期;汇率与国际收支;产业升级与制造业,国际与历史对标;左侧—右侧判断;总量—结构拆分,产品与品类横断面;收入年龄与家庭分组;国内国际与资本流动;主体资产负债表,时序与领先滞后;多市场一致性;横断面梯度;自然实验与制度冲击,329,203,040-s013,,02_markdown_articles/040_2022-11-14_关于中国通货膨胀形成机制的几点观察.md,56892a91e7ccbae9e0fc57876b8e2374d532d6cdde5460802ec82712ebd93bef
041-s001,041,顺势而为,2023-06-13,周期、通胀与人口,1,内容提要,消费收入与就业,消费收入与就业;疫情冲击与宏观应对;通胀与价格;增长与总需求;房地产与城市化;股票与资本市场;利率与债券市场;潜在增长与人口,国际与历史对标,收入年龄与家庭分组;国内国际与资本流动;所有制与企业类型,自然实验与制度冲击;会计与存量流量约束,369,0,,041-s002,02_markdown_articles/041_2023-06-13_顺势而为.md,d05bc52bad9ae02d74810e74985426bfe39549bceae703f2696dde56c1574fe4
041-s002,041,顺势而为,2023-06-13,周期、通胀与人口,2,内容提要,消费收入与就业,消费收入与就业;疫情冲击与宏观应对;通胀与价格;增长与总需求;房地产与城市化;股票与资本市场;利率与债券市场;潜在增长与人口,国际与历史对标,收入年龄与家庭分组;国内国际与资本流动;所有制与企业类型,自然实验与制度冲击;会计与存量流量约束,347,204,041-s001,041-s003,02_markdown_articles/041_2023-06-13_顺势而为.md,f12a686e0b613582311fba328238c6e0e18e850765a3eef817548a7b9a65f02b
041-s003,041,顺势而为,2023-06-13,周期、通胀与人口,3,一、疫情的中长期影响,消费收入与就业,消费收入与就业;疫情冲击与宏观应对;通胀与价格;增长与总需求;房地产与城市化;股票与资本市场;利率与债券市场;潜在增长与人口,国际与历史对标,收入年龄与家庭分组;国内国际与资本流动;所有制与企业类型,自然实验与制度冲击;会计与存量流量约束,502,213,041-s002,041-s004,02_markdown_articles/041_2023-06-13_顺势而为.md,91d31baa806b7cba0d40ac677d76883f6f2c6286d2bb2eebd013ae4740973eee
041-s004,041,顺势而为,2023-06-13,周期、通胀与人口,4,一、疫情的中长期影响 > （一）疫情对发达市场的影响,消费收入与就业,消费收入与就业;疫情冲击与宏观应对;通胀与价格;增长与总需求;房地产与城市化;股票与资本市场;利率与债券市场;潜在增长与人口,国际与历史对标,收入年龄与家庭分组;国内国际与资本流动;所有制与企业类型,自然实验与制度冲击;会计与存量流量约束,1006,215,041-s003,041-s005,02_markdown_articles/041_2023-06-13_顺势而为.md,af62a0be6004278030ec15d58bbfabb800a933f4a82e1a87bdf39107db80dab0
041-s005,041,顺势而为,2023-06-13,周期、通胀与人口,5,一、疫情的中长期影响 > （一）疫情对发达市场的影响,消费收入与就业,消费收入与就业;疫情冲击与宏观应对;通胀与价格;增长与总需求;房地产与城市化;股票与资本市场;利率与债券市场;潜在增长与人口,国际与历史对标,收入年龄与家庭分组;国内国际与资本流动;所有制与企业类型,自然实验与制度冲击;会计与存量流量约束,294,204,041-s004,041-s006,02_markdown_articles/041_2023-06-13_顺势而为.md,845106f0055bb516521c0fbfdcab0cc5a5096fa5fc01a3c4e7f4657360d941f5
041-s006,041,顺势而为,2023-06-13,周期、通胀与人口,6,一、疫情的中长期影响 > （二）疫情对新兴市场的影响,消费收入与就业,消费收入与就业;疫情冲击与宏观应对;通胀与价格;增长与总需求;房地产与城市化;股票与资本市场;利率与债券市场;潜在增长与人口,国际与历史对标,收入年龄与家庭分组;国内国际与资本流动;所有制与企业类型,自然实验与制度冲击;会计与存量流量约束,811,207,041-s005,041-s007,02_markdown_articles/041_2023-06-13_顺势而为.md,18eb19442850e245a7c9dc331e39fbedb7193f5ff5d48019d7fabac4dd62c10e
041-s007,041,顺势而为,2023-06-13,周期、通胀与人口,7,一、疫情的中长期影响 > （三）发达市场和新兴市场的经济增长情况,消费收入与就业,消费收入与就业;疫情冲击与宏观应对;通胀与价格;增长与总需求;房地产与城市化;股票与资本市场;利率与债券市场;潜在增长与人口,国际与历史对标,收入年龄与家庭分组;国内国际与资本流动;所有制与企业类型,自然实验与制度冲击;会计与存量流量约束,824,211,041-s006,041-s008,02_markdown_articles/041_2023-06-13_顺势而为.md,ba80d460664c81d05af62b25612c69defa09f5d907f084c2749c67b7f6a72e3d
041-s008,041,顺势而为,2023-06-13,周期、通胀与人口,8,一、疫情的中长期影响 > （四）储蓄率和劳动参与率的差异,消费收入与就业,消费收入与就业;疫情冲击与宏观应对;通胀与价格;增长与总需求;房地产与城市化;股票与资本市场;利率与债券市场;潜在增长与人口,国际与历史对标,收入年龄与家庭分组;国内国际与资本流动;所有制与企业类型,自然实验与制度冲击;会计与存量流量约束,956,209,041-s007,041-s009,02_markdown_articles/041_2023-06-13_顺势而为.md,43f4ae742cce8c812e1c438bc6f17f538aeaa8333019ab97954d618537473a21
041-s009,041,顺势而为,2023-06-13,周期、通胀与人口,9,一、疫情的中长期影响 > （四）储蓄率和劳动参与率的差异,消费收入与就业,消费收入与就业;疫情冲击与宏观应对;通胀与价格;增长与总需求;房地产与城市化;股票与资本市场;利率与债券市场;潜在增长与人口,国际与历史对标,收入年龄与家庭分组;国内国际与资本流动;所有制与企业类型,自然实验与制度冲击;会计与存量流量约束,904,210,041-s008,041-s010,02_markdown_articles/041_2023-06-13_顺势而为.md,e9d115b09a1808e7e245219bbd3985ca651bec80036602ae34d7b79c87648844
041-s010,041,顺势而为,2023-06-13,周期、通胀与人口,10,一、疫情的中长期影响 > （四）储蓄率和劳动参与率的差异,消费收入与就业,消费收入与就业;疫情冲击与宏观应对;通胀与价格;增长与总需求;房地产与城市化;股票与资本市场;利率与债券市场;潜在增长与人口,国际与历史对标,收入年龄与家庭分组;国内国际与资本流动;所有制与企业类型,自然实验与制度冲击;会计与存量流量约束,963,207,041-s009,041-s011,02_markdown_articles/041_2023-06-13_顺势而为.md,97abe72dcc7e27d80f444c1ef794fee1a56c61621218aef860c9c62e67c37e54
041-s011,041,顺势而为,2023-06-13,周期、通胀与人口,11,一、疫情的中长期影响 > （四）储蓄率和劳动参与率的差异,消费收入与就业,消费收入与就业;疫情冲击与宏观应对;通胀与价格;增长与总需求;房地产与城市化;股票与资本市场;利率与债券市场;潜在增长与人口,国际与历史对标,收入年龄与家庭分组;国内国际与资本流动;所有制与企业类型,自然实验与制度冲击;会计与存量流量约束,591,203,041-s010,041-s012,02_markdown_articles/041_2023-06-13_顺势而为.md,1770abb819f5804a22af4d1ee79210d009e735aeff992f7d98564cd4f4549c39
041-s012,041,顺势而为,2023-06-13,周期、通胀与人口,12,二、我国疫后经济和市场状况,消费收入与就业,消费收入与就业;疫情冲击与宏观应对;通胀与价格;增长与总需求;房地产与城市化;股票与资本市场;利率与债券市场;潜在增长与人口,国际与历史对标,收入年龄与家庭分组;国内国际与资本流动;所有制与企业类型,自然实验与制度冲击;会计与存量流量约束,360,201,041-s011,041-s013,02_markdown_articles/041_2023-06-13_顺势而为.md,89b852f84bf23af2a7fd7d0ce1b5efc052f5ba3d08651dbcc862d78a68d1a3a6
041-s013,041,顺势而为,2023-06-13,周期、通胀与人口,13,二、我国疫后经济和市场状况 > （二）中国疫后劳动参与率水平整体显著上升,消费收入与就业,消费收入与就业;疫情冲击与宏观应对;通胀与价格;增长与总需求;房地产与城市化;股票与资本市场;利率与债券市场;潜在增长与人口,国际与历史对标,收入年龄与家庭分组;国内国际与资本流动;所有制与企业类型,自然实验与制度冲击;会计与存量流量约束,690,201,041-s012,041-s014,02_markdown_articles/041_2023-06-13_顺势而为.md,5407fd37e9a37dc2f4dc37c89e428be925adf3bc8927efd8ef4db7cc5a3fbaf4
041-s014,041,顺势而为,2023-06-13,周期、通胀与人口,14,二、我国疫后经济和市场状况 > （三）近期市场在进一步吸收预期差的影响,消费收入与就业,消费收入与就业;疫情冲击与宏观应对;通胀与价格;增长与总需求;房地产与城市化;股票与资本市场;利率与债券市场;潜在增长与人口,国际与历史对标,收入年龄与家庭分组;国内国际与资本流动;所有制与企业类型,自然实验与制度冲击;会计与存量流量约束,489,209,041-s013,041-s015,02_markdown_articles/041_2023-06-13_顺势而为.md,37e9324467ac832be739501888a82e1ab4d1ec3d4d62f58d94077d34d3a3c0b8
041-s015,041,顺势而为,2023-06-13,周期、通胀与人口,15,二、我国疫后经济和市场状况 > （四）房地产市场与疫情的双重压力,消费收入与就业,消费收入与就业;疫情冲击与宏观应对;通胀与价格;增长与总需求;房地产与城市化;股票与资本市场;利率与债券市场;潜在增长与人口,国际与历史对标,收入年龄与家庭分组;国内国际与资本流动;所有制与企业类型,自然实验与制度冲击;会计与存量流量约束,1011,198,041-s014,041-s016,02_markdown_articles/041_2023-06-13_顺势而为.md,ebe922bbc1f9b283cf06e19916d515d8adcc86c37271a931130e7bf398a6fd7a
041-s016,041,顺势而为,2023-06-13,周期、通胀与人口,16,二、我国疫后经济和市场状况 > （四）房地产市场与疫情的双重压力,消费收入与就业,消费收入与就业;疫情冲击与宏观应对;通胀与价格;增长与总需求;房地产与城市化;股票与资本市场;利率与债券市场;潜在增长与人口,国际与历史对标,收入年龄与家庭分组;国内国际与资本流动;所有制与企业类型,自然实验与制度冲击;会计与存量流量约束,521,208,041-s015,,02_markdown_articles/041_2023-06-13_顺势而为.md,fb1bacf55158470a0a25ccbb01228fd6ad642b7f5c8e0950a9a3d3b8098166ca
042-s001,042,针对当前中国经济问题的几点观察,2023-07-26,周期、通胀与人口,1,正文,货币与流动性,货币与流动性;消费收入与就业;汇率与国际收支;利率与债券市场;增长与总需求;金融制度与监管;信用债务与金融风险;疫情冲击与宏观应对,总量—结构拆分;广谱利率与流动性;国际与历史对标,主体资产负债表;国内国际与资本流动;收入年龄与家庭分组,自然实验与制度冲击,913,0,,042-s002,02_markdown_articles/042_2023-07-26_针对当前中国经济问题的几点观察.md,de9641da0bf1f160ea275896909ba7b47834e2b3dd4eef953a769a9aee1d57ec
042-s002,042,针对当前中国经济问题的几点观察,2023-07-26,周期、通胀与人口,2,正文,货币与流动性,货币与流动性;消费收入与就业;汇率与国际收支;利率与债券市场;增长与总需求;金融制度与监管;信用债务与金融风险;疫情冲击与宏观应对,总量—结构拆分;广谱利率与流动性;国际与历史对标,主体资产负债表;国内国际与资本流动;收入年龄与家庭分组,自然实验与制度冲击,1029,215,042-s001,042-s003,02_markdown_articles/042_2023-07-26_针对当前中国经济问题的几点观察.md,ca04a7d730472f70dca8eead79dca4f82c33a5ade2e83cca8fa56075c4beaf64
042-s003,042,针对当前中国经济问题的几点观察,2023-07-26,周期、通胀与人口,3,正文,货币与流动性,货币与流动性;消费收入与就业;汇率与国际收支;利率与债券市场;增长与总需求;金融制度与监管;信用债务与金融风险;疫情冲击与宏观应对,总量—结构拆分;广谱利率与流动性;国际与历史对标,主体资产负债表;国内国际与资本流动;收入年龄与家庭分组,自然实验与制度冲击,1115,203,042-s002,042-s004,02_markdown_articles/042_2023-07-26_针对当前中国经济问题的几点观察.md,20dc75be9e47b9a6b089a14c7776b092c59ba3f5c67c52889de237210fe23b67
042-s004,042,针对当前中国经济问题的几点观察,2023-07-26,周期、通胀与人口,4,正文,货币与流动性,货币与流动性;消费收入与就业;汇率与国际收支;利率与债券市场;增长与总需求;金融制度与监管;信用债务与金融风险;疫情冲击与宏观应对,总量—结构拆分;广谱利率与流动性;国际与历史对标,主体资产负债表;国内国际与资本流动;收入年龄与家庭分组,自然实验与制度冲击,1011,208,042-s003,042-s005,02_markdown_articles/042_2023-07-26_针对当前中国经济问题的几点观察.md,1037ce03bf7bfc78addb694b6dde28685c0b1ddc35184fa96667b90667d082a1
042-s005,042,针对当前中国经济问题的几点观察,2023-07-26,周期、通胀与人口,5,正文,货币与流动性,货币与流动性;消费收入与就业;汇率与国际收支;利率与债券市场;增长与总需求;金融制度与监管;信用债务与金融风险;疫情冲击与宏观应对,总量—结构拆分;广谱利率与流动性;国际与历史对标,主体资产负债表;国内国际与资本流动;收入年龄与家庭分组,自然实验与制度冲击,424,201,042-s004,,02_markdown_articles/042_2023-07-26_针对当前中国经济问题的几点观察.md,287f3c8c9776008ff5d9c46c4e448c8075c1695db972416926bab2e907741703
043-s001,043,稳住阵脚，徐图进取,2010-11-11,流动性、利率与汇率,1,正文,货币与流动性,货币与流动性,广谱利率与流动性,,会计与存量流量约束,1051,0,,043-s002,"02_markdown_articles/043_2010-11-11_稳住阵脚,徐图进取.md",25b8a1e1eaa2a0bd1ef8921768115e86c2da5b138d0b2836bd6bbcd417feeceb
043-s002,043,稳住阵脚，徐图进取,2010-11-11,流动性、利率与汇率,2,正文,货币与流动性,货币与流动性,广谱利率与流动性,,会计与存量流量约束,397,204,043-s001,,"02_markdown_articles/043_2010-11-11_稳住阵脚,徐图进取.md",039d1b326211a3c046a89be3081645506babd0c8be617b62edfc2d28ae3a32d1
044-s001,044,人民币国际化―――问题与思考,2011-05-24,流动性、利率与汇率,1,内容提要,通胀与价格,通胀与价格;利率与债券市场;汇率与国际收支;货币与流动性;增长与总需求;股票与资本市场,国际与历史对标;广谱利率与流动性,主体资产负债表;国内国际与资本流动;收入年龄与家庭分组,负向预测与证伪阈值,280,0,,044-s002,02_markdown_articles/044_2011-05-24_人民币国际化―――问题与思考.md,059f35d2f741513531c072636f32e1b673e7fb3c298331ec1ab9b3b1a851827c
044-s002,044,人民币国际化―――问题与思考,2011-05-24,流动性、利率与汇率,2,内容提要,通胀与价格,通胀与价格;利率与债券市场;汇率与国际收支;货币与流动性;增长与总需求;股票与资本市场,国际与历史对标;广谱利率与流动性,主体资产负债表;国内国际与资本流动;收入年龄与家庭分组,负向预测与证伪阈值,347,206,044-s001,044-s003,02_markdown_articles/044_2011-05-24_人民币国际化―――问题与思考.md,517f072f30428e4de3cc691fb447a62b9c8925181d6a3b3bfd7004c11c052532
044-s003,044,人民币国际化―――问题与思考,2011-05-24,流动性、利率与汇率,3,一、货币国际化的利益何在？,通胀与价格,通胀与价格;利率与债券市场;汇率与国际收支;货币与流动性;增长与总需求;股票与资本市场,国际与历史对标;广谱利率与流动性,主体资产负债表;国内国际与资本流动;收入年龄与家庭分组,负向预测与证伪阈值,903,208,044-s002,044-s004,02_markdown_articles/044_2011-05-24_人民币国际化―――问题与思考.md,5cc991d7e42d6362748de10faee744665cc779d94441a2886e88a7ae73c81256
044-s004,044,人民币国际化―――问题与思考,2011-05-24,流动性、利率与汇率,4,一、货币国际化的利益何在？,通胀与价格,通胀与价格;利率与债券市场;汇率与国际收支;货币与流动性;增长与总需求;股票与资本市场,国际与历史对标;广谱利率与流动性,主体资产负债表;国内国际与资本流动;收入年龄与家庭分组,负向预测与证伪阈值,503,215,044-s003,044-s005,02_markdown_articles/044_2011-05-24_人民币国际化―――问题与思考.md,be2992d4e22715c93e67c9a335bfa0049e28d9e28b8004dd09123c12a6261f30
044-s005,044,人民币国际化―――问题与思考,2011-05-24,流动性、利率与汇率,5,二、强征通货膨胀税存在一定操作困难,通胀与价格,通胀与价格;利率与债券市场;汇率与国际收支;货币与流动性;增长与总需求;股票与资本市场,国际与历史对标;广谱利率与流动性,主体资产负债表;国内国际与资本流动;收入年龄与家庭分组,负向预测与证伪阈值,983,214,044-s004,044-s006,02_markdown_articles/044_2011-05-24_人民币国际化―――问题与思考.md,34245f8c315298f2ab1c23c7ed3d371135b69bf67cadb48ee9a5d13b3bf18d38
044-s006,044,人民币国际化―――问题与思考,2011-05-24,流动性、利率与汇率,6,二、强征通货膨胀税存在一定操作困难,通胀与价格,通胀与价格;利率与债券市场;汇率与国际收支;货币与流动性;增长与总需求;股票与资本市场,国际与历史对标;广谱利率与流动性,主体资产负债表;国内国际与资本流动;收入年龄与家庭分组,负向预测与证伪阈值,449,206,044-s005,044-s007,02_markdown_articles/044_2011-05-24_人民币国际化―――问题与思考.md,f4de26ead0262cbe1cd12869b22948ec2ac007e1b983505a0b19d895663c2a66
044-s007,044,人民币国际化―――问题与思考,2011-05-24,流动性、利率与汇率,7,三、目前的定量宽松与通货膨胀税,通胀与价格,通胀与价格;利率与债券市场;汇率与国际收支;货币与流动性;增长与总需求;股票与资本市场,国际与历史对标;广谱利率与流动性,主体资产负债表;国内国际与资本流动;收入年龄与家庭分组,负向预测与证伪阈值,992,215,044-s006,044-s008,02_markdown_articles/044_2011-05-24_人民币国际化―――问题与思考.md,ba46c04e80f4510a9a530ac663d9402842072ddc33995226d2cd1ac1f38dac7d
044-s008,044,人民币国际化―――问题与思考,2011-05-24,流动性、利率与汇率,8,三、目前的定量宽松与通货膨胀税,通胀与价格,通胀与价格;利率与债券市场;汇率与国际收支;货币与流动性;增长与总需求;股票与资本市场,国际与历史对标;广谱利率与流动性,主体资产负债表;国内国际与资本流动;收入年龄与家庭分组,负向预测与证伪阈值,851,216,044-s007,044-s009,02_markdown_articles/044_2011-05-24_人民币国际化―――问题与思考.md,9ddedd7d8049d60643e55416e971f14531a7a11acec22041738da303a97c8ddb
044-s009,044,人民币国际化―――问题与思考,2011-05-24,流动性、利率与汇率,9,四、货币国际化的约束和风险,通胀与价格,通胀与价格;利率与债券市场;汇率与国际收支;货币与流动性;增长与总需求;股票与资本市场,国际与历史对标;广谱利率与流动性,主体资产负债表;国内国际与资本流动;收入年龄与家庭分组,负向预测与证伪阈值,961,200,044-s008,044-s010,02_markdown_articles/044_2011-05-24_人民币国际化―――问题与思考.md,cfc312e9e4044e7eb59efda1ffd4b79184bf4a9d7c3292e5937b75f520e6a2f6
044-s010,044,人民币国际化―――问题与思考,2011-05-24,流动性、利率与汇率,10,四、货币国际化的约束和风险,通胀与价格,通胀与价格;利率与债券市场;汇率与国际收支;货币与流动性;增长与总需求;股票与资本市场,国际与历史对标;广谱利率与流动性,主体资产负债表;国内国际与资本流动;收入年龄与家庭分组,负向预测与证伪阈值,444,208,044-s009,044-s011,02_markdown_articles/044_2011-05-24_人民币国际化―――问题与思考.md,d8eac9fe9e208775b739e4a6f394bfaa6a0f34405a92e97e781fe6842298c581
044-s011,044,人民币国际化―――问题与思考,2011-05-24,流动性、利率与汇率,11,五、人民币国际化的现实前景,通胀与价格,通胀与价格;利率与债券市场;汇率与国际收支;货币与流动性;增长与总需求;股票与资本市场,国际与历史对标;广谱利率与流动性,主体资产负债表;国内国际与资本流动;收入年龄与家庭分组,负向预测与证伪阈值,1009,209,044-s010,044-s012,02_markdown_articles/044_2011-05-24_人民币国际化―――问题与思考.md,29c7417c479bcbe5cf109ad18a96bbc763fae2a124a16b02e5cc8bd8787b9128
044-s012,044,人民币国际化―――问题与思考,2011-05-24,流动性、利率与汇率,12,五、人民币国际化的现实前景,通胀与价格,通胀与价格;利率与债券市场;汇率与国际收支;货币与流动性;增长与总需求;股票与资本市场,国际与历史对标;广谱利率与流动性,主体资产负债表;国内国际与资本流动;收入年龄与家庭分组,负向预测与证伪阈值,300,206,044-s011,,02_markdown_articles/044_2011-05-24_人民币国际化―――问题与思考.md,16d43135d91e64b4c1c7d627d3e9e88e9212b555e323f5cdb3a2d449eb51a477
045-s001,045,内需显著下降，流动性趋近拐点,2012-02-20,流动性、利率与汇率,1,内容提要,货币与流动性,货币与流动性;贸易与全球经济;通胀与价格;增长与总需求;潜在增长与人口,广谱利率与流动性;左侧—右侧判断,国内国际与资本流动,时序与领先滞后;会计与存量流量约束,357,0,,045-s002,"02_markdown_articles/045_2012-02-20_内需显著下降,流动性趋近拐点.md",51cd08a89d9db3ab6db47af0e5518ccbba1984f93adaf2df8cba6d7edb603be9
045-s002,045,内需显著下降，流动性趋近拐点,2012-02-20,流动性、利率与汇率,2,内容提要,货币与流动性,货币与流动性;贸易与全球经济;通胀与价格;增长与总需求;潜在增长与人口,广谱利率与流动性;左侧—右侧判断,国内国际与资本流动,时序与领先滞后;会计与存量流量约束,271,200,045-s001,045-s003,"02_markdown_articles/045_2012-02-20_内需显著下降,流动性趋近拐点.md",6601145b574a764ffc8095a76ea49f41e1dd53eb52d368c3af84af0819188257
045-s003,045,内需显著下降，流动性趋近拐点,2012-02-20,流动性、利率与汇率,3,一、蔬菜上涨并非偶然,货币与流动性,货币与流动性;贸易与全球经济;通胀与价格;增长与总需求;潜在增长与人口,广谱利率与流动性;左侧—右侧判断,国内国际与资本流动,时序与领先滞后;会计与存量流量约束,639,197,045-s002,045-s004,"02_markdown_articles/045_2012-02-20_内需显著下降,流动性趋近拐点.md",b26016a5a9f88fca884772581e7447ab9ea90fb36ae6d65cbac78a650957eb2c
045-s004,045,内需显著下降，流动性趋近拐点,2012-02-20,流动性、利率与汇率,4,二、投资需求显著下降,货币与流动性,货币与流动性;贸易与全球经济;通胀与价格;增长与总需求;潜在增长与人口,广谱利率与流动性;左侧—右侧判断,国内国际与资本流动,时序与领先滞后;会计与存量流量约束,925,209,045-s003,045-s005,"02_markdown_articles/045_2012-02-20_内需显著下降,流动性趋近拐点.md",22086450681a2fdbbdb0dd4980d416af954a367016696db7dc17e28dcdbd4062
045-s005,045,内需显著下降，流动性趋近拐点,2012-02-20,流动性、利率与汇率,5,二、投资需求显著下降,货币与流动性,货币与流动性;贸易与全球经济;通胀与价格;增长与总需求;潜在增长与人口,广谱利率与流动性;左侧—右侧判断,国内国际与资本流动,时序与领先滞后;会计与存量流量约束,531,201,045-s004,,"02_markdown_articles/045_2012-02-20_内需显著下降,流动性趋近拐点.md",86ffd001e14fe0fea3b25e5ce7013237bdf46b7427c617883084ff99bb9a35b8
046-s001,046,短期内尾部风险下降，长期内尾部风险上升,2013-06-26,流动性、利率与汇率,1,正文,货币与流动性,货币与流动性,广谱利率与流动性,主体资产负债表,会计与存量流量约束,627,0,,,"02_markdown_articles/046_2013-06-26_短期内尾部风险下降,长期内尾部风险上升.md",3dcba96e2cc9a6ef7651183560ffaa570b22737c2ba4a063de614aae26e15227
047-s001,047,潮起潮落,2013-07-12,流动性、利率与汇率,1,内容提要,汇率与国际收支,汇率与国际收支;货币与流动性;贸易与全球经济;产能库存与工业周期;利率与债券市场;通胀与价格;产业升级与制造业;消费收入与就业,国际与历史对标;竞争性假说;广谱利率与流动性,国内国际与资本流动;主体资产负债表,时序与领先滞后;多市场一致性;会计与存量流量约束,279,0,,047-s002,02_markdown_articles/047_2013-07-12_潮起潮落.md,8e705a45a4609ab96fa7bd1f488fedd1a2380121359981cf7f7f5e52a8e6e125
047-s002,047,潮起潮落,2013-07-12,流动性、利率与汇率,2,内容提要,汇率与国际收支,汇率与国际收支;货币与流动性;贸易与全球经济;产能库存与工业周期;利率与债券市场;通胀与价格;产业升级与制造业;消费收入与就业,国际与历史对标;竞争性假说;广谱利率与流动性,国内国际与资本流动;主体资产负债表,时序与领先滞后;多市场一致性;会计与存量流量约束,280,199,047-s001,047-s003,02_markdown_articles/047_2013-07-12_潮起潮落.md,17e35ad71f0db3c17aa001a2fb1c6c3a0a781de758683dfdc6b820fa467d5a42
047-s003,047,潮起潮落,2013-07-12,流动性、利率与汇率,3,目录,汇率与国际收支,汇率与国际收支;货币与流动性;贸易与全球经济;产能库存与工业周期;利率与债券市场;通胀与价格;产业升级与制造业;消费收入与就业,国际与历史对标;竞争性假说;广谱利率与流动性,国内国际与资本流动;主体资产负债表,时序与领先滞后;多市场一致性;会计与存量流量约束,388,205,047-s002,047-s004,02_markdown_articles/047_2013-07-12_潮起潮落.md,9ad549c233a4feeb407903db999846000464e0a8447e8aaa8f8d5aa7e67ef9e2
047-s004,047,潮起潮落,2013-07-12,流动性、利率与汇率,4,一、经济脉动 > 1、经济恢复预期的形成,汇率与国际收支,汇率与国际收支;货币与流动性;贸易与全球经济;产能库存与工业周期;利率与债券市场;通胀与价格;产业升级与制造业;消费收入与就业,国际与历史对标;竞争性假说;广谱利率与流动性,国内国际与资本流动;主体资产负债表,时序与领先滞后;多市场一致性;会计与存量流量约束,887,208,047-s003,047-s005,02_markdown_articles/047_2013-07-12_潮起潮落.md,fa7274f96d350ece0e0f68db1f1b8775e27049232e294654a82ddb09b98a238b
047-s005,047,潮起潮落,2013-07-12,流动性、利率与汇率,5,一、经济脉动 > 2、经济恢复势头的逆转,汇率与国际收支,汇率与国际收支;货币与流动性;贸易与全球经济;产能库存与工业周期;利率与债券市场;通胀与价格;产业升级与制造业;消费收入与就业,国际与历史对标;竞争性假说;广谱利率与流动性,国内国际与资本流动;主体资产负债表,时序与领先滞后;多市场一致性;会计与存量流量约束,267,199,047-s004,047-s006,02_markdown_articles/047_2013-07-12_潮起潮落.md,cdff03aa5f36cab34110d375bd2bd13a24064289b422da56de42425d60fe1b3e
047-s006,047,潮起潮落,2013-07-12,流动性、利率与汇率,6,一、经济脉动 > 3、恢复势头逆转的原因,汇率与国际收支,汇率与国际收支;货币与流动性;贸易与全球经济;产能库存与工业周期;利率与债券市场;通胀与价格;产业升级与制造业;消费收入与就业,国际与历史对标;竞争性假说;广谱利率与流动性,国内国际与资本流动;主体资产负债表,时序与领先滞后;多市场一致性;会计与存量流量约束,292,193,047-s005,047-s007,02_markdown_articles/047_2013-07-12_潮起潮落.md,063320a048c060ce0c5a0194083d0b93daacb8123b712e85e4fa65a206143d99
047-s007,047,潮起潮落,2013-07-12,流动性、利率与汇率,7,一、经济脉动 > 3、恢复势头逆转的原因 > （1）备选解释：消费活动受到冲击,汇率与国际收支,汇率与国际收支;货币与流动性;贸易与全球经济;产能库存与工业周期;利率与债券市场;通胀与价格;产业升级与制造业;消费收入与就业,国际与历史对标;竞争性假说;广谱利率与流动性,国内国际与资本流动;主体资产负债表,时序与领先滞后;多市场一致性;会计与存量流量约束,274,208,047-s006,047-s008,02_markdown_articles/047_2013-07-12_潮起潮落.md,6a1e8445a234f7b65411675f1887846e65204d2f9ec228e0dbd2ad1b8773d4c9
047-s008,047,潮起潮落,2013-07-12,流动性、利率与汇率,8,一、经济脉动 > 3、恢复势头逆转的原因 > （2）备选解释：资源领域受到冲击,汇率与国际收支,汇率与国际收支;货币与流动性;贸易与全球经济;产能库存与工业周期;利率与债券市场;通胀与价格;产业升级与制造业;消费收入与就业,国际与历史对标;竞争性假说;广谱利率与流动性,国内国际与资本流动;主体资产负债表,时序与领先滞后;多市场一致性;会计与存量流量约束,591,212,047-s007,047-s009,02_markdown_articles/047_2013-07-12_潮起潮落.md,d29c9bf1f4d53dae6764b1ec8a53bf966ff2850a34916342f0ec6c08f2cfc359
047-s009,047,潮起潮落,2013-07-12,流动性、利率与汇率,9,一、经济脉动 > 3、恢复势头逆转的原因 > （3）备选解释：全球工业活动的加速与放缓,汇率与国际收支,汇率与国际收支;货币与流动性;贸易与全球经济;产能库存与工业周期;利率与债券市场;通胀与价格;产业升级与制造业;消费收入与就业,国际与历史对标;竞争性假说;广谱利率与流动性,国内国际与资本流动;主体资产负债表,时序与领先滞后;多市场一致性;会计与存量流量约束,742,202,047-s008,047-s010,02_markdown_articles/047_2013-07-12_潮起潮落.md,fba1b9d97268178c9cfa33152c371779019d0050d8d4b180a7101cc4b0623555
047-s010,047,潮起潮落,2013-07-12,流动性、利率与汇率,10,一、经济脉动 > 4、全球经济脉冲式波动：量化宽松政策的传导机制,汇率与国际收支,汇率与国际收支;货币与流动性;贸易与全球经济;产能库存与工业周期;利率与债券市场;通胀与价格;产业升级与制造业;消费收入与就业,国际与历史对标;竞争性假说;广谱利率与流动性,国内国际与资本流动;主体资产负债表,时序与领先滞后;多市场一致性;会计与存量流量约束,919,198,047-s009,047-s011,02_markdown_articles/047_2013-07-12_潮起潮落.md,0d311e0f6b441ac3e830bec498225e67d920af1ee91f52b0b6dd44fbe2cecb8d
047-s011,047,潮起潮落,2013-07-12,流动性、利率与汇率,11,一、经济脉动 > 4、全球经济脉冲式波动：量化宽松政策的传导机制,汇率与国际收支,汇率与国际收支;货币与流动性;贸易与全球经济;产能库存与工业周期;利率与债券市场;通胀与价格;产业升级与制造业;消费收入与就业,国际与历史对标;竞争性假说;广谱利率与流动性,国内国际与资本流动;主体资产负债表,时序与领先滞后;多市场一致性;会计与存量流量约束,285,207,047-s010,047-s012,02_markdown_articles/047_2013-07-12_潮起潮落.md,04bf5b64c440cf52858ceb90a9fa4dc359ac5127c55a75c2cae98f0baa8968c7
047-s012,047,潮起潮落,2013-07-12,流动性、利率与汇率,12,一、经济脉动 > 5、全球经济脉冲式波动：数据层面的观察 > （1）2010年以来的几次量化宽松与经济波动,汇率与国际收支,汇率与国际收支;货币与流动性;贸易与全球经济;产能库存与工业周期;利率与债券市场;通胀与价格;产业升级与制造业;消费收入与就业,国际与历史对标;竞争性假说;广谱利率与流动性,国内国际与资本流动;主体资产负债表,时序与领先滞后;多市场一致性;会计与存量流量约束,935,210,047-s011,047-s013,02_markdown_articles/047_2013-07-12_潮起潮落.md,d065f8560927e1059a41d0d1c20cfb5f3e6f737b0ba809d2ad4240901a3ade9e
047-s013,047,潮起潮落,2013-07-12,流动性、利率与汇率,13,一、经济脉动 > 5、全球经济脉冲式波动：数据层面的观察 > （1）2010年以来的几次量化宽松与经济波动,汇率与国际收支,汇率与国际收支;货币与流动性;贸易与全球经济;产能库存与工业周期;利率与债券市场;通胀与价格;产业升级与制造业;消费收入与就业,国际与历史对标;竞争性假说;广谱利率与流动性,国内国际与资本流动;主体资产负债表,时序与领先滞后;多市场一致性;会计与存量流量约束,524,203,047-s012,047-s014,02_markdown_articles/047_2013-07-12_潮起潮落.md,53e5841feb4392b2f0c02bad32922d5f008010dd5667362bd3c2b0dffeb9c940
047-s014,047,潮起潮落,2013-07-12,流动性、利率与汇率,14,一、经济脉动 > 5、全球经济脉冲式波动：数据层面的观察 > （2）QE2与2010年底中国制造业投资的加速,汇率与国际收支,汇率与国际收支;货币与流动性;贸易与全球经济;产能库存与工业周期;利率与债券市场;通胀与价格;产业升级与制造业;消费收入与就业,国际与历史对标;竞争性假说;广谱利率与流动性,国内国际与资本流动;主体资产负债表,时序与领先滞后;多市场一致性;会计与存量流量约束,582,196,047-s013,047-s015,02_markdown_articles/047_2013-07-12_潮起潮落.md,c5b64a4414dac9d077c8d288b02f60cde2d35245b554a5ecb8d9a4900d6906e5
047-s015,047,潮起潮落,2013-07-12,流动性、利率与汇率,15,二、流动性 > 1、资本的流出与回流,汇率与国际收支,汇率与国际收支;货币与流动性;贸易与全球经济;产能库存与工业周期;利率与债券市场;通胀与价格;产业升级与制造业;消费收入与就业,国际与历史对标;竞争性假说;广谱利率与流动性,国内国际与资本流动;主体资产负债表,时序与领先滞后;多市场一致性;会计与存量流量约束,910,215,047-s014,047-s016,02_markdown_articles/047_2013-07-12_潮起潮落.md,bd9db33a5c6bc6f642a039ce3eca3673f8ddd3bd36e17f1428518678a12ee7bc
047-s016,047,潮起潮落,2013-07-12,流动性、利率与汇率,16,二、流动性 > 1、资本的流出与回流,汇率与国际收支,汇率与国际收支;货币与流动性;贸易与全球经济;产能库存与工业周期;利率与债券市场;通胀与价格;产业升级与制造业;消费收入与就业,国际与历史对标;竞争性假说;广谱利率与流动性,国内国际与资本流动;主体资产负债表,时序与领先滞后;多市场一致性;会计与存量流量约束,491,197,047-s015,047-s017,02_markdown_articles/047_2013-07-12_潮起潮落.md,a080b38a14c17f56e0e0b98d37c46c330b17be7e29a738057fd40714c3b316bd
047-s017,047,潮起潮落,2013-07-12,流动性、利率与汇率,17,二、流动性 > 2、商业银行的表外业务,汇率与国际收支,汇率与国际收支;货币与流动性;贸易与全球经济;产能库存与工业周期;利率与债券市场;通胀与价格;产业升级与制造业;消费收入与就业,国际与历史对标;竞争性假说;广谱利率与流动性,国内国际与资本流动;主体资产负债表,时序与领先滞后;多市场一致性;会计与存量流量约束,958,207,047-s016,047-s018,02_markdown_articles/047_2013-07-12_潮起潮落.md,dea4aa6cc2e548574a87b9f970aa14354bcb0220413af4798d3f3595f503620b
047-s018,047,潮起潮落,2013-07-12,流动性、利率与汇率,18,二、流动性 > 2、商业银行的表外业务,汇率与国际收支,汇率与国际收支;货币与流动性;贸易与全球经济;产能库存与工业周期;利率与债券市场;通胀与价格;产业升级与制造业;消费收入与就业,国际与历史对标;竞争性假说;广谱利率与流动性,国内国际与资本流动;主体资产负债表,时序与领先滞后;多市场一致性;会计与存量流量约束,670,209,047-s017,047-s019,02_markdown_articles/047_2013-07-12_潮起潮落.md,e87da95fdd8b8514f6541625fa85d9b77d78207b19e56af4d5aedc439efa1770
047-s019,047,潮起潮落,2013-07-12,流动性、利率与汇率,19,三、总结,汇率与国际收支,汇率与国际收支;货币与流动性;贸易与全球经济;产能库存与工业周期;利率与债券市场;通胀与价格;产业升级与制造业;消费收入与就业,国际与历史对标;竞争性假说;广谱利率与流动性,国内国际与资本流动;主体资产负债表,时序与领先滞后;多市场一致性;会计与存量流量约束,391,197,047-s018,,02_markdown_articles/047_2013-07-12_潮起潮落.md,d69ea80c814e615db6da8585e8b8a659409ecfcebfd412311a4b3f050b287c1f
048-s001,048,债券之殇,2013-12-13,流动性、利率与汇率,1,内容提要,汇率与国际收支,汇率与国际收支;货币与流动性;利率与债券市场;金融制度与监管;企业盈利与资产负债表;贸易与全球经济;信用债务与金融风险;通胀与价格,资产负债表分析;国际与历史对标;存量—流量与会计闭合,国内国际与资本流动;主体资产负债表,会计与存量流量约束;自然实验与制度冲击;多市场一致性;时序与领先滞后,391,0,,048-s002,02_markdown_articles/048_2013-12-13_债券之殇.md,2b044b824fec7dab2165c9cb02e29b61806d8195d3a498d25430f36ec92a181b
048-s002,048,债券之殇,2013-12-13,流动性、利率与汇率,2,内容提要,汇率与国际收支,汇率与国际收支;货币与流动性;利率与债券市场;金融制度与监管;企业盈利与资产负债表;贸易与全球经济;信用债务与金融风险;通胀与价格,资产负债表分析;国际与历史对标;存量—流量与会计闭合,国内国际与资本流动;主体资产负债表,会计与存量流量约束;自然实验与制度冲击;多市场一致性;时序与领先滞后,596,205,048-s001,048-s003,02_markdown_articles/048_2013-12-13_债券之殇.md,f9a3dc135438ba1bbde7d64457fff5b2095ebce8354c5ae15e8470e0f37bbd92
048-s003,048,债券之殇,2013-12-13,流动性、利率与汇率,3,一、 利率的异常上升,汇率与国际收支,汇率与国际收支;货币与流动性;利率与债券市场;金融制度与监管;企业盈利与资产负债表;贸易与全球经济;信用债务与金融风险;通胀与价格,资产负债表分析;国际与历史对标;存量—流量与会计闭合,国内国际与资本流动;主体资产负债表,会计与存量流量约束;自然实验与制度冲击;多市场一致性;时序与领先滞后,488,203,048-s002,048-s004,02_markdown_articles/048_2013-12-13_债券之殇.md,777d1da0abc0b2449577ab7380c83e0b6f99de251886f6431eb1e43e8b72f7a5
048-s004,048,债券之殇,2013-12-13,流动性、利率与汇率,4,二、 实体经济：过剩储蓄的收缩,汇率与国际收支,汇率与国际收支;货币与流动性;利率与债券市场;金融制度与监管;企业盈利与资产负债表;贸易与全球经济;信用债务与金融风险;通胀与价格,资产负债表分析;国际与历史对标;存量—流量与会计闭合,国内国际与资本流动;主体资产负债表,会计与存量流量约束;自然实验与制度冲击;多市场一致性;时序与领先滞后,628,210,048-s003,048-s005,02_markdown_articles/048_2013-12-13_债券之殇.md,0f1982296602f531d4acbec7fa672be19b765aab3a754dc43bf6a8b66b8aae10
048-s005,048,债券之殇,2013-12-13,流动性、利率与汇率,5,三、 全球需求恢复以及货币政策变化,汇率与国际收支,汇率与国际收支;货币与流动性;利率与债券市场;金融制度与监管;企业盈利与资产负债表;贸易与全球经济;信用债务与金融风险;通胀与价格,资产负债表分析;国际与历史对标;存量—流量与会计闭合,国内国际与资本流动;主体资产负债表,会计与存量流量约束;自然实验与制度冲击;多市场一致性;时序与领先滞后,938,208,048-s004,048-s006,02_markdown_articles/048_2013-12-13_债券之殇.md,8fa65423d762c91b68fb8ff65b7f3cdbe5678d767045914b886ac28bbb03fead
048-s006,048,债券之殇,2013-12-13,流动性、利率与汇率,6,三、 全球需求恢复以及货币政策变化,汇率与国际收支,汇率与国际收支;货币与流动性;利率与债券市场;金融制度与监管;企业盈利与资产负债表;贸易与全球经济;信用债务与金融风险;通胀与价格,资产负债表分析;国际与历史对标;存量—流量与会计闭合,国内国际与资本流动;主体资产负债表,会计与存量流量约束;自然实验与制度冲击;多市场一致性;时序与领先滞后,497,206,048-s005,048-s007,02_markdown_articles/048_2013-12-13_债券之殇.md,8f67bd806813eaf0a5687578a36cd669c0542054579ff820490f4d45c52b8779
048-s007,048,债券之殇,2013-12-13,流动性、利率与汇率,7,四、 商业银行资产负债表的调整,汇率与国际收支,汇率与国际收支;货币与流动性;利率与债券市场;金融制度与监管;企业盈利与资产负债表;贸易与全球经济;信用债务与金融风险;通胀与价格,资产负债表分析;国际与历史对标;存量—流量与会计闭合,国内国际与资本流动;主体资产负债表,会计与存量流量约束;自然实验与制度冲击;多市场一致性;时序与领先滞后,967,198,048-s006,048-s008,02_markdown_articles/048_2013-12-13_债券之殇.md,c09388737a82ae0001471e39d0bca9fc453d6e5665bf027d45f243599a57e143
048-s008,048,债券之殇,2013-12-13,流动性、利率与汇率,8,四、 商业银行资产负债表的调整,汇率与国际收支,汇率与国际收支;货币与流动性;利率与债券市场;金融制度与监管;企业盈利与资产负债表;贸易与全球经济;信用债务与金融风险;通胀与价格,资产负债表分析;国际与历史对标;存量—流量与会计闭合,国内国际与资本流动;主体资产负债表,会计与存量流量约束;自然实验与制度冲击;多市场一致性;时序与领先滞后,911,209,048-s007,048-s009,02_markdown_articles/048_2013-12-13_债券之殇.md,dc4dee09abb4c0499cb68223bfa4df0277ef295c2e5c964734fe6a059488022c
048-s009,048,债券之殇,2013-12-13,流动性、利率与汇率,9,四、 商业银行资产负债表的调整,汇率与国际收支,汇率与国际收支;货币与流动性;利率与债券市场;金融制度与监管;企业盈利与资产负债表;贸易与全球经济;信用债务与金融风险;通胀与价格,资产负债表分析;国际与历史对标;存量—流量与会计闭合,国内国际与资本流动;主体资产负债表,会计与存量流量约束;自然实验与制度冲击;多市场一致性;时序与领先滞后,531,199,048-s008,048-s010,02_markdown_articles/048_2013-12-13_债券之殇.md,d9e7b8faf443616136f302608c4841a0880fd6f64793b5f38c2987fb312ebd16
048-s010,048,债券之殇,2013-12-13,流动性、利率与汇率,10,五、 奇怪的外汇占款,汇率与国际收支,汇率与国际收支;货币与流动性;利率与债券市场;金融制度与监管;企业盈利与资产负债表;贸易与全球经济;信用债务与金融风险;通胀与价格,资产负债表分析;国际与历史对标;存量—流量与会计闭合,国内国际与资本流动;主体资产负债表,会计与存量流量约束;自然实验与制度冲击;多市场一致性;时序与领先滞后,932,210,048-s009,048-s011,02_markdown_articles/048_2013-12-13_债券之殇.md,7e7aef8d091d6500ccc39d69918dbebd0dd52b1280a686c18f33d63709f6fc31
048-s011,048,债券之殇,2013-12-13,流动性、利率与汇率,11,五、 奇怪的外汇占款,汇率与国际收支,汇率与国际收支;货币与流动性;利率与债券市场;金融制度与监管;企业盈利与资产负债表;贸易与全球经济;信用债务与金融风险;通胀与价格,资产负债表分析;国际与历史对标;存量—流量与会计闭合,国内国际与资本流动;主体资产负债表,会计与存量流量约束;自然实验与制度冲击;多市场一致性;时序与领先滞后,408,213,048-s010,048-s012,02_markdown_articles/048_2013-12-13_债券之殇.md,c4e6386d6ca36cb4acce4faabe839105a22209cd9154fcf96a90d7a2c0b7d303
048-s012,048,债券之殇,2013-12-13,流动性、利率与汇率,12,六、 市场判断,汇率与国际收支,汇率与国际收支;货币与流动性;利率与债券市场;金融制度与监管;企业盈利与资产负债表;贸易与全球经济;信用债务与金融风险;通胀与价格,资产负债表分析;国际与历史对标;存量—流量与会计闭合,国内国际与资本流动;主体资产负债表,会计与存量流量约束;自然实验与制度冲击;多市场一致性;时序与领先滞后,585,214,048-s011,048-s013,02_markdown_articles/048_2013-12-13_债券之殇.md,4d8904d9960fccf0b98ae9c680df24ea8e1b77fd15918a0aac2213eeaf8f022c
048-s013,048,债券之殇,2013-12-13,流动性、利率与汇率,13,七、 结论,汇率与国际收支,汇率与国际收支;货币与流动性;利率与债券市场;金融制度与监管;企业盈利与资产负债表;贸易与全球经济;信用债务与金融风险;通胀与价格,资产负债表分析;国际与历史对标;存量—流量与会计闭合,国内国际与资本流动;主体资产负债表,会计与存量流量约束;自然实验与制度冲击;多市场一致性;时序与领先滞后,979,210,048-s012,,02_markdown_articles/048_2013-12-13_债券之殇.md,38e9d9a2c764f286d5036582e9262e3a5f05c22f781917d5a0150892e6404c82
049-s001,049,IPO注册制和利率市场化改革的代价,2013-12-25,流动性、利率与汇率,1,正文,货币与流动性,货币与流动性;股票与资本市场;金融制度与监管;利率与债券市场,资产负债表分析,主体资产负债表,会计与存量流量约束,953,0,,049-s002,02_markdown_articles/049_2013-12-25_IPO注册制和利率市场化改革的代价.md,f193947e24a287f95c87595fafcc698011324c4932129bf2e5bdd240435cdd95
049-s002,049,IPO注册制和利率市场化改革的代价,2013-12-25,流动性、利率与汇率,2,正文,货币与流动性,货币与流动性;股票与资本市场;金融制度与监管;利率与债券市场,资产负债表分析,主体资产负债表,会计与存量流量约束,602,215,049-s001,,02_markdown_articles/049_2013-12-25_IPO注册制和利率市场化改革的代价.md,91493935ad90adbdfa9b1b53efe81d36576711fcfac508c027dfafeb483d274a
050-s001,050,利率市场化与余额宝的兴起,2014-04-21,流动性、利率与汇率,1,内容提要,利率与债券市场,利率与债券市场;货币与流动性;金融制度与监管;信用债务与金融风险,国际与历史对标,主体资产负债表;收入年龄与家庭分组,自然实验与制度冲击,272,0,,050-s002,02_markdown_articles/050_2014-04-21_利率市场化与余额宝的兴起.md,ef99846d4a62f676108416a883505ce322579e049b6eb5604e6743525f6f0f70
050-s002,050,利率市场化与余额宝的兴起,2014-04-21,流动性、利率与汇率,2,一、利率市场化 > （一）利率市场化进程及现状,利率与债券市场,利率与债券市场;货币与流动性;金融制度与监管;信用债务与金融风险,国际与历史对标,主体资产负债表;收入年龄与家庭分组,自然实验与制度冲击,330,170,050-s001,050-s003,02_markdown_articles/050_2014-04-21_利率市场化与余额宝的兴起.md,ca65dcceb05637e4ef5c0c261306914dd3a60659df68f46d671b5507393004dd
050-s003,050,利率市场化与余额宝的兴起,2014-04-21,流动性、利率与汇率,3,一、利率市场化 > 1 、利率市场化改革进程,利率与债券市场,利率与债券市场;货币与流动性;金融制度与监管;信用债务与金融风险,国际与历史对标,主体资产负债表;收入年龄与家庭分组,自然实验与制度冲击,353,202,050-s002,050-s004,02_markdown_articles/050_2014-04-21_利率市场化与余额宝的兴起.md,ea15e2779e7412c8e2ed09ad59fa33d32eaa9c2c809fae7f80e40165f6ff29e9
050-s004,050,利率市场化与余额宝的兴起,2014-04-21,流动性、利率与汇率,4,一、利率市场化 > 2 、利率市场化现状,利率与债券市场,利率与债券市场;货币与流动性;金融制度与监管;信用债务与金融风险,国际与历史对标,主体资产负债表;收入年龄与家庭分组,自然实验与制度冲击,670,215,050-s003,050-s005,02_markdown_articles/050_2014-04-21_利率市场化与余额宝的兴起.md,efba84cfbf2a7ef525dd2f485c971b82caee9b2f5e32025ad76e63e285f4bbf2
050-s005,050,利率市场化与余额宝的兴起,2014-04-21,流动性、利率与汇率,5,一、利率市场化 > 1 、模型构建,利率与债券市场,利率与债券市场;货币与流动性;金融制度与监管;信用债务与金融风险,国际与历史对标,主体资产负债表;收入年龄与家庭分组,自然实验与制度冲击,896,201,050-s004,050-s006,02_markdown_articles/050_2014-04-21_利率市场化与余额宝的兴起.md,c301b5ccf6b163d4a22c805c122a1b0f52badd2c4017565752a7a916ea82d2dc
050-s006,050,利率市场化与余额宝的兴起,2014-04-21,流动性、利率与汇率,6,一、利率市场化 > 2 、模型推论,利率与债券市场,利率与债券市场;货币与流动性;金融制度与监管;信用债务与金融风险,国际与历史对标,主体资产负债表;收入年龄与家庭分组,自然实验与制度冲击,958,200,050-s005,050-s007,02_markdown_articles/050_2014-04-21_利率市场化与余额宝的兴起.md,3fc07dd08acd1acf83b19f181f08988fbc956474b8b319af21861997b9b5e9bb
050-s007,050,利率市场化与余额宝的兴起,2014-04-21,流动性、利率与汇率,7,一、利率市场化 > 2 、模型推论,利率与债券市场,利率与债券市场;货币与流动性;金融制度与监管;信用债务与金融风险,国际与历史对标,主体资产负债表;收入年龄与家庭分组,自然实验与制度冲击,272,211,050-s006,050-s008,02_markdown_articles/050_2014-04-21_利率市场化与余额宝的兴起.md,266ddd833865d5c3f963c7d8db7d5042ac4bae5a18318a07c4ca59678ea33176
050-s008,050,利率市场化与余额宝的兴起,2014-04-21,流动性、利率与汇率,8,一、利率市场化 > （三）存款利率受抑制的程度,利率与债券市场,利率与债券市场;货币与流动性;金融制度与监管;信用债务与金融风险,国际与历史对标,主体资产负债表;收入年龄与家庭分组,自然实验与制度冲击,389,206,050-s007,050-s009,02_markdown_articles/050_2014-04-21_利率市场化与余额宝的兴起.md,7bb3d571f7c8611f6acdbe1c926f60d6065702640bdf3e62a3f5ac6efc9c68c6
050-s009,050,利率市场化与余额宝的兴起,2014-04-21,流动性、利率与汇率,9,一、利率市场化 > 1 、保本型理财产品市场与大额协议存款市场,利率与债券市场,利率与债券市场;货币与流动性;金融制度与监管;信用债务与金融风险,国际与历史对标,主体资产负债表;收入年龄与家庭分组,自然实验与制度冲击,402,211,050-s008,050-s010,02_markdown_articles/050_2014-04-21_利率市场化与余额宝的兴起.md,5b2339a89149ed65948bb9cc5fad1882f986054cf186f1b28e3644c4dc79c2d6
050-s010,050,利率市场化与余额宝的兴起,2014-04-21,流动性、利率与汇率,10,一、利率市场化 > 2 、 2010 年以来存款市场金融抑制程度加深及其原因,利率与债券市场,利率与债券市场;货币与流动性;金融制度与监管;信用债务与金融风险,国际与历史对标,主体资产负债表;收入年龄与家庭分组,自然实验与制度冲击,937,203,050-s009,050-s011,02_markdown_articles/050_2014-04-21_利率市场化与余额宝的兴起.md,006eeebabdf24c22ce36e3044a2f1e9d9a4e4b0abbea202a2a69486693817831
050-s011,050,利率市场化与余额宝的兴起,2014-04-21,流动性、利率与汇率,11,一、利率市场化 > 2 、 2010 年以来存款市场金融抑制程度加深及其原因,利率与债券市场,利率与债券市场;货币与流动性;金融制度与监管;信用债务与金融风险,国际与历史对标,主体资产负债表;收入年龄与家庭分组,自然实验与制度冲击,532,204,050-s010,050-s012,02_markdown_articles/050_2014-04-21_利率市场化与余额宝的兴起.md,8287bde72c6dc007beb6a50d54c2c2781d996c4fc3185368d5898c8e13f1b9e8
050-s012,050,利率市场化与余额宝的兴起,2014-04-21,流动性、利率与汇率,12,一、利率市场化 > 3 、存款利率市场化对银行利差的影响,利率与债券市场,利率与债券市场;货币与流动性;金融制度与监管;信用债务与金融风险,国际与历史对标,主体资产负债表;收入年龄与家庭分组,自然实验与制度冲击,751,209,050-s011,050-s013,02_markdown_articles/050_2014-04-21_利率市场化与余额宝的兴起.md,38d6b5c36dac2d0dc48ab04e1d20322143ad22e7d0dec0ea118859096c1ec5c5
050-s013,050,利率市场化与余额宝的兴起,2014-04-21,流动性、利率与汇率,13,二、余额宝的兴起,利率与债券市场,利率与债券市场;货币与流动性;金融制度与监管;信用债务与金融风险,国际与历史对标,主体资产负债表;收入年龄与家庭分组,自然实验与制度冲击,391,211,050-s012,050-s014,02_markdown_articles/050_2014-04-21_利率市场化与余额宝的兴起.md,25924b90a7f517e38ae2d91b84a97d8b793146f16218e21d387acc4cffe0cc54
050-s014,050,利率市场化与余额宝的兴起,2014-04-21,流动性、利率与汇率,14,二、余额宝的兴起 > （一）交易费用造成不同市场的分割,利率与债券市场,利率与债券市场;货币与流动性;金融制度与监管;信用债务与金融风险,国际与历史对标,主体资产负债表;收入年龄与家庭分组,自然实验与制度冲击,937,196,050-s013,050-s015,02_markdown_articles/050_2014-04-21_利率市场化与余额宝的兴起.md,e51cff3ff2175ea752c579b8f476cea85b6162b375dde6abcbe0a6b4b91b1964
050-s015,050,利率市场化与余额宝的兴起,2014-04-21,流动性、利率与汇率,15,二、余额宝的兴起 > （一）交易费用造成不同市场的分割,利率与债券市场,利率与债券市场;货币与流动性;金融制度与监管;信用债务与金融风险,国际与历史对标,主体资产负债表;收入年龄与家庭分组,自然实验与制度冲击,922,198,050-s014,050-s016,02_markdown_articles/050_2014-04-21_利率市场化与余额宝的兴起.md,65ef29b6970e78af2556f734e23dff435e4ba6861f037c84ae847fafc557d5d4
050-s016,050,利率市场化与余额宝的兴起,2014-04-21,流动性、利率与汇率,16,二、余额宝的兴起 > （一）交易费用造成不同市场的分割,利率与债券市场,利率与债券市场;货币与流动性;金融制度与监管;信用债务与金融风险,国际与历史对标,主体资产负债表;收入年龄与家庭分组,自然实验与制度冲击,291,207,050-s015,050-s017,02_markdown_articles/050_2014-04-21_利率市场化与余额宝的兴起.md,06271571a424c856356a98ab40cd402968f9b6282d1ff178e6002d81f60ac51e
050-s017,050,利率市场化与余额宝的兴起,2014-04-21,流动性、利率与汇率,17,二、余额宝的兴起 > 1 、节约交易费用，打破金融市场分割,利率与债券市场,利率与债券市场;货币与流动性;金融制度与监管;信用债务与金融风险,国际与历史对标,主体资产负债表;收入年龄与家庭分组,自然实验与制度冲击,702,200,050-s016,050-s018,02_markdown_articles/050_2014-04-21_利率市场化与余额宝的兴起.md,2fef733fb1fcf9018a73d602a03d8df1e0ccb2178c6584d184c840bf543a07b4
050-s018,050,利率市场化与余额宝的兴起,2014-04-21,流动性、利率与汇率,18,二、余额宝的兴起 > 2 、余额宝对银行的影响以及银行的应对,利率与债券市场,利率与债券市场;货币与流动性;金融制度与监管;信用债务与金融风险,国际与历史对标,主体资产负债表;收入年龄与家庭分组,自然实验与制度冲击,906,208,050-s017,050-s019,02_markdown_articles/050_2014-04-21_利率市场化与余额宝的兴起.md,26fdde0446346eae855b19aa51f45c499559f2bb93c5b298c5871f8a98c0f21f
050-s019,050,利率市场化与余额宝的兴起,2014-04-21,流动性、利率与汇率,19,二、余额宝的兴起 > 2 、余额宝对银行的影响以及银行的应对,利率与债券市场,利率与债券市场;货币与流动性;金融制度与监管;信用债务与金融风险,国际与历史对标,主体资产负债表;收入年龄与家庭分组,自然实验与制度冲击,398,202,050-s018,050-s020,02_markdown_articles/050_2014-04-21_利率市场化与余额宝的兴起.md,d07e1458b59d1d8cc4c160a9da94d3a5750ed20606856a09f2adddab2aa5279c
050-s020,050,利率市场化与余额宝的兴起,2014-04-21,流动性、利率与汇率,20,二、余额宝的兴起 > 3 、互联网金融产品的未来演化和监管应对,利率与债券市场,利率与债券市场;货币与流动性;金融制度与监管;信用债务与金融风险,国际与历史对标,主体资产负债表;收入年龄与家庭分组,自然实验与制度冲击,796,203,050-s019,,02_markdown_articles/050_2014-04-21_利率市场化与余额宝的兴起.md,6325141c732df5e2d073cf6a91065af5e9a157c4f64ea4c9c18f1fcd1b52cebf
051-s001,051,小制度 大问题,2014-06-17,流动性、利率与汇率,1,正文,金融制度与监管,金融制度与监管;信用债务与金融风险;货币与流动性;利率与债券市场;汇率与国际收支;产业升级与制造业,竞争性假说,主体资产负债表;收入年龄与家庭分组;国内国际与资本流动,横断面梯度;自然实验与制度冲击;会计与存量流量约束,589,0,,051-s002,02_markdown_articles/051_2014-06-17_小制度_大问题.md,98a118620daddcd5ee98ff3ee2e3b45e7d0a48c67cd7dc9fe26bcac64545f9b3
051-s002,051,小制度 大问题,2014-06-17,流动性、利率与汇率,2,贷存比约束与商业银行一般存款增长,金融制度与监管,金融制度与监管;信用债务与金融风险;货币与流动性;利率与债券市场;汇率与国际收支;产业升级与制造业,竞争性假说,主体资产负债表;收入年龄与家庭分组;国内国际与资本流动,横断面梯度;自然实验与制度冲击;会计与存量流量约束,991,212,051-s001,051-s003,02_markdown_articles/051_2014-06-17_小制度_大问题.md,b3aaf05f660f0684d7882b92b3a4699ab1a15b9c18ce3c9040bf389644c0fea5
051-s003,051,小制度 大问题,2014-06-17,流动性、利率与汇率,3,贷存比约束与商业银行一般存款增长,金融制度与监管,金融制度与监管;信用债务与金融风险;货币与流动性;利率与债券市场;汇率与国际收支;产业升级与制造业,竞争性假说,主体资产负债表;收入年龄与家庭分组;国内国际与资本流动,横断面梯度;自然实验与制度冲击;会计与存量流量约束,762,215,051-s002,051-s004,02_markdown_articles/051_2014-06-17_小制度_大问题.md,44aa21ec7cc81cadc1b63154e54416c2adc82b992ec528602f62cd3cd90cc3be
051-s004,051,小制度 大问题,2014-06-17,流动性、利率与汇率,4,贷存比规避与影子银行体系的扩张,金融制度与监管,金融制度与监管;信用债务与金融风险;货币与流动性;利率与债券市场;汇率与国际收支;产业升级与制造业,竞争性假说,主体资产负债表;收入年龄与家庭分组;国内国际与资本流动,横断面梯度;自然实验与制度冲击;会计与存量流量约束,1182,200,051-s003,051-s005,02_markdown_articles/051_2014-06-17_小制度_大问题.md,428c86a671d966b1eea8dc00e543f4737a78fa329195b6b49eddf661300e6a17
051-s005,051,小制度 大问题,2014-06-17,流动性、利率与汇率,5,贷存比规避与影子银行体系的扩张,金融制度与监管,金融制度与监管;信用债务与金融风险;货币与流动性;利率与债券市场;汇率与国际收支;产业升级与制造业,竞争性假说,主体资产负债表;收入年龄与家庭分组;国内国际与资本流动,横断面梯度;自然实验与制度冲击;会计与存量流量约束,628,197,051-s004,051-s006,02_markdown_articles/051_2014-06-17_小制度_大问题.md,664ab614bd42283d61e3c4f10a168f80e0da67ee25735b039cee2c8c12b97708
051-s006,051,小制度 大问题,2014-06-17,流动性、利率与汇率,6,应尽早正视和尽快解决不合时宜的制度安排,金融制度与监管,金融制度与监管;信用债务与金融风险;货币与流动性;利率与债券市场;汇率与国际收支;产业升级与制造业,竞争性假说,主体资产负债表;收入年龄与家庭分组;国内国际与资本流动,横断面梯度;自然实验与制度冲击;会计与存量流量约束,870,209,051-s005,,02_markdown_articles/051_2014-06-17_小制度_大问题.md,158057fd5f3ee8a1712b416c6593709643dd45f2444f6197884c1a1cb501453e
052-s001,052,汇率贬值出其不意，股市维稳增添变数,2015-08-12,流动性、利率与汇率,1,正文,货币与流动性,货币与流动性;汇率与国际收支;股票与资本市场,,国内国际与资本流动,,800,0,,,"02_markdown_articles/052_2015-08-12_汇率贬值出其不意,股市维稳增添变数.md",1bca9342bf1b0ebc435c66d1c0f1d2f236668d24a8b79335106e08da1647a0b9
053-s001,053,人民币汇率向何处去？,2015-10-23,流动性、利率与汇率,1,作者按：,汇率与国际收支,汇率与国际收支;贸易与全球经济;增长与总需求;产业升级与制造业;货币与流动性;股票与资本市场;信用债务与金融风险,国际与历史对标,国内国际与资本流动;主体资产负债表,会计与存量流量约束;横断面梯度;时序与领先滞后,385,0,,053-s002,02_markdown_articles/053_2015-10-23_人民币汇率向何处去.md,0d61aaeb5aa7474ab1eea63191b178ebb3519190b9b6ce6833fb137ed75e2cd2
053-s002,053,人民币汇率向何处去？,2015-10-23,流动性、利率与汇率,2,作者按：,汇率与国际收支,汇率与国际收支;贸易与全球经济;增长与总需求;产业升级与制造业;货币与流动性;股票与资本市场;信用债务与金融风险,国际与历史对标,国内国际与资本流动;主体资产负债表,会计与存量流量约束;横断面梯度;时序与领先滞后,442,203,053-s001,053-s003,02_markdown_articles/053_2015-10-23_人民币汇率向何处去.md,d9ea67177d0e22edf2823c971d96f3cd75d0e10d2851137ec43e0b7f3babf309
053-s003,053,人民币汇率向何处去？,2015-10-23,流动性、利率与汇率,3,内容提要,汇率与国际收支,汇率与国际收支;贸易与全球经济;增长与总需求;产业升级与制造业;货币与流动性;股票与资本市场;信用债务与金融风险,国际与历史对标,国内国际与资本流动;主体资产负债表,会计与存量流量约束;横断面梯度;时序与领先滞后,391,214,053-s002,053-s004,02_markdown_articles/053_2015-10-23_人民币汇率向何处去.md,d544e874cb40de108661f96d8becd0bb3c399f95941d9ec610a08cc8174f86a2
053-s004,053,人民币汇率向何处去？,2015-10-23,流动性、利率与汇率,4,内容提要 > 人民币汇率“牵一发而动全身”,汇率与国际收支,汇率与国际收支;贸易与全球经济;增长与总需求;产业升级与制造业;货币与流动性;股票与资本市场;信用债务与金融风险,国际与历史对标,国内国际与资本流动;主体资产负债表,会计与存量流量约束;横断面梯度;时序与领先滞后,932,210,053-s003,053-s005,02_markdown_articles/053_2015-10-23_人民币汇率向何处去.md,a74dfdadb973485513a090c544d9d03e184d7e05be3b9910dee0214274a098c1
053-s005,053,人民币汇率向何处去？,2015-10-23,流动性、利率与汇率,5,内容提要 > 汇率升贬值压力与外汇储备变化之间的关联,汇率与国际收支,汇率与国际收支;贸易与全球经济;增长与总需求;产业升级与制造业;货币与流动性;股票与资本市场;信用债务与金融风险,国际与历史对标,国内国际与资本流动;主体资产负债表,会计与存量流量约束;横断面梯度;时序与领先滞后,850,197,053-s004,053-s006,02_markdown_articles/053_2015-10-23_人民币汇率向何处去.md,89bab202a378d6354fc98dce2a0cfefdbcb5722e52e0ca7aa635c304d561279c
053-s006,053,人民币汇率向何处去？,2015-10-23,流动性、利率与汇率,6,内容提要 > 外汇供求分析之一：经常账户盈余,汇率与国际收支,汇率与国际收支;贸易与全球经济;增长与总需求;产业升级与制造业;货币与流动性;股票与资本市场;信用债务与金融风险,国际与历史对标,国内国际与资本流动;主体资产负债表,会计与存量流量约束;横断面梯度;时序与领先滞后,955,206,053-s005,053-s007,02_markdown_articles/053_2015-10-23_人民币汇率向何处去.md,a8e9f55e5435d5e3c5bf4cf14986e4a3938075b1a6397f16e45c849250f3c538
053-s007,053,人民币汇率向何处去？,2015-10-23,流动性、利率与汇率,7,内容提要 > 外汇供求分析之一：经常账户盈余,汇率与国际收支,汇率与国际收支;贸易与全球经济;增长与总需求;产业升级与制造业;货币与流动性;股票与资本市场;信用债务与金融风险,国际与历史对标,国内国际与资本流动;主体资产负债表,会计与存量流量约束;横断面梯度;时序与领先滞后,944,201,053-s006,053-s008,02_markdown_articles/053_2015-10-23_人民币汇率向何处去.md,85d6c199a6bc361117e6ace570ad5da99e25d89e0e8d099cc9928694a2bbd423
053-s008,053,人民币汇率向何处去？,2015-10-23,流动性、利率与汇率,8,内容提要 > 外汇供求分析之一：经常账户盈余,汇率与国际收支,汇率与国际收支;贸易与全球经济;增长与总需求;产业升级与制造业;货币与流动性;股票与资本市场;信用债务与金融风险,国际与历史对标,国内国际与资本流动;主体资产负债表,会计与存量流量约束;横断面梯度;时序与领先滞后,418,201,053-s007,053-s009,02_markdown_articles/053_2015-10-23_人民币汇率向何处去.md,1a37742ad290ee4ae308ebb3bbfdcab18d074605ac02f5593e2475a18fa1384a
053-s009,053,人民币汇率向何处去？,2015-10-23,流动性、利率与汇率,9,内容提要 > 外汇供求分析之二：直接投资,汇率与国际收支,汇率与国际收支;贸易与全球经济;增长与总需求;产业升级与制造业;货币与流动性;股票与资本市场;信用债务与金融风险,国际与历史对标,国内国际与资本流动;主体资产负债表,会计与存量流量约束;横断面梯度;时序与领先滞后,743,200,053-s008,053-s010,02_markdown_articles/053_2015-10-23_人民币汇率向何处去.md,3c855448618a99b33878dcde477584acda64afd351ffdd3100f63ee8d1716535
053-s010,053,人民币汇率向何处去？,2015-10-23,流动性、利率与汇率,10,内容提要 > 外汇供求分析之三：直接投资以外的跨境资本流动,汇率与国际收支,汇率与国际收支;贸易与全球经济;增长与总需求;产业升级与制造业;货币与流动性;股票与资本市场;信用债务与金融风险,国际与历史对标,国内国际与资本流动;主体资产负债表,会计与存量流量约束;横断面梯度;时序与领先滞后,338,209,053-s009,053-s011,02_markdown_articles/053_2015-10-23_人民币汇率向何处去.md,2f434ca19d175340c25f8ab500ba510fd4643a27097e00051e3089bab5e6c1a2
053-s011,053,人民币汇率向何处去？,2015-10-23,流动性、利率与汇率,11,内容提要 > 跨境资本流动对汇率的关键影响,汇率与国际收支,汇率与国际收支;贸易与全球经济;增长与总需求;产业升级与制造业;货币与流动性;股票与资本市场;信用债务与金融风险,国际与历史对标,国内国际与资本流动;主体资产负债表,会计与存量流量约束;横断面梯度;时序与领先滞后,542,211,053-s010,053-s012,02_markdown_articles/053_2015-10-23_人民币汇率向何处去.md,9bdc09c7b1888c6049d5871cba84cb395ada7be9b25de719234bda8e84cc9001
053-s012,053,人民币汇率向何处去？,2015-10-23,流动性、利率与汇率,12,内容提要 > 影响跨境资本流动的主要影响因素,汇率与国际收支,汇率与国际收支;贸易与全球经济;增长与总需求;产业升级与制造业;货币与流动性;股票与资本市场;信用债务与金融风险,国际与历史对标,国内国际与资本流动;主体资产负债表,会计与存量流量约束;横断面梯度;时序与领先滞后,377,203,053-s011,053-s013,02_markdown_articles/053_2015-10-23_人民币汇率向何处去.md,983446fd0988c1068c140ec58a45c10c398129629636b8931e46842ca47dcc02
053-s013,053,人民币汇率向何处去？,2015-10-23,流动性、利率与汇率,13,内容提要 > 影响跨境资本流动影响因素：美元周期,汇率与国际收支,汇率与国际收支;贸易与全球经济;增长与总需求;产业升级与制造业;货币与流动性;股票与资本市场;信用债务与金融风险,国际与历史对标,国内国际与资本流动;主体资产负债表,会计与存量流量约束;横断面梯度;时序与领先滞后,906,204,053-s012,053-s014,02_markdown_articles/053_2015-10-23_人民币汇率向何处去.md,497dc680df80d2c3422e4e37e9f444f523fc7418989b27af4d3a8efb84eca71e
053-s014,053,人民币汇率向何处去？,2015-10-23,流动性、利率与汇率,14,内容提要 > 影响跨境资本流动影响因素：美元周期,汇率与国际收支,汇率与国际收支;贸易与全球经济;增长与总需求;产业升级与制造业;货币与流动性;股票与资本市场;信用债务与金融风险,国际与历史对标,国内国际与资本流动;主体资产负债表,会计与存量流量约束;横断面梯度;时序与领先滞后,502,201,053-s013,053-s015,02_markdown_articles/053_2015-10-23_人民币汇率向何处去.md,cbeb132907c860338d4ba1db827673b9eb885eebc675f897d7c77f729584cf99
053-s015,053,人民币汇率向何处去？,2015-10-23,流动性、利率与汇率,15,内容提要 > 影响跨境资本流动影响因素：中外经济景气差异,汇率与国际收支,汇率与国际收支;贸易与全球经济;增长与总需求;产业升级与制造业;货币与流动性;股票与资本市场;信用债务与金融风险,国际与历史对标,国内国际与资本流动;主体资产负债表,会计与存量流量约束;横断面梯度;时序与领先滞后,468,204,053-s014,053-s016,02_markdown_articles/053_2015-10-23_人民币汇率向何处去.md,440cd73517f0260425fff92d87d20abbf84f16f81a3dcc85197119682d57e438
053-s016,053,人民币汇率向何处去？,2015-10-23,流动性、利率与汇率,16,内容提要 > 影响跨境资本流动影响因素：其他一些临时冲击,汇率与国际收支,汇率与国际收支;贸易与全球经济;增长与总需求;产业升级与制造业;货币与流动性;股票与资本市场;信用债务与金融风险,国际与历史对标,国内国际与资本流动;主体资产负债表,会计与存量流量约束;横断面梯度;时序与领先滞后,337,213,053-s015,053-s017,02_markdown_articles/053_2015-10-23_人民币汇率向何处去.md,8d02ad40aa5aedef2cc942371031ef92b102b62142f59fe4badc09173c92750e
053-s017,053,人民币汇率向何处去？,2015-10-23,流动性、利率与汇率,17,内容提要 > 过去一年人民币汇率贬值压力的驱动因素,汇率与国际收支,汇率与国际收支;贸易与全球经济;增长与总需求;产业升级与制造业;货币与流动性;股票与资本市场;信用债务与金融风险,国际与历史对标,国内国际与资本流动;主体资产负债表,会计与存量流量约束;横断面梯度;时序与领先滞后,280,197,053-s016,053-s018,02_markdown_articles/053_2015-10-23_人民币汇率向何处去.md,261f6af9fd43910a76bb697666d3192cbed5987146f432fc7aad8620ebc2681f
053-s018,053,人民币汇率向何处去？,2015-10-23,流动性、利率与汇率,18,内容提要 > 对强势美元的进一步讨论,汇率与国际收支,汇率与国际收支;贸易与全球经济;增长与总需求;产业升级与制造业;货币与流动性;股票与资本市场;信用债务与金融风险,国际与历史对标,国内国际与资本流动;主体资产负债表,会计与存量流量约束;横断面梯度;时序与领先滞后,677,199,053-s017,053-s019,02_markdown_articles/053_2015-10-23_人民币汇率向何处去.md,717d31909d2e14606afe03c6c42fc761a5024a9064ee4de6e8d9827e5782dd0b
053-s019,053,人民币汇率向何处去？,2015-10-23,流动性、利率与汇率,19,内容提要 > 人民币在全球经济、金融和货币体系中的关键影响,汇率与国际收支,汇率与国际收支;贸易与全球经济;增长与总需求;产业升级与制造业;货币与流动性;股票与资本市场;信用债务与金融风险,国际与历史对标,国内国际与资本流动;主体资产负债表,会计与存量流量约束;横断面梯度;时序与领先滞后,917,204,053-s018,053-s020,02_markdown_articles/053_2015-10-23_人民币汇率向何处去.md,f5dbae9183646f988c84e4c3a5f684f21e4d21aff7c089586f8c04f91a2bfe4d
053-s020,053,人民币汇率向何处去？,2015-10-23,流动性、利率与汇率,20,内容提要 > 人民币在全球经济、金融和货币体系中的关键影响,汇率与国际收支,汇率与国际收支;贸易与全球经济;增长与总需求;产业升级与制造业;货币与流动性;股票与资本市场;信用债务与金融风险,国际与历史对标,国内国际与资本流动;主体资产负债表,会计与存量流量约束;横断面梯度;时序与领先滞后,905,200,053-s019,053-s021,02_markdown_articles/053_2015-10-23_人民币汇率向何处去.md,1f2a6d757693f8d01bc02316251601708bee890cb6cfdc6722efacc68135f7da
053-s021,053,人民币汇率向何处去？,2015-10-23,流动性、利率与汇率,21,内容提要 > 人民币在全球经济、金融和货币体系中的关键影响,汇率与国际收支,汇率与国际收支;贸易与全球经济;增长与总需求;产业升级与制造业;货币与流动性;股票与资本市场;信用债务与金融风险,国际与历史对标,国内国际与资本流动;主体资产负债表,会计与存量流量约束;横断面梯度;时序与领先滞后,726,212,053-s020,053-s022,02_markdown_articles/053_2015-10-23_人民币汇率向何处去.md,5b4c52f84f8ee503444f8d2a0e4ca91493b469df643a17b662a4774397f244e3
053-s022,053,人民币汇率向何处去？,2015-10-23,流动性、利率与汇率,22,总结,汇率与国际收支,汇率与国际收支;贸易与全球经济;增长与总需求;产业升级与制造业;货币与流动性;股票与资本市场;信用债务与金融风险,国际与历史对标,国内国际与资本流动;主体资产负债表,会计与存量流量约束;横断面梯度;时序与领先滞后,345,214,053-s021,,02_markdown_articles/053_2015-10-23_人民币汇率向何处去.md,31bb440ef0d25d45c35da732d65b883000ed30c612913b87f7da53a2e2b6d12b
054-s001,054,含章可贞,2015-12-16,流动性、利率与汇率,1,内容提要,货币与流动性,货币与流动性;汇率与国际收支;消费收入与就业;通胀与价格;房地产与城市化;增长与总需求;股票与资本市场;产业升级与制造业,左侧—右侧判断;情景与预测复盘;国际与历史对标,国内国际与资本流动;收入年龄与家庭分组;产品与品类横断面;主体资产负债表,时序与领先滞后;会计与存量流量约束;横断面梯度;自然实验与制度冲击,320,0,,054-s002,02_markdown_articles/054_2015-12-16_含章可贞.md,d755e2b547fde5b245097e64630e87109192460341cc36f9a525786e27009fe6
054-s002,054,含章可贞,2015-12-16,流动性、利率与汇率,2,内容提要,货币与流动性,货币与流动性;汇率与国际收支;消费收入与就业;通胀与价格;房地产与城市化;增长与总需求;股票与资本市场;产业升级与制造业,左侧—右侧判断;情景与预测复盘;国际与历史对标,国内国际与资本流动;收入年龄与家庭分组;产品与品类横断面;主体资产负债表,时序与领先滞后;会计与存量流量约束;横断面梯度;自然实验与制度冲击,424,204,054-s001,054-s003,02_markdown_articles/054_2015-12-16_含章可贞.md,6be87f29beba79ee7ee8750f68a781058fd19918a40c0852d844da5951ca59c8
054-s003,054,含章可贞,2015-12-16,流动性、利率与汇率,3,目录,货币与流动性,货币与流动性;汇率与国际收支;消费收入与就业;通胀与价格;房地产与城市化;增长与总需求;股票与资本市场;产业升级与制造业,左侧—右侧判断;情景与预测复盘;国际与历史对标,国内国际与资本流动;收入年龄与家庭分组;产品与品类横断面;主体资产负债表,时序与领先滞后;会计与存量流量约束;横断面梯度;自然实验与制度冲击,321,196,054-s002,054-s004,02_markdown_articles/054_2015-12-16_含章可贞.md,472b65778ff9cf30522732409e6cd3460ce5fe5395976330e8bf7d9cc62b013d
054-s004,054,含章可贞,2015-12-16,流动性、利率与汇率,4,一、利率变局 > （一）过去五年CPI中枢的抬升,货币与流动性,货币与流动性;汇率与国际收支;消费收入与就业;通胀与价格;房地产与城市化;增长与总需求;股票与资本市场;产业升级与制造业,左侧—右侧判断;情景与预测复盘;国际与历史对标,国内国际与资本流动;收入年龄与家庭分组;产品与品类横断面;主体资产负债表,时序与领先滞后;会计与存量流量约束;横断面梯度;自然实验与制度冲击,700,200,054-s003,054-s005,02_markdown_articles/054_2015-12-16_含章可贞.md,a3549870a4656b115be179687424e9c69436815874bebbaac47c8a301ea5d19d
054-s005,054,含章可贞,2015-12-16,流动性、利率与汇率,5,一、利率变局 > （一）过去五年CPI中枢的抬升 > 1、过去十年农民工工资的高速增长,货币与流动性,货币与流动性;汇率与国际收支;消费收入与就业;通胀与价格;房地产与城市化;增长与总需求;股票与资本市场;产业升级与制造业,左侧—右侧判断;情景与预测复盘;国际与历史对标,国内国际与资本流动;收入年龄与家庭分组;产品与品类横断面;主体资产负债表,时序与领先滞后;会计与存量流量约束;横断面梯度;自然实验与制度冲击,561,204,054-s004,054-s006,02_markdown_articles/054_2015-12-16_含章可贞.md,91cb40154e1b0c359777d146f8ab7fe267888a6ad1264fe326752b31f20dd2a9
054-s006,054,含章可贞,2015-12-16,流动性、利率与汇率,6,一、利率变局 > （一）过去五年CPI中枢的抬升 > 2、农民工工资高速增长推升通货膨胀,货币与流动性,货币与流动性;汇率与国际收支;消费收入与就业;通胀与价格;房地产与城市化;增长与总需求;股票与资本市场;产业升级与制造业,左侧—右侧判断;情景与预测复盘;国际与历史对标,国内国际与资本流动;收入年龄与家庭分组;产品与品类横断面;主体资产负债表,时序与领先滞后;会计与存量流量约束;横断面梯度;自然实验与制度冲击,919,210,054-s005,054-s007,02_markdown_articles/054_2015-12-16_含章可贞.md,8f558e4c939717b4b07f0791b4d4ae4a10f31a76383b3814965357a86ca9bbf6
054-s007,054,含章可贞,2015-12-16,流动性、利率与汇率,7,一、利率变局 > （一）过去五年CPI中枢的抬升 > 3、通胀中枢抬升与金融市场利率,货币与流动性,货币与流动性;汇率与国际收支;消费收入与就业;通胀与价格;房地产与城市化;增长与总需求;股票与资本市场;产业升级与制造业,左侧—右侧判断;情景与预测复盘;国际与历史对标,国内国际与资本流动;收入年龄与家庭分组;产品与品类横断面;主体资产负债表,时序与领先滞后;会计与存量流量约束;横断面梯度;自然实验与制度冲击,856,209,054-s006,054-s008,02_markdown_articles/054_2015-12-16_含章可贞.md,6e005d98a81ef3c1b63aecf229798f19d0df6307f3bba4fa04399b333d99225a
054-s008,054,含章可贞,2015-12-16,流动性、利率与汇率,8,一、利率变局 > （一）过去五年CPI中枢的抬升 > 4、通胀中枢抬升与外债积累及人民币汇率,货币与流动性,货币与流动性;汇率与国际收支;消费收入与就业;通胀与价格;房地产与城市化;增长与总需求;股票与资本市场;产业升级与制造业,左侧—右侧判断;情景与预测复盘;国际与历史对标,国内国际与资本流动;收入年龄与家庭分组;产品与品类横断面;主体资产负债表,时序与领先滞后;会计与存量流量约束;横断面梯度;自然实验与制度冲击,558,212,054-s007,054-s009,02_markdown_articles/054_2015-12-16_含章可贞.md,6dc65bbda6b2f5b69a41ea4b801b2f01b07728773881f9228bc2fbca921643e4
054-s009,054,含章可贞,2015-12-16,流动性、利率与汇率,9,一、利率变局 > （二）未来五年通胀预判,货币与流动性,货币与流动性;汇率与国际收支;消费收入与就业;通胀与价格;房地产与城市化;增长与总需求;股票与资本市场;产业升级与制造业,左侧—右侧判断;情景与预测复盘;国际与历史对标,国内国际与资本流动;收入年龄与家庭分组;产品与品类横断面;主体资产负债表,时序与领先滞后;会计与存量流量约束;横断面梯度;自然实验与制度冲击,304,206,054-s008,054-s010,02_markdown_articles/054_2015-12-16_含章可贞.md,9aa356fa5658dbc6f8074035bed305f4506bf02dbea715c0d4bb260f6ea7b51f
054-s010,054,含章可贞,2015-12-16,流动性、利率与汇率,10,一、利率变局 > （二）未来五年通胀预判 > 1、农民工工资高速增长时代结束,货币与流动性,货币与流动性;汇率与国际收支;消费收入与就业;通胀与价格;房地产与城市化;增长与总需求;股票与资本市场;产业升级与制造业,左侧—右侧判断;情景与预测复盘;国际与历史对标,国内国际与资本流动;收入年龄与家庭分组;产品与品类横断面;主体资产负债表,时序与领先滞后;会计与存量流量约束;横断面梯度;自然实验与制度冲击,773,216,054-s009,054-s011,02_markdown_articles/054_2015-12-16_含章可贞.md,4068bc9272acd54708220bd2334d54115ded296778cc77fb63090805c39a41a3
054-s011,054,含章可贞,2015-12-16,流动性、利率与汇率,11,一、利率变局 > （二）未来五年通胀预判 > 2、农产品市场长期熊市风险,货币与流动性,货币与流动性;汇率与国际收支;消费收入与就业;通胀与价格;房地产与城市化;增长与总需求;股票与资本市场;产业升级与制造业,左侧—右侧判断;情景与预测复盘;国际与历史对标,国内国际与资本流动;收入年龄与家庭分组;产品与品类横断面;主体资产负债表,时序与领先滞后;会计与存量流量约束;横断面梯度;自然实验与制度冲击,929,202,054-s010,054-s012,02_markdown_articles/054_2015-12-16_含章可贞.md,8fc4accadccf67daed421126162ccc40f2f4f9d9a96b92c07a365bf4d6aad6ab
054-s012,054,含章可贞,2015-12-16,流动性、利率与汇率,12,一、利率变局 > （二）未来五年通胀预判 > 2、农产品市场长期熊市风险,货币与流动性,货币与流动性;汇率与国际收支;消费收入与就业;通胀与价格;房地产与城市化;增长与总需求;股票与资本市场;产业升级与制造业,左侧—右侧判断;情景与预测复盘;国际与历史对标,国内国际与资本流动;收入年龄与家庭分组;产品与品类横断面;主体资产负债表,时序与领先滞后;会计与存量流量约束;横断面梯度;自然实验与制度冲击,352,203,054-s011,054-s013,02_markdown_articles/054_2015-12-16_含章可贞.md,71a5b1db582e7a66fd502ead5af8ee713ac8c10955cb99f3656dc59134f17076
054-s013,054,含章可贞,2015-12-16,流动性、利率与汇率,13,一、利率变局 > （三）对人民币汇率的进一步讨论,货币与流动性,货币与流动性;汇率与国际收支;消费收入与就业;通胀与价格;房地产与城市化;增长与总需求;股票与资本市场;产业升级与制造业,左侧—右侧判断;情景与预测复盘;国际与历史对标,国内国际与资本流动;收入年龄与家庭分组;产品与品类横断面;主体资产负债表,时序与领先滞后;会计与存量流量约束;横断面梯度;自然实验与制度冲击,360,203,054-s012,054-s014,02_markdown_articles/054_2015-12-16_含章可贞.md,9cd3267e3a80f097784d4f6f7c08e930faf98b06c3a0f3a1101db2fddc52ef27
054-s014,054,含章可贞,2015-12-16,流动性、利率与汇率,14,一、利率变局 > （三）对人民币汇率的进一步讨论 > 1、经常账户盈余、直接投资差额及国际收支基础顺差,货币与流动性,货币与流动性;汇率与国际收支;消费收入与就业;通胀与价格;房地产与城市化;增长与总需求;股票与资本市场;产业升级与制造业,左侧—右侧判断;情景与预测复盘;国际与历史对标,国内国际与资本流动;收入年龄与家庭分组;产品与品类横断面;主体资产负债表,时序与领先滞后;会计与存量流量约束;横断面梯度;自然实验与制度冲击,690,215,054-s013,054-s015,02_markdown_articles/054_2015-12-16_含章可贞.md,0be8374492e5ba16d248fd17ab65587341e40cb7d4e7c3d57dcb1ed26beef2b1
054-s015,054,含章可贞,2015-12-16,流动性、利率与汇率,15,一、利率变局 > （三）对人民币汇率的进一步讨论 > 2、跨境资本流出与人民币汇率贬值压力,货币与流动性,货币与流动性;汇率与国际收支;消费收入与就业;通胀与价格;房地产与城市化;增长与总需求;股票与资本市场;产业升级与制造业,左侧—右侧判断;情景与预测复盘;国际与历史对标,国内国际与资本流动;收入年龄与家庭分组;产品与品类横断面;主体资产负债表,时序与领先滞后;会计与存量流量约束;横断面梯度;自然实验与制度冲击,698,215,054-s014,054-s016,02_markdown_articles/054_2015-12-16_含章可贞.md,94b584ca5935e9cdb6419987f71e78a0aa8159f80825d64cae881fe7bd16a84b
054-s016,054,含章可贞,2015-12-16,流动性、利率与汇率,16,一、利率变局 > （三）对人民币汇率的进一步讨论 > 3、汇率波动与资产市场,货币与流动性,货币与流动性;汇率与国际收支;消费收入与就业;通胀与价格;房地产与城市化;增长与总需求;股票与资本市场;产业升级与制造业,左侧—右侧判断;情景与预测复盘;国际与历史对标,国内国际与资本流动;收入年龄与家庭分组;产品与品类横断面;主体资产负债表,时序与领先滞后;会计与存量流量约束;横断面梯度;自然实验与制度冲击,936,195,054-s015,054-s017,02_markdown_articles/054_2015-12-16_含章可贞.md,d0a15cafb233036130c0b52712f1e1def38c56d8878f68fbc0ae3fd4a376d74f
054-s017,054,含章可贞,2015-12-16,流动性、利率与汇率,17,一、利率变局 > （三）对人民币汇率的进一步讨论 > 3、汇率波动与资产市场,货币与流动性,货币与流动性;汇率与国际收支;消费收入与就业;通胀与价格;房地产与城市化;增长与总需求;股票与资本市场;产业升级与制造业,左侧—右侧判断;情景与预测复盘;国际与历史对标,国内国际与资本流动;收入年龄与家庭分组;产品与品类横断面;主体资产负债表,时序与领先滞后;会计与存量流量约束;横断面梯度;自然实验与制度冲击,292,202,054-s016,054-s018,02_markdown_articles/054_2015-12-16_含章可贞.md,2af0e02f2f9bccb2bc234c362d9e9c026fee9e4f75901127de0013fbfd6892a1
054-s018,054,含章可贞,2015-12-16,流动性、利率与汇率,18,二、长期增长与结构转型 > （一）潜在经济增速的趋势下行,货币与流动性,货币与流动性;汇率与国际收支;消费收入与就业;通胀与价格;房地产与城市化;增长与总需求;股票与资本市场;产业升级与制造业,左侧—右侧判断;情景与预测复盘;国际与历史对标,国内国际与资本流动;收入年龄与家庭分组;产品与品类横断面;主体资产负债表,时序与领先滞后;会计与存量流量约束;横断面梯度;自然实验与制度冲击,320,199,054-s017,054-s019,02_markdown_articles/054_2015-12-16_含章可贞.md,4d2d177fe6a20b0bbf01502a29aa7db80b5f3cfb27f151965ba927aca97b1cb9
054-s019,054,含章可贞,2015-12-16,流动性、利率与汇率,19,二、长期增长与结构转型 > （二）制造业与服务业增加值之比跨越拐点,货币与流动性,货币与流动性;汇率与国际收支;消费收入与就业;通胀与价格;房地产与城市化;增长与总需求;股票与资本市场;产业升级与制造业,左侧—右侧判断;情景与预测复盘;国际与历史对标,国内国际与资本流动;收入年龄与家庭分组;产品与品类横断面;主体资产负债表,时序与领先滞后;会计与存量流量约束;横断面梯度;自然实验与制度冲击,718,209,054-s018,054-s020,02_markdown_articles/054_2015-12-16_含章可贞.md,53130be23ba2fe866765e3d548299c80e8654b18c45c21efd12c232147479974
054-s020,054,含章可贞,2015-12-16,流动性、利率与汇率,20,二、长期增长与结构转型 > （三）服务行业扩张的具体方向,货币与流动性,货币与流动性;汇率与国际收支;消费收入与就业;通胀与价格;房地产与城市化;增长与总需求;股票与资本市场;产业升级与制造业,左侧—右侧判断;情景与预测复盘;国际与历史对标,国内国际与资本流动;收入年龄与家庭分组;产品与品类横断面;主体资产负债表,时序与领先滞后;会计与存量流量约束;横断面梯度;自然实验与制度冲击,931,196,054-s019,054-s021,02_markdown_articles/054_2015-12-16_含章可贞.md,bc11843b739c02949379ba7f877d469611aff18375524018b39c7e63e9cb7bed
054-s021,054,含章可贞,2015-12-16,流动性、利率与汇率,21,二、长期增长与结构转型 > （三）服务行业扩张的具体方向,货币与流动性,货币与流动性;汇率与国际收支;消费收入与就业;通胀与价格;房地产与城市化;增长与总需求;股票与资本市场;产业升级与制造业,左侧—右侧判断;情景与预测复盘;国际与历史对标,国内国际与资本流动;收入年龄与家庭分组;产品与品类横断面;主体资产负债表,时序与领先滞后;会计与存量流量约束;横断面梯度;自然实验与制度冲击,293,208,054-s020,054-s022,02_markdown_articles/054_2015-12-16_含章可贞.md,737d75da37fb960526c1c8100cb9fdb88b73af21c4c27dd88b732f3f4f4de147
054-s022,054,含章可贞,2015-12-16,流动性、利率与汇率,22,二、长期增长与结构转型 > （四）制造业的转型升级,货币与流动性,货币与流动性;汇率与国际收支;消费收入与就业;通胀与价格;房地产与城市化;增长与总需求;股票与资本市场;产业升级与制造业,左侧—右侧判断;情景与预测复盘;国际与历史对标,国内国际与资本流动;收入年龄与家庭分组;产品与品类横断面;主体资产负债表,时序与领先滞后;会计与存量流量约束;横断面梯度;自然实验与制度冲击,277,207,054-s021,054-s023,02_markdown_articles/054_2015-12-16_含章可贞.md,02d208f87ee3653fbe4df74a21918e5ea690f55b47df555d8e4e3f62f6a51bfd
054-s023,054,含章可贞,2015-12-16,流动性、利率与汇率,23,三、短期经济增长仍然谨慎,货币与流动性,货币与流动性;汇率与国际收支;消费收入与就业;通胀与价格;房地产与城市化;增长与总需求;股票与资本市场;产业升级与制造业,左侧—右侧判断;情景与预测复盘;国际与历史对标,国内国际与资本流动;收入年龄与家庭分组;产品与品类横断面;主体资产负债表,时序与领先滞后;会计与存量流量约束;横断面梯度;自然实验与制度冲击,906,205,054-s022,054-s024,02_markdown_articles/054_2015-12-16_含章可贞.md,778aeb98d1efcb0a315b4a8bbe209deea117f3dd67c2f55991f080b02fae4191
054-s024,054,含章可贞,2015-12-16,流动性、利率与汇率,24,三、短期经济增长仍然谨慎,货币与流动性,货币与流动性;汇率与国际收支;消费收入与就业;通胀与价格;房地产与城市化;增长与总需求;股票与资本市场;产业升级与制造业,左侧—右侧判断;情景与预测复盘;国际与历史对标,国内国际与资本流动;收入年龄与家庭分组;产品与品类横断面;主体资产负债表,时序与领先滞后;会计与存量流量约束;横断面梯度;自然实验与制度冲击,535,213,054-s023,054-s025,02_markdown_articles/054_2015-12-16_含章可贞.md,81e8a5af346a741b2ee95cad5324d8bc24c4846e119b8bfbedc8e5317b4870d4
054-s025,054,含章可贞,2015-12-16,流动性、利率与汇率,25,四、总结,货币与流动性,货币与流动性;汇率与国际收支;消费收入与就业;通胀与价格;房地产与城市化;增长与总需求;股票与资本市场;产业升级与制造业,左侧—右侧判断;情景与预测复盘;国际与历史对标,国内国际与资本流动;收入年龄与家庭分组;产品与品类横断面;主体资产负债表,时序与领先滞后;会计与存量流量约束;横断面梯度;自然实验与制度冲击,709,197,054-s024,,02_markdown_articles/054_2015-12-16_含章可贞.md,7f402d28fa7ae46ff44107f4e0175873d7495710891ef29c5112fb24e227a1b1
055-s001,055,展望2016年中国经济可能面临的风险,2016-01-23,流动性、利率与汇率,1,正文,货币与流动性,货币与流动性;房地产与城市化;汇率与国际收支;贸易与全球经济;产能库存与工业周期;财政与地方政府;增长与总需求,国际与历史对标,国内国际与资本流动,横断面梯度,958,0,,055-s002,02_markdown_articles/055_2016-01-23_展望2016年中国经济可能面临的风险.md,32190e2db7690d0a93acf404c0d61475e8f9df3e8ed19cd59ffe5a17e42f4666
055-s002,055,展望2016年中国经济可能面临的风险,2016-01-23,流动性、利率与汇率,2,正文,货币与流动性,货币与流动性;房地产与城市化;汇率与国际收支;贸易与全球经济;产能库存与工业周期;财政与地方政府;增长与总需求,国际与历史对标,国内国际与资本流动,横断面梯度,901,206,055-s001,055-s003,02_markdown_articles/055_2016-01-23_展望2016年中国经济可能面临的风险.md,24d4da59b531130a861e620157ac27350dd65e71291168fe396f5e74c524be75
055-s003,055,展望2016年中国经济可能面临的风险,2016-01-23,流动性、利率与汇率,3,正文,货币与流动性,货币与流动性;房地产与城市化;汇率与国际收支;贸易与全球经济;产能库存与工业周期;财政与地方政府;增长与总需求,国际与历史对标,国内国际与资本流动,横断面梯度,916,206,055-s002,055-s004,02_markdown_articles/055_2016-01-23_展望2016年中国经济可能面临的风险.md,6e05e8804e20258bfb4f7792db67ecc183de77d26740a1ebe7a3a2060f848315
055-s004,055,展望2016年中国经济可能面临的风险,2016-01-23,流动性、利率与汇率,4,正文,货币与流动性,货币与流动性;房地产与城市化;汇率与国际收支;贸易与全球经济;产能库存与工业周期;财政与地方政府;增长与总需求,国际与历史对标,国内国际与资本流动,横断面梯度,387,216,055-s003,,02_markdown_articles/055_2016-01-23_展望2016年中国经济可能面临的风险.md,5b5758935c9b078339119dae8f7db162f481c9d4f9df600a15789aae22c5b8c7
056-s001,056,货币剪刀差背后的秘密,2016-08-11,流动性、利率与汇率,1,内容提要,货币与流动性,货币与流动性;信用债务与金融风险;房地产与城市化;汇率与国际收支;研究方法与证据;利率与债券市场;增长与总需求;财政与地方政府,跨市场与跨资产验证;资产负债表分析;可证伪假说;因果与相关区分,主体资产负债表;国内国际与资本流动;收入年龄与家庭分组,多市场一致性;时序与领先滞后,289,0,,056-s002,02_markdown_articles/056_2016-08-11_货币剪刀差背后的秘密.md,7d8a5c9b35d5ddbf6a0897a3f1feb632a1ac204a02b52deafc72629a50ee8bf6
056-s002,056,货币剪刀差背后的秘密,2016-08-11,流动性、利率与汇率,2,内容提要,货币与流动性,货币与流动性;信用债务与金融风险;房地产与城市化;汇率与国际收支;研究方法与证据;利率与债券市场;增长与总需求;财政与地方政府,跨市场与跨资产验证;资产负债表分析;可证伪假说;因果与相关区分,主体资产负债表;国内国际与资本流动;收入年龄与家庭分组,多市场一致性;时序与领先滞后,301,207,056-s001,056-s003,02_markdown_articles/056_2016-08-11_货币剪刀差背后的秘密.md,30da3195d7ccb93abe110ccf81aeacf4d5fd63aa43fb626f81e53cfc578da08c
056-s003,056,货币剪刀差背后的秘密,2016-08-11,流动性、利率与汇率,3,一、问题的提出,货币与流动性,货币与流动性;信用债务与金融风险;房地产与城市化;汇率与国际收支;研究方法与证据;利率与债券市场;增长与总需求;财政与地方政府,跨市场与跨资产验证;资产负债表分析;可证伪假说;因果与相关区分,主体资产负债表;国内国际与资本流动;收入年龄与家庭分组,多市场一致性;时序与领先滞后,674,204,056-s002,056-s004,02_markdown_articles/056_2016-08-11_货币剪刀差背后的秘密.md,469491d1921a3ab4d3717d90a8cd31a56b858c1fe2c58dc9c00bc6569463a538
056-s004,056,货币剪刀差背后的秘密,2016-08-11,流动性、利率与汇率,4,二、流行的解读,货币与流动性,货币与流动性;信用债务与金融风险;房地产与城市化;汇率与国际收支;研究方法与证据;利率与债券市场;增长与总需求;财政与地方政府,跨市场与跨资产验证;资产负债表分析;可证伪假说;因果与相关区分,主体资产负债表;国内国际与资本流动;收入年龄与家庭分组,多市场一致性;时序与领先滞后,874,207,056-s003,056-s005,02_markdown_articles/056_2016-08-11_货币剪刀差背后的秘密.md,e26c973c3ffbf8e526414e3e7771286132288ec6a7e21486f2a0126eded18e03
056-s005,056,货币剪刀差背后的秘密,2016-08-11,流动性、利率与汇率,5,三、定期存款利率的下行应该发挥了主导性作用,货币与流动性,货币与流动性;信用债务与金融风险;房地产与城市化;汇率与国际收支;研究方法与证据;利率与债券市场;增长与总需求;财政与地方政府,跨市场与跨资产验证;资产负债表分析;可证伪假说;因果与相关区分,主体资产负债表;国内国际与资本流动;收入年龄与家庭分组,多市场一致性;时序与领先滞后,948,212,056-s004,056-s006,02_markdown_articles/056_2016-08-11_货币剪刀差背后的秘密.md,33667c5184ca63eae406db1704b99e11bb27731559011e27f741128f9cfbee31
056-s006,056,货币剪刀差背后的秘密,2016-08-11,流动性、利率与汇率,6,三、定期存款利率的下行应该发挥了主导性作用,货币与流动性,货币与流动性;信用债务与金融风险;房地产与城市化;汇率与国际收支;研究方法与证据;利率与债券市场;增长与总需求;财政与地方政府,跨市场与跨资产验证;资产负债表分析;可证伪假说;因果与相关区分,主体资产负债表;国内国际与资本流动;收入年龄与家庭分组,多市场一致性;时序与领先滞后,925,199,056-s005,056-s007,02_markdown_articles/056_2016-08-11_货币剪刀差背后的秘密.md,3c3a8bfb02c640063d351d97995036736a838ef3a7c9ed3189dd16bb8c4dd726
056-s007,056,货币剪刀差背后的秘密,2016-08-11,流动性、利率与汇率,7,三、定期存款利率的下行应该发挥了主导性作用,货币与流动性,货币与流动性;信用债务与金融风险;房地产与城市化;汇率与国际收支;研究方法与证据;利率与债券市场;增长与总需求;财政与地方政府,跨市场与跨资产验证;资产负债表分析;可证伪假说;因果与相关区分,主体资产负债表;国内国际与资本流动;收入年龄与家庭分组,多市场一致性;时序与领先滞后,349,203,056-s006,056-s008,02_markdown_articles/056_2016-08-11_货币剪刀差背后的秘密.md,45dbfc6c2d5d001e9b3f2c50b7867b895fe1dd51ff4a84a4aec867afd2e8e587
056-s008,056,货币剪刀差背后的秘密,2016-08-11,流动性、利率与汇率,8,四、M1、M2剪刀差与资产价格波动,货币与流动性,货币与流动性;信用债务与金融风险;房地产与城市化;汇率与国际收支;研究方法与证据;利率与债券市场;增长与总需求;财政与地方政府,跨市场与跨资产验证;资产负债表分析;可证伪假说;因果与相关区分,主体资产负债表;国内国际与资本流动;收入年龄与家庭分组,多市场一致性;时序与领先滞后,594,215,056-s007,056-s009,02_markdown_articles/056_2016-08-11_货币剪刀差背后的秘密.md,1c91cf422b86de2efa0f853c162fe170a92ea225dc18b002f475c5a33a09fcfb
056-s009,056,货币剪刀差背后的秘密,2016-08-11,流动性、利率与汇率,9,五、M1与M2剪刀差的历史梳理,货币与流动性,货币与流动性;信用债务与金融风险;房地产与城市化;汇率与国际收支;研究方法与证据;利率与债券市场;增长与总需求;财政与地方政府,跨市场与跨资产验证;资产负债表分析;可证伪假说;因果与相关区分,主体资产负债表;国内国际与资本流动;收入年龄与家庭分组,多市场一致性;时序与领先滞后,1233,216,056-s008,056-s010,02_markdown_articles/056_2016-08-11_货币剪刀差背后的秘密.md,e8e4a3062ae23eb2433cef32c1d425b087262f3cb14bf781f08b73d19f144831
056-s010,056,货币剪刀差背后的秘密,2016-08-11,流动性、利率与汇率,10,五、M1与M2剪刀差的历史梳理,货币与流动性,货币与流动性;信用债务与金融风险;房地产与城市化;汇率与国际收支;研究方法与证据;利率与债券市场;增长与总需求;财政与地方政府,跨市场与跨资产验证;资产负债表分析;可证伪假说;因果与相关区分,主体资产负债表;国内国际与资本流动;收入年龄与家庭分组,多市场一致性;时序与领先滞后,247,201,056-s009,,02_markdown_articles/056_2016-08-11_货币剪刀差背后的秘密.md,d00d0bab1df0442c2aff40b1129cca36949cd951a9fffcb48a35f8a4d6170656
057-s001,057,做空成本攀升 离岸人民币短线走强,2017-01-10,流动性、利率与汇率,1,内容提要,通胀与价格,通胀与价格;汇率与国际收支;货币与流动性;产业升级与制造业;消费收入与就业;产能库存与工业周期,国际与历史对标,主体资产负债表;国内国际与资本流动,时序与领先滞后,291,0,,057-s002,02_markdown_articles/057_2017-01-10_做空成本攀升_离岸人民币短线走强.md,eecc31fb560609b89c05f75433252443944167f49acc2c7bf44ab58087080a52
057-s002,057,做空成本攀升 离岸人民币短线走强,2017-01-10,流动性、利率与汇率,2,内容提要,通胀与价格,通胀与价格;汇率与国际收支;货币与流动性;产业升级与制造业;消费收入与就业;产能库存与工业周期,国际与历史对标,主体资产负债表;国内国际与资本流动,时序与领先滞后,342,207,057-s001,057-s003,02_markdown_articles/057_2017-01-10_做空成本攀升_离岸人民币短线走强.md,f19e8b4863a9160902234971cf1e405c33cf6b05d4ce1a6cc47b8be697e8fcc5
057-s003,057,做空成本攀升 离岸人民币短线走强,2017-01-10,流动性、利率与汇率,3,内容提要 > 1.做空成本攀升，离岸人民币对美元短线走强,通胀与价格,通胀与价格;汇率与国际收支;货币与流动性;产业升级与制造业;消费收入与就业;产能库存与工业周期,国际与历史对标,主体资产负债表;国内国际与资本流动,时序与领先滞后,292,198,057-s002,057-s004,02_markdown_articles/057_2017-01-10_做空成本攀升_离岸人民币短线走强.md,a657c65a3ee0d150e35faa4bdaf806642d9b2acd5a311d8712907b6906e08e68
057-s004,057,做空成本攀升 离岸人民币短线走强,2017-01-10,流动性、利率与汇率,4,内容提要 > 2.工业动能平稳，产品价格走弱,通胀与价格,通胀与价格;汇率与国际收支;货币与流动性;产业升级与制造业;消费收入与就业;产能库存与工业周期,国际与历史对标,主体资产负债表;国内国际与资本流动,时序与领先滞后,334,204,057-s003,057-s005,02_markdown_articles/057_2017-01-10_做空成本攀升_离岸人民币短线走强.md,d810c1a780aaefa4e9b188cf6450767676833a8b30b3f7442f2c0b879fe176b2
057-s005,057,做空成本攀升 离岸人民币短线走强,2017-01-10,流动性、利率与汇率,5,内容提要 > 3.CPI涨幅有限，银行间资金价格回落,通胀与价格,通胀与价格;汇率与国际收支;货币与流动性;产业升级与制造业;消费收入与就业;产能库存与工业周期,国际与历史对标,主体资产负债表;国内国际与资本流动,时序与领先滞后,681,210,057-s004,057-s006,02_markdown_articles/057_2017-01-10_做空成本攀升_离岸人民币短线走强.md,3a4294092fd8ab871f54c223627cc782173c5a8250789fc613b97533a6352486
057-s006,057,做空成本攀升 离岸人民币短线走强,2017-01-10,流动性、利率与汇率,6,内容提要 > 4.全球制造业PMI继续回升，美国就业市场稳健,通胀与价格,通胀与价格;汇率与国际收支;货币与流动性;产业升级与制造业;消费收入与就业;产能库存与工业周期,国际与历史对标,主体资产负债表;国内国际与资本流动,时序与领先滞后,493,199,057-s005,,02_markdown_articles/057_2017-01-10_做空成本攀升_离岸人民币短线走强.md,d6270253a2a292af3dc9e62269586a3d7aab75e245189057912fcf25707356f3
058-s001,058,政策利率上调 货币政策趋紧,2017-02-08,流动性、利率与汇率,1,内容提要,货币与流动性,货币与流动性;通胀与价格;利率与债券市场;房地产与城市化;金融制度与监管;汇率与国际收支;产业升级与制造业;消费收入与就业,广谱利率与流动性;国际与历史对标,国内国际与资本流动;主体资产负债表,自然实验与制度冲击,356,0,,058-s002,02_markdown_articles/058_2017-02-08_政策利率上调_货币政策趋紧.md,dc479db5d717820d7aed8de12edd04005b15260b9d8f993dcff5eb4313c63482
058-s002,058,政策利率上调 货币政策趋紧,2017-02-08,流动性、利率与汇率,2,一、政策利率上调，货币政策趋紧,货币与流动性,货币与流动性;通胀与价格;利率与债券市场;房地产与城市化;金融制度与监管;汇率与国际收支;产业升级与制造业;消费收入与就业,广谱利率与流动性;国际与历史对标,国内国际与资本流动;主体资产负债表,自然实验与制度冲击,933,201,058-s001,058-s003,02_markdown_articles/058_2017-02-08_政策利率上调_货币政策趋紧.md,18bfec93f87cdda4f7590eb6a73a3d00ae0d0137d914f9d4b18407e26186bf52
058-s003,058,政策利率上调 货币政策趋紧,2017-02-08,流动性、利率与汇率,3,二、重点城市商品房销售延续低迷，实体经济动能仍然稳健,货币与流动性,货币与流动性;通胀与价格;利率与债券市场;房地产与城市化;金融制度与监管;汇率与国际收支;产业升级与制造业;消费收入与就业,广谱利率与流动性;国际与历史对标,国内国际与资本流动;主体资产负债表,自然实验与制度冲击,516,215,058-s002,058-s004,02_markdown_articles/058_2017-02-08_政策利率上调_货币政策趋紧.md,e2e95c760ddc3a50372b398673a9276c5db03e4bc4d46195f1b498eac8c145ec
058-s004,058,政策利率上调 货币政策趋紧,2017-02-08,流动性、利率与汇率,4,三、PPI环比涨幅放缓，CPI上行压力有限,货币与流动性,货币与流动性;通胀与价格;利率与债券市场;房地产与城市化;金融制度与监管;汇率与国际收支;产业升级与制造业;消费收入与就业,广谱利率与流动性;国际与历史对标,国内国际与资本流动;主体资产负债表,自然实验与制度冲击,737,205,058-s003,058-s005,02_markdown_articles/058_2017-02-08_政策利率上调_货币政策趋紧.md,b0c6c8a3da8cac45f196680fdea8696805cba1b8f27b75090353b6ed19dac9c7
058-s005,058,政策利率上调 货币政策趋紧,2017-02-08,流动性、利率与汇率,5,四、发达国家经济活动继续改善，全球政治不确定性上升,货币与流动性,货币与流动性;通胀与价格;利率与债券市场;房地产与城市化;金融制度与监管;汇率与国际收支;产业升级与制造业;消费收入与就业,广谱利率与流动性;国际与历史对标,国内国际与资本流动;主体资产负债表,自然实验与制度冲击,747,209,058-s004,,02_markdown_articles/058_2017-02-08_政策利率上调_货币政策趋紧.md,587cc950c44057ea03fac514cfee2b8eb9410f3df9bc9be4a5ac1723262d348d
059-s001,059,影子体系资金从“脱实向虚”到“脱虚向实”,2017-07-10,流动性、利率与汇率,1,1、定义M3与广义社融,信用债务与金融风险,信用债务与金融风险;利率与债券市场;金融制度与监管;货币与流动性;股票与资本市场;汇率与国际收支;研究方法与证据,资产负债表分析;广谱利率与流动性,期限评级与信用层级;主体资产负债表;跨资产与市场谱系,自然实验与制度冲击;多市场一致性;会计与存量流量约束,295,0,,059-s002,02_markdown_articles/059_2017-07-10_影子体系资金从“脱实向虚”到“脱虚向实”.md,72ef79666f74f77fee078ae3d782db45386f61c00ad05edb1262c056a682f1ff
059-s002,059,影子体系资金从“脱实向虚”到“脱虚向实”,2017-07-10,流动性、利率与汇率,2,1、定义M3与广义社融,信用债务与金融风险,信用债务与金融风险;利率与债券市场;金融制度与监管;货币与流动性;股票与资本市场;汇率与国际收支;研究方法与证据,资产负债表分析;广谱利率与流动性,期限评级与信用层级;主体资产负债表;跨资产与市场谱系,自然实验与制度冲击;多市场一致性;会计与存量流量约束,666,200,059-s001,059-s003,02_markdown_articles/059_2017-07-10_影子体系资金从“脱实向虚”到“脱虚向实”.md,c79f43081233fa8c1a69d74e30919fb8bc90f5c9b565a34ea9d7bb2ee71c1b02
059-s003,059,影子体系资金从“脱实向虚”到“脱虚向实”,2017-07-10,流动性、利率与汇率,3,2、广义社融“向实”，M3与广义社融裂口“向虚”,信用债务与金融风险,信用债务与金融风险;利率与债券市场;金融制度与监管;货币与流动性;股票与资本市场;汇率与国际收支;研究方法与证据,资产负债表分析;广谱利率与流动性,期限评级与信用层级;主体资产负债表;跨资产与市场谱系,自然实验与制度冲击;多市场一致性;会计与存量流量约束,927,207,059-s002,059-s004,02_markdown_articles/059_2017-07-10_影子体系资金从“脱实向虚”到“脱虚向实”.md,1ff866aca344ff51a8a5da3ddddc2d09f05269cdd5732b0ad003c067f8993867
059-s004,059,影子体系资金从“脱实向虚”到“脱虚向实”,2017-07-10,流动性、利率与汇率,4,2、广义社融“向实”，M3与广义社融裂口“向虚”,信用债务与金融风险,信用债务与金融风险;利率与债券市场;金融制度与监管;货币与流动性;股票与资本市场;汇率与国际收支;研究方法与证据,资产负债表分析;广谱利率与流动性,期限评级与信用层级;主体资产负债表;跨资产与市场谱系,自然实验与制度冲击;多市场一致性;会计与存量流量约束,297,205,059-s003,059-s005,02_markdown_articles/059_2017-07-10_影子体系资金从“脱实向虚”到“脱虚向实”.md,880e8717d9ac316904941d79d40f9811a64c64dfe44232de1c392a7c65aab0f8
059-s005,059,影子体系资金从“脱实向虚”到“脱虚向实”,2017-07-10,流动性、利率与汇率,5,3、货币信贷增速差与债券净价涨跌,信用债务与金融风险,信用债务与金融风险;利率与债券市场;金融制度与监管;货币与流动性;股票与资本市场;汇率与国际收支;研究方法与证据,资产负债表分析;广谱利率与流动性,期限评级与信用层级;主体资产负债表;跨资产与市场谱系,自然实验与制度冲击;多市场一致性;会计与存量流量约束,1023,206,059-s004,059-s006,02_markdown_articles/059_2017-07-10_影子体系资金从“脱实向虚”到“脱虚向实”.md,c7ac7a3c843630d7a74ad576db0b59f0af9a711a0525f90cd863cfb20d1e1407
059-s006,059,影子体系资金从“脱实向虚”到“脱虚向实”,2017-07-10,流动性、利率与汇率,6,3、货币信贷增速差与债券净价涨跌,信用债务与金融风险,信用债务与金融风险;利率与债券市场;金融制度与监管;货币与流动性;股票与资本市场;汇率与国际收支;研究方法与证据,资产负债表分析;广谱利率与流动性,期限评级与信用层级;主体资产负债表;跨资产与市场谱系,自然实验与制度冲击;多市场一致性;会计与存量流量约束,293,203,059-s005,059-s007,02_markdown_articles/059_2017-07-10_影子体系资金从“脱实向虚”到“脱虚向实”.md,f618154e201abc8fa3336b8b40dc82dc9569804a91975f14346b1f60f33ef574
059-s007,059,影子体系资金从“脱实向虚”到“脱虚向实”,2017-07-10,流动性、利率与汇率,7,4、货币信贷差与债券信用利差,信用债务与金融风险,信用债务与金融风险;利率与债券市场;金融制度与监管;货币与流动性;股票与资本市场;汇率与国际收支;研究方法与证据,资产负债表分析;广谱利率与流动性,期限评级与信用层级;主体资产负债表;跨资产与市场谱系,自然实验与制度冲击;多市场一致性;会计与存量流量约束,439,205,059-s006,059-s008,02_markdown_articles/059_2017-07-10_影子体系资金从“脱实向虚”到“脱虚向实”.md,d689d5b33f5dab153b4d4960cefc72419fc0153744df50fec1ba069a6be71a70
059-s008,059,影子体系资金从“脱实向虚”到“脱虚向实”,2017-07-10,流动性、利率与汇率,8,1、M3与广义社融增速裂口的反向修复,信用债务与金融风险,信用债务与金融风险;利率与债券市场;金融制度与监管;货币与流动性;股票与资本市场;汇率与国际收支;研究方法与证据,资产负债表分析;广谱利率与流动性,期限评级与信用层级;主体资产负债表;跨资产与市场谱系,自然实验与制度冲击;多市场一致性;会计与存量流量约束,341,206,059-s007,059-s009,02_markdown_articles/059_2017-07-10_影子体系资金从“脱实向虚”到“脱虚向实”.md,cd1bffa7ad2c30e6bd459360c1c60808d6bedc70634eaf6d05f3fda9457ae336
059-s009,059,影子体系资金从“脱实向虚”到“脱虚向实”,2017-07-10,流动性、利率与汇率,9,2、过去一段时间实体部门融资需求企稳改善,信用债务与金融风险,信用债务与金融风险;利率与债券市场;金融制度与监管;货币与流动性;股票与资本市场;汇率与国际收支;研究方法与证据,资产负债表分析;广谱利率与流动性,期限评级与信用层级;主体资产负债表;跨资产与市场谱系,自然实验与制度冲击;多市场一致性;会计与存量流量约束,523,216,059-s008,059-s010,02_markdown_articles/059_2017-07-10_影子体系资金从“脱实向虚”到“脱虚向实”.md,b2305e2a0c882d1d37aee51b1a52738b35eb82f49b9c1fa57459bebce3eb8572
059-s010,059,影子体系资金从“脱实向虚”到“脱虚向实”,2017-07-10,流动性、利率与汇率,10,3、以去杠杆为导向的监管政策调整,信用债务与金融风险,信用债务与金融风险;利率与债券市场;金融制度与监管;货币与流动性;股票与资本市场;汇率与国际收支;研究方法与证据,资产负债表分析;广谱利率与流动性,期限评级与信用层级;主体资产负债表;跨资产与市场谱系,自然实验与制度冲击;多市场一致性;会计与存量流量约束,790,205,059-s009,,02_markdown_articles/059_2017-07-10_影子体系资金从“脱实向虚”到“脱虚向实”.md,9df8acd6eb3a64df4d9c0b227f3c6517fd51058b4d550b58c52fb22f2d68d3b3
060-s001,060,金融去杠杆对实体经济的冲击,2017-07-29,流动性、利率与汇率,1,正文,信用债务与金融风险,信用债务与金融风险;利率与债券市场;货币与流动性;财政与地方政府;贸易与全球经济;增长与总需求;房地产与城市化,资产负债表分析;国际与历史对标,主体资产负债表,时序与领先滞后,1082,0,,060-s002,02_markdown_articles/060_2017-07-29_金融去杠杆对实体经济的冲击.md,c50b8ad5c8143a168e382c49122585e7e4429eb4dcbcfcc4be9a70cddc95bf95
060-s002,060,金融去杠杆对实体经济的冲击,2017-07-29,流动性、利率与汇率,2,正文,信用债务与金融风险,信用债务与金融风险;利率与债券市场;货币与流动性;财政与地方政府;贸易与全球经济;增长与总需求;房地产与城市化,资产负债表分析;国际与历史对标,主体资产负债表,时序与领先滞后,1094,203,060-s001,060-s003,02_markdown_articles/060_2017-07-29_金融去杠杆对实体经济的冲击.md,909f35edb4fae4433fb5fefd40472be9450ae5d4c5a6049172af50e930b7c607
060-s003,060,金融去杠杆对实体经济的冲击,2017-07-29,流动性、利率与汇率,3,正文,信用债务与金融风险,信用债务与金融风险;利率与债券市场;货币与流动性;财政与地方政府;贸易与全球经济;增长与总需求;房地产与城市化,资产负债表分析;国际与历史对标,主体资产负债表,时序与领先滞后,913,202,060-s002,060-s004,02_markdown_articles/060_2017-07-29_金融去杠杆对实体经济的冲击.md,0475d62d49e09d4cacfefa8d7e7ec76f4a32fc3d3a764f058adcb34eda4625b1
060-s004,060,金融去杠杆对实体经济的冲击,2017-07-29,流动性、利率与汇率,4,正文,信用债务与金融风险,信用债务与金融风险;利率与债券市场;货币与流动性;财政与地方政府;贸易与全球经济;增长与总需求;房地产与城市化,资产负债表分析;国际与历史对标,主体资产负债表,时序与领先滞后,1079,205,060-s003,060-s005,02_markdown_articles/060_2017-07-29_金融去杠杆对实体经济的冲击.md,aaee8b9e8705c3082c39987ff8a5227c9d24069401e7e37cb2de24bda94ef1a7
060-s005,060,金融去杠杆对实体经济的冲击,2017-07-29,流动性、利率与汇率,5,正文,信用债务与金融风险,信用债务与金融风险;利率与债券市场;货币与流动性;财政与地方政府;贸易与全球经济;增长与总需求;房地产与城市化,资产负债表分析;国际与历史对标,主体资产负债表,时序与领先滞后,923,210,060-s004,,02_markdown_articles/060_2017-07-29_金融去杠杆对实体经济的冲击.md,6ca3a5540ac31a03c4268f4a60fb2d76bf9c6cdece952d71ae51301c39c2010c
061-s001,061,供应受限量跌价升 旺季需求有待检验,2017-09-21,流动性、利率与汇率,1,一、8月供应受限量跌价升,汇率与国际收支,汇率与国际收支;信用债务与金融风险;能源资源与碳转型;货币与流动性;产能库存与工业周期;房地产与城市化;贸易与全球经济;通胀与价格,价格—数量联合验证;资产负债表分析,行业横断面;国内国际与资本流动;地区与城市横断面,符号与量价组合;多市场一致性,291,0,,061-s002,02_markdown_articles/061_2017-09-21_供应受限量跌价升_旺季需求有待检验.md,820e14361e0ab5b414cd1fee17bb4029764df844c8015cf82881cda1d40349f4
061-s002,061,供应受限量跌价升 旺季需求有待检验,2017-09-21,流动性、利率与汇率,2,一、8月供应受限量跌价升,汇率与国际收支,汇率与国际收支;信用债务与金融风险;能源资源与碳转型;货币与流动性;产能库存与工业周期;房地产与城市化;贸易与全球经济;通胀与价格,价格—数量联合验证;资产负债表分析,行业横断面;国内国际与资本流动;地区与城市横断面,符号与量价组合;多市场一致性,931,208,061-s001,061-s003,02_markdown_articles/061_2017-09-21_供应受限量跌价升_旺季需求有待检验.md,0cb2c8704e54f615805d4de4cba424fbd4a6c26ba7bc89e1f933025cb3ae0378
061-s003,061,供应受限量跌价升 旺季需求有待检验,2017-09-21,流动性、利率与汇率,3,一、8月供应受限量跌价升,汇率与国际收支,汇率与国际收支;信用债务与金融风险;能源资源与碳转型;货币与流动性;产能库存与工业周期;房地产与城市化;贸易与全球经济;通胀与价格,价格—数量联合验证;资产负债表分析,行业横断面;国内国际与资本流动;地区与城市横断面,符号与量价组合;多市场一致性,317,207,061-s002,061-s004,02_markdown_articles/061_2017-09-21_供应受限量跌价升_旺季需求有待检验.md,f66d059b7f49b7463095ec5f6cabb85376059ef748f50b8ac0286702d781e807
061-s004,061,供应受限量跌价升 旺季需求有待检验,2017-09-21,流动性、利率与汇率,4,二、旺季成色不足风险需要认真评估,汇率与国际收支,汇率与国际收支;信用债务与金融风险;能源资源与碳转型;货币与流动性;产能库存与工业周期;房地产与城市化;贸易与全球经济;通胀与价格,价格—数量联合验证;资产负债表分析,行业横断面;国内国际与资本流动;地区与城市横断面,符号与量价组合;多市场一致性,667,203,061-s003,061-s005,02_markdown_articles/061_2017-09-21_供应受限量跌价升_旺季需求有待检验.md,fbebb4f557edde32ad8508f90e4e59e8c7dade6c36fba31eae3173d49d253b4d
061-s005,061,供应受限量跌价升 旺季需求有待检验,2017-09-21,流动性、利率与汇率,5,三、货币信贷增速差继续走扩，金融去杠杆方向不变,汇率与国际收支,汇率与国际收支;信用债务与金融风险;能源资源与碳转型;货币与流动性;产能库存与工业周期;房地产与城市化;贸易与全球经济;通胀与价格,价格—数量联合验证;资产负债表分析,行业横断面;国内国际与资本流动;地区与城市横断面,符号与量价组合;多市场一致性,863,214,061-s004,061-s006,02_markdown_articles/061_2017-09-21_供应受限量跌价升_旺季需求有待检验.md,ab8bcace2b7bc56a6404dca7cc6a0d90ab9e5703e5c1ad6f6cba1ebed46dd768
061-s006,061,供应受限量跌价升 旺季需求有待检验,2017-09-21,流动性、利率与汇率,6,四、外汇占款降幅收窄，国际原油价格强势,汇率与国际收支,汇率与国际收支;信用债务与金融风险;能源资源与碳转型;货币与流动性;产能库存与工业周期;房地产与城市化;贸易与全球经济;通胀与价格,价格—数量联合验证;资产负债表分析,行业横断面;国内国际与资本流动;地区与城市横断面,符号与量价组合;多市场一致性,636,209,061-s005,,02_markdown_articles/061_2017-09-21_供应受限量跌价升_旺季需求有待检验.md,374b7b3e366b5305ad831da591e1643f360137b513820c263371a179a0213127
062-s001,062,我对“将央行发行货币视为股权”这一理论的思考,2017-11-16,流动性、利率与汇率,1,正文,研究方法与证据,研究方法与证据;货币与流动性;企业盈利与资产负债表;信用债务与金融风险,资产负债表分析,主体资产负债表,会计与存量流量约束,913,0,,062-s002,02_markdown_articles/062_2017-11-16_我对“将央行发行货币视为股权”这一理论的思考.md,e53d2a3a689623d47000fa5378b1075d330db8d84ceae87e766ade9b822123ae
062-s002,062,我对“将央行发行货币视为股权”这一理论的思考,2017-11-16,流动性、利率与汇率,2,正文,研究方法与证据,研究方法与证据;货币与流动性;企业盈利与资产负债表;信用债务与金融风险,资产负债表分析,主体资产负债表,会计与存量流量约束,721,203,062-s001,,02_markdown_articles/062_2017-11-16_我对“将央行发行货币视为股权”这一理论的思考.md,129fac3787e7aebb5dbca0299dcb70a0cf9c6936b19a99fecdbed68ec782d17e
063-s001,063,真正的汇率市场化是最安全的堤坝,2018-03-07,流动性、利率与汇率,1,正文,汇率与国际收支,汇率与国际收支;货币与流动性;研究方法与证据,左侧—右侧判断;情景与预测复盘,国内国际与资本流动,时序与领先滞后,979,0,,063-s002,02_markdown_articles/063_2018-03-07_真正的汇率市场化是最安全的堤坝.md,9019dc8439465a4f5413084c80cf3eb8df227dcbc184f57dd8205cd06728482a
063-s002,063,真正的汇率市场化是最安全的堤坝,2018-03-07,流动性、利率与汇率,2,正文,汇率与国际收支,汇率与国际收支;货币与流动性;研究方法与证据,左侧—右侧判断;情景与预测复盘,国内国际与资本流动,时序与领先滞后,943,209,063-s001,063-s003,02_markdown_articles/063_2018-03-07_真正的汇率市场化是最安全的堤坝.md,765ed0dc248cb088abfa5208952ab5b7051cd2b628347758a5d197280680726d
063-s003,063,真正的汇率市场化是最安全的堤坝,2018-03-07,流动性、利率与汇率,3,正文,汇率与国际收支,汇率与国际收支;货币与流动性;研究方法与证据,左侧—右侧判断;情景与预测复盘,国内国际与资本流动,时序与领先滞后,508,204,063-s002,,02_markdown_articles/063_2018-03-07_真正的汇率市场化是最安全的堤坝.md,e74d890ea67c6408db96711d8d14138b2f1989cbd77a64306d236947596edf59
064-s001,064,出台救济政策比刺激政策更为紧迫,2020-04-05,流动性、利率与汇率,1,正文,疫情冲击与宏观应对,疫情冲击与宏观应对;汇率与国际收支;货币与流动性;企业盈利与资产负债表;研究方法与证据;财政与地方政府,存量—流量与会计闭合;广谱利率与流动性;资产负债表分析,主体资产负债表;国内国际与资本流动;收入年龄与家庭分组,自然实验与制度冲击;会计与存量流量约束,1129,0,,064-s002,02_markdown_articles/064_2020-04-05_出台救济政策比刺激政策更为紧迫.md,5809fd78d72951baec0a0917d26bd643d77b8fe24a83fa92aac0c84bee272c16
064-s002,064,出台救济政策比刺激政策更为紧迫,2020-04-05,流动性、利率与汇率,2,正文,疫情冲击与宏观应对,疫情冲击与宏观应对;汇率与国际收支;货币与流动性;企业盈利与资产负债表;研究方法与证据;财政与地方政府,存量—流量与会计闭合;广谱利率与流动性;资产负债表分析,主体资产负债表;国内国际与资本流动;收入年龄与家庭分组,自然实验与制度冲击;会计与存量流量约束,935,201,064-s001,064-s003,02_markdown_articles/064_2020-04-05_出台救济政策比刺激政策更为紧迫.md,565daa7f546040d97a8e36b310fb188abf815600dcd974eae73b59c66d0c3e88
064-s003,064,出台救济政策比刺激政策更为紧迫,2020-04-05,流动性、利率与汇率,3,正文,疫情冲击与宏观应对,疫情冲击与宏观应对;汇率与国际收支;货币与流动性;企业盈利与资产负债表;研究方法与证据;财政与地方政府,存量—流量与会计闭合;广谱利率与流动性;资产负债表分析,主体资产负债表;国内国际与资本流动;收入年龄与家庭分组,自然实验与制度冲击;会计与存量流量约束,1026,208,064-s002,,02_markdown_articles/064_2020-04-05_出台救济政策比刺激政策更为紧迫.md,91ac7d198ad4ca1b20570b168b5c69587b3e355bb0c109c400b4122d81b1e4cc
065-s001,065,分析人民币汇率要避免的几个误区,2020-11-07,流动性、利率与汇率,1,正文,货币与流动性,货币与流动性;汇率与国际收支;研究方法与证据,国际与历史对标,国内国际与资本流动,自然实验与制度冲击,921,0,,065-s002,02_markdown_articles/065_2020-11-07_分析人民币汇率要避免的几个误区.md,a56f230dc3d9b4754e4720b7b8082acebbd11c7a92a09bfaeccfcf6f45411c32
065-s002,065,分析人民币汇率要避免的几个误区,2020-11-07,流动性、利率与汇率,2,正文,货币与流动性,货币与流动性;汇率与国际收支;研究方法与证据,国际与历史对标,国内国际与资本流动,自然实验与制度冲击,711,210,065-s001,,02_markdown_articles/065_2020-11-07_分析人民币汇率要避免的几个误区.md,0070967a25899b6de2384362321ad9f28c0b16aeb4c0acc28037ff737e29df67
066-s001,066,走向2035的中国经济,2021-02-10,流动性、利率与汇率,1,正文,货币与流动性,货币与流动性;汇率与国际收支;增长与总需求;研究方法与证据;产业升级与制造业;通胀与价格;消费收入与就业,国际与历史对标;情景与预测复盘,国内国际与资本流动;收入年龄与家庭分组;主体资产负债表,时序与领先滞后,910,0,,066-s002,02_markdown_articles/066_2021-02-10_走向2035的中国经济.md,d5174d47ff1944a44615c86ab447e603ff772b108d406103f84d1791c70aa7c2
066-s002,066,走向2035的中国经济,2021-02-10,流动性、利率与汇率,2,正文,货币与流动性,货币与流动性;汇率与国际收支;增长与总需求;研究方法与证据;产业升级与制造业;通胀与价格;消费收入与就业,国际与历史对标;情景与预测复盘,国内国际与资本流动;收入年龄与家庭分组;主体资产负债表,时序与领先滞后,906,199,066-s001,066-s003,02_markdown_articles/066_2021-02-10_走向2035的中国经济.md,fa23587a2201bfb9cefd7c34e133168dd9c9d3d1c33c76dcc1e0cb23300f4457
066-s003,066,走向2035的中国经济,2021-02-10,流动性、利率与汇率,3,正文,货币与流动性,货币与流动性;汇率与国际收支;增长与总需求;研究方法与证据;产业升级与制造业;通胀与价格;消费收入与就业,国际与历史对标;情景与预测复盘,国内国际与资本流动;收入年龄与家庭分组;主体资产负债表,时序与领先滞后,944,209,066-s002,066-s004,02_markdown_articles/066_2021-02-10_走向2035的中国经济.md,9a9289d48e721ce43c827e15891843d3767a7d732eb588f851c2d76fea77e5c3
066-s004,066,走向2035的中国经济,2021-02-10,流动性、利率与汇率,4,正文,货币与流动性,货币与流动性;汇率与国际收支;增长与总需求;研究方法与证据;产业升级与制造业;通胀与价格;消费收入与就业,国际与历史对标;情景与预测复盘,国内国际与资本流动;收入年龄与家庭分组;主体资产负债表,时序与领先滞后,954,205,066-s003,066-s005,02_markdown_articles/066_2021-02-10_走向2035的中国经济.md,f8c139c662c6838662836f029754f6e9ad347ec689b4b3a3d95b1b4a337e4c66
066-s005,066,走向2035的中国经济,2021-02-10,流动性、利率与汇率,5,正文,货币与流动性,货币与流动性;汇率与国际收支;增长与总需求;研究方法与证据;产业升级与制造业;通胀与价格;消费收入与就业,国际与历史对标;情景与预测复盘,国内国际与资本流动;收入年龄与家庭分组;主体资产负债表,时序与领先滞后,1039,201,066-s004,066-s006,02_markdown_articles/066_2021-02-10_走向2035的中国经济.md,6d0692f09c36209594aa4e58962f31ac951ecd323b38e590bf405c01e29f0b8d
066-s006,066,走向2035的中国经济,2021-02-10,流动性、利率与汇率,6,正文,货币与流动性,货币与流动性;汇率与国际收支;增长与总需求;研究方法与证据;产业升级与制造业;通胀与价格;消费收入与就业,国际与历史对标;情景与预测复盘,国内国际与资本流动;收入年龄与家庭分组;主体资产负债表,时序与领先滞后,926,211,066-s005,066-s007,02_markdown_articles/066_2021-02-10_走向2035的中国经济.md,5a5c7e937fc091034d36fff1c07eb25d63a0060b5a2d5d359b2784ffdbd917b4
066-s007,066,走向2035的中国经济,2021-02-10,流动性、利率与汇率,7,总结,货币与流动性,货币与流动性;汇率与国际收支;增长与总需求;研究方法与证据;产业升级与制造业;通胀与价格;消费收入与就业,国际与历史对标;情景与预测复盘,国内国际与资本流动;收入年龄与家庭分组;主体资产负债表,时序与领先滞后,297,202,066-s006,066-s008,02_markdown_articles/066_2021-02-10_走向2035的中国经济.md,8e844031404c8393f3addbb534f03b1a10a5c6b9dd3901bbf81894b2eac9a693
066-s008,066,走向2035的中国经济,2021-02-10,流动性、利率与汇率,8,总结,货币与流动性,货币与流动性;汇率与国际收支;增长与总需求;研究方法与证据;产业升级与制造业;通胀与价格;消费收入与就业,国际与历史对标;情景与预测复盘,国内国际与资本流动;收入年龄与家庭分组;主体资产负债表,时序与领先滞后,357,202,066-s007,,02_markdown_articles/066_2021-02-10_走向2035的中国经济.md,7805bec972015129a89c5de1381dce9a353485bc9df7a4786cde38319f55dc9f
067-s001,067,当前金融市场调整或于7月前结束　短期波动背后的若干事实值得注意,2021-03-10,流动性、利率与汇率,1,正文,利率与债券市场,利率与债券市场;股票与资本市场;汇率与国际收支;通胀与价格;潜在增长与人口;疫情冲击与宏观应对;货币与流动性,国际与历史对标,国内国际与资本流动,自然实验与制度冲击;会计与存量流量约束,1021,0,,067-s002,02_markdown_articles/067_2021-03-10_当前金融市场调整或于7月前结束_短期波动背后的若干事实值得注意.md,56e5f53a5cbface1d94c7c4179fc51e2202b3598bfb5af748e98a3f4e8646742
067-s002,067,当前金融市场调整或于7月前结束　短期波动背后的若干事实值得注意,2021-03-10,流动性、利率与汇率,2,正文,利率与债券市场,利率与债券市场;股票与资本市场;汇率与国际收支;通胀与价格;潜在增长与人口;疫情冲击与宏观应对;货币与流动性,国际与历史对标,国内国际与资本流动,自然实验与制度冲击;会计与存量流量约束,922,208,067-s001,067-s003,02_markdown_articles/067_2021-03-10_当前金融市场调整或于7月前结束_短期波动背后的若干事实值得注意.md,8863319bea84a550af394492cb53c66212a3238fb727a7e37064915817fe2d40
067-s003,067,当前金融市场调整或于7月前结束　短期波动背后的若干事实值得注意,2021-03-10,流动性、利率与汇率,3,正文,利率与债券市场,利率与债券市场;股票与资本市场;汇率与国际收支;通胀与价格;潜在增长与人口;疫情冲击与宏观应对;货币与流动性,国际与历史对标,国内国际与资本流动,自然实验与制度冲击;会计与存量流量约束,912,201,067-s002,067-s004,02_markdown_articles/067_2021-03-10_当前金融市场调整或于7月前结束_短期波动背后的若干事实值得注意.md,1d2c6816fc598d18ceb10aabca4bd494852acaf17ed94fada50406a35e068619
067-s004,067,当前金融市场调整或于7月前结束　短期波动背后的若干事实值得注意,2021-03-10,流动性、利率与汇率,4,正文,利率与债券市场,利率与债券市场;股票与资本市场;汇率与国际收支;通胀与价格;潜在增长与人口;疫情冲击与宏观应对;货币与流动性,国际与历史对标,国内国际与资本流动,自然实验与制度冲击;会计与存量流量约束,962,210,067-s003,067-s005,02_markdown_articles/067_2021-03-10_当前金融市场调整或于7月前结束_短期波动背后的若干事实值得注意.md,f99c25fa25763a7755c3aaf5da66f1751e6ca1ec5ae42a550636698784bbe18a
067-s005,067,当前金融市场调整或于7月前结束　短期波动背后的若干事实值得注意,2021-03-10,流动性、利率与汇率,5,正文,利率与债券市场,利率与债券市场;股票与资本市场;汇率与国际收支;通胀与价格;潜在增长与人口;疫情冲击与宏观应对;货币与流动性,国际与历史对标,国内国际与资本流动,自然实验与制度冲击;会计与存量流量约束,845,215,067-s004,,02_markdown_articles/067_2021-03-10_当前金融市场调整或于7月前结束_短期波动背后的若干事实值得注意.md,acad35db33890be9376f96c43e0f65f625755a519974909eddcf16ad5bb48e37
068-s001,068,对近期经济金融形势的观察与研判,2022-05-31,流动性、利率与汇率,1,正文,利率与债券市场,利率与债券市场;汇率与国际收支;货币与流动性;股票与资本市场;消费收入与就业;疫情冲击与宏观应对,国际与历史对标,国内国际与资本流动;收入年龄与家庭分组;主体资产负债表,自然实验与制度冲击;会计与存量流量约束;多市场一致性,906,0,,068-s002,02_markdown_articles/068_2022-05-31_对近期经济金融形势的观察与研判.md,824066a895d84a5e9b5fcf62aa0b2d936b4406d4867871190e8fb20c8791727f
068-s002,068,对近期经济金融形势的观察与研判,2022-05-31,流动性、利率与汇率,2,正文,利率与债券市场,利率与债券市场;汇率与国际收支;货币与流动性;股票与资本市场;消费收入与就业;疫情冲击与宏观应对,国际与历史对标,国内国际与资本流动;收入年龄与家庭分组;主体资产负债表,自然实验与制度冲击;会计与存量流量约束;多市场一致性,961,199,068-s001,068-s003,02_markdown_articles/068_2022-05-31_对近期经济金融形势的观察与研判.md,43de27c7f480de223039cd4aee667b9a5e9b9152ad8c67a0fc29dde5969be95e
068-s003,068,对近期经济金融形势的观察与研判,2022-05-31,流动性、利率与汇率,3,正文,利率与债券市场,利率与债券市场;汇率与国际收支;货币与流动性;股票与资本市场;消费收入与就业;疫情冲击与宏观应对,国际与历史对标,国内国际与资本流动;收入年龄与家庭分组;主体资产负债表,自然实验与制度冲击;会计与存量流量约束;多市场一致性,596,199,068-s002,,02_markdown_articles/068_2022-05-31_对近期经济金融形势的观察与研判.md,0af7c1854a1b7224c85974f542e64684835869d5375dca1042fbac24f80c9d6e
069-s001,069,事情正在起变化,2010-12-14,资本市场与金融风险,1,正文,通胀与价格,通胀与价格;股票与资本市场;货币与流动性;贸易与全球经济,广谱利率与流动性,主体资产负债表,时序与领先滞后,1006,0,,069-s002,02_markdown_articles/069_2010-12-14_事情正在起变化.md,5ed857513e10638b05dc683214f99b65eea2a5fc47ef8193a03be5fc911708c8
069-s002,069,事情正在起变化,2010-12-14,资本市场与金融风险,2,正文,通胀与价格,通胀与价格;股票与资本市场;货币与流动性;贸易与全球经济,广谱利率与流动性,主体资产负债表,时序与领先滞后,418,202,069-s001,,02_markdown_articles/069_2010-12-14_事情正在起变化.md,51db331d4d61fbea9040abcf2b12102e4d3cdc2f227a394a8cca42ef1ad1e4ec
070-s001,070,资产重估理论概述之三：资产配置优化——实体经济与金融市场的共同调整,2011-12-08,资本市场与金融风险,1,一、封闭经济体,研究方法与证据,研究方法与证据;贸易与全球经济;股票与资本市场;利率与债券市场;房地产与城市化,可证伪假说,跨资产与市场谱系;主体资产负债表,会计与存量流量约束;多市场一致性,285,0,,070-s002,02_markdown_articles/070_2011-12-08_资产重估理论概述之三_资产配置优化——实体经济与金融市场的共同调整.md,8df2f62576b067154aeb84be5bc2251975d93850887835ec8507936cfca84b40
070-s002,070,资产重估理论概述之三：资产配置优化——实体经济与金融市场的共同调整,2011-12-08,资本市场与金融风险,2,一、封闭经济体,研究方法与证据,研究方法与证据;贸易与全球经济;股票与资本市场;利率与债券市场;房地产与城市化,可证伪假说,跨资产与市场谱系;主体资产负债表,会计与存量流量约束;多市场一致性,1065,203,070-s001,070-s003,02_markdown_articles/070_2011-12-08_资产重估理论概述之三_资产配置优化——实体经济与金融市场的共同调整.md,074dcf59ed6bf6a296000a4dd8bb98b0ea92be53f4f0b3e8a9be5dda192a257b
070-s003,070,资产重估理论概述之三：资产配置优化——实体经济与金融市场的共同调整,2011-12-08,资本市场与金融风险,3,一、封闭经济体,研究方法与证据,研究方法与证据;贸易与全球经济;股票与资本市场;利率与债券市场;房地产与城市化,可证伪假说,跨资产与市场谱系;主体资产负债表,会计与存量流量约束;多市场一致性,261,215,070-s002,070-s004,02_markdown_articles/070_2011-12-08_资产重估理论概述之三_资产配置优化——实体经济与金融市场的共同调整.md,8f4e5df93c95660b2f552181ae958e597f8f2f6d51470ac7fcf92f8661585e78
070-s004,070,资产重估理论概述之三：资产配置优化——实体经济与金融市场的共同调整,2011-12-08,资本市场与金融风险,4,二、开放经济体,研究方法与证据,研究方法与证据;贸易与全球经济;股票与资本市场;利率与债券市场;房地产与城市化,可证伪假说,跨资产与市场谱系;主体资产负债表,会计与存量流量约束;多市场一致性,769,215,070-s003,070-s005,02_markdown_articles/070_2011-12-08_资产重估理论概述之三_资产配置优化——实体经济与金融市场的共同调整.md,e2df9ac42e5c608bee0c1ab6ece192e617cde31ba5090271c7fba7e81c75ef20
070-s005,070,资产重估理论概述之三：资产配置优化——实体经济与金融市场的共同调整,2011-12-08,资本市场与金融风险,5,三、狭义均衡分析的有效性,研究方法与证据,研究方法与证据;贸易与全球经济;股票与资本市场;利率与债券市场;房地产与城市化,可证伪假说,跨资产与市场谱系;主体资产负债表,会计与存量流量约束;多市场一致性,327,205,070-s004,,02_markdown_articles/070_2011-12-08_资产重估理论概述之三_资产配置优化——实体经济与金融市场的共同调整.md,c5671eab9066136a168cd80ac44073b467e0cedbed59dbb69f334d109c39d41f
071-s001,071,向死而生,2011-12-15,资本市场与金融风险,1,内容提要,股票与资本市场,股票与资本市场;货币与流动性;房地产与城市化;信用债务与金融风险;增长与总需求;贸易与全球经济;消费收入与就业;财政与地方政府,广谱利率与流动性;资产负债表分析;跨市场与跨资产验证;国际与历史对标;名义—实际拆分,主体资产负债表;国内国际与资本流动;收入年龄与家庭分组,会计与存量流量约束;时序与领先滞后,355,0,,071-s002,02_markdown_articles/071_2011-12-15_向死而生.md,fd1104f8c428ed4ab6c5abc3b062ed1e187395a8ea96510c62423d189482e6ea
071-s002,071,向死而生,2011-12-15,资本市场与金融风险,2,内容提要,股票与资本市场,股票与资本市场;货币与流动性;房地产与城市化;信用债务与金融风险;增长与总需求;贸易与全球经济;消费收入与就业;财政与地方政府,广谱利率与流动性;资产负债表分析;跨市场与跨资产验证;国际与历史对标;名义—实际拆分,主体资产负债表;国内国际与资本流动;收入年龄与家庭分组,会计与存量流量约束;时序与领先滞后,269,204,071-s001,071-s003,02_markdown_articles/071_2011-12-15_向死而生.md,5fae4a5acc6f2818f4dce5b3cd4480cf0067315dd630807e461d7aa6ca0f1527
071-s003,071,向死而生,2011-12-15,资本市场与金融风险,3,一、当前的经济增长：细数其中冰与火 > （一）全球经济放缓，趋势尚未结束,股票与资本市场,股票与资本市场;货币与流动性;房地产与城市化;信用债务与金融风险;增长与总需求;贸易与全球经济;消费收入与就业;财政与地方政府,广谱利率与流动性;资产负债表分析;跨市场与跨资产验证;国际与历史对标;名义—实际拆分,主体资产负债表;国内国际与资本流动;收入年龄与家庭分组,会计与存量流量约束;时序与领先滞后,519,197,071-s002,071-s004,02_markdown_articles/071_2011-12-15_向死而生.md,fbaca147829f3e5b09ce10de4875f8fd09639bce04a925d7ae96fd64e3df8102
071-s004,071,向死而生,2011-12-15,资本市场与金融风险,4,一、当前的经济增长：细数其中冰与火 > （二）房地产开发投资下降,股票与资本市场,股票与资本市场;货币与流动性;房地产与城市化;信用债务与金融风险;增长与总需求;贸易与全球经济;消费收入与就业;财政与地方政府,广谱利率与流动性;资产负债表分析;跨市场与跨资产验证;国际与历史对标;名义—实际拆分,主体资产负债表;国内国际与资本流动;收入年龄与家庭分组,会计与存量流量约束;时序与领先滞后,442,206,071-s003,071-s005,02_markdown_articles/071_2011-12-15_向死而生.md,b1dfe0dd72941da6d1c0afe3e6211e743e23b2d9bfba02d53253db39af5317ab
071-s005,071,向死而生,2011-12-15,资本市场与金融风险,5,一、当前的经济增长：细数其中冰与火 > （三）消费对经济的负面影响可能正在消退,股票与资本市场,股票与资本市场;货币与流动性;房地产与城市化;信用债务与金融风险;增长与总需求;贸易与全球经济;消费收入与就业;财政与地方政府,广谱利率与流动性;资产负债表分析;跨市场与跨资产验证;国际与历史对标;名义—实际拆分,主体资产负债表;国内国际与资本流动;收入年龄与家庭分组,会计与存量流量约束;时序与领先滞后,481,206,071-s004,071-s006,02_markdown_articles/071_2011-12-15_向死而生.md,fcd2fbb595ec7dadb44c887555fa0c5e5c596eae905d4091bc299f37881396d7
071-s006,071,向死而生,2011-12-15,资本市场与金融风险,6,一、当前的经济增长：细数其中冰与火 > （四）基建投资企稳回升可期,股票与资本市场,股票与资本市场;货币与流动性;房地产与城市化;信用债务与金融风险;增长与总需求;贸易与全球经济;消费收入与就业;财政与地方政府,广谱利率与流动性;资产负债表分析;跨市场与跨资产验证;国际与历史对标;名义—实际拆分,主体资产负债表;国内国际与资本流动;收入年龄与家庭分组,会计与存量流量约束;时序与领先滞后,269,215,071-s005,071-s007,02_markdown_articles/071_2011-12-15_向死而生.md,e14acdcc88ee50b83ebfefffb939b5010364a6bef773697914403690f30287a1
071-s007,071,向死而生,2011-12-15,资本市场与金融风险,7,一、当前的经济增长：细数其中冰与火 > （五）制造业投资的上升趋势值得关注,股票与资本市场,股票与资本市场;货币与流动性;房地产与城市化;信用债务与金融风险;增长与总需求;贸易与全球经济;消费收入与就业;财政与地方政府,广谱利率与流动性;资产负债表分析;跨市场与跨资产验证;国际与历史对标;名义—实际拆分,主体资产负债表;国内国际与资本流动;收入年龄与家庭分组,会计与存量流量约束;时序与领先滞后,917,203,071-s006,071-s008,02_markdown_articles/071_2011-12-15_向死而生.md,7103dae901fec416313e7073b24f5ec52e1b354d4705d1d3ffef6a1254eb7c77
071-s008,071,向死而生,2011-12-15,资本市场与金融风险,8,一、当前的经济增长：细数其中冰与火 > （五）制造业投资的上升趋势值得关注,股票与资本市场,股票与资本市场;货币与流动性;房地产与城市化;信用债务与金融风险;增长与总需求;贸易与全球经济;消费收入与就业;财政与地方政府,广谱利率与流动性;资产负债表分析;跨市场与跨资产验证;国际与历史对标;名义—实际拆分,主体资产负债表;国内国际与资本流动;收入年龄与家庭分组,会计与存量流量约束;时序与领先滞后,786,215,071-s007,071-s009,02_markdown_articles/071_2011-12-15_向死而生.md,37f8dce70ee6e2fb8899a5b65f43bbb67ad931ceefa98ff8acedff09e2bbeff8
071-s009,071,向死而生,2011-12-15,资本市场与金融风险,9,二、经济增长展望：如何全面走稳而不是“技术性反弹”,股票与资本市场,股票与资本市场;货币与流动性;房地产与城市化;信用债务与金融风险;增长与总需求;贸易与全球经济;消费收入与就业;财政与地方政府,广谱利率与流动性;资产负债表分析;跨市场与跨资产验证;国际与历史对标;名义—实际拆分,主体资产负债表;国内国际与资本流动;收入年龄与家庭分组,会计与存量流量约束;时序与领先滞后,324,210,071-s008,071-s010,02_markdown_articles/071_2011-12-15_向死而生.md,15c05829d123c179f50fde0fe0b4b3ae388916410fcb44f6db9906b7779b7c8b
071-s010,071,向死而生,2011-12-15,资本市场与金融风险,10,二、经济增长展望：如何全面走稳而不是“技术性反弹” > （二）资金面的实质放松才能推动私人部门投资加速，并最终使得经济全面稳定,股票与资本市场,股票与资本市场;货币与流动性;房地产与城市化;信用债务与金融风险;增长与总需求;贸易与全球经济;消费收入与就业;财政与地方政府,广谱利率与流动性;资产负债表分析;跨市场与跨资产验证;国际与历史对标;名义—实际拆分,主体资产负债表;国内国际与资本流动;收入年龄与家庭分组,会计与存量流量约束;时序与领先滞后,287,201,071-s009,071-s011,02_markdown_articles/071_2011-12-15_向死而生.md,d7606b6cf7adac320697e3c96b55d3b0bdb6d5dccc17fc64a88298decfd2599a
071-s011,071,向死而生,2011-12-15,资本市场与金融风险,11,三、资金紧张解析：通货膨胀、期限失配还是实体经济部门去杠杆？,股票与资本市场,股票与资本市场;货币与流动性;房地产与城市化;信用债务与金融风险;增长与总需求;贸易与全球经济;消费收入与就业;财政与地方政府,广谱利率与流动性;资产负债表分析;跨市场与跨资产验证;国际与历史对标;名义—实际拆分,主体资产负债表;国内国际与资本流动;收入年龄与家庭分组,会计与存量流量约束;时序与领先滞后,308,207,071-s010,071-s012,02_markdown_articles/071_2011-12-15_向死而生.md,8aebc966f1442bd0564f1edb036bc688d06c0e88d13c2647e9b0773f9282a9be
071-s012,071,向死而生,2011-12-15,资本市场与金融风险,12,三、资金紧张解析：通货膨胀、期限失配还是实体经济部门去杠杆？ > （一）全社会资金紧张状况是影响资产价格更为基本的力量,股票与资本市场,股票与资本市场;货币与流动性;房地产与城市化;信用债务与金融风险;增长与总需求;贸易与全球经济;消费收入与就业;财政与地方政府,广谱利率与流动性;资产负债表分析;跨市场与跨资产验证;国际与历史对标;名义—实际拆分,主体资产负债表;国内国际与资本流动;收入年龄与家庭分组,会计与存量流量约束;时序与领先滞后,596,210,071-s011,071-s013,02_markdown_articles/071_2011-12-15_向死而生.md,05950abdc935ebb59e62b5643b875ccd9a44448178ecb8af5702a09ae3dede66
071-s013,071,向死而生,2011-12-15,资本市场与金融风险,13,三、资金紧张解析：通货膨胀、期限失配还是实体经济部门去杠杆？ > （二）本轮调控期间短期资金成本上升幅度更高、持续时间显著更长，值得推敲,股票与资本市场,股票与资本市场;货币与流动性;房地产与城市化;信用债务与金融风险;增长与总需求;贸易与全球经济;消费收入与就业;财政与地方政府,广谱利率与流动性;资产负债表分析;跨市场与跨资产验证;国际与历史对标;名义—实际拆分,主体资产负债表;国内国际与资本流动;收入年龄与家庭分组,会计与存量流量约束;时序与领先滞后,1036,201,071-s012,071-s014,02_markdown_articles/071_2011-12-15_向死而生.md,01e8d4a3a77410e0d78fc380a379d92a110615c32885cb01b46e7bf3a513193b
071-s014,071,向死而生,2011-12-15,资本市场与金融风险,14,三、资金紧张解析：通货膨胀、期限失配还是实体经济部门去杠杆？ > （二）本轮调控期间短期资金成本上升幅度更高、持续时间显著更长，值得推敲,股票与资本市场,股票与资本市场;货币与流动性;房地产与城市化;信用债务与金融风险;增长与总需求;贸易与全球经济;消费收入与就业;财政与地方政府,广谱利率与流动性;资产负债表分析;跨市场与跨资产验证;国际与历史对标;名义—实际拆分,主体资产负债表;国内国际与资本流动;收入年龄与家庭分组,会计与存量流量约束;时序与领先滞后,318,207,071-s013,071-s015,02_markdown_articles/071_2011-12-15_向死而生.md,4181ac7768aaf95368717c1a0e0f06ced991ab2ad41df69802eb6603a27c2eb9
071-s015,071,向死而生,2011-12-15,资本市场与金融风险,15,三、资金紧张解析：通货膨胀、期限失配还是实体经济部门去杠杆？ > （三）现金强劲需求的原因：三种可能的解释,股票与资本市场,股票与资本市场;货币与流动性;房地产与城市化;信用债务与金融风险;增长与总需求;贸易与全球经济;消费收入与就业;财政与地方政府,广谱利率与流动性;资产负债表分析;跨市场与跨资产验证;国际与历史对标;名义—实际拆分,主体资产负债表;国内国际与资本流动;收入年龄与家庭分组,会计与存量流量约束;时序与领先滞后,976,199,071-s014,071-s016,02_markdown_articles/071_2011-12-15_向死而生.md,879fe095caddaa10786868fddb375608855e211fdee91faedb61dad0635ecbf2
071-s016,071,向死而生,2011-12-15,资本市场与金融风险,16,四、资金面趋势：实质性放松仍具不确定性 > （一）流动性供求分析：不确定性来自与资产市场调整相联系的资金需求,股票与资本市场,股票与资本市场;货币与流动性;房地产与城市化;信用债务与金融风险;增长与总需求;贸易与全球经济;消费收入与就业;财政与地方政府,广谱利率与流动性;资产负债表分析;跨市场与跨资产验证;国际与历史对标;名义—实际拆分,主体资产负债表;国内国际与资本流动;收入年龄与家庭分组,会计与存量流量约束;时序与领先滞后,776,201,071-s015,071-s017,02_markdown_articles/071_2011-12-15_向死而生.md,7c2e640d3b6bbd55adc4011c7944ef16ff2742aada5a7c53d7e919febe2a082d
071-s017,071,向死而生,2011-12-15,资本市场与金融风险,17,四、资金面趋势：实质性放松仍具不确定性 > （二）关键可能在于房地产市场如何调整,股票与资本市场,股票与资本市场;货币与流动性;房地产与城市化;信用债务与金融风险;增长与总需求;贸易与全球经济;消费收入与就业;财政与地方政府,广谱利率与流动性;资产负债表分析;跨市场与跨资产验证;国际与历史对标;名义—实际拆分,主体资产负债表;国内国际与资本流动;收入年龄与家庭分组,会计与存量流量约束;时序与领先滞后,362,201,071-s016,,02_markdown_articles/071_2011-12-15_向死而生.md,a11aba71eb2ac0ff01d14a6c7199adf3fe908d6dfcfac86d2922000287ee52e9
072-s001,072,货币政策扩张与资产价格重估——资产重估理论之五,2012-07-13,资本市场与金融风险,1,一、总需求收缩与货币政策扩张,货币与流动性,货币与流动性;汇率与国际收支;研究方法与证据;增长与总需求;股票与资本市场;房地产与城市化;贸易与全球经济;通胀与价格,跨市场与跨资产验证,国内国际与资本流动;主体资产负债表;跨资产与市场谱系,时序与领先滞后;会计与存量流量约束;多市场一致性,260,0,,072-s002,02_markdown_articles/072_2012-07-13_货币政策扩张与资产价格重估——资产重估理论之五.md,6bae1eeed435320c2a0a39a23ece1f2d55da00eaa22806ef72678f4c93a5abd6
072-s002,072,货币政策扩张与资产价格重估——资产重估理论之五,2012-07-13,资本市场与金融风险,2,一、总需求收缩与货币政策扩张,货币与流动性,货币与流动性;汇率与国际收支;研究方法与证据;增长与总需求;股票与资本市场;房地产与城市化;贸易与全球经济;通胀与价格,跨市场与跨资产验证,国内国际与资本流动;主体资产负债表;跨资产与市场谱系,时序与领先滞后;会计与存量流量约束;多市场一致性,826,202,072-s001,072-s003,02_markdown_articles/072_2012-07-13_货币政策扩张与资产价格重估——资产重估理论之五.md,88ead73e816617520b2d279c65d81811d096f738e6ecb1907a807a45b0e7823e
072-s003,072,货币政策扩张与资产价格重估——资产重估理论之五,2012-07-13,资本市场与金融风险,3,二、 2009 年初到 2010 年中期货币政策与资产价格的经验证据,货币与流动性,货币与流动性;汇率与国际收支;研究方法与证据;增长与总需求;股票与资本市场;房地产与城市化;贸易与全球经济;通胀与价格,跨市场与跨资产验证,国内国际与资本流动;主体资产负债表;跨资产与市场谱系,时序与领先滞后;会计与存量流量约束;多市场一致性,961,212,072-s002,072-s004,02_markdown_articles/072_2012-07-13_货币政策扩张与资产价格重估——资产重估理论之五.md,28ebdfe8cd7ba307f9b10bc1cea379c89db66f7f98b7cc22e9b8d12202724acb
072-s004,072,货币政策扩张与资产价格重估——资产重估理论之五,2012-07-13,资本市场与金融风险,4,二、 2009 年初到 2010 年中期货币政策与资产价格的经验证据,货币与流动性,货币与流动性;汇率与国际收支;研究方法与证据;增长与总需求;股票与资本市场;房地产与城市化;贸易与全球经济;通胀与价格,跨市场与跨资产验证,国内国际与资本流动;主体资产负债表;跨资产与市场谱系,时序与领先滞后;会计与存量流量约束;多市场一致性,809,200,072-s003,072-s005,02_markdown_articles/072_2012-07-13_货币政策扩张与资产价格重估——资产重估理论之五.md,eb521328c52dda742a0327a030deceba8d7d2e2f7826a791ff0bce8bac145682
072-s005,072,货币政策扩张与资产价格重估——资产重估理论之五,2012-07-13,资本市场与金融风险,5,三、汇率升值与货币政策扩张：日台在 1987-1990 年的证据,货币与流动性,货币与流动性;汇率与国际收支;研究方法与证据;增长与总需求;股票与资本市场;房地产与城市化;贸易与全球经济;通胀与价格,跨市场与跨资产验证,国内国际与资本流动;主体资产负债表;跨资产与市场谱系,时序与领先滞后;会计与存量流量约束;多市场一致性,620,200,072-s004,,02_markdown_articles/072_2012-07-13_货币政策扩张与资产价格重估——资产重估理论之五.md,fe6affa2d9bb39b2ab02b6bb1aa467e41d33c5e715588520c9245e60d593ad23
073-s001,073,影子银行和壳价值,2013-01-23,资本市场与金融风险,1,正文,股票与资本市场,股票与资本市场;信用债务与金融风险,广谱利率与流动性,主体资产负债表,自然实验与制度冲击,213,0,,,02_markdown_articles/073_2013-01-23_影子银行和壳价值.md,40a9940c02181c55d98e785d16e370b81f80fe7425edfd694205665c5fc08e82
074-s001,074,关于近期货币市场利率飙升影响的看法,2013-06-23,资本市场与金融风险,1,内容简介,股票与资本市场,股票与资本市场;信用债务与金融风险;货币与流动性;财政与地方政府;汇率与国际收支;利率与债券市场,资产负债表分析;广谱利率与流动性;情景与预测复盘,主体资产负债表;期限评级与信用层级,时序与领先滞后,276,0,,074-s002,02_markdown_articles/074_2013-06-23_关于近期货币市场利率飙升影响的看法.md,7f566a97693a3fb6980d938c9f2f7f735f04b6fe931e79257125989035f69149
074-s002,074,关于近期货币市场利率飙升影响的看法,2013-06-23,资本市场与金融风险,2,内容简介,股票与资本市场,股票与资本市场;信用债务与金融风险;货币与流动性;财政与地方政府;汇率与国际收支;利率与债券市场,资产负债表分析;广谱利率与流动性;情景与预测复盘,主体资产负债表;期限评级与信用层级,时序与领先滞后,270,214,074-s001,074-s003,02_markdown_articles/074_2013-06-23_关于近期货币市场利率飙升影响的看法.md,1b616960acca1bf792ba159c236bb2cad947f6b272389073a5002415b3a61b42
074-s003,074,关于近期货币市场利率飙升影响的看法,2013-06-23,资本市场与金融风险,3,一、三波冲击,股票与资本市场,股票与资本市场;信用债务与金融风险;货币与流动性;财政与地方政府;汇率与国际收支;利率与债券市场,资产负债表分析;广谱利率与流动性;情景与预测复盘,主体资产负债表;期限评级与信用层级,时序与领先滞后,1034,184,074-s002,074-s004,02_markdown_articles/074_2013-06-23_关于近期货币市场利率飙升影响的看法.md,c2764c715fb9b26b8c2e5fd88ffea733827b6355d2af98eb2150723f9f57929a
074-s004,074,关于近期货币市场利率飙升影响的看法,2013-06-23,资本市场与金融风险,4,一、三波冲击,股票与资本市场,股票与资本市场;信用债务与金融风险;货币与流动性;财政与地方政府;汇率与国际收支;利率与债券市场,资产负债表分析;广谱利率与流动性;情景与预测复盘,主体资产负债表;期限评级与信用层级,时序与领先滞后,281,204,074-s003,074-s005,02_markdown_articles/074_2013-06-23_关于近期货币市场利率飙升影响的看法.md,04cefa0524b4dc8994ae6196d1d1de6faaed27621468667b0ca43a246cefacbe
074-s005,074,关于近期货币市场利率飙升影响的看法,2013-06-23,资本市场与金融风险,5,二、冲击的背景,股票与资本市场,股票与资本市场;信用债务与金融风险;货币与流动性;财政与地方政府;汇率与国际收支;利率与债券市场,资产负债表分析;广谱利率与流动性;情景与预测复盘,主体资产负债表;期限评级与信用层级,时序与领先滞后,424,213,074-s004,,02_markdown_articles/074_2013-06-23_关于近期货币市场利率飙升影响的看法.md,6bd039ece2794827a9b3dac454e6530d57c2e3eddb78502b365fa4feaaa82d28
075-s001,075,债务危机有多远？,2014-01-12,资本市场与金融风险,1,正文,股票与资本市场,股票与资本市场;信用债务与金融风险;企业盈利与资产负债表;财政与地方政府;利率与债券市场;通胀与价格;增长与总需求;货币与流动性,资产负债表分析;国际与历史对标;广谱利率与流动性,主体资产负债表;所有制与企业类型,时序与领先滞后,1033,0,,075-s002,02_markdown_articles/075_2014-01-12_债务危机有多远.md,f4a9e81b16bca2c40d17b72504736a17275af5fb57847ed9299771d6843227f4
075-s002,075,债务危机有多远？,2014-01-12,资本市场与金融风险,2,一、实体经济债务负担状况 > 1 、实体经济总债务水平的扩张,股票与资本市场,股票与资本市场;信用债务与金融风险;企业盈利与资产负债表;财政与地方政府;利率与债券市场;通胀与价格;增长与总需求;货币与流动性,资产负债表分析;国际与历史对标;广谱利率与流动性,主体资产负债表;所有制与企业类型,时序与领先滞后,365,201,075-s001,075-s003,02_markdown_articles/075_2014-01-12_债务危机有多远.md,185b0b65c728144b37da707433ef2755059926a61fea08926807fc7704e1a9b8
075-s003,075,债务危机有多远？,2014-01-12,资本市场与金融风险,3,一、实体经济债务负担状况 > 1 、实体经济总债务水平的扩张,股票与资本市场,股票与资本市场;信用债务与金融风险;企业盈利与资产负债表;财政与地方政府;利率与债券市场;通胀与价格;增长与总需求;货币与流动性,资产负债表分析;国际与历史对标;广谱利率与流动性,主体资产负债表;所有制与企业类型,时序与领先滞后,296,200,075-s002,075-s004,02_markdown_articles/075_2014-01-12_债务危机有多远.md,f9643874732cb0f69223460eb31d034ccbe8e9fd8023f1ef5b64bd4e8168f599
075-s004,075,债务危机有多远？,2014-01-12,资本市场与金融风险,4,一、实体经济债务负担状况 > 2 、住户部门,股票与资本市场,股票与资本市场;信用债务与金融风险;企业盈利与资产负债表;财政与地方政府;利率与债券市场;通胀与价格;增长与总需求;货币与流动性,资产负债表分析;国际与历史对标;广谱利率与流动性,主体资产负债表;所有制与企业类型,时序与领先滞后,311,206,075-s003,075-s005,02_markdown_articles/075_2014-01-12_债务危机有多远.md,719aebc919b5db8f734bded371b89a6556fc6b6f9242fe6f59430624b50f53d8
075-s005,075,债务危机有多远？,2014-01-12,资本市场与金融风险,5,一、实体经济债务负担状况 > 3 、非金融企业部门,股票与资本市场,股票与资本市场;信用债务与金融风险;企业盈利与资产负债表;财政与地方政府;利率与债券市场;通胀与价格;增长与总需求;货币与流动性,资产负债表分析;国际与历史对标;广谱利率与流动性,主体资产负债表;所有制与企业类型,时序与领先滞后,747,203,075-s004,075-s006,02_markdown_articles/075_2014-01-12_债务危机有多远.md,c4032f8e2970bad69fca87cdeddbac72ff2d6163758ee26efe06fae5475657ca
075-s006,075,债务危机有多远？,2014-01-12,资本市场与金融风险,6,一、实体经济债务负担状况 > 4 、政府部门,股票与资本市场,股票与资本市场;信用债务与金融风险;企业盈利与资产负债表;财政与地方政府;利率与债券市场;通胀与价格;增长与总需求;货币与流动性,资产负债表分析;国际与历史对标;广谱利率与流动性,主体资产负债表;所有制与企业类型,时序与领先滞后,994,201,075-s005,075-s007,02_markdown_articles/075_2014-01-12_债务危机有多远.md,4de541e218f6169a20c5f3bb828fa2e40ab8b7966b13222d685b673c666d27ab
075-s007,075,债务危机有多远？,2014-01-12,资本市场与金融风险,7,一、实体经济债务负担状况 > 4 、政府部门,股票与资本市场,股票与资本市场;信用债务与金融风险;企业盈利与资产负债表;财政与地方政府;利率与债券市场;通胀与价格;增长与总需求;货币与流动性,资产负债表分析;国际与历史对标;广谱利率与流动性,主体资产负债表;所有制与企业类型,时序与领先滞后,330,201,075-s006,075-s008,02_markdown_articles/075_2014-01-12_债务危机有多远.md,b67681b02bfc00ff3086b4dd01714f8399946eb67630aabbfd6c9babc0cf7853
075-s008,075,债务危机有多远？,2014-01-12,资本市场与金融风险,8,二、负债规模扩张的原因及特征 > 1 、负债率指标及其拆解,股票与资本市场,股票与资本市场;信用债务与金融风险;企业盈利与资产负债表;财政与地方政府;利率与债券市场;通胀与价格;增长与总需求;货币与流动性,资产负债表分析;国际与历史对标;广谱利率与流动性,主体资产负债表;所有制与企业类型,时序与领先滞后,318,206,075-s007,075-s009,02_markdown_articles/075_2014-01-12_债务危机有多远.md,14fae79702392d4344d6a48e00e0b404529c56724b4266d8aa86f9d1342dc02f
075-s009,075,债务危机有多远？,2014-01-12,资本市场与金融风险,9,二、负债规模扩张的原因及特征 > 2 、高杠杆低周转行业的扩张和负债率的上升,股票与资本市场,股票与资本市场;信用债务与金融风险;企业盈利与资产负债表;财政与地方政府;利率与债券市场;通胀与价格;增长与总需求;货币与流动性,资产负债表分析;国际与历史对标;广谱利率与流动性,主体资产负债表;所有制与企业类型,时序与领先滞后,295,203,075-s008,075-s010,02_markdown_articles/075_2014-01-12_债务危机有多远.md,439c4cdcd8432ac1fa19313baf6b6fdf258b58af08709ecdf748d670e0b3d090
075-s010,075,债务危机有多远？,2014-01-12,资本市场与金融风险,10,二、负债规模扩张的原因及特征 > 3 、工业企业数据体现的“国进民退”,股票与资本市场,股票与资本市场;信用债务与金融风险;企业盈利与资产负债表;财政与地方政府;利率与债券市场;通胀与价格;增长与总需求;货币与流动性,资产负债表分析;国际与历史对标;广谱利率与流动性,主体资产负债表;所有制与企业类型,时序与领先滞后,686,182,075-s009,075-s011,02_markdown_articles/075_2014-01-12_债务危机有多远.md,2416657cca7ffcd0f01f0fa14a04bca1c5f062a76f024445e3fb04a16bf0a12b
075-s011,075,债务危机有多远？,2014-01-12,资本市场与金融风险,11,二、负债规模扩张的原因及特征 > 4 、从上市公司数据看负债率上升,股票与资本市场,股票与资本市场;信用债务与金融风险;企业盈利与资产负债表;财政与地方政府;利率与债券市场;通胀与价格;增长与总需求;货币与流动性,资产负债表分析;国际与历史对标;广谱利率与流动性,主体资产负债表;所有制与企业类型,时序与领先滞后,351,197,075-s010,075-s012,02_markdown_articles/075_2014-01-12_债务危机有多远.md,819a2b54377949a2af73b527fcb731c86470236afa1ce875f9924668060b3901
075-s012,075,债务危机有多远？,2014-01-12,资本市场与金融风险,12,二、负债规模扩张的原因及特征 > 4.1 非金融上市公司负债率提升,股票与资本市场,股票与资本市场;信用债务与金融风险;企业盈利与资产负债表;财政与地方政府;利率与债券市场;通胀与价格;增长与总需求;货币与流动性,资产负债表分析;国际与历史对标;广谱利率与流动性,主体资产负债表;所有制与企业类型,时序与领先滞后,484,199,075-s011,075-s013,02_markdown_articles/075_2014-01-12_债务危机有多远.md,c8a98930b517116b3053787f40e3d56cd5fa6fe7047881620c25a78224d13175
075-s013,075,债务危机有多远？,2014-01-12,资本市场与金融风险,13,二、负债规模扩张的原因及特征 > 4.2 高杠杆低周转行业上市公司的债务扩张,股票与资本市场,股票与资本市场;信用债务与金融风险;企业盈利与资产负债表;财政与地方政府;利率与债券市场;通胀与价格;增长与总需求;货币与流动性,资产负债表分析;国际与历史对标;广谱利率与流动性,主体资产负债表;所有制与企业类型,时序与领先滞后,939,208,075-s012,075-s014,02_markdown_articles/075_2014-01-12_债务危机有多远.md,aa24fead00e8271b777d5eec1eceea83c0456e1c49191b70a81c83120bceb0cc
075-s014,075,债务危机有多远？,2014-01-12,资本市场与金融风险,14,二、负债规模扩张的原因及特征 > 4.2 高杠杆低周转行业上市公司的债务扩张,股票与资本市场,股票与资本市场;信用债务与金融风险;企业盈利与资产负债表;财政与地方政府;利率与债券市场;通胀与价格;增长与总需求;货币与流动性,资产负债表分析;国际与历史对标;广谱利率与流动性,主体资产负债表;所有制与企业类型,时序与领先滞后,940,199,075-s013,075-s015,02_markdown_articles/075_2014-01-12_债务危机有多远.md,ed839c0d7eeb8db9279daa08d8e1010838b4e290bab1d2acabd93d8be4de7b4e
075-s015,075,债务危机有多远？,2014-01-12,资本市场与金融风险,15,二、负债规模扩张的原因及特征 > 4.3 、上市国有企业负债率的扩张,股票与资本市场,股票与资本市场;信用债务与金融风险;企业盈利与资产负债表;财政与地方政府;利率与债券市场;通胀与价格;增长与总需求;货币与流动性,资产负债表分析;国际与历史对标;广谱利率与流动性,主体资产负债表;所有制与企业类型,时序与领先滞后,508,199,075-s014,075-s016,02_markdown_articles/075_2014-01-12_债务危机有多远.md,285c6b9ddb4a315a31b8268bd0d18e57493cd25823b203908fe4062d0e90c2a3
075-s016,075,债务危机有多远？,2014-01-12,资本市场与金融风险,16,四、改革与通胀的赛跑,股票与资本市场,股票与资本市场;信用债务与金融风险;企业盈利与资产负债表;财政与地方政府;利率与债券市场;通胀与价格;增长与总需求;货币与流动性,资产负债表分析;国际与历史对标;广谱利率与流动性,主体资产负债表;所有制与企业类型,时序与领先滞后,997,197,075-s015,075-s017,02_markdown_articles/075_2014-01-12_债务危机有多远.md,60309487bbc9c8d4e22cff60eb8ca3080353667bca4db7e58d01dc3dd74ab261
075-s017,075,债务危机有多远？,2014-01-12,资本市场与金融风险,17,四、改革与通胀的赛跑,股票与资本市场,股票与资本市场;信用债务与金融风险;企业盈利与资产负债表;财政与地方政府;利率与债券市场;通胀与价格;增长与总需求;货币与流动性,资产负债表分析;国际与历史对标;广谱利率与流动性,主体资产负债表;所有制与企业类型,时序与领先滞后,395,196,075-s016,,02_markdown_articles/075_2014-01-12_债务危机有多远.md,a21ce450706051cc9448ea71552cf371538cd322b05bd738249d0f240ca02d71
076-s001,076,星星之火,2014-01-23,资本市场与金融风险,1,内容提要,贸易与全球经济,贸易与全球经济;产能库存与工业周期;利率与债券市场;能源资源与碳转型;股票与资本市场;通胀与价格;产业升级与制造业;财政与地方政府,国际与历史对标,国内国际与资本流动;主体资产负债表,时序与领先滞后,308,0,,076-s002,02_markdown_articles/076_2014-01-23_星星之火.md,3dec6f3db36186e870d8f05de8fda8f1da29347b6ced625fab8d7885db411874
076-s002,076,星星之火,2014-01-23,资本市场与金融风险,2,一、 希望正在孕育 > （一）中国经济疲软的全球因素,贸易与全球经济,贸易与全球经济;产能库存与工业周期;利率与债券市场;能源资源与碳转型;股票与资本市场;通胀与价格;产业升级与制造业;财政与地方政府,国际与历史对标,国内国际与资本流动;主体资产负债表,时序与领先滞后,742,200,076-s001,076-s003,02_markdown_articles/076_2014-01-23_星星之火.md,79f43027e8b9973cb943c003c3994265b307777f52f3a204b47d3a8aab6b81fd
076-s003,076,星星之火,2014-01-23,资本市场与金融风险,3,一、 希望正在孕育 > （二）中国经济内在的不利冲击,贸易与全球经济,贸易与全球经济;产能库存与工业周期;利率与债券市场;能源资源与碳转型;股票与资本市场;通胀与价格;产业升级与制造业;财政与地方政府,国际与历史对标,国内国际与资本流动;主体资产负债表,时序与领先滞后,666,204,076-s002,076-s004,02_markdown_articles/076_2014-01-23_星星之火.md,8c93b4e0f8f4772328a2a5847b31323632a0d15ab7f620aa53a178ea700f924e
076-s004,076,星星之火,2014-01-23,资本市场与金融风险,4,一、 希望正在孕育 > （三）发达经济体正在恢复,贸易与全球经济,贸易与全球经济;产能库存与工业周期;利率与债券市场;能源资源与碳转型;股票与资本市场;通胀与价格;产业升级与制造业;财政与地方政府,国际与历史对标,国内国际与资本流动;主体资产负债表,时序与领先滞后,455,198,076-s003,076-s005,02_markdown_articles/076_2014-01-23_星星之火.md,e01365fbc1e7c3a3da7f988a963d5a87512b76229046823a62cfc3b564d2ef04
076-s005,076,星星之火,2014-01-23,资本市场与金融风险,5,一、 希望正在孕育 > （四）中国整体出口竞争力并未下降,贸易与全球经济,贸易与全球经济;产能库存与工业周期;利率与债券市场;能源资源与碳转型;股票与资本市场;通胀与价格;产业升级与制造业;财政与地方政府,国际与历史对标,国内国际与资本流动;主体资产负债表,时序与领先滞后,536,211,076-s004,076-s006,02_markdown_articles/076_2014-01-23_星星之火.md,31277f5e32c50e955bd759c08da8c612f812e425af65f1ab7eeded9ed34a9933
076-s006,076,星星之火,2014-01-23,资本市场与金融风险,6,一、 希望正在孕育 > （五）产能过剩开始缓解,贸易与全球经济,贸易与全球经济;产能库存与工业周期;利率与债券市场;能源资源与碳转型;股票与资本市场;通胀与价格;产业升级与制造业;财政与地方政府,国际与历史对标,国内国际与资本流动;主体资产负债表,时序与领先滞后,1000,193,076-s005,076-s007,02_markdown_articles/076_2014-01-23_星星之火.md,fe74a6258d1383ef29593114679d8c74f4f737a2871c09fa6a3b30b9caff703b
076-s007,076,星星之火,2014-01-23,资本市场与金融风险,7,一、 希望正在孕育 > （五）产能过剩开始缓解,贸易与全球经济,贸易与全球经济;产能库存与工业周期;利率与债券市场;能源资源与碳转型;股票与资本市场;通胀与价格;产业升级与制造业;财政与地方政府,国际与历史对标,国内国际与资本流动;主体资产负债表,时序与领先滞后,431,200,076-s006,076-s008,02_markdown_articles/076_2014-01-23_星星之火.md,6ff542e5d53be95c48b2c99695353f9f2592c8ef10538b4f4395a5d095395bea
076-s008,076,星星之火,2014-01-23,资本市场与金融风险,8,一、 希望正在孕育 > （六）基础商品供应改善,贸易与全球经济,贸易与全球经济;产能库存与工业周期;利率与债券市场;能源资源与碳转型;股票与资本市场;通胀与价格;产业升级与制造业;财政与地方政府,国际与历史对标,国内国际与资本流动;主体资产负债表,时序与领先滞后,514,199,076-s007,076-s009,02_markdown_articles/076_2014-01-23_星星之火.md,5d90e86595c4ef678b2fb10f7a0a8ba95207b95c1f8651dbe24d203c055c2e13
076-s009,076,星星之火,2014-01-23,资本市场与金融风险,9,一、 希望正在孕育 > （七）三中全会点燃希望,贸易与全球经济,贸易与全球经济;产能库存与工业周期;利率与债券市场;能源资源与碳转型;股票与资本市场;通胀与价格;产业升级与制造业;财政与地方政府,国际与历史对标,国内国际与资本流动;主体资产负债表,时序与领先滞后,455,203,076-s008,076-s010,02_markdown_articles/076_2014-01-23_星星之火.md,0eddb87f4c8c7bae7f670b24d904706fa4de4e8cfb0ec453806e5d5bd887a595
076-s010,076,星星之火,2014-01-23,资本市场与金融风险,10,二、 短期风险犹存,贸易与全球经济,贸易与全球经济;产能库存与工业周期;利率与债券市场;能源资源与碳转型;股票与资本市场;通胀与价格;产业升级与制造业;财政与地方政府,国际与历史对标,国内国际与资本流动;主体资产负债表,时序与领先滞后,294,199,076-s009,076-s011,02_markdown_articles/076_2014-01-23_星星之火.md,69de828d9a8ae8fa1db814da5f9f59f951ae1599f91367b7624c8330e6ba905e
076-s011,076,星星之火,2014-01-23,资本市场与金融风险,11,二、 短期风险犹存 > （二）债市风暴存在溢出风险,贸易与全球经济,贸易与全球经济;产能库存与工业周期;利率与债券市场;能源资源与碳转型;股票与资本市场;通胀与价格;产业升级与制造业;财政与地方政府,国际与历史对标,国内国际与资本流动;主体资产负债表,时序与领先滞后,583,213,076-s010,076-s012,02_markdown_articles/076_2014-01-23_星星之火.md,c28964922e62ce464d81223effc72ef009f561c29007cfd0c4a85b7d41dfeef4
076-s012,076,星星之火,2014-01-23,资本市场与金融风险,12,二、 短期风险犹存 > （三）“量化宽松”退出冲击犹存,贸易与全球经济,贸易与全球经济;产能库存与工业周期;利率与债券市场;能源资源与碳转型;股票与资本市场;通胀与价格;产业升级与制造业;财政与地方政府,国际与历史对标,国内国际与资本流动;主体资产负债表,时序与领先滞后,275,206,076-s011,076-s013,02_markdown_articles/076_2014-01-23_星星之火.md,242c8f595b3d4f6ddae0b81d39d8fdf34a5cc138f6cad9021bac6ecffdeb777e
076-s013,076,星星之火,2014-01-23,资本市场与金融风险,13,二、 短期风险犹存 > （四）改革成本不可避免,贸易与全球经济,贸易与全球经济;产能库存与工业周期;利率与债券市场;能源资源与碳转型;股票与资本市场;通胀与价格;产业升级与制造业;财政与地方政府,国际与历史对标,国内国际与资本流动;主体资产负债表,时序与领先滞后,1247,207,076-s012,,02_markdown_articles/076_2014-01-23_星星之火.md,edcb8a184dd6c60b6b1b4ad43a8d048a34172cd4dd904fb3d8697515a5179334
077-s001,077,中国经济和资产价格,2014-05-17,资本市场与金融风险,1,正文,股票与资本市场,股票与资本市场;房地产与城市化;通胀与价格;增长与总需求;信用债务与金融风险;潜在增长与人口;财政与地方政府;货币与流动性,跨市场与跨资产验证;资产负债表分析,地区与城市横断面;国内国际与资本流动,时序与领先滞后,905,0,,077-s002,02_markdown_articles/077_2014-05-17_中国经济和资产价格.md,23bfcd274beefb5b60780e5348d0a3f7ae515a3490e2fcc9ea611a3b798749d1
077-s002,077,中国经济和资产价格,2014-05-17,资本市场与金融风险,2,正文,股票与资本市场,股票与资本市场;房地产与城市化;通胀与价格;增长与总需求;信用债务与金融风险;潜在增长与人口;财政与地方政府;货币与流动性,跨市场与跨资产验证;资产负债表分析,地区与城市横断面;国内国际与资本流动,时序与领先滞后,946,212,077-s001,077-s003,02_markdown_articles/077_2014-05-17_中国经济和资产价格.md,8fd80484f4fff1db3f52511b1b01b53892af5cb069928ccb13c34c144291ec47
077-s003,077,中国经济和资产价格,2014-05-17,资本市场与金融风险,3,正文,股票与资本市场,股票与资本市场;房地产与城市化;通胀与价格;增长与总需求;信用债务与金融风险;潜在增长与人口;财政与地方政府;货币与流动性,跨市场与跨资产验证;资产负债表分析,地区与城市横断面;国内国际与资本流动,时序与领先滞后,635,197,077-s002,,02_markdown_articles/077_2014-05-17_中国经济和资产价格.md,052bcb008b57233f3ebc81a22d8ce284b486ff4052b4ce404244c6aa6a299129
078-s001,078,牛市有多远,2014-08-06,资本市场与金融风险,1,内容提要,股票与资本市场,股票与资本市场;货币与流动性;房地产与城市化;研究方法与证据,广谱利率与流动性,主体资产负债表,多市场一致性,275,0,,078-s002,02_markdown_articles/078_2014-08-06_牛市有多远.md,17e9dc3f7533270a22140a5237b6f0fa19634a4c13dce96bab21b0a594af13a1
078-s002,078,牛市有多远,2014-08-06,资本市场与金融风险,2,内容提要,股票与资本市场,股票与资本市场;货币与流动性;房地产与城市化;研究方法与证据,广谱利率与流动性,主体资产负债表,多市场一致性,281,201,078-s001,078-s003,02_markdown_articles/078_2014-08-06_牛市有多远.md,e1868b09807cf565583345641c482d8eb0610d283f6ec67292f7659b179cf7d8
078-s003,078,牛市有多远,2014-08-06,资本市场与金融风险,3,一、对市场上涨驱动力的理解,股票与资本市场,股票与资本市场;货币与流动性;房地产与城市化;研究方法与证据,广谱利率与流动性,主体资产负债表,多市场一致性,993,197,078-s002,078-s004,02_markdown_articles/078_2014-08-06_牛市有多远.md,20e288042e10b299678c5b7f7f8c189ce99d143ab439b12bd752066f46801236
078-s004,078,牛市有多远,2014-08-06,资本市场与金融风险,4,一、对市场上涨驱动力的理解,股票与资本市场,股票与资本市场;货币与流动性;房地产与城市化;研究方法与证据,广谱利率与流动性,主体资产负债表,多市场一致性,343,216,078-s003,078-s005,02_markdown_articles/078_2014-08-06_牛市有多远.md,630c9dffb65680f6bc6f173081d3189eba0a06fd76a8f68cc3a41c3c11e9eef1
078-s005,078,牛市有多远,2014-08-06,资本市场与金融风险,5,二、牛市有多远？,股票与资本市场,股票与资本市场;货币与流动性;房地产与城市化;研究方法与证据,广谱利率与流动性,主体资产负债表,多市场一致性,989,203,078-s004,078-s006,02_markdown_articles/078_2014-08-06_牛市有多远.md,741c065bd4c549583a0def148a713c2f83627d5ef39fbf3ab8b44e99d41cfd2f
078-s006,078,牛市有多远,2014-08-06,资本市场与金融风险,6,三、小结,股票与资本市场,股票与资本市场;货币与流动性;房地产与城市化;研究方法与证据,广谱利率与流动性,主体资产负债表,多市场一致性,284,207,078-s005,,02_markdown_articles/078_2014-08-06_牛市有多远.md,0b0dc09ef4d36afc4ca42e5ad95d880d28aa304c678c8839dc86e2b41d552d30
079-s001,079,见龙在田,2014-12-25,资本市场与金融风险,1,内容提要,股票与资本市场,股票与资本市场;货币与流动性;财政与地方政府;房地产与城市化;信用债务与金融风险;通胀与价格;能源资源与碳转型;增长与总需求,广谱利率与流动性;国际与历史对标;左侧—右侧判断,主体资产负债表;国内国际与资本流动;跨资产与市场谱系;行业横断面,多市场一致性;横断面梯度;时序与领先滞后;自然实验与制度冲击,348,0,,079-s002,02_markdown_articles/079_2014-12-25_见龙在田.md,44753a5082a65c55f24c85aa9b7c5f38d047bd8245b3b4083ddc2e8e153008e2
079-s002,079,见龙在田,2014-12-25,资本市场与金融风险,2,内容提要,股票与资本市场,股票与资本市场;货币与流动性;财政与地方政府;房地产与城市化;信用债务与金融风险;通胀与价格;能源资源与碳转型;增长与总需求,广谱利率与流动性;国际与历史对标;左侧—右侧判断,主体资产负债表;国内国际与资本流动;跨资产与市场谱系;行业横断面,多市场一致性;横断面梯度;时序与领先滞后;自然实验与制度冲击,278,201,079-s001,079-s003,02_markdown_articles/079_2014-12-25_见龙在田.md,e7faf40dced511d43f1ce16950a3078483d9a429ab48347d5922ead2ea92af1a
079-s003,079,见龙在田,2014-12-25,资本市场与金融风险,3,目录,股票与资本市场,股票与资本市场;货币与流动性;财政与地方政府;房地产与城市化;信用债务与金融风险;通胀与价格;能源资源与碳转型;增长与总需求,广谱利率与流动性;国际与历史对标;左侧—右侧判断,主体资产负债表;国内国际与资本流动;跨资产与市场谱系;行业横断面,多市场一致性;横断面梯度;时序与领先滞后;自然实验与制度冲击,713,203,079-s002,079-s004,02_markdown_articles/079_2014-12-25_见龙在田.md,d995410af91f0c1539ee8215219e2f8ea79fee0af18ece825659b98ff817f2b7
079-s004,079,见龙在田,2014-12-25,资本市场与金融风险,4,目录 > 1. **观点回顾**,股票与资本市场,股票与资本市场;货币与流动性;财政与地方政府;房地产与城市化;信用债务与金融风险;通胀与价格;能源资源与碳转型;增长与总需求,广谱利率与流动性;国际与历史对标;左侧—右侧判断,主体资产负债表;国内国际与资本流动;跨资产与市场谱系;行业横断面,多市场一致性;横断面梯度;时序与领先滞后;自然实验与制度冲击,318,204,079-s003,079-s005,02_markdown_articles/079_2014-12-25_见龙在田.md,bb97a61670415ad8ae521bff232e41c47b2ab19ac3d520c8e25161860266b034
079-s005,079,见龙在田,2014-12-25,资本市场与金融风险,5,（一）去年底提出“股市接近漫长黑暗隧道尽头”,股票与资本市场,股票与资本市场;货币与流动性;财政与地方政府;房地产与城市化;信用债务与金融风险;通胀与价格;能源资源与碳转型;增长与总需求,广谱利率与流动性;国际与历史对标;左侧—右侧判断,主体资产负债表;国内国际与资本流动;跨资产与市场谱系;行业横断面,多市场一致性;横断面梯度;时序与领先滞后;自然实验与制度冲击,294,189,079-s004,079-s006,02_markdown_articles/079_2014-12-25_见龙在田.md,1cdabf58c3f2bcc6ebfad5d804cf0982a1b82bdb380b8af487432f973be16782
079-s006,079,见龙在田,2014-12-25,资本市场与金融风险,6,（三）为了刺激观点传播提出“三级火箭”,股票与资本市场,股票与资本市场;货币与流动性;财政与地方政府;房地产与城市化;信用债务与金融风险;通胀与价格;能源资源与碳转型;增长与总需求,广谱利率与流动性;国际与历史对标;左侧—右侧判断,主体资产负债表;国内国际与资本流动;跨资产与市场谱系;行业横断面,多市场一致性;横断面梯度;时序与领先滞后;自然实验与制度冲击,372,210,079-s005,079-s007,02_markdown_articles/079_2014-12-25_见龙在田.md,02b276b83c75912833c58b761d814dd6f233f8d4b9ed6e4212807fff840a0d56
079-s007,079,见龙在田,2014-12-25,资本市场与金融风险,7,（一）经济趋势下行 VS 盈利改善,股票与资本市场,股票与资本市场;货币与流动性;财政与地方政府;房地产与城市化;信用债务与金融风险;通胀与价格;能源资源与碳转型;增长与总需求,广谱利率与流动性;国际与历史对标;左侧—右侧判断,主体资产负债表;国内国际与资本流动;跨资产与市场谱系;行业横断面,多市场一致性;横断面梯度;时序与领先滞后;自然实验与制度冲击,1051,210,079-s006,079-s008,02_markdown_articles/079_2014-12-25_见龙在田.md,34aab8f2cc969193c3dfde7a216ee1ebe3f471e06425e2371621fe17170ca166
079-s008,079,见龙在田,2014-12-25,资本市场与金融风险,8,（一）经济趋势下行 VS 盈利改善,股票与资本市场,股票与资本市场;货币与流动性;财政与地方政府;房地产与城市化;信用债务与金融风险;通胀与价格;能源资源与碳转型;增长与总需求,广谱利率与流动性;国际与历史对标;左侧—右侧判断,主体资产负债表;国内国际与资本流动;跨资产与市场谱系;行业横断面,多市场一致性;横断面梯度;时序与领先滞后;自然实验与制度冲击,1083,211,079-s007,079-s009,02_markdown_articles/079_2014-12-25_见龙在田.md,f666279b45b8a76e7c01c8d0d406529832b7c7dface13e00b86d3a6d725ddbab
079-s009,079,见龙在田,2014-12-25,资本市场与金融风险,9,（二）供应收缩的影响,股票与资本市场,股票与资本市场;货币与流动性;财政与地方政府;房地产与城市化;信用债务与金融风险;通胀与价格;能源资源与碳转型;增长与总需求,广谱利率与流动性;国际与历史对标;左侧—右侧判断,主体资产负债表;国内国际与资本流动;跨资产与市场谱系;行业横断面,多市场一致性;横断面梯度;时序与领先滞后;自然实验与制度冲击,955,216,079-s008,079-s010,02_markdown_articles/079_2014-12-25_见龙在田.md,e124aa673ebc7a640236d2a0b15d965399c6939dcee57957b17fa59b0dd90947
079-s010,079,见龙在田,2014-12-25,资本市场与金融风险,10,（二）供应收缩的影响,股票与资本市场,股票与资本市场;货币与流动性;财政与地方政府;房地产与城市化;信用债务与金融风险;通胀与价格;能源资源与碳转型;增长与总需求,广谱利率与流动性;国际与历史对标;左侧—右侧判断,主体资产负债表;国内国际与资本流动;跨资产与市场谱系;行业横断面,多市场一致性;横断面梯度;时序与领先滞后;自然实验与制度冲击,377,205,079-s009,079-s011,02_markdown_articles/079_2014-12-25_见龙在田.md,e2e968d11b2e785f61ad6dedccb08da0a8ca19957ec2b578afef5414eb1b7312
079-s011,079,见龙在田,2014-12-25,资本市场与金融风险,11,（三）未来的供需平衡,股票与资本市场,股票与资本市场;货币与流动性;财政与地方政府;房地产与城市化;信用债务与金融风险;通胀与价格;能源资源与碳转型;增长与总需求,广谱利率与流动性;国际与历史对标;左侧—右侧判断,主体资产负债表;国内国际与资本流动;跨资产与市场谱系;行业横断面,多市场一致性;横断面梯度;时序与领先滞后;自然实验与制度冲击,278,213,079-s010,079-s012,02_markdown_articles/079_2014-12-25_见龙在田.md,c757b27651e99883835967e6d7bf82257acae8e591ddd6014ea2bd645a7e4b08
079-s012,079,见龙在田,2014-12-25,资本市场与金融风险,12,（三）未来的供需平衡 > 3. **明年经济有望触底回升**,股票与资本市场,股票与资本市场;货币与流动性;财政与地方政府;房地产与城市化;信用债务与金融风险;通胀与价格;能源资源与碳转型;增长与总需求,广谱利率与流动性;国际与历史对标;左侧—右侧判断,主体资产负债表;国内国际与资本流动;跨资产与市场谱系;行业横断面,多市场一致性;横断面梯度;时序与领先滞后;自然实验与制度冲击,372,205,079-s011,079-s013,02_markdown_articles/079_2014-12-25_见龙在田.md,ac7c1337eec4989beeb2ec96121133956c7febf225c601f516c42dc52f4eaba9
079-s013,079,见龙在田,2014-12-25,资本市场与金融风险,13,（一）房地产投资有望回暖,股票与资本市场,股票与资本市场;货币与流动性;财政与地方政府;房地产与城市化;信用债务与金融风险;通胀与价格;能源资源与碳转型;增长与总需求,广谱利率与流动性;国际与历史对标;左侧—右侧判断,主体资产负债表;国内国际与资本流动;跨资产与市场谱系;行业横断面,多市场一致性;横断面梯度;时序与领先滞后;自然实验与制度冲击,516,212,079-s012,079-s014,02_markdown_articles/079_2014-12-25_见龙在田.md,e06605355eca20620157bba6dc36f161412c30008cf09249b71e47ba4ef46f73
079-s014,079,见龙在田,2014-12-25,资本市场与金融风险,14,（二）财政支出将低位回升,股票与资本市场,股票与资本市场;货币与流动性;财政与地方政府;房地产与城市化;信用债务与金融风险;通胀与价格;能源资源与碳转型;增长与总需求,广谱利率与流动性;国际与历史对标;左侧—右侧判断,主体资产负债表;国内国际与资本流动;跨资产与市场谱系;行业横断面,多市场一致性;横断面梯度;时序与领先滞后;自然实验与制度冲击,637,214,079-s013,079-s015,02_markdown_articles/079_2014-12-25_见龙在田.md,bc8f61445190447867ddf7e36b53985dd1fe5a13c101047635bdc3cd175206db
079-s015,079,见龙在田,2014-12-25,资本市场与金融风险,15,（三）基本面的综合判断,股票与资本市场,股票与资本市场;货币与流动性;财政与地方政府;房地产与城市化;信用债务与金融风险;通胀与价格;能源资源与碳转型;增长与总需求,广谱利率与流动性;国际与历史对标;左侧—右侧判断,主体资产负债表;国内国际与资本流动;跨资产与市场谱系;行业横断面,多市场一致性;横断面梯度;时序与领先滞后;自然实验与制度冲击,708,212,079-s014,079-s016,02_markdown_articles/079_2014-12-25_见龙在田.md,93589f52c9645929fa88275f080d2f8af612e885464778b67246f1df02b205f7
079-s016,079,见龙在田,2014-12-25,资本市场与金融风险,16,（三）基本面的综合判断 > 4. **大宗商品和股票市场**,股票与资本市场,股票与资本市场;货币与流动性;财政与地方政府;房地产与城市化;信用债务与金融风险;通胀与价格;能源资源与碳转型;增长与总需求,广谱利率与流动性;国际与历史对标;左侧—右侧判断,主体资产负债表;国内国际与资本流动;跨资产与市场谱系;行业横断面,多市场一致性;横断面梯度;时序与领先滞后;自然实验与制度冲击,307,207,079-s015,079-s017,02_markdown_articles/079_2014-12-25_见龙在田.md,db241907a10ce8828faca025b2ef5fad718ed1e5c1e3cd53394005534cf978a2
079-s017,079,见龙在田,2014-12-25,资本市场与金融风险,17,（一）商品熊市和股票牛市高度相关,股票与资本市场,股票与资本市场;货币与流动性;财政与地方政府;房地产与城市化;信用债务与金融风险;通胀与价格;能源资源与碳转型;增长与总需求,广谱利率与流动性;国际与历史对标;左侧—右侧判断,主体资产负债表;国内国际与资本流动;跨资产与市场谱系;行业横断面,多市场一致性;横断面梯度;时序与领先滞后;自然实验与制度冲击,724,207,079-s016,079-s018,02_markdown_articles/079_2014-12-25_见龙在田.md,63947a0573333369a2551ab92cd6ab4a88773037e237606fffe73df129a94d8d
079-s018,079,见龙在田,2014-12-25,资本市场与金融风险,18,商品熊市利于股票市场的两个可能原因,股票与资本市场,股票与资本市场;货币与流动性;财政与地方政府;房地产与城市化;信用债务与金融风险;通胀与价格;能源资源与碳转型;增长与总需求,广谱利率与流动性;国际与历史对标;左侧—右侧判断,主体资产负债表;国内国际与资本流动;跨资产与市场谱系;行业横断面,多市场一致性;横断面梯度;时序与领先滞后;自然实验与制度冲击,577,197,079-s017,079-s019,02_markdown_articles/079_2014-12-25_见龙在田.md,348bea32324b0195c180cd1dd67bd3dc6a9faf6ed91c597d42ac58f916ddc2d1
079-s019,079,见龙在田,2014-12-25,资本市场与金融风险,19,（三）商品熊市利好中国市场,股票与资本市场,股票与资本市场;货币与流动性;财政与地方政府;房地产与城市化;信用债务与金融风险;通胀与价格;能源资源与碳转型;增长与总需求,广谱利率与流动性;国际与历史对标;左侧—右侧判断,主体资产负债表;国内国际与资本流动;跨资产与市场谱系;行业横断面,多市场一致性;横断面梯度;时序与领先滞后;自然实验与制度冲击,480,213,079-s018,079-s020,02_markdown_articles/079_2014-12-25_见龙在田.md,30847fe0a0952d4056c1a84bb333ecc32e362d6bb0c8499234c233aedc199c28
079-s020,079,见龙在田,2014-12-25,资本市场与金融风险,20,（三）商品熊市利好中国市场 > 5. **流动性**,股票与资本市场,股票与资本市场;货币与流动性;财政与地方政府;房地产与城市化;信用债务与金融风险;通胀与价格;能源资源与碳转型;增长与总需求,广谱利率与流动性;国际与历史对标;左侧—右侧判断,主体资产负债表;国内国际与资本流动;跨资产与市场谱系;行业横断面,多市场一致性;横断面梯度;时序与领先滞后;自然实验与制度冲击,306,216,079-s019,079-s021,02_markdown_articles/079_2014-12-25_见龙在田.md,e23e34eb879728e4c8d4349d8a4330999df7957509e8e134f37415e94611db93
079-s021,079,见龙在田,2014-12-25,资本市场与金融风险,21,（一）无风险利率和风险溢价并未下降,股票与资本市场,股票与资本市场;货币与流动性;财政与地方政府;房地产与城市化;信用债务与金融风险;通胀与价格;能源资源与碳转型;增长与总需求,广谱利率与流动性;国际与历史对标;左侧—右侧判断,主体资产负债表;国内国际与资本流动;跨资产与市场谱系;行业横断面,多市场一致性;横断面梯度;时序与领先滞后;自然实验与制度冲击,976,200,079-s020,079-s022,02_markdown_articles/079_2014-12-25_见龙在田.md,67e7c956904cdce7751b07723ca91b6439e9821f7bced2d358788569b926f956
079-s022,079,见龙在田,2014-12-25,资本市场与金融风险,22,（一）无风险利率和风险溢价并未下降,股票与资本市场,股票与资本市场;货币与流动性;财政与地方政府;房地产与城市化;信用债务与金融风险;通胀与价格;能源资源与碳转型;增长与总需求,广谱利率与流动性;国际与历史对标;左侧—右侧判断,主体资产负债表;国内国际与资本流动;跨资产与市场谱系;行业横断面,多市场一致性;横断面梯度;时序与领先滞后;自然实验与制度冲击,879,208,079-s021,079-s023,02_markdown_articles/079_2014-12-25_见龙在田.md,872e4f645a18e98e7f3327233ffa9a9ad6fc08c9ad6d9db6ec1ed63842795404
079-s023,079,见龙在田,2014-12-25,资本市场与金融风险,23,（二）钱荒的冲击波效应,股票与资本市场,股票与资本市场;货币与流动性;财政与地方政府;房地产与城市化;信用债务与金融风险;通胀与价格;能源资源与碳转型;增长与总需求,广谱利率与流动性;国际与历史对标;左侧—右侧判断,主体资产负债表;国内国际与资本流动;跨资产与市场谱系;行业横断面,多市场一致性;横断面梯度;时序与领先滞后;自然实验与制度冲击,907,209,079-s022,079-s024,02_markdown_articles/079_2014-12-25_见龙在田.md,73320eded21226bd6dfea398375d3ba124fefb0ae02c42f600ab9561a8a10008
079-s024,079,见龙在田,2014-12-25,资本市场与金融风险,24,（二）钱荒的冲击波效应,股票与资本市场,股票与资本市场;货币与流动性;财政与地方政府;房地产与城市化;信用债务与金融风险;通胀与价格;能源资源与碳转型;增长与总需求,广谱利率与流动性;国际与历史对标;左侧—右侧判断,主体资产负债表;国内国际与资本流动;跨资产与市场谱系;行业横断面,多市场一致性;横断面梯度;时序与领先滞后;自然实验与制度冲击,266,197,079-s023,079-s025,02_markdown_articles/079_2014-12-25_见龙在田.md,76711a0e0af085bdfddf917ded02a9fea614fe1bcafabcc80fa126b32b3a7b56
079-s025,079,见龙在田,2014-12-25,资本市场与金融风险,25,（三）流行解释的问题,股票与资本市场,股票与资本市场;货币与流动性;财政与地方政府;房地产与城市化;信用债务与金融风险;通胀与价格;能源资源与碳转型;增长与总需求,广谱利率与流动性;国际与历史对标;左侧—右侧判断,主体资产负债表;国内国际与资本流动;跨资产与市场谱系;行业横断面,多市场一致性;横断面梯度;时序与领先滞后;自然实验与制度冲击,407,205,079-s024,079-s026,02_markdown_articles/079_2014-12-25_见龙在田.md,763500b4ca09069714dc2647e90b72042ec17249ae5b82fb6170fc85075cab1f
079-s026,079,见龙在田,2014-12-25,资本市场与金融风险,26,（四）钱荒冲击市场的两个证据,股票与资本市场,股票与资本市场;货币与流动性;财政与地方政府;房地产与城市化;信用债务与金融风险;通胀与价格;能源资源与碳转型;增长与总需求,广谱利率与流动性;国际与历史对标;左侧—右侧判断,主体资产负债表;国内国际与资本流动;跨资产与市场谱系;行业横断面,多市场一致性;横断面梯度;时序与领先滞后;自然实验与制度冲击,944,203,079-s025,079-s027,02_markdown_articles/079_2014-12-25_见龙在田.md,756b7762e4810483293bbeaa37ea1cb512fc75ea6c3cc99f32beba8f3b54bc94
079-s027,079,见龙在田,2014-12-25,资本市场与金融风险,27,（四）钱荒冲击市场的两个证据,股票与资本市场,股票与资本市场;货币与流动性;财政与地方政府;房地产与城市化;信用债务与金融风险;通胀与价格;能源资源与碳转型;增长与总需求,广谱利率与流动性;国际与历史对标;左侧—右侧判断,主体资产负债表;国内国际与资本流动;跨资产与市场谱系;行业横断面,多市场一致性;横断面梯度;时序与领先滞后;自然实验与制度冲击,325,201,079-s026,079-s028,02_markdown_articles/079_2014-12-25_见龙在田.md,a1a3d2e98faaf0bfdeb30d26467606369d447ea86c29ee91e356579dc131b272
079-s028,079,见龙在田,2014-12-25,资本市场与金融风险,28,（五）流动性分析总结,股票与资本市场,股票与资本市场;货币与流动性;财政与地方政府;房地产与城市化;信用债务与金融风险;通胀与价格;能源资源与碳转型;增长与总需求,广谱利率与流动性;国际与历史对标;左侧—右侧判断,主体资产负债表;国内国际与资本流动;跨资产与市场谱系;行业横断面,多市场一致性;横断面梯度;时序与领先滞后;自然实验与制度冲击,283,196,079-s027,079-s029,02_markdown_articles/079_2014-12-25_见龙在田.md,5e943f0fc8e1b2845d379979e0087ca4cc7fb597c2304fa3b10d4e1eed4c7956
079-s029,079,见龙在田,2014-12-25,资本市场与金融风险,29,（五）流动性分析总结 > 6. **风险和展望**,股票与资本市场,股票与资本市场;货币与流动性;财政与地方政府;房地产与城市化;信用债务与金融风险;通胀与价格;能源资源与碳转型;增长与总需求,广谱利率与流动性;国际与历史对标;左侧—右侧判断,主体资产负债表;国内国际与资本流动;跨资产与市场谱系;行业横断面,多市场一致性;横断面梯度;时序与领先滞后;自然实验与制度冲击,296,199,079-s028,079-s030,02_markdown_articles/079_2014-12-25_见龙在田.md,aa7d5e5d5d450b8272defb99d823c47599ba8d94aa885b9ef8ba3e276afdfb8f
079-s030,079,见龙在田,2014-12-25,资本市场与金融风险,30,（一）风险因素,股票与资本市场,股票与资本市场;货币与流动性;财政与地方政府;房地产与城市化;信用债务与金融风险;通胀与价格;能源资源与碳转型;增长与总需求,广谱利率与流动性;国际与历史对标;左侧—右侧判断,主体资产负债表;国内国际与资本流动;跨资产与市场谱系;行业横断面,多市场一致性;横断面梯度;时序与领先滞后;自然实验与制度冲击,500,202,079-s029,,02_markdown_articles/079_2014-12-25_见龙在田.md,e10817c3a429f8a9236eb2a7eaa0c3fb96e0f89c7969bada892f002ac4ce620c
080-s001,080,资本市场向何处去,2015-06-01,资本市场与金融风险,1,正文,股票与资本市场,股票与资本市场;研究方法与证据;房地产与城市化;企业盈利与资产负债表;货币与流动性;通胀与价格,资产负债表分析;情景与预测复盘,主体资产负债表,负向预测与证伪阈值,931,0,,080-s002,02_markdown_articles/080_2015-06-01_资本市场向何处去.md,b65fda2b600c30598b89a79fc6977772a14ba50ab9faed6bddbcd01eb9a205a2
080-s002,080,资本市场向何处去,2015-06-01,资本市场与金融风险,2,正文,股票与资本市场,股票与资本市场;研究方法与证据;房地产与城市化;企业盈利与资产负债表;货币与流动性;通胀与价格,资产负债表分析;情景与预测复盘,主体资产负债表,负向预测与证伪阈值,1096,206,080-s001,080-s003,02_markdown_articles/080_2015-06-01_资本市场向何处去.md,ca4adfd1bfe0ee60e009479b0d6508a4f7c913f6555eb02dcce9a7f7bfe896a2
080-s003,080,资本市场向何处去,2015-06-01,资本市场与金融风险,3,正文,股票与资本市场,股票与资本市场;研究方法与证据;房地产与城市化;企业盈利与资产负债表;货币与流动性;通胀与价格,资产负债表分析;情景与预测复盘,主体资产负债表,负向预测与证伪阈值,922,204,080-s002,080-s004,02_markdown_articles/080_2015-06-01_资本市场向何处去.md,d34aeb9029ed7bc998a03eb2bdf17f399c50b506c21dc1c73943247fadce10ee
080-s004,080,资本市场向何处去,2015-06-01,资本市场与金融风险,4,正文,股票与资本市场,股票与资本市场;研究方法与证据;房地产与城市化;企业盈利与资产负债表;货币与流动性;通胀与价格,资产负债表分析;情景与预测复盘,主体资产负债表,负向预测与证伪阈值,1041,199,080-s003,,02_markdown_articles/080_2015-06-01_资本市场向何处去.md,6681923cf2f1adb475826ce0f3670a458e1753c7a558e8ff1e55d41d57834cc7
081-s001,081,日乾夕惕,2015-07-02,资本市场与金融风险,1,内容提要,股票与资本市场,股票与资本市场;汇率与国际收支;信用债务与金融风险;金融制度与监管;货币与流动性;消费收入与就业;增长与总需求;研究方法与证据,资产负债表分析;广谱利率与流动性;可证伪假说;跨市场与跨资产验证,国内国际与资本流动;主体资产负债表;跨资产与市场谱系,多市场一致性;横断面梯度;负向预测与证伪阈值,271,0,,081-s002,02_markdown_articles/081_2015-07-02_日乾夕惕.md,68438d3dbd1dea45e09ea1b1654b9e1fd00392136c5a4141dfd040add1549a12
081-s002,081,日乾夕惕,2015-07-02,资本市场与金融风险,2,内容提要,股票与资本市场,股票与资本市场;汇率与国际收支;信用债务与金融风险;金融制度与监管;货币与流动性;消费收入与就业;增长与总需求;研究方法与证据,资产负债表分析;广谱利率与流动性;可证伪假说;跨市场与跨资产验证,国内国际与资本流动;主体资产负债表;跨资产与市场谱系,多市场一致性;横断面梯度;负向预测与证伪阈值,898,212,081-s001,081-s003,02_markdown_articles/081_2015-07-02_日乾夕惕.md,0ecf6a6257381f5a42baae3f86103a38b57dcb4f3b06a34d3543d16806301759
081-s003,081,日乾夕惕,2015-07-02,资本市场与金融风险,3,目录,股票与资本市场,股票与资本市场;汇率与国际收支;信用债务与金融风险;金融制度与监管;货币与流动性;消费收入与就业;增长与总需求;研究方法与证据,资产负债表分析;广谱利率与流动性;可证伪假说;跨市场与跨资产验证,国内国际与资本流动;主体资产负债表;跨资产与市场谱系,多市场一致性;横断面梯度;负向预测与证伪阈值,725,209,081-s002,081-s004,02_markdown_articles/081_2015-07-02_日乾夕惕.md,476d7b4beb0fd1b1001bfc663fd20d4fca1bb917d3c279706444b73691320960
081-s004,081,日乾夕惕,2015-07-02,资本市场与金融风险,4,一、如何看待股票？,股票与资本市场,股票与资本市场;汇率与国际收支;信用债务与金融风险;金融制度与监管;货币与流动性;消费收入与就业;增长与总需求;研究方法与证据,资产负债表分析;广谱利率与流动性;可证伪假说;跨市场与跨资产验证,国内国际与资本流动;主体资产负债表;跨资产与市场谱系,多市场一致性;横断面梯度;负向预测与证伪阈值,292,197,081-s003,081-s005,02_markdown_articles/081_2015-07-02_日乾夕惕.md,3cb94ac5709391e55b9bffa10472d65bbc14eb4ba1a8c0d22d7eca8a3a791899
081-s005,081,日乾夕惕,2015-07-02,资本市场与金融风险,5,一、如何看待股票？ > 1、两个关于股票的正统经济观点,股票与资本市场,股票与资本市场;汇率与国际收支;信用债务与金融风险;金融制度与监管;货币与流动性;消费收入与就业;增长与总需求;研究方法与证据,资产负债表分析;广谱利率与流动性;可证伪假说;跨市场与跨资产验证,国内国际与资本流动;主体资产负债表;跨资产与市场谱系,多市场一致性;横断面梯度;负向预测与证伪阈值,341,200,081-s004,081-s006,02_markdown_articles/081_2015-07-02_日乾夕惕.md,0de951fec89e6c09bf406117ed3a3a63466052ad2b3769e0f2f20560063b75e8
081-s006,081,日乾夕惕,2015-07-02,资本市场与金融风险,6,一、如何看待股票？ > 2、沪港通以来的AH溢价,股票与资本市场,股票与资本市场;汇率与国际收支;信用债务与金融风险;金融制度与监管;货币与流动性;消费收入与就业;增长与总需求;研究方法与证据,资产负债表分析;广谱利率与流动性;可证伪假说;跨市场与跨资产验证,国内国际与资本流动;主体资产负债表;跨资产与市场谱系,多市场一致性;横断面梯度;负向预测与证伪阈值,990,213,081-s005,081-s007,02_markdown_articles/081_2015-07-02_日乾夕惕.md,528164a574dd39f1eafda355ff74132561795f1c5795f16c10dcd2a921647ce1
081-s007,081,日乾夕惕,2015-07-02,资本市场与金融风险,7,一、如何看待股票？ > 3、更为现实的关于股票的观点 > （1）股票本质上是一种筹码,股票与资本市场,股票与资本市场;汇率与国际收支;信用债务与金融风险;金融制度与监管;货币与流动性;消费收入与就业;增长与总需求;研究方法与证据,资产负债表分析;广谱利率与流动性;可证伪假说;跨市场与跨资产验证,国内国际与资本流动;主体资产负债表;跨资产与市场谱系,多市场一致性;横断面梯度;负向预测与证伪阈值,270,196,081-s006,081-s008,02_markdown_articles/081_2015-07-02_日乾夕惕.md,575c939cac8fc8b4ab4ca0a5949eb393520093b99f60e39cf061ac71643cb3a5
081-s008,081,日乾夕惕,2015-07-02,资本市场与金融风险,8,一、如何看待股票？ > 3、更为现实的关于股票的观点 > （2）股票的“二象性”,股票与资本市场,股票与资本市场;汇率与国际收支;信用债务与金融风险;金融制度与监管;货币与流动性;消费收入与就业;增长与总需求;研究方法与证据,资产负债表分析;广谱利率与流动性;可证伪假说;跨市场与跨资产验证,国内国际与资本流动;主体资产负债表;跨资产与市场谱系,多市场一致性;横断面梯度;负向预测与证伪阈值,558,203,081-s007,081-s009,02_markdown_articles/081_2015-07-02_日乾夕惕.md,a945a901533ae5fc7223b344d3f271d3fbad039d506552855384a863d84aa8f5
081-s009,081,日乾夕惕,2015-07-02,资本市场与金融风险,9,一、如何看待股票？ > 4、从微观和交易层面理解筹码,股票与资本市场,股票与资本市场;汇率与国际收支;信用债务与金融风险;金融制度与监管;货币与流动性;消费收入与就业;增长与总需求;研究方法与证据,资产负债表分析;广谱利率与流动性;可证伪假说;跨市场与跨资产验证,国内国际与资本流动;主体资产负债表;跨资产与市场谱系,多市场一致性;横断面梯度;负向预测与证伪阈值,285,207,081-s008,081-s010,02_markdown_articles/081_2015-07-02_日乾夕惕.md,0cae9ee9b42017ed8aa5c24247cd59f2e53adb3ee7e848e6d4b0b3d736e956fb
081-s010,081,日乾夕惕,2015-07-02,资本市场与金融风险,10,一、如何看待股票？ > 4、从微观和交易层面理解筹码 > （1）风险爱好,股票与资本市场,股票与资本市场;汇率与国际收支;信用债务与金融风险;金融制度与监管;货币与流动性;消费收入与就业;增长与总需求;研究方法与证据,资产负债表分析;广谱利率与流动性;可证伪假说;跨市场与跨资产验证,国内国际与资本流动;主体资产负债表;跨资产与市场谱系,多市场一致性;横断面梯度;负向预测与证伪阈值,359,202,081-s009,081-s011,02_markdown_articles/081_2015-07-02_日乾夕惕.md,fe80461057afa0554a0283e1188ab8d522e07cb2f0b765a43243751a84c13a01
081-s011,081,日乾夕惕,2015-07-02,资本市场与金融风险,11,一、如何看待股票？ > 4、从微观和交易层面理解筹码 > （3）存在向上的巨大不确定性,股票与资本市场,股票与资本市场;汇率与国际收支;信用债务与金融风险;金融制度与监管;货币与流动性;消费收入与就业;增长与总需求;研究方法与证据,资产负债表分析;广谱利率与流动性;可证伪假说;跨市场与跨资产验证,国内国际与资本流动;主体资产负债表;跨资产与市场谱系,多市场一致性;横断面梯度;负向预测与证伪阈值,300,204,081-s010,081-s012,02_markdown_articles/081_2015-07-02_日乾夕惕.md,1f73818aec0556498f08ec133da71d679205d761e6b75715e6a7e32df98f0fd0
081-s012,081,日乾夕惕,2015-07-02,资本市场与金融风险,12,一、如何看待股票？ > 5、从宏观层面理解博弈,股票与资本市场,股票与资本市场;汇率与国际收支;信用债务与金融风险;金融制度与监管;货币与流动性;消费收入与就业;增长与总需求;研究方法与证据,资产负债表分析;广谱利率与流动性;可证伪假说;跨市场与跨资产验证,国内国际与资本流动;主体资产负债表;跨资产与市场谱系,多市场一致性;横断面梯度;负向预测与证伪阈值,308,197,081-s011,081-s013,02_markdown_articles/081_2015-07-02_日乾夕惕.md,3c26606104422078e0a084ee6d03e3daf9ba42784fcde9179d7e3751edf6ff5f
081-s013,081,日乾夕惕,2015-07-02,资本市场与金融风险,13,一、如何看待股票？ > 5、从宏观层面理解博弈 > （1）流动性,股票与资本市场,股票与资本市场;汇率与国际收支;信用债务与金融风险;金融制度与监管;货币与流动性;消费收入与就业;增长与总需求;研究方法与证据,资产负债表分析;广谱利率与流动性;可证伪假说;跨市场与跨资产验证,国内国际与资本流动;主体资产负债表;跨资产与市场谱系,多市场一致性;横断面梯度;负向预测与证伪阈值,389,198,081-s012,081-s014,02_markdown_articles/081_2015-07-02_日乾夕惕.md,3e965162a8ea3f66502b55a62961c3b4a756f35aeebc9122c2444739d50760be
081-s014,081,日乾夕惕,2015-07-02,资本市场与金融风险,14,一、如何看待股票？ > 5、从宏观层面理解博弈 > （2）供给约束,股票与资本市场,股票与资本市场;汇率与国际收支;信用债务与金融风险;金融制度与监管;货币与流动性;消费收入与就业;增长与总需求;研究方法与证据,资产负债表分析;广谱利率与流动性;可证伪假说;跨市场与跨资产验证,国内国际与资本流动;主体资产负债表;跨资产与市场谱系,多市场一致性;横断面梯度;负向预测与证伪阈值,388,210,081-s013,081-s015,02_markdown_articles/081_2015-07-02_日乾夕惕.md,ae8fac5a71225b4d9a4fe206200cb01ffd63c90b055ff40f6f886efaf1581849
081-s015,081,日乾夕惕,2015-07-02,资本市场与金融风险,15,一、如何看待股票？ > 5、从宏观层面理解博弈 > （3）故事题材,股票与资本市场,股票与资本市场;汇率与国际收支;信用债务与金融风险;金融制度与监管;货币与流动性;消费收入与就业;增长与总需求;研究方法与证据,资产负债表分析;广谱利率与流动性;可证伪假说;跨市场与跨资产验证,国内国际与资本流动;主体资产负债表;跨资产与市场谱系,多市场一致性;横断面梯度;负向预测与证伪阈值,602,201,081-s014,081-s016,02_markdown_articles/081_2015-07-02_日乾夕惕.md,efd559348cf28c7d3ffec340af20d02cb801324997818a4590c712b2d494763a
081-s016,081,日乾夕惕,2015-07-02,资本市场与金融风险,16,一、如何看待股票？ > 5、从宏观层面理解博弈 > （4）文化还是制度？,股票与资本市场,股票与资本市场;汇率与国际收支;信用债务与金融风险;金融制度与监管;货币与流动性;消费收入与就业;增长与总需求;研究方法与证据,资产负债表分析;广谱利率与流动性;可证伪假说;跨市场与跨资产验证,国内国际与资本流动;主体资产负债表;跨资产与市场谱系,多市场一致性;横断面梯度;负向预测与证伪阈值,294,210,081-s015,081-s017,02_markdown_articles/081_2015-07-02_日乾夕惕.md,348a272db601cb86daf2ae98432fe385feb4d4de4755ca38a854bc904d5b93aa
081-s017,081,日乾夕惕,2015-07-02,资本市场与金融风险,17,二、是否存在改革牛？,股票与资本市场,股票与资本市场;汇率与国际收支;信用债务与金融风险;金融制度与监管;货币与流动性;消费收入与就业;增长与总需求;研究方法与证据,资产负债表分析;广谱利率与流动性;可证伪假说;跨市场与跨资产验证,国内国际与资本流动;主体资产负债表;跨资产与市场谱系,多市场一致性;横断面梯度;负向预测与证伪阈值,267,213,081-s016,081-s018,02_markdown_articles/081_2015-07-02_日乾夕惕.md,c458a592cb2d00f2033ec2990a06aee5f0b77348f80aee8ac7931cf0bac45dcf
081-s018,081,日乾夕惕,2015-07-02,资本市场与金融风险,18,二、是否存在改革牛？ > 1、印度莫迪当选后各市场表现,股票与资本市场,股票与资本市场;汇率与国际收支;信用债务与金融风险;金融制度与监管;货币与流动性;消费收入与就业;增长与总需求;研究方法与证据,资产负债表分析;广谱利率与流动性;可证伪假说;跨市场与跨资产验证,国内国际与资本流动;主体资产负债表;跨资产与市场谱系,多市场一致性;横断面梯度;负向预测与证伪阈值,713,171,081-s017,081-s019,02_markdown_articles/081_2015-07-02_日乾夕惕.md,b1ec3a9882b5e261cbb22532d385ad161ab0123fb20eae9b63ec033b6dd7c31d
081-s019,081,日乾夕惕,2015-07-02,资本市场与金融风险,19,二、是否存在改革牛？ > 2、十八届三中全会之后的各市场表现,股票与资本市场,股票与资本市场;汇率与国际收支;信用债务与金融风险;金融制度与监管;货币与流动性;消费收入与就业;增长与总需求;研究方法与证据,资产负债表分析;广谱利率与流动性;可证伪假说;跨市场与跨资产验证,国内国际与资本流动;主体资产负债表;跨资产与市场谱系,多市场一致性;横断面梯度;负向预测与证伪阈值,432,206,081-s018,081-s020,02_markdown_articles/081_2015-07-02_日乾夕惕.md,b739d4173d357c8f468a2b594124dd929804ef0177442750842d321063881b8e
081-s020,081,日乾夕惕,2015-07-02,资本市场与金融风险,20,二、是否存在改革牛？ > 3、A股是否存在改革牛？,股票与资本市场,股票与资本市场;汇率与国际收支;信用债务与金融风险;金融制度与监管;货币与流动性;消费收入与就业;增长与总需求;研究方法与证据,资产负债表分析;广谱利率与流动性;可证伪假说;跨市场与跨资产验证,国内国际与资本流动;主体资产负债表;跨资产与市场谱系,多市场一致性;横断面梯度;负向预测与证伪阈值,591,195,081-s019,081-s021,02_markdown_articles/081_2015-07-02_日乾夕惕.md,fdbf07c00e5bee4e51e4cb77b04b4fcde653eb685d320e83a0e99038f6546d90
081-s021,081,日乾夕惕,2015-07-02,资本市场与金融风险,21,三、对市场走势的“考古”性回顾,股票与资本市场,股票与资本市场;汇率与国际收支;信用债务与金融风险;金融制度与监管;货币与流动性;消费收入与就业;增长与总需求;研究方法与证据,资产负债表分析;广谱利率与流动性;可证伪假说;跨市场与跨资产验证,国内国际与资本流动;主体资产负债表;跨资产与市场谱系,多市场一致性;横断面梯度;负向预测与证伪阈值,279,207,081-s020,081-s022,02_markdown_articles/081_2015-07-02_日乾夕惕.md,33fe7ffdf3224cb3c9e0798edd8499ae24eb6108791bc15e50c0d5225397d72d
081-s022,081,日乾夕惕,2015-07-02,资本市场与金融风险,22,三、对市场走势的“考古”性回顾 > 1、牛市起点的界定,股票与资本市场,股票与资本市场;汇率与国际收支;信用债务与金融风险;金融制度与监管;货币与流动性;消费收入与就业;增长与总需求;研究方法与证据,资产负债表分析;广谱利率与流动性;可证伪假说;跨市场与跨资产验证,国内国际与资本流动;主体资产负债表;跨资产与市场谱系,多市场一致性;横断面梯度;负向预测与证伪阈值,300,201,081-s021,081-s023,02_markdown_articles/081_2015-07-02_日乾夕惕.md,405f77f429d6fde55898c70867924732632b92009946b6fcbc1014e1717af7d5
081-s023,081,日乾夕惕,2015-07-02,资本市场与金融风险,23,三、对市场走势的“考古”性回顾 > 2、初始的驱动因素 > （1）广泛但缓慢的利率下降以及杠杆的使用,股票与资本市场,股票与资本市场;汇率与国际收支;信用债务与金融风险;金融制度与监管;货币与流动性;消费收入与就业;增长与总需求;研究方法与证据,资产负债表分析;广谱利率与流动性;可证伪假说;跨市场与跨资产验证,国内国际与资本流动;主体资产负债表;跨资产与市场谱系,多市场一致性;横断面梯度;负向预测与证伪阈值,877,206,081-s022,081-s024,02_markdown_articles/081_2015-07-02_日乾夕惕.md,0b11cddea4359faff4db7770fa3c5b0585b3310c9efd21a94ed5bb8abd356545
081-s024,081,日乾夕惕,2015-07-02,资本市场与金融风险,24,三、对市场走势的“考古”性回顾 > 2、初始的驱动因素 > （2）并购的兴起和工业品价格底部抬升,股票与资本市场,股票与资本市场;汇率与国际收支;信用债务与金融风险;金融制度与监管;货币与流动性;消费收入与就业;增长与总需求;研究方法与证据,资产负债表分析;广谱利率与流动性;可证伪假说;跨市场与跨资产验证,国内国际与资本流动;主体资产负债表;跨资产与市场谱系,多市场一致性;横断面梯度;负向预测与证伪阈值,272,215,081-s023,081-s025,02_markdown_articles/081_2015-07-02_日乾夕惕.md,9236605e5ec83ef07d3561b1967deea7741760322feb38757aa42f8a9edb8371
081-s025,081,日乾夕惕,2015-07-02,资本市场与金融风险,25,四、宏观经济展望,股票与资本市场,股票与资本市场;汇率与国际收支;信用债务与金融风险;金融制度与监管;货币与流动性;消费收入与就业;增长与总需求;研究方法与证据,资产负债表分析;广谱利率与流动性;可证伪假说;跨市场与跨资产验证,国内国际与资本流动;主体资产负债表;跨资产与市场谱系,多市场一致性;横断面梯度;负向预测与证伪阈值,356,211,081-s024,081-s026,02_markdown_articles/081_2015-07-02_日乾夕惕.md,04f80eaf34dd517035479f672ca3115edba797fa33d81532b6aed191c00b84bf
081-s026,081,日乾夕惕,2015-07-02,资本市场与金融风险,26,四、宏观经济展望 > 财政冲击的影响持续多久？,股票与资本市场,股票与资本市场;汇率与国际收支;信用债务与金融风险;金融制度与监管;货币与流动性;消费收入与就业;增长与总需求;研究方法与证据,资产负债表分析;广谱利率与流动性;可证伪假说;跨市场与跨资产验证,国内国际与资本流动;主体资产负债表;跨资产与市场谱系,多市场一致性;横断面梯度;负向预测与证伪阈值,945,199,081-s025,081-s027,02_markdown_articles/081_2015-07-02_日乾夕惕.md,249289a690073cc45c1e196810d0814ce4a4bae6c0cb7450a3c4fb54be1b008f
081-s027,081,日乾夕惕,2015-07-02,资本市场与金融风险,27,四、宏观经济展望 > 财政冲击的影响持续多久？,股票与资本市场,股票与资本市场;汇率与国际收支;信用债务与金融风险;金融制度与监管;货币与流动性;消费收入与就业;增长与总需求;研究方法与证据,资产负债表分析;广谱利率与流动性;可证伪假说;跨市场与跨资产验证,国内国际与资本流动;主体资产负债表;跨资产与市场谱系,多市场一致性;横断面梯度;负向预测与证伪阈值,360,215,081-s026,081-s028,02_markdown_articles/081_2015-07-02_日乾夕惕.md,5e7804669bd2c94e0b344a56f73add9390c03146abab08097c57f657a1744a42
081-s028,081,日乾夕惕,2015-07-02,资本市场与金融风险,28,五、总结,股票与资本市场,股票与资本市场;汇率与国际收支;信用债务与金融风险;金融制度与监管;货币与流动性;消费收入与就业;增长与总需求;研究方法与证据,资产负债表分析;广谱利率与流动性;可证伪假说;跨市场与跨资产验证,国内国际与资本流动;主体资产负债表;跨资产与市场谱系,多市场一致性;横断面梯度;负向预测与证伪阈值,784,196,081-s027,,02_markdown_articles/081_2015-07-02_日乾夕惕.md,48d1b6b80cccef12e175a782e65b5d1eee9f88049bb13ea7a58ac6f3d7c182d7
082-s001,082,关于股灾、杠杆与流动性的反思,2015-07-24,资本市场与金融风险,1,正文,股票与资本市场,股票与资本市场;信用债务与金融风险;金融制度与监管;货币与流动性,广谱利率与流动性;资产负债表分析,主体资产负债表,自然实验与制度冲击,1009,0,,082-s002,02_markdown_articles/082_2015-07-24_关于股灾、杠杆与流动性的反思.md,3d6735c103f626d33dc1176bf4fe2dad19a9b5a7f4b0aa0070f32203e4a62f9b
082-s002,082,关于股灾、杠杆与流动性的反思,2015-07-24,资本市场与金融风险,2,正文,股票与资本市场,股票与资本市场;信用债务与金融风险;金融制度与监管;货币与流动性,广谱利率与流动性;资产负债表分析,主体资产负债表,自然实验与制度冲击,981,202,082-s001,082-s003,02_markdown_articles/082_2015-07-24_关于股灾、杠杆与流动性的反思.md,92b40e81d9b3a1ff56510bdf36b09c1074f310c919bd170affdec5cc351c0072
082-s003,082,关于股灾、杠杆与流动性的反思,2015-07-24,资本市场与金融风险,3,正文,股票与资本市场,股票与资本市场;信用债务与金融风险;金融制度与监管;货币与流动性,广谱利率与流动性;资产负债表分析,主体资产负债表,自然实验与制度冲击,606,206,082-s002,082-s004,02_markdown_articles/082_2015-07-24_关于股灾、杠杆与流动性的反思.md,ccd2f836671418aea3988cb29d7284f4310d7fbcc471ffdeae06fe0970fab7bd
082-s004,082,关于股灾、杠杆与流动性的反思,2015-07-24,资本市场与金融风险,4,分析师简介,股票与资本市场,股票与资本市场;信用债务与金融风险;金融制度与监管;货币与流动性,广谱利率与流动性;资产负债表分析,主体资产负债表,自然实验与制度冲击,317,199,082-s003,082-s005,02_markdown_articles/082_2015-07-24_关于股灾、杠杆与流动性的反思.md,8db8b79f3748e285991ce51e3fe1d69d15a2f770c7155e3eedc89f472d94384f
082-s005,082,关于股灾、杠杆与流动性的反思,2015-07-24,资本市场与金融风险,5,本公司具备证券投资咨询业务资格的说明,股票与资本市场,股票与资本市场;信用债务与金融风险;金融制度与监管;货币与流动性,广谱利率与流动性;资产负债表分析,主体资产负债表,自然实验与制度冲击,266,206,082-s004,082-s006,02_markdown_articles/082_2015-07-24_关于股灾、杠杆与流动性的反思.md,6055823f2fe2e0d995b8cb2e53b8ae32c5d675d272276ef288fb623de4ae6961
082-s006,082,关于股灾、杠杆与流动性的反思,2015-07-24,资本市场与金融风险,6,免责声明,股票与资本市场,股票与资本市场;信用债务与金融风险;金融制度与监管;货币与流动性,广谱利率与流动性;资产负债表分析,主体资产负债表,自然实验与制度冲击,750,196,082-s005,082-s007,02_markdown_articles/082_2015-07-24_关于股灾、杠杆与流动性的反思.md,1a03e84ed83b7bfd846d5c50a39be6e09808728bdaa3b4c7715e4fab00530571
082-s007,082,关于股灾、杠杆与流动性的反思,2015-07-24,资本市场与金融风险,7,销售联系人,股票与资本市场,股票与资本市场;信用债务与金融风险;金融制度与监管;货币与流动性,广谱利率与流动性;资产负债表分析,主体资产负债表,自然实验与制度冲击,622,215,082-s006,,02_markdown_articles/082_2015-07-24_关于股灾、杠杆与流动性的反思.md,db1adede85803d9465f66b0bf4dd91d356a406230521a329fe5a05a8b20612af
083-s001,083,股市震荡之后值得深思的三个问题,2015-08-09,资本市场与金融风险,1,点评：股市震荡之后值得深思的三个问题,股票与资本市场,股票与资本市场;金融制度与监管;货币与流动性;信用债务与金融风险,国际与历史对标;广谱利率与流动性;资产负债表分析,主体资产负债表;国内国际与资本流动,自然实验与制度冲击,284,0,,083-s002,02_markdown_articles/083_2015-08-09_股市震荡之后值得深思的三个问题.md,db556bb271f0d5317818f4cb8900a9056409285f36fd025cde9f0b88e94f60eb
083-s002,083,股市震荡之后值得深思的三个问题,2015-08-09,资本市场与金融风险,2,中国需要一个市场化导向的高度发达资本市场,股票与资本市场,股票与资本市场;金融制度与监管;货币与流动性;信用债务与金融风险,国际与历史对标;广谱利率与流动性;资产负债表分析,主体资产负债表;国内国际与资本流动,自然实验与制度冲击,1011,200,083-s001,083-s003,02_markdown_articles/083_2015-08-09_股市震荡之后值得深思的三个问题.md,36e512b3305c76c9db1acfe6d554eb4ca492d9a334459b4c8c382a7809862c7d
083-s003,083,股市震荡之后值得深思的三个问题,2015-08-09,资本市场与金融风险,3,中国需要一个市场化导向的高度发达资本市场,股票与资本市场,股票与资本市场;金融制度与监管;货币与流动性;信用债务与金融风险,国际与历史对标;广谱利率与流动性;资产负债表分析,主体资产负债表;国内国际与资本流动,自然实验与制度冲击,536,201,083-s002,083-s004,02_markdown_articles/083_2015-08-09_股市震荡之后值得深思的三个问题.md,8e871c4c3cc0aae6ed68dac6f8e061c5d2903e9428f576acac3de262c3453424
083-s004,083,股市震荡之后值得深思的三个问题,2015-08-09,资本市场与金融风险,4,建立发达资本市场需要具备两个核心要素,股票与资本市场,股票与资本市场;金融制度与监管;货币与流动性;信用债务与金融风险,国际与历史对标;广谱利率与流动性;资产负债表分析,主体资产负债表;国内国际与资本流动,自然实验与制度冲击,538,199,083-s003,083-s005,02_markdown_articles/083_2015-08-09_股市震荡之后值得深思的三个问题.md,d6a24b8ab19496ee24d12841532facc96fe8750d79ea4b31846214cfc8bccf91
083-s005,083,股市震荡之后值得深思的三个问题,2015-08-09,资本市场与金融风险,5,反思对资本市场的监管和市场运行机制,股票与资本市场,股票与资本市场;金融制度与监管;货币与流动性;信用债务与金融风险,国际与历史对标;广谱利率与流动性;资产负债表分析,主体资产负债表;国内国际与资本流动,自然实验与制度冲击,999,216,083-s004,083-s006,02_markdown_articles/083_2015-08-09_股市震荡之后值得深思的三个问题.md,7b3fac6130ed49a3fef616ca32c52f64ed41bd262f91ee435065af0dad2105d4
083-s006,083,股市震荡之后值得深思的三个问题,2015-08-09,资本市场与金融风险,6,反思对资本市场的监管和市场运行机制,股票与资本市场,股票与资本市场;金融制度与监管;货币与流动性;信用债务与金融风险,国际与历史对标;广谱利率与流动性;资产负债表分析,主体资产负债表;国内国际与资本流动,自然实验与制度冲击,375,203,083-s005,,02_markdown_articles/083_2015-08-09_股市震荡之后值得深思的三个问题.md,9a3ee4fdbfe8ae2b40f561fe4ba40d2488dae100ce91fb54b6cc0a7bfe24def9
084-s001,084,关于股灾与资本市场制度建设的讨论（上）,2015-08-15,资本市场与金融风险,1,内容提要,股票与资本市场,股票与资本市场;金融制度与监管;信用债务与金融风险;财政与地方政府;产业升级与制造业,国际与历史对标;资产负债表分析,主体资产负债表;国内国际与资本流动,自然实验与制度冲击;横断面梯度,1085,0,,084-s002,02_markdown_articles/084_2015-08-15_关于股灾与资本市场制度建设的讨论(上).md,491ee523bb94285a380fad13ffabad193ef0518f34416d713905a8b984c868e9
084-s002,084,关于股灾与资本市场制度建设的讨论（上）,2015-08-15,资本市场与金融风险,2,内容提要,股票与资本市场,股票与资本市场;金融制度与监管;信用债务与金融风险;财政与地方政府;产业升级与制造业,国际与历史对标;资产负债表分析,主体资产负债表;国内国际与资本流动,自然实验与制度冲击;横断面梯度,360,202,084-s001,084-s003,02_markdown_articles/084_2015-08-15_关于股灾与资本市场制度建设的讨论(上).md,e9547468574f4bb57a4776da7c696914bbbfcb1e49331dfb3f49ce7bd8a5aed0
084-s003,084,关于股灾与资本市场制度建设的讨论（上）,2015-08-15,资本市场与金融风险,3,内容提要 > 方健：,股票与资本市场,股票与资本市场;金融制度与监管;信用债务与金融风险;财政与地方政府;产业升级与制造业,国际与历史对标;资产负债表分析,主体资产负债表;国内国际与资本流动,自然实验与制度冲击;横断面梯度,388,216,084-s002,084-s004,02_markdown_articles/084_2015-08-15_关于股灾与资本市场制度建设的讨论(上).md,97f2790ea42d5d093b4d3b47ea81b14154ca90129b0fb7b8b97f6c745d322668
084-s004,084,关于股灾与资本市场制度建设的讨论（上）,2015-08-15,资本市场与金融风险,4,内容提要 > 高善文：,股票与资本市场,股票与资本市场;金融制度与监管;信用债务与金融风险;财政与地方政府;产业升级与制造业,国际与历史对标;资产负债表分析,主体资产负债表;国内国际与资本流动,自然实验与制度冲击;横断面梯度,298,209,084-s003,084-s005,02_markdown_articles/084_2015-08-15_关于股灾与资本市场制度建设的讨论(上).md,e5330e1bfc06c1ab560deac6ccbfd91851559822849795fc8ea4476dc5cc2f83
084-s005,084,关于股灾与资本市场制度建设的讨论（上）,2015-08-15,资本市场与金融风险,5,内容提要 > 王继忠：,股票与资本市场,股票与资本市场;金融制度与监管;信用债务与金融风险;财政与地方政府;产业升级与制造业,国际与历史对标;资产负债表分析,主体资产负债表;国内国际与资本流动,自然实验与制度冲击;横断面梯度,1144,205,084-s004,084-s006,02_markdown_articles/084_2015-08-15_关于股灾与资本市场制度建设的讨论(上).md,d092bfdc8ab44d6128be5bbf09f16a34c51fb5674a748e22527a5015dc686338
084-s006,084,关于股灾与资本市场制度建设的讨论（上）,2015-08-15,资本市场与金融风险,6,内容提要 > 王继忠：,股票与资本市场,股票与资本市场;金融制度与监管;信用债务与金融风险;财政与地方政府;产业升级与制造业,国际与历史对标;资产负债表分析,主体资产负债表;国内国际与资本流动,自然实验与制度冲击;横断面梯度,823,201,084-s005,084-s007,02_markdown_articles/084_2015-08-15_关于股灾与资本市场制度建设的讨论(上).md,8c7cb348b2d08f3bfde2adab2fd6d83446a4175520220195377de47012300fa2
084-s007,084,关于股灾与资本市场制度建设的讨论（上）,2015-08-15,资本市场与金融风险,7,内容提要 > 高善文：,股票与资本市场,股票与资本市场;金融制度与监管;信用债务与金融风险;财政与地方政府;产业升级与制造业,国际与历史对标;资产负债表分析,主体资产负债表;国内国际与资本流动,自然实验与制度冲击;横断面梯度,272,196,084-s006,084-s008,02_markdown_articles/084_2015-08-15_关于股灾与资本市场制度建设的讨论(上).md,c6d0878d1a448425d910c308e5f520f9c45286ea210545e1c02fb3910659e207
084-s008,084,关于股灾与资本市场制度建设的讨论（上）,2015-08-15,资本市场与金融风险,8,第一个问题，对平准基金的评价。,股票与资本市场,股票与资本市场;金融制度与监管;信用债务与金融风险;财政与地方政府;产业升级与制造业,国际与历史对标;资产负债表分析,主体资产负债表;国内国际与资本流动,自然实验与制度冲击;横断面梯度,533,196,084-s007,084-s009,02_markdown_articles/084_2015-08-15_关于股灾与资本市场制度建设的讨论(上).md,af0529f69365ad79eeb7d259574047375b5c1937be6eba4b7d706f301dd5a7ab
084-s009,084,关于股灾与资本市场制度建设的讨论（上）,2015-08-15,资本市场与金融风险,9,第一个问题，对平准基金的评价。 > 钟小剑：,股票与资本市场,股票与资本市场;金融制度与监管;信用债务与金融风险;财政与地方政府;产业升级与制造业,国际与历史对标;资产负债表分析,主体资产负债表;国内国际与资本流动,自然实验与制度冲击;横断面梯度,969,207,084-s008,084-s010,02_markdown_articles/084_2015-08-15_关于股灾与资本市场制度建设的讨论(上).md,ec17860ea35a081468864d11ac03505281337fb6142b4bacc8f4ac528d94c4d8
084-s010,084,关于股灾与资本市场制度建设的讨论（上）,2015-08-15,资本市场与金融风险,10,第一个问题，对平准基金的评价。 > 钟小剑：,股票与资本市场,股票与资本市场;金融制度与监管;信用债务与金融风险;财政与地方政府;产业升级与制造业,国际与历史对标;资产负债表分析,主体资产负债表;国内国际与资本流动,自然实验与制度冲击;横断面梯度,1106,211,084-s009,084-s011,02_markdown_articles/084_2015-08-15_关于股灾与资本市场制度建设的讨论(上).md,350f554428a4e1e607916bfaa4601767910597e2446e78b7521634d3c663c165
084-s011,084,关于股灾与资本市场制度建设的讨论（上）,2015-08-15,资本市场与金融风险,11,第一个问题，对平准基金的评价。 > 钟小剑：,股票与资本市场,股票与资本市场;金融制度与监管;信用债务与金融风险;财政与地方政府;产业升级与制造业,国际与历史对标;资产负债表分析,主体资产负债表;国内国际与资本流动,自然实验与制度冲击;横断面梯度,301,211,084-s010,084-s012,02_markdown_articles/084_2015-08-15_关于股灾与资本市场制度建设的讨论(上).md,d69b90f0032dc37e523c7163e90b9ede8bebb96154b3e7768b0a6b2484ca22aa
084-s012,084,关于股灾与资本市场制度建设的讨论（上）,2015-08-15,资本市场与金融风险,12,第一个问题，对平准基金的评价。 > 校友T：,股票与资本市场,股票与资本市场;金融制度与监管;信用债务与金融风险;财政与地方政府;产业升级与制造业,国际与历史对标;资产负债表分析,主体资产负债表;国内国际与资本流动,自然实验与制度冲击;横断面梯度,1035,206,084-s011,084-s013,02_markdown_articles/084_2015-08-15_关于股灾与资本市场制度建设的讨论(上).md,fea8433b7c7074bb90cfb62c48513c764da7d115687f0941de17a01ac3776854
084-s013,084,关于股灾与资本市场制度建设的讨论（上）,2015-08-15,资本市场与金融风险,13,第一个问题，对平准基金的评价。 > 校友T：,股票与资本市场,股票与资本市场;金融制度与监管;信用债务与金融风险;财政与地方政府;产业升级与制造业,国际与历史对标;资产负债表分析,主体资产负债表;国内国际与资本流动,自然实验与制度冲击;横断面梯度,994,201,084-s012,084-s014,02_markdown_articles/084_2015-08-15_关于股灾与资本市场制度建设的讨论(上).md,1418e17b7cf6bcf3b87e648ff7bfc02f85aad8e792ee4cec14a046ad1763fb82
084-s014,084,关于股灾与资本市场制度建设的讨论（上）,2015-08-15,资本市场与金融风险,14,第一个问题，对平准基金的评价。 > 校友T：,股票与资本市场,股票与资本市场;金融制度与监管;信用债务与金融风险;财政与地方政府;产业升级与制造业,国际与历史对标;资产负债表分析,主体资产负债表;国内国际与资本流动,自然实验与制度冲击;横断面梯度,286,211,084-s013,084-s015,02_markdown_articles/084_2015-08-15_关于股灾与资本市场制度建设的讨论(上).md,ba9ae4c2f2624d014ae89961a7e24ce4c4339496a6869ab07eceacd21100caf0
084-s015,084,关于股灾与资本市场制度建设的讨论（上）,2015-08-15,资本市场与金融风险,15,第一个问题，对平准基金的评价。 > 徐长亮：,股票与资本市场,股票与资本市场;金融制度与监管;信用债务与金融风险;财政与地方政府;产业升级与制造业,国际与历史对标;资产负债表分析,主体资产负债表;国内国际与资本流动,自然实验与制度冲击;横断面梯度,987,203,084-s014,084-s016,02_markdown_articles/084_2015-08-15_关于股灾与资本市场制度建设的讨论(上).md,2560612e16633965c71c9a25b1b278d5d7bd59a7d1365b126c472370f1d15c89
084-s016,084,关于股灾与资本市场制度建设的讨论（上）,2015-08-15,资本市场与金融风险,16,第一个问题，对平准基金的评价。 > 徐长亮：,股票与资本市场,股票与资本市场;金融制度与监管;信用债务与金融风险;财政与地方政府;产业升级与制造业,国际与历史对标;资产负债表分析,主体资产负债表;国内国际与资本流动,自然实验与制度冲击;横断面梯度,264,212,084-s015,084-s017,02_markdown_articles/084_2015-08-15_关于股灾与资本市场制度建设的讨论(上).md,675b4fe88d900da8c2b30c3cd18ee7776aca8d7d7b7e6faf0f4b4501a7f741bc
084-s017,084,关于股灾与资本市场制度建设的讨论（上）,2015-08-15,资本市场与金融风险,17,第一个问题，对平准基金的评价。 > 校友Y：,股票与资本市场,股票与资本市场;金融制度与监管;信用债务与金融风险;财政与地方政府;产业升级与制造业,国际与历史对标;资产负债表分析,主体资产负债表;国内国际与资本流动,自然实验与制度冲击;横断面梯度,1221,193,084-s016,084-s018,02_markdown_articles/084_2015-08-15_关于股灾与资本市场制度建设的讨论(上).md,cb06c20a13a7963560d395dc04325ef9bf69a9bba251a872007f25de8d8976df
084-s018,084,关于股灾与资本市场制度建设的讨论（上）,2015-08-15,资本市场与金融风险,18,第一个问题，对平准基金的评价。 > 校友Y：,股票与资本市场,股票与资本市场;金融制度与监管;信用债务与金融风险;财政与地方政府;产业升级与制造业,国际与历史对标;资产负债表分析,主体资产负债表;国内国际与资本流动,自然实验与制度冲击;横断面梯度,929,210,084-s017,084-s019,02_markdown_articles/084_2015-08-15_关于股灾与资本市场制度建设的讨论(上).md,5bc4290c802d42f1db09490d5f612bbe6633d33a7790f93f32c3f81c25a696b5
084-s019,084,关于股灾与资本市场制度建设的讨论（上）,2015-08-15,资本市场与金融风险,19,第一个问题，对平准基金的评价。 > 校友Y：,股票与资本市场,股票与资本市场;金融制度与监管;信用债务与金融风险;财政与地方政府;产业升级与制造业,国际与历史对标;资产负债表分析,主体资产负债表;国内国际与资本流动,自然实验与制度冲击;横断面梯度,940,198,084-s018,084-s020,02_markdown_articles/084_2015-08-15_关于股灾与资本市场制度建设的讨论(上).md,832a426af7bc0c72e92168b335059aa3d656ab63f8455d6a4de7749bd0463ef3
084-s020,084,关于股灾与资本市场制度建设的讨论（上）,2015-08-15,资本市场与金融风险,20,第一个问题，对平准基金的评价。 > 校友Y：,股票与资本市场,股票与资本市场;金融制度与监管;信用债务与金融风险;财政与地方政府;产业升级与制造业,国际与历史对标;资产负债表分析,主体资产负债表;国内国际与资本流动,自然实验与制度冲击;横断面梯度,871,207,084-s019,,02_markdown_articles/084_2015-08-15_关于股灾与资本市场制度建设的讨论(上).md,6c8b131f19af2bffe644cdda713b69dd5bf2a062abe443ea05d9bdbef32b8512
085-s001,085,守正待时,2016-07-07,资本市场与金融风险,1,内容提要,股票与资本市场,股票与资本市场;房地产与城市化;产能库存与工业周期;信用债务与金融风险;能源资源与碳转型;消费收入与就业;货币与流动性;通胀与价格,国际与历史对标;资产负债表分析;广谱利率与流动性;广谱横断面观察,地区与城市横断面;所有制与企业类型;主体资产负债表;收入年龄与家庭分组;行业横断面,时序与领先滞后;横断面梯度;多市场一致性;自然实验与制度冲击;负向预测与证伪阈值,260,0,,085-s002,02_markdown_articles/085_2016-07-07_守正待时.md,d948105d03f5d1c247b2bf7abfb7a7bcf769c183ca804d3a5c1a9daf9b58f9d6
085-s002,085,守正待时,2016-07-07,资本市场与金融风险,2,内容提要,股票与资本市场,股票与资本市场;房地产与城市化;产能库存与工业周期;信用债务与金融风险;能源资源与碳转型;消费收入与就业;货币与流动性;通胀与价格,国际与历史对标;资产负债表分析;广谱利率与流动性;广谱横断面观察,地区与城市横断面;所有制与企业类型;主体资产负债表;收入年龄与家庭分组;行业横断面,时序与领先滞后;横断面梯度;多市场一致性;自然实验与制度冲击;负向预测与证伪阈值,950,206,085-s001,085-s003,02_markdown_articles/085_2016-07-07_守正待时.md,fb7b83ec267b6756919c2988ab7f46ec0b197bdc471fdfebeee258c90efba4a6
085-s003,085,守正待时,2016-07-07,资本市场与金融风险,3,内容提要,股票与资本市场,股票与资本市场;房地产与城市化;产能库存与工业周期;信用债务与金融风险;能源资源与碳转型;消费收入与就业;货币与流动性;通胀与价格,国际与历史对标;资产负债表分析;广谱利率与流动性;广谱横断面观察,地区与城市横断面;所有制与企业类型;主体资产负债表;收入年龄与家庭分组;行业横断面,时序与领先滞后;横断面梯度;多市场一致性;自然实验与制度冲击;负向预测与证伪阈值,265,204,085-s002,085-s004,02_markdown_articles/085_2016-07-07_守正待时.md,6a12655ce365882d372f2cad9c5432f2d377ce4544ff28fca995daa3085afd80
085-s004,085,守正待时,2016-07-07,资本市场与金融风险,4,目录,股票与资本市场,股票与资本市场;房地产与城市化;产能库存与工业周期;信用债务与金融风险;能源资源与碳转型;消费收入与就业;货币与流动性;通胀与价格,国际与历史对标;资产负债表分析;广谱利率与流动性;广谱横断面观察,地区与城市横断面;所有制与企业类型;主体资产负债表;收入年龄与家庭分组;行业横断面,时序与领先滞后;横断面梯度;多市场一致性;自然实验与制度冲击;负向预测与证伪阈值,290,169,085-s003,085-s005,02_markdown_articles/085_2016-07-07_守正待时.md,08e49db20386f5af9447a6c34a1993639f9c56acfb1cf994e1867020ebf07a51
085-s005,085,守正待时,2016-07-07,资本市场与金融风险,5,一、房地产市场 > （一）反腐败对房地产市场的影响,股票与资本市场,股票与资本市场;房地产与城市化;产能库存与工业周期;信用债务与金融风险;能源资源与碳转型;消费收入与就业;货币与流动性;通胀与价格,国际与历史对标;资产负债表分析;广谱利率与流动性;广谱横断面观察,地区与城市横断面;所有制与企业类型;主体资产负债表;收入年龄与家庭分组;行业横断面,时序与领先滞后;横断面梯度;多市场一致性;自然实验与制度冲击;负向预测与证伪阈值,395,198,085-s004,085-s006,02_markdown_articles/085_2016-07-07_守正待时.md,2df5e72b45df5917820c55840e5c2279384b441bd8d8ef3e0a83d6b3b75e617b
085-s006,085,守正待时,2016-07-07,资本市场与金融风险,6,一、房地产市场 > （一）反腐败对房地产市场的影响 > 表1：二线城市主要领导落马情况,股票与资本市场,股票与资本市场;房地产与城市化;产能库存与工业周期;信用债务与金融风险;能源资源与碳转型;消费收入与就业;货币与流动性;通胀与价格,国际与历史对标;资产负债表分析;广谱利率与流动性;广谱横断面观察,地区与城市横断面;所有制与企业类型;主体资产负债表;收入年龄与家庭分组;行业横断面,时序与领先滞后;横断面梯度;多市场一致性;自然实验与制度冲击;负向预测与证伪阈值,981,207,085-s005,085-s007,02_markdown_articles/085_2016-07-07_守正待时.md,d5a76d3867dfd9b331a734e3957f4530bf5dba059e486663d1b6c756baea111d
085-s007,085,守正待时,2016-07-07,资本市场与金融风险,7,一、房地产市场 > （一）反腐败对房地产市场的影响 > 表1：二线城市主要领导落马情况,股票与资本市场,股票与资本市场;房地产与城市化;产能库存与工业周期;信用债务与金融风险;能源资源与碳转型;消费收入与就业;货币与流动性;通胀与价格,国际与历史对标;资产负债表分析;广谱利率与流动性;广谱横断面观察,地区与城市横断面;所有制与企业类型;主体资产负债表;收入年龄与家庭分组;行业横断面,时序与领先滞后;横断面梯度;多市场一致性;自然实验与制度冲击;负向预测与证伪阈值,576,209,085-s006,085-s008,02_markdown_articles/085_2016-07-07_守正待时.md,0a9c2e7ad87a0b2aab052bba8c5f243a0fdfe8eec403ccda34be15f2b0924320
085-s008,085,守正待时,2016-07-07,资本市场与金融风险,8,一、房地产市场 > （二）人口结构对房地产的影响,股票与资本市场,股票与资本市场;房地产与城市化;产能库存与工业周期;信用债务与金融风险;能源资源与碳转型;消费收入与就业;货币与流动性;通胀与价格,国际与历史对标;资产负债表分析;广谱利率与流动性;广谱横断面观察,地区与城市横断面;所有制与企业类型;主体资产负债表;收入年龄与家庭分组;行业横断面,时序与领先滞后;横断面梯度;多市场一致性;自然实验与制度冲击;负向预测与证伪阈值,906,195,085-s007,085-s009,02_markdown_articles/085_2016-07-07_守正待时.md,758bf682d0eb249c4d5d1950757df4ab873a15567abc924b0e10078e43240e30
085-s009,085,守正待时,2016-07-07,资本市场与金融风险,9,一、房地产市场 > （二）人口结构对房地产的影响,股票与资本市场,股票与资本市场;房地产与城市化;产能库存与工业周期;信用债务与金融风险;能源资源与碳转型;消费收入与就业;货币与流动性;通胀与价格,国际与历史对标;资产负债表分析;广谱利率与流动性;广谱横断面观察,地区与城市横断面;所有制与企业类型;主体资产负债表;收入年龄与家庭分组;行业横断面,时序与领先滞后;横断面梯度;多市场一致性;自然实验与制度冲击;负向预测与证伪阈值,636,201,085-s008,085-s010,02_markdown_articles/085_2016-07-07_守正待时.md,d7feabff6ab47f7c8c32881fab957c62cf2ed057e4f1ff426bc9f781c8d184fc
085-s010,085,守正待时,2016-07-07,资本市场与金融风险,10,一、房地产市场 > （三）对房地产市场的总结和展望 > 1、房地产市场的核心问题是去库存。,股票与资本市场,股票与资本市场;房地产与城市化;产能库存与工业周期;信用债务与金融风险;能源资源与碳转型;消费收入与就业;货币与流动性;通胀与价格,国际与历史对标;资产负债表分析;广谱利率与流动性;广谱横断面观察,地区与城市横断面;所有制与企业类型;主体资产负债表;收入年龄与家庭分组;行业横断面,时序与领先滞后;横断面梯度;多市场一致性;自然实验与制度冲击;负向预测与证伪阈值,346,204,085-s009,085-s011,02_markdown_articles/085_2016-07-07_守正待时.md,8ffb378d579de251d4af046f2682d662b88403356db85e20b831c9d7492715d5
085-s011,085,守正待时,2016-07-07,资本市场与金融风险,11,一、房地产市场 > （三）对房地产市场的总结和展望 > 2、从总量层面讨论房地产市场。,股票与资本市场,股票与资本市场;房地产与城市化;产能库存与工业周期;信用债务与金融风险;能源资源与碳转型;消费收入与就业;货币与流动性;通胀与价格,国际与历史对标;资产负债表分析;广谱利率与流动性;广谱横断面观察,地区与城市横断面;所有制与企业类型;主体资产负债表;收入年龄与家庭分组;行业横断面,时序与领先滞后;横断面梯度;多市场一致性;自然实验与制度冲击;负向预测与证伪阈值,917,212,085-s010,085-s012,02_markdown_articles/085_2016-07-07_守正待时.md,e6bc7040d95b119d5a52196b51c6cc0148573d4a5a284eb63d992059860d7f3c
085-s012,085,守正待时,2016-07-07,资本市场与金融风险,12,一、房地产市场 > （三）对房地产市场的总结和展望 > 2、从总量层面讨论房地产市场。,股票与资本市场,股票与资本市场;房地产与城市化;产能库存与工业周期;信用债务与金融风险;能源资源与碳转型;消费收入与就业;货币与流动性;通胀与价格,国际与历史对标;资产负债表分析;广谱利率与流动性;广谱横断面观察,地区与城市横断面;所有制与企业类型;主体资产负债表;收入年龄与家庭分组;行业横断面,时序与领先滞后;横断面梯度;多市场一致性;自然实验与制度冲击;负向预测与证伪阈值,596,210,085-s011,085-s013,02_markdown_articles/085_2016-07-07_守正待时.md,9bf47505822000684ff8c87b062e8bf7690186c5158a88de0158965125b528ee
085-s013,085,守正待时,2016-07-07,资本市场与金融风险,13,二、产能过剩问题 > （一）定量测量产能过剩,股票与资本市场,股票与资本市场;房地产与城市化;产能库存与工业周期;信用债务与金融风险;能源资源与碳转型;消费收入与就业;货币与流动性;通胀与价格,国际与历史对标;资产负债表分析;广谱利率与流动性;广谱横断面观察,地区与城市横断面;所有制与企业类型;主体资产负债表;收入年龄与家庭分组;行业横断面,时序与领先滞后;横断面梯度;多市场一致性;自然实验与制度冲击;负向预测与证伪阈值,963,199,085-s012,085-s014,02_markdown_articles/085_2016-07-07_守正待时.md,8d921744c41f3ee8786e11dba06f3edcb8bb596bb5a6689ef9d44702d506c3f0
085-s014,085,守正待时,2016-07-07,资本市场与金融风险,14,二、产能过剩问题 > （一）定量测量产能过剩 > 表2：产能过剩行业的描述性统计,股票与资本市场,股票与资本市场;房地产与城市化;产能库存与工业周期;信用债务与金融风险;能源资源与碳转型;消费收入与就业;货币与流动性;通胀与价格,国际与历史对标;资产负债表分析;广谱利率与流动性;广谱横断面观察,地区与城市横断面;所有制与企业类型;主体资产负债表;收入年龄与家庭分组;行业横断面,时序与领先滞后;横断面梯度;多市场一致性;自然实验与制度冲击;负向预测与证伪阈值,263,206,085-s013,085-s015,02_markdown_articles/085_2016-07-07_守正待时.md,fcdfdd6e7e2d806a03239a4eb253e25f86a4e05f38f84f93330103076395e15e
085-s015,085,守正待时,2016-07-07,资本市场与金融风险,15,二、产能过剩问题 > （二）产能过剩的原因,股票与资本市场,股票与资本市场;房地产与城市化;产能库存与工业周期;信用债务与金融风险;能源资源与碳转型;消费收入与就业;货币与流动性;通胀与价格,国际与历史对标;资产负债表分析;广谱利率与流动性;广谱横断面观察,地区与城市横断面;所有制与企业类型;主体资产负债表;收入年龄与家庭分组;行业横断面,时序与领先滞后;横断面梯度;多市场一致性;自然实验与制度冲击;负向预测与证伪阈值,1029,148,085-s014,085-s016,02_markdown_articles/085_2016-07-07_守正待时.md,35070eacd76a45b71df32f20db70f1c4339e7d8c7088530d7d63652f386ad155
085-s016,085,守正待时,2016-07-07,资本市场与金融风险,16,二、产能过剩问题 > （二）产能过剩的原因 > 表3：过剩行业与其他重化工业对比,股票与资本市场,股票与资本市场;房地产与城市化;产能库存与工业周期;信用债务与金融风险;能源资源与碳转型;消费收入与就业;货币与流动性;通胀与价格,国际与历史对标;资产负债表分析;广谱利率与流动性;广谱横断面观察,地区与城市横断面;所有制与企业类型;主体资产负债表;收入年龄与家庭分组;行业横断面,时序与领先滞后;横断面梯度;多市场一致性;自然实验与制度冲击;负向预测与证伪阈值,456,200,085-s015,085-s017,02_markdown_articles/085_2016-07-07_守正待时.md,fa664b7fb523869bea8c84e597005e3d222f88b230211b0df2f2faecd42a252c
085-s017,085,守正待时,2016-07-07,资本市场与金融风险,17,二、产能过剩问题 > （二）产能过剩的原因 > 表4：黑色、有色、化工行业比较,股票与资本市场,股票与资本市场;房地产与城市化;产能库存与工业周期;信用债务与金融风险;能源资源与碳转型;消费收入与就业;货币与流动性;通胀与价格,国际与历史对标;资产负债表分析;广谱利率与流动性;广谱横断面观察,地区与城市横断面;所有制与企业类型;主体资产负债表;收入年龄与家庭分组;行业横断面,时序与领先滞后;横断面梯度;多市场一致性;自然实验与制度冲击;负向预测与证伪阈值,648,214,085-s016,085-s018,02_markdown_articles/085_2016-07-07_守正待时.md,7d1f8b27f50e91120407e6f0bfe8fe81700a3e9d4aaae978a659659c1e0a2820
085-s018,085,守正待时,2016-07-07,资本市场与金融风险,18,二、产能过剩问题 > （三）从PPI角度观察产能过剩,股票与资本市场,股票与资本市场;房地产与城市化;产能库存与工业周期;信用债务与金融风险;能源资源与碳转型;消费收入与就业;货币与流动性;通胀与价格,国际与历史对标;资产负债表分析;广谱利率与流动性;广谱横断面观察,地区与城市横断面;所有制与企业类型;主体资产负债表;收入年龄与家庭分组;行业横断面,时序与领先滞后;横断面梯度;多市场一致性;自然实验与制度冲击;负向预测与证伪阈值,978,201,085-s017,085-s019,02_markdown_articles/085_2016-07-07_守正待时.md,98fb548d4d2bf3ac490cd20c510bf2b7bcfc8deb1519a0be526e21e336f7ea43
085-s019,085,守正待时,2016-07-07,资本市场与金融风险,19,二、产能过剩问题 > （三）从PPI角度观察产能过剩,股票与资本市场,股票与资本市场;房地产与城市化;产能库存与工业周期;信用债务与金融风险;能源资源与碳转型;消费收入与就业;货币与流动性;通胀与价格,国际与历史对标;资产负债表分析;广谱利率与流动性;广谱横断面观察,地区与城市横断面;所有制与企业类型;主体资产负债表;收入年龄与家庭分组;行业横断面,时序与领先滞后;横断面梯度;多市场一致性;自然实验与制度冲击;负向预测与证伪阈值,423,196,085-s018,085-s020,02_markdown_articles/085_2016-07-07_守正待时.md,10b736454c665921596b3a3197fba88ab908ec4a6bc2213d0206e45587386537
085-s020,085,守正待时,2016-07-07,资本市场与金融风险,20,三、影子银行体系风险,股票与资本市场,股票与资本市场;房地产与城市化;产能库存与工业周期;信用债务与金融风险;能源资源与碳转型;消费收入与就业;货币与流动性;通胀与价格,国际与历史对标;资产负债表分析;广谱利率与流动性;广谱横断面观察,地区与城市横断面;所有制与企业类型;主体资产负债表;收入年龄与家庭分组;行业横断面,时序与领先滞后;横断面梯度;多市场一致性;自然实验与制度冲击;负向预测与证伪阈值,914,199,085-s019,085-s021,02_markdown_articles/085_2016-07-07_守正待时.md,54cb4aaae670b8b1dc3ba41d34d1f690be3f354a9afadea326c89d6b686b5330
085-s021,085,守正待时,2016-07-07,资本市场与金融风险,21,三、影子银行体系风险,股票与资本市场,股票与资本市场;房地产与城市化;产能库存与工业周期;信用债务与金融风险;能源资源与碳转型;消费收入与就业;货币与流动性;通胀与价格,国际与历史对标;资产负债表分析;广谱利率与流动性;广谱横断面观察,地区与城市横断面;所有制与企业类型;主体资产负债表;收入年龄与家庭分组;行业横断面,时序与领先滞后;横断面梯度;多市场一致性;自然实验与制度冲击;负向预测与证伪阈值,989,206,085-s020,,02_markdown_articles/085_2016-07-07_守正待时.md,9a29da7cd240f6373a98a0fedafb24933979c088e87e622e48f1a8312fe7211e
086-s001,086,商品价格和PPI环比显著走弱 流动性趋紧牵制估值水平,2017-04-27,资本市场与金融风险,1,正文,股票与资本市场,股票与资本市场;货币与流动性;通胀与价格;信用债务与金融风险,广谱利率与流动性,跨资产与市场谱系,符号与量价组合,915,0,,,02_markdown_articles/086_2017-04-27_商品价格和PPI环比显著走弱_流动性趋紧牵制估值水平.md,d3c9af09d81fe8227f02facdf44426013f5ead6cec6325c72049f7d18f370ac0
087-s001,087,中国影子银行体系的兴起和变迁,2017-07-03,资本市场与金融风险,1,1、影子体系规模的快速膨胀,信用债务与金融风险,信用债务与金融风险;金融制度与监管;货币与流动性;股票与资本市场,资产负债表分析,主体资产负债表,自然实验与制度冲击,287,0,,087-s002,02_markdown_articles/087_2017-07-03_中国影子银行体系的兴起和变迁.md,5bbc1e26f82eb994cca24fe09f710c42a99e0bdac0f46177e68697a66a4b8b1f
087-s002,087,中国影子银行体系的兴起和变迁,2017-07-03,资本市场与金融风险,2,1、影子体系规模的快速膨胀,信用债务与金融风险,信用债务与金融风险;金融制度与监管;货币与流动性;股票与资本市场,资产负债表分析,主体资产负债表,自然实验与制度冲击,324,213,087-s001,087-s003,02_markdown_articles/087_2017-07-03_中国影子银行体系的兴起和变迁.md,407b24b1223d788d08e3404988429f2287a5226d491d7bb7283f6be4eb5d59be
087-s003,087,中国影子银行体系的兴起和变迁,2017-07-03,资本市场与金融风险,3,2、单纯基于金融自由化改革无法完全理解影子体系的扩张,信用债务与金融风险,信用债务与金融风险;金融制度与监管;货币与流动性;股票与资本市场,资产负债表分析,主体资产负债表,自然实验与制度冲击,923,196,087-s002,087-s004,02_markdown_articles/087_2017-07-03_中国影子银行体系的兴起和变迁.md,97d02405c9da99177d46ecc97c9cdf437fed48481566e87a850d389b23217116
087-s004,087,中国影子银行体系的兴起和变迁,2017-07-03,资本市场与金融风险,4,2、单纯基于金融自由化改革无法完全理解影子体系的扩张,信用债务与金融风险,信用债务与金融风险;金融制度与监管;货币与流动性;股票与资本市场,资产负债表分析,主体资产负债表,自然实验与制度冲击,286,199,087-s003,087-s005,02_markdown_articles/087_2017-07-03_中国影子银行体系的兴起和变迁.md,c22d73db3d4c702e3b6a98b001ead7fc7da6992f5727347f133de538735011bc
087-s005,087,中国影子银行体系的兴起和变迁,2017-07-03,资本市场与金融风险,5,3、2010-2013年“银行的影子”,信用债务与金融风险,信用债务与金融风险;金融制度与监管;货币与流动性;股票与资本市场,资产负债表分析,主体资产负债表,自然实验与制度冲击,721,213,087-s004,087-s006,02_markdown_articles/087_2017-07-03_中国影子银行体系的兴起和变迁.md,48e4c358c04408676e28aa7ca54d81565e96ecbae54012650961624107a5c85e
087-s006,087,中国影子银行体系的兴起和变迁,2017-07-03,资本市场与金融风险,6,4、2014-2016年真正的“影子银行”,信用债务与金融风险,信用债务与金融风险;金融制度与监管;货币与流动性;股票与资本市场,资产负债表分析,主体资产负债表,自然实验与制度冲击,925,211,087-s005,087-s007,02_markdown_articles/087_2017-07-03_中国影子银行体系的兴起和变迁.md,df0a81cd4647633d28c986ac4d32aa44bb335862cbc97f35c03fe2de72d8da9b
087-s007,087,中国影子银行体系的兴起和变迁,2017-07-03,资本市场与金融风险,7,4、2014-2016年真正的“影子银行”,信用债务与金融风险,信用债务与金融风险;金融制度与监管;货币与流动性;股票与资本市场,资产负债表分析,主体资产负债表,自然实验与制度冲击,275,196,087-s006,087-s008,02_markdown_articles/087_2017-07-03_中国影子银行体系的兴起和变迁.md,c549bb78f3549900b04efc78ceac51d1e2dc646541ae22ce0e94084c5e8b86f5
087-s008,087,中国影子银行体系的兴起和变迁,2017-07-03,资本市场与金融风险,8,5、从社融细项和理财资金投向看影子体系的变迁,信用债务与金融风险,信用债务与金融风险;金融制度与监管;货币与流动性;股票与资本市场,资产负债表分析,主体资产负债表,自然实验与制度冲击,537,214,087-s007,,02_markdown_articles/087_2017-07-03_中国影子银行体系的兴起和变迁.md,7288dc641e135bdeaf41fd3db35464e090ac4a0399ed99263cdf5af34d86e5a4
088-s001,088,金融机构到了河那边 金融监管还在河里,2017-09-18,资本市场与金融风险,1,正文,金融制度与监管,金融制度与监管;信用债务与金融风险;利率与债券市场;股票与资本市场;企业盈利与资产负债表,资产负债表分析,主体资产负债表;期限评级与信用层级;跨资产与市场谱系,自然实验与制度冲击,1003,0,,088-s002,02_markdown_articles/088_2017-09-18_金融机构到了河那边_金融监管还在河里.md,edd378335e3174ea0baf7832a69934ab403de2d127c3aa9da442dddc3c60304e
088-s002,088,金融机构到了河那边 金融监管还在河里,2017-09-18,资本市场与金融风险,2,正文,金融制度与监管,金融制度与监管;信用债务与金融风险;利率与债券市场;股票与资本市场;企业盈利与资产负债表,资产负债表分析,主体资产负债表;期限评级与信用层级;跨资产与市场谱系,自然实验与制度冲击,709,203,088-s001,088-s003,02_markdown_articles/088_2017-09-18_金融机构到了河那边_金融监管还在河里.md,ba363cda85414f8048f4f305ac46511374b7d2ef485ea91a55cdacd9397a090c
088-s003,088,金融机构到了河那边 金融监管还在河里,2017-09-18,资本市场与金融风险,3,正文,金融制度与监管,金融制度与监管;信用债务与金融风险;利率与债券市场;股票与资本市场;企业盈利与资产负债表,资产负债表分析,主体资产负债表;期限评级与信用层级;跨资产与市场谱系,自然实验与制度冲击,983,212,088-s002,088-s004,02_markdown_articles/088_2017-09-18_金融机构到了河那边_金融监管还在河里.md,28c30ed6c53761c4211c638e1d27296aa70810dd64e843417d66ebf4d02f144a
088-s004,088,金融机构到了河那边 金融监管还在河里,2017-09-18,资本市场与金融风险,4,正文,金融制度与监管,金融制度与监管;信用债务与金融风险;利率与债券市场;股票与资本市场;企业盈利与资产负债表,资产负债表分析,主体资产负债表;期限评级与信用层级;跨资产与市场谱系,自然实验与制度冲击,922,213,088-s003,088-s005,02_markdown_articles/088_2017-09-18_金融机构到了河那边_金融监管还在河里.md,bfc188a8acd36770fe1a6608b7dbbf24a65a6949ae59e29834350704553b11b2
088-s005,088,金融机构到了河那边 金融监管还在河里,2017-09-18,资本市场与金融风险,5,正文,金融制度与监管,金融制度与监管;信用债务与金融风险;利率与债券市场;股票与资本市场;企业盈利与资产负债表,资产负债表分析,主体资产负债表;期限评级与信用层级;跨资产与市场谱系,自然实验与制度冲击,1154,200,088-s004,,02_markdown_articles/088_2017-09-18_金融机构到了河那边_金融监管还在河里.md,a9ef7d558c4984c47f000b3ea40c0a53fb8de3b28496b21569269a6649aed38a
089-s001,089,经济动能维持韧性 市场风险偏好提升,2018-01-25,资本市场与金融风险,1,正文,贸易与全球经济,贸易与全球经济;消费收入与就业;股票与资本市场;产业升级与制造业;财政与地方政府;房地产与城市化;增长与总需求;利率与债券市场,名义—实际拆分,国内国际与资本流动;收入年龄与家庭分组;地区与城市横断面;主体资产负债表,多市场一致性;时序与领先滞后,393,0,,089-s002,02_markdown_articles/089_2018-01-25_经济动能维持韧性_市场风险偏好提升.md,bf72918d11d414b6d179a64d912c3da1a65a93cab388b135442a5590254662ff
089-s002,089,经济动能维持韧性 市场风险偏好提升,2018-01-25,资本市场与金融风险,2,一、经济动能维持韧性,贸易与全球经济,贸易与全球经济;消费收入与就业;股票与资本市场;产业升级与制造业;财政与地方政府;房地产与城市化;增长与总需求;利率与债券市场,名义—实际拆分,国内国际与资本流动;收入年龄与家庭分组;地区与城市横断面;主体资产负债表,多市场一致性;时序与领先滞后,286,211,089-s001,089-s003,02_markdown_articles/089_2018-01-25_经济动能维持韧性_市场风险偏好提升.md,37ae2be8fae8f5c14df0324c9a829e1cb384509696ef2020ae8fb61262b23fd2
089-s003,089,经济动能维持韧性 市场风险偏好提升,2018-01-25,资本市场与金融风险,3,一、经济动能维持韧性 > 1、经济动能维持韧性,贸易与全球经济,贸易与全球经济;消费收入与就业;股票与资本市场;产业升级与制造业;财政与地方政府;房地产与城市化;增长与总需求;利率与债券市场,名义—实际拆分,国内国际与资本流动;收入年龄与家庭分组;地区与城市横断面;主体资产负债表,多市场一致性;时序与领先滞后,287,203,089-s002,089-s004,02_markdown_articles/089_2018-01-25_经济动能维持韧性_市场风险偏好提升.md,37614d00bad38fba0a0a98fdf77256b07a5edd9a3a83bce0673c1f1c1ce3d15b
089-s004,089,经济动能维持韧性 市场风险偏好提升,2018-01-25,资本市场与金融风险,4,一、经济动能维持韧性 > 2、全球同步恢复及其对中国出口的提振,贸易与全球经济,贸易与全球经济;消费收入与就业;股票与资本市场;产业升级与制造业;财政与地方政府;房地产与城市化;增长与总需求;利率与债券市场,名义—实际拆分,国内国际与资本流动;收入年龄与家庭分组;地区与城市横断面;主体资产负债表,多市场一致性;时序与领先滞后,333,203,089-s003,089-s005,02_markdown_articles/089_2018-01-25_经济动能维持韧性_市场风险偏好提升.md,7bfda36bcdd1ba53186457b8e717e24a0dcc593272408a42c983046b5528dfb2
089-s005,089,经济动能维持韧性 市场风险偏好提升,2018-01-25,资本市场与金融风险,5,一、经济动能维持韧性 > 3、限产继续压制产量表现,贸易与全球经济,贸易与全球经济;消费收入与就业;股票与资本市场;产业升级与制造业;财政与地方政府;房地产与城市化;增长与总需求;利率与债券市场,名义—实际拆分,国内国际与资本流动;收入年龄与家庭分组;地区与城市横断面;主体资产负债表,多市场一致性;时序与领先滞后,620,204,089-s004,089-s006,02_markdown_articles/089_2018-01-25_经济动能维持韧性_市场风险偏好提升.md,8007e08a513b1992aa46e5d28bbba5ed5146b0c43c754330a19e9b3c2cba77f1
089-s006,089,经济动能维持韧性 市场风险偏好提升,2018-01-25,资本市场与金融风险,6,一、经济动能维持韧性 > 4、三四线房地产继续快速去化，基建投资增速下滑较大,贸易与全球经济,贸易与全球经济;消费收入与就业;股票与资本市场;产业升级与制造业;财政与地方政府;房地产与城市化;增长与总需求;利率与债券市场,名义—实际拆分,国内国际与资本流动;收入年龄与家庭分组;地区与城市横断面;主体资产负债表,多市场一致性;时序与领先滞后,563,201,089-s005,089-s007,02_markdown_articles/089_2018-01-25_经济动能维持韧性_市场风险偏好提升.md,15911778ba84f141e8426341fb5152dbe820f5a3df1ade4d6659fa56bac95347
089-s007,089,经济动能维持韧性 市场风险偏好提升,2018-01-25,资本市场与金融风险,7,一、经济动能维持韧性 > 5、收入增速改善，有望支持居民消费企稳回升,贸易与全球经济,贸易与全球经济;消费收入与就业;股票与资本市场;产业升级与制造业;财政与地方政府;房地产与城市化;增长与总需求;利率与债券市场,名义—实际拆分,国内国际与资本流动;收入年龄与家庭分组;地区与城市横断面;主体资产负债表,多市场一致性;时序与领先滞后,476,201,089-s006,089-s008,02_markdown_articles/089_2018-01-25_经济动能维持韧性_市场风险偏好提升.md,dfb551744e4a8d6bf6ead22f6a2a3a74c63a14682f84cd367df30fa53343fd62
089-s008,089,经济动能维持韧性 市场风险偏好提升,2018-01-25,资本市场与金融风险,8,一、经济动能维持韧性 > 1、12月进口与信贷滑落，保持跟踪,贸易与全球经济,贸易与全球经济;消费收入与就业;股票与资本市场;产业升级与制造业;财政与地方政府;房地产与城市化;增长与总需求;利率与债券市场,名义—实际拆分,国内国际与资本流动;收入年龄与家庭分组;地区与城市横断面;主体资产负债表,多市场一致性;时序与领先滞后,327,197,089-s007,089-s009,02_markdown_articles/089_2018-01-25_经济动能维持韧性_市场风险偏好提升.md,d864b10fc3a8e601192606a600ddef2046987136a430657d6937b55539c44e62
089-s009,089,经济动能维持韧性 市场风险偏好提升,2018-01-25,资本市场与金融风险,9,一、经济动能维持韧性 > 2、货币增速创新低,贸易与全球经济,贸易与全球经济;消费收入与就业;股票与资本市场;产业升级与制造业;财政与地方政府;房地产与城市化;增长与总需求;利率与债券市场,名义—实际拆分,国内国际与资本流动;收入年龄与家庭分组;地区与城市横断面;主体资产负债表,多市场一致性;时序与领先滞后,739,209,089-s008,,02_markdown_articles/089_2018-01-25_经济动能维持韧性_市场风险偏好提升.md,6a4c43dccc27b403d8bcf8af6669ef590273a09ec2618664276fe64618f603b0
090-s001,090,金融危机以后 中国企业资产负债率趋势下降,2018-03-20,资本市场与金融风险,1,正文,股票与资本市场,股票与资本市场;企业盈利与资产负债表;产能库存与工业周期;信用债务与金融风险,资产负债表分析,所有制与企业类型;主体资产负债表,会计与存量流量约束,1179,0,,090-s002,02_markdown_articles/090_2018-03-20_金融危机以后_中国企业资产负债率趋势下降.md,c1594cfb18f6ae9a7f9d10e3f45bf7c103425e913799dffabd78fcaf171cb3be
090-s002,090,金融危机以后 中国企业资产负债率趋势下降,2018-03-20,资本市场与金融风险,2,正文,股票与资本市场,股票与资本市场;企业盈利与资产负债表;产能库存与工业周期;信用债务与金融风险,资产负债表分析,所有制与企业类型;主体资产负债表,会计与存量流量约束,942,214,090-s001,090-s003,02_markdown_articles/090_2018-03-20_金融危机以后_中国企业资产负债率趋势下降.md,67d707041cdcd5c80dd125671b38cffac85227f090f477120eef19a03d165ea7
090-s003,090,金融危机以后 中国企业资产负债率趋势下降,2018-03-20,资本市场与金融风险,3,正文,股票与资本市场,股票与资本市场;企业盈利与资产负债表;产能库存与工业周期;信用债务与金融风险,资产负债表分析,所有制与企业类型;主体资产负债表,会计与存量流量约束,1009,198,090-s002,090-s004,02_markdown_articles/090_2018-03-20_金融危机以后_中国企业资产负债率趋势下降.md,efc060823f286bcb47ed3069e1e1c2f75e0b99e3c14c80c7c6b8da3f4772ffde
090-s004,090,金融危机以后 中国企业资产负债率趋势下降,2018-03-20,资本市场与金融风险,4,正文,股票与资本市场,股票与资本市场;企业盈利与资产负债表;产能库存与工业周期;信用债务与金融风险,资产负债表分析,所有制与企业类型;主体资产负债表,会计与存量流量约束,1121,216,090-s003,090-s005,02_markdown_articles/090_2018-03-20_金融危机以后_中国企业资产负债率趋势下降.md,1e2dd410887fe45c29782e02c43f3fb84e4ee68f31c56d7fffeb3517e54538a3
090-s005,090,金融危机以后 中国企业资产负债率趋势下降,2018-03-20,资本市场与金融风险,5,正文,股票与资本市场,股票与资本市场;企业盈利与资产负债表;产能库存与工业周期;信用债务与金融风险,资产负债表分析,所有制与企业类型;主体资产负债表,会计与存量流量约束,199,215,090-s004,,02_markdown_articles/090_2018-03-20_金融危机以后_中国企业资产负债率趋势下降.md,1f2e6cb83bce924da357ff2cb558a14c84e6d6566772145cd428680f9ba9ce9b
091-s001,091,中国企业部门杠杆率之谜,2018-05-28,资本市场与金融风险,1,正文,股票与资本市场,股票与资本市场;企业盈利与资产负债表;信用债务与金融风险;产能库存与工业周期,资产负债表分析,主体资产负债表;所有制与企业类型,横断面梯度,1015,0,,091-s002,02_markdown_articles/091_2018-05-28_中国企业部门杠杆率之谜.md,91ae95ada24f670c2d0df31948899e6fbd9e8b0543fa2b4e88569c23b3d408c8
091-s002,091,中国企业部门杠杆率之谜,2018-05-28,资本市场与金融风险,2,正文,股票与资本市场,股票与资本市场;企业盈利与资产负债表;信用债务与金融风险;产能库存与工业周期,资产负债表分析,主体资产负债表;所有制与企业类型,横断面梯度,940,204,091-s001,091-s003,02_markdown_articles/091_2018-05-28_中国企业部门杠杆率之谜.md,23f3a1e3dd2b690a5c0c2d3696621b1d7715c04a0f389d18fca59fc59c06de80
091-s003,091,中国企业部门杠杆率之谜,2018-05-28,资本市场与金融风险,3,正文,股票与资本市场,股票与资本市场;企业盈利与资产负债表;信用债务与金融风险;产能库存与工业周期,资产负债表分析,主体资产负债表;所有制与企业类型,横断面梯度,516,205,091-s002,,02_markdown_articles/091_2018-05-28_中国企业部门杠杆率之谜.md,0ae4673153b268f5c168e44c4b929519ada161959d331d81ae50371a50e9ccc4
092-s001,092,去杠杆之争,2018-05-31,资本市场与金融风险,1,内容提要,股票与资本市场,股票与资本市场;信用债务与金融风险;企业盈利与资产负债表;产能库存与工业周期;汇率与国际收支;财政与地方政府;贸易与全球经济;增长与总需求,资产负债表分析;国际与历史对标,所有制与企业类型;主体资产负债表;国内国际与资本流动;期限评级与信用层级,会计与存量流量约束;自然实验与制度冲击,272,0,,092-s002,02_markdown_articles/092_2018-05-31_去杠杆之争.md,1c36a1e795977615fd926ecb35ca0b6d0752d484a4ac068493ca079a5e552e57
092-s002,092,去杠杆之争,2018-05-31,资本市场与金融风险,2,内容提要,股票与资本市场,股票与资本市场;信用债务与金融风险;企业盈利与资产负债表;产能库存与工业周期;汇率与国际收支;财政与地方政府;贸易与全球经济;增长与总需求,资产负债表分析;国际与历史对标,所有制与企业类型;主体资产负债表;国内国际与资本流动;期限评级与信用层级,会计与存量流量约束;自然实验与制度冲击,320,198,092-s001,092-s003,02_markdown_articles/092_2018-05-31_去杠杆之争.md,4a1a355db7feb16a1a9fc79fda2010e6e65355f92d5f46045f81f3e0c6eafae3
092-s003,092,去杠杆之争,2018-05-31,资本市场与金融风险,3,目录,股票与资本市场,股票与资本市场;信用债务与金融风险;企业盈利与资产负债表;产能库存与工业周期;汇率与国际收支;财政与地方政府;贸易与全球经济;增长与总需求,资产负债表分析;国际与历史对标,所有制与企业类型;主体资产负债表;国内国际与资本流动;期限评级与信用层级,会计与存量流量约束;自然实验与制度冲击,282,201,092-s002,092-s004,02_markdown_articles/092_2018-05-31_去杠杆之争.md,5ca93db1358bfcc8a0eb48cadf4f5c60e53acec83c91273835a1731df18db58f
092-s004,092,去杠杆之争,2018-05-31,资本市场与金融风险,4,一、中国的宏观杠杆问题本质上是结构问题，是财政问题。,股票与资本市场,股票与资本市场;信用债务与金融风险;企业盈利与资产负债表;产能库存与工业周期;汇率与国际收支;财政与地方政府;贸易与全球经济;增长与总需求,资产负债表分析;国际与历史对标,所有制与企业类型;主体资产负债表;国内国际与资本流动;期限评级与信用层级,会计与存量流量约束;自然实验与制度冲击,999,215,092-s003,092-s005,02_markdown_articles/092_2018-05-31_去杠杆之争.md,92db0ec5bdee7c42ee2ee185fdba251bfbc5e71a79ca2742e313564565f9cb5c
092-s005,092,去杠杆之争,2018-05-31,资本市场与金融风险,5,一、中国的宏观杠杆问题本质上是结构问题，是财政问题。,股票与资本市场,股票与资本市场;信用债务与金融风险;企业盈利与资产负债表;产能库存与工业周期;汇率与国际收支;财政与地方政府;贸易与全球经济;增长与总需求,资产负债表分析;国际与历史对标,所有制与企业类型;主体资产负债表;国内国际与资本流动;期限评级与信用层级,会计与存量流量约束;自然实验与制度冲击,651,215,092-s004,092-s006,02_markdown_articles/092_2018-05-31_去杠杆之争.md,f050bb14b411aa7202ac0353b50cf6f802530005c2548a3ddcf7670a6c54db5f
092-s006,092,去杠杆之争,2018-05-31,资本市场与金融风险,6,二、着眼于主动去杠杆的总体要求，本质上存在两种不同的操作方法，一种是财政去杠杆，一种是金融去杠杆。,股票与资本市场,股票与资本市场;信用债务与金融风险;企业盈利与资产负债表;产能库存与工业周期;汇率与国际收支;财政与地方政府;贸易与全球经济;增长与总需求,资产负债表分析;国际与历史对标,所有制与企业类型;主体资产负债表;国内国际与资本流动;期限评级与信用层级,会计与存量流量约束;自然实验与制度冲击,826,200,092-s005,092-s007,02_markdown_articles/092_2018-05-31_去杠杆之争.md,e6975114c7b84040c7a5ce556309c6b71b8fdcec50a7ebea331ea3ae8f522c45
092-s007,092,去杠杆之争,2018-05-31,资本市场与金融风险,7,三、过去几年的财政去杠杆及其影响。,股票与资本市场,股票与资本市场;信用债务与金融风险;企业盈利与资产负债表;产能库存与工业周期;汇率与国际收支;财政与地方政府;贸易与全球经济;增长与总需求,资产负债表分析;国际与历史对标,所有制与企业类型;主体资产负债表;国内国际与资本流动;期限评级与信用层级,会计与存量流量约束;自然实验与制度冲击,909,207,092-s006,092-s008,02_markdown_articles/092_2018-05-31_去杠杆之争.md,6f5597308ae267247e2c6dafeb684b2d93f66a84548a2892b5e65986e4fff927
092-s008,092,去杠杆之争,2018-05-31,资本市场与金融风险,8,三、过去几年的财政去杠杆及其影响。,股票与资本市场,股票与资本市场;信用债务与金融风险;企业盈利与资产负债表;产能库存与工业周期;汇率与国际收支;财政与地方政府;贸易与全球经济;增长与总需求,资产负债表分析;国际与历史对标,所有制与企业类型;主体资产负债表;国内国际与资本流动;期限评级与信用层级,会计与存量流量约束;自然实验与制度冲击,688,207,092-s007,092-s009,02_markdown_articles/092_2018-05-31_去杠杆之争.md,af888f63d0b1fbed3aad899fb8f2f7e7179fe1ec75e218cfcea82248a35e0589
092-s009,092,去杠杆之争,2018-05-31,资本市场与金融风险,9,四、今年以来的金融去杠杆及其争议。,股票与资本市场,股票与资本市场;信用债务与金融风险;企业盈利与资产负债表;产能库存与工业周期;汇率与国际收支;财政与地方政府;贸易与全球经济;增长与总需求,资产负债表分析;国际与历史对标,所有制与企业类型;主体资产负债表;国内国际与资本流动;期限评级与信用层级,会计与存量流量约束;自然实验与制度冲击,902,210,092-s008,092-s010,02_markdown_articles/092_2018-05-31_去杠杆之争.md,ce92fe040514f0646d0f91c0e436a1090c108481aff1b408943852d9325ab441
092-s010,092,去杠杆之争,2018-05-31,资本市场与金融风险,10,四、今年以来的金融去杠杆及其争议。,股票与资本市场,股票与资本市场;信用债务与金融风险;企业盈利与资产负债表;产能库存与工业周期;汇率与国际收支;财政与地方政府;贸易与全球经济;增长与总需求,资产负债表分析;国际与历史对标,所有制与企业类型;主体资产负债表;国内国际与资本流动;期限评级与信用层级,会计与存量流量约束;自然实验与制度冲击,641,210,092-s009,092-s011,02_markdown_articles/092_2018-05-31_去杠杆之争.md,57ae1eeaf2a033274d74af2a6b50374e65616d796288347ebdcf8cab0a363921
092-s011,092,去杠杆之争,2018-05-31,资本市场与金融风险,11,四、今年以来的金融去杠杆及其争议。 > （三）随着违约潮的蔓延，信贷市场是否普遍地收紧了针对民营企业的放贷活动？这是否存在误伤？或误伤面是否在迅速扩大？,股票与资本市场,股票与资本市场;信用债务与金融风险;企业盈利与资产负债表;产能库存与工业周期;汇率与国际收支;财政与地方政府;贸易与全球经济;增长与总需求,资产负债表分析;国际与历史对标,所有制与企业类型;主体资产负债表;国内国际与资本流动;期限评级与信用层级,会计与存量流量约束;自然实验与制度冲击,570,204,092-s010,092-s012,02_markdown_articles/092_2018-05-31_去杠杆之争.md,4662cdf94ef6443617384e5a99c75a739725752a5eaccfa5ca3c4e24257bb455
092-s012,092,去杠杆之争,2018-05-31,资本市场与金融风险,12,四、今年以来的金融去杠杆及其争议。 > 附录：,股票与资本市场,股票与资本市场;信用债务与金融风险;企业盈利与资产负债表;产能库存与工业周期;汇率与国际收支;财政与地方政府;贸易与全球经济;增长与总需求,资产负债表分析;国际与历史对标,所有制与企业类型;主体资产负债表;国内国际与资本流动;期限评级与信用层级,会计与存量流量约束;自然实验与制度冲击,667,200,092-s011,,02_markdown_articles/092_2018-05-31_去杠杆之争.md,2cc44916e93b4c0226b58faf70a765e40db68e7707fe675381c9f846e6367340
093-s001,093,防范金融危机的三个重要问题——预警可行性、传导机制与政策干预,2018-12-28,资本市场与金融风险,1,正文,疫情冲击与宏观应对,疫情冲击与宏观应对;研究方法与证据;信用债务与金融风险;房地产与城市化;股票与资本市场;货币与流动性;企业盈利与资产负债表;金融制度与监管,资产负债表分析;情景与预测复盘;国际与历史对标;广谱利率与流动性;跨市场与跨资产验证,主体资产负债表;国内国际与资本流动,负向预测与证伪阈值,964,0,,093-s002,02_markdown_articles/093_2018-12-28_防范金融危机的三个重要问题——预警可行性、传导机制与政策干预.md,2d1b9884a2f739d469ba78b319119058b637c567a297cef0d0f5db8b91a72498
093-s002,093,防范金融危机的三个重要问题——预警可行性、传导机制与政策干预,2018-12-28,资本市场与金融风险,2,正文,疫情冲击与宏观应对,疫情冲击与宏观应对;研究方法与证据;信用债务与金融风险;房地产与城市化;股票与资本市场;货币与流动性;企业盈利与资产负债表;金融制度与监管,资产负债表分析;情景与预测复盘;国际与历史对标;广谱利率与流动性;跨市场与跨资产验证,主体资产负债表;国内国际与资本流动,负向预测与证伪阈值,930,208,093-s001,093-s003,02_markdown_articles/093_2018-12-28_防范金融危机的三个重要问题——预警可行性、传导机制与政策干预.md,2c88acaef63ea30eae4a7f93753dfa6270af72d518d5ff8db33fa06c1ebb5d93
093-s003,093,防范金融危机的三个重要问题——预警可行性、传导机制与政策干预,2018-12-28,资本市场与金融风险,3,正文,疫情冲击与宏观应对,疫情冲击与宏观应对;研究方法与证据;信用债务与金融风险;房地产与城市化;股票与资本市场;货币与流动性;企业盈利与资产负债表;金融制度与监管,资产负债表分析;情景与预测复盘;国际与历史对标;广谱利率与流动性;跨市场与跨资产验证,主体资产负债表;国内国际与资本流动,负向预测与证伪阈值,1013,206,093-s002,093-s004,02_markdown_articles/093_2018-12-28_防范金融危机的三个重要问题——预警可行性、传导机制与政策干预.md,af068852be89a87926bbb737ef416c4b8bbae20622b5444162e0c267b5c43046
093-s004,093,防范金融危机的三个重要问题——预警可行性、传导机制与政策干预,2018-12-28,资本市场与金融风险,4,正文,疫情冲击与宏观应对,疫情冲击与宏观应对;研究方法与证据;信用债务与金融风险;房地产与城市化;股票与资本市场;货币与流动性;企业盈利与资产负债表;金融制度与监管,资产负债表分析;情景与预测复盘;国际与历史对标;广谱利率与流动性;跨市场与跨资产验证,主体资产负债表;国内国际与资本流动,负向预测与证伪阈值,1022,210,093-s003,093-s005,02_markdown_articles/093_2018-12-28_防范金融危机的三个重要问题——预警可行性、传导机制与政策干预.md,ec60416b6785d85bceed84cf054e5ed5faddf1dc619679ed46ab9d750a26b65e
093-s005,093,防范金融危机的三个重要问题——预警可行性、传导机制与政策干预,2018-12-28,资本市场与金融风险,5,正文,疫情冲击与宏观应对,疫情冲击与宏观应对;研究方法与证据;信用债务与金融风险;房地产与城市化;股票与资本市场;货币与流动性;企业盈利与资产负债表;金融制度与监管,资产负债表分析;情景与预测复盘;国际与历史对标;广谱利率与流动性;跨市场与跨资产验证,主体资产负债表;国内国际与资本流动,负向预测与证伪阈值,922,206,093-s004,093-s006,02_markdown_articles/093_2018-12-28_防范金融危机的三个重要问题——预警可行性、传导机制与政策干预.md,59aa1c65f039cddf903439d816205cfe60a072928c65eb829b8cf23ac497c7fe
093-s006,093,防范金融危机的三个重要问题——预警可行性、传导机制与政策干预,2018-12-28,资本市场与金融风险,6,正文,疫情冲击与宏观应对,疫情冲击与宏观应对;研究方法与证据;信用债务与金融风险;房地产与城市化;股票与资本市场;货币与流动性;企业盈利与资产负债表;金融制度与监管,资产负债表分析;情景与预测复盘;国际与历史对标;广谱利率与流动性;跨市场与跨资产验证,主体资产负债表;国内国际与资本流动,负向预测与证伪阈值,915,199,093-s005,,02_markdown_articles/093_2018-12-28_防范金融危机的三个重要问题——预警可行性、传导机制与政策干预.md,e1dc820f4eeef91d4664f8c812ae1bf3b443b2254da8ce7c416317404f04eab8
094-s001,094,青山遮不住 毕竟东流去,2020-09-14,资本市场与金融风险,1,内容提要,汇率与国际收支,汇率与国际收支;股票与资本市场;通胀与价格;企业盈利与资产负债表;消费收入与就业;疫情冲击与宏观应对;房地产与城市化;货币与流动性,国际与历史对标;广谱利率与流动性,国内国际与资本流动;主体资产负债表,自然实验与制度冲击;会计与存量流量约束;多市场一致性,307,0,,094-s002,02_markdown_articles/094_2020-09-14_青山遮不住_毕竟东流去.md,951af56a722fb9afb4a2518296eb75d73aade27fa1bc7dfdc711c0b3a411d00d
094-s002,094,青山遮不住 毕竟东流去,2020-09-14,资本市场与金融风险,2,内容提要,汇率与国际收支,汇率与国际收支;股票与资本市场;通胀与价格;企业盈利与资产负债表;消费收入与就业;疫情冲击与宏观应对;房地产与城市化;货币与流动性,国际与历史对标;广谱利率与流动性,国内国际与资本流动;主体资产负债表,自然实验与制度冲击;会计与存量流量约束;多市场一致性,373,215,094-s001,094-s003,02_markdown_articles/094_2020-09-14_青山遮不住_毕竟东流去.md,44dffc6790df3279e6173a5c35c7c48b7970b94ca6dadfa38c26a83d206fffcb
094-s003,094,青山遮不住 毕竟东流去,2020-09-14,资本市场与金融风险,3,一、长视角下的资本市场,汇率与国际收支,汇率与国际收支;股票与资本市场;通胀与价格;企业盈利与资产负债表;消费收入与就业;疫情冲击与宏观应对;房地产与城市化;货币与流动性,国际与历史对标;广谱利率与流动性,国内国际与资本流动;主体资产负债表,自然实验与制度冲击;会计与存量流量约束;多市场一致性,920,209,094-s002,094-s004,02_markdown_articles/094_2020-09-14_青山遮不住_毕竟东流去.md,edd2e41cd68bbbd328a676d4a156a64f1c6bb1eab75758a3aa73c4b5f3bcde2c
094-s004,094,青山遮不住 毕竟东流去,2020-09-14,资本市场与金融风险,4,一、长视角下的资本市场,汇率与国际收支,汇率与国际收支;股票与资本市场;通胀与价格;企业盈利与资产负债表;消费收入与就业;疫情冲击与宏观应对;房地产与城市化;货币与流动性,国际与历史对标;广谱利率与流动性,国内国际与资本流动;主体资产负债表,自然实验与制度冲击;会计与存量流量约束;多市场一致性,932,213,094-s003,094-s005,02_markdown_articles/094_2020-09-14_青山遮不住_毕竟东流去.md,59acf7eebffd3108ad55a5e20824817b9c14f4f5ff59926b194a459dbd7b5613
094-s005,094,青山遮不住 毕竟东流去,2020-09-14,资本市场与金融风险,5,二、长视角下的人民币汇率,汇率与国际收支,汇率与国际收支;股票与资本市场;通胀与价格;企业盈利与资产负债表;消费收入与就业;疫情冲击与宏观应对;房地产与城市化;货币与流动性,国际与历史对标;广谱利率与流动性,国内国际与资本流动;主体资产负债表,自然实验与制度冲击;会计与存量流量约束;多市场一致性,922,214,094-s004,094-s006,02_markdown_articles/094_2020-09-14_青山遮不住_毕竟东流去.md,c91b0529c0fcfa86debac70a7293c27bfd07631a32346445a1180568e52fb540
094-s006,094,青山遮不住 毕竟东流去,2020-09-14,资本市场与金融风险,6,二、长视角下的人民币汇率,汇率与国际收支,汇率与国际收支;股票与资本市场;通胀与价格;企业盈利与资产负债表;消费收入与就业;疫情冲击与宏观应对;房地产与城市化;货币与流动性,国际与历史对标;广谱利率与流动性,国内国际与资本流动;主体资产负债表,自然实验与制度冲击;会计与存量流量约束;多市场一致性,475,213,094-s005,094-s007,02_markdown_articles/094_2020-09-14_青山遮不住_毕竟东流去.md,00a28a340310fd7532cfa71d5684741f54eaf2ad550e234504e5aee3818abc04
094-s007,094,青山遮不住 毕竟东流去,2020-09-14,资本市场与金融风险,7,三、通胀，还是通缩？,汇率与国际收支,汇率与国际收支;股票与资本市场;通胀与价格;企业盈利与资产负债表;消费收入与就业;疫情冲击与宏观应对;房地产与城市化;货币与流动性,国际与历史对标;广谱利率与流动性,国内国际与资本流动;主体资产负债表,自然实验与制度冲击;会计与存量流量约束;多市场一致性,980,214,094-s006,094-s008,02_markdown_articles/094_2020-09-14_青山遮不住_毕竟东流去.md,46793e1ce30301203346cde72d77ff956b854d5239d215025a279a291f9f92e5
094-s008,094,青山遮不住 毕竟东流去,2020-09-14,资本市场与金融风险,8,三、通胀，还是通缩？,汇率与国际收支,汇率与国际收支;股票与资本市场;通胀与价格;企业盈利与资产负债表;消费收入与就业;疫情冲击与宏观应对;房地产与城市化;货币与流动性,国际与历史对标;广谱利率与流动性,国内国际与资本流动;主体资产负债表,自然实验与制度冲击;会计与存量流量约束;多市场一致性,632,215,094-s007,094-s009,02_markdown_articles/094_2020-09-14_青山遮不住_毕竟东流去.md,2ca07d207f6773a6df064f76508bc2aff8d2d1089339d07728e2c4feef8336b9
094-s009,094,青山遮不住 毕竟东流去,2020-09-14,资本市场与金融风险,9,四、估值与泡沫,汇率与国际收支,汇率与国际收支;股票与资本市场;通胀与价格;企业盈利与资产负债表;消费收入与就业;疫情冲击与宏观应对;房地产与城市化;货币与流动性,国际与历史对标;广谱利率与流动性,国内国际与资本流动;主体资产负债表,自然实验与制度冲击;会计与存量流量约束;多市场一致性,930,206,094-s008,094-s010,02_markdown_articles/094_2020-09-14_青山遮不住_毕竟东流去.md,3cec4e58d6b45b1c235e52e45fd6eb182ddc643918ff02e5efc9a7065c18148a
094-s010,094,青山遮不住 毕竟东流去,2020-09-14,资本市场与金融风险,10,四、估值与泡沫,汇率与国际收支,汇率与国际收支;股票与资本市场;通胀与价格;企业盈利与资产负债表;消费收入与就业;疫情冲击与宏观应对;房地产与城市化;货币与流动性,国际与历史对标;广谱利率与流动性,国内国际与资本流动;主体资产负债表,自然实验与制度冲击;会计与存量流量约束;多市场一致性,426,207,094-s009,,02_markdown_articles/094_2020-09-14_青山遮不住_毕竟东流去.md,297a6cd9025f350c822f5c27994d3eeeed710ed76cadeadd9aed06edd54595d5
095-s001,095,2020年末的信用债风波是一个重要转折点,2021-01-17,资本市场与金融风险,1,正文,股票与资本市场,股票与资本市场;信用债务与金融风险;利率与债券市场;财政与地方政府,资产负债表分析,所有制与企业类型,横断面梯度;自然实验与制度冲击,914,0,,095-s002,02_markdown_articles/095_2021-01-17_2020年末的信用债风波是一个重要转折点.md,e826ee89df454c01dd39aef1498cdfb3333236956cc6a3d57259f9c4a4203fa6
095-s002,095,2020年末的信用债风波是一个重要转折点,2021-01-17,资本市场与金融风险,2,正文,股票与资本市场,股票与资本市场;信用债务与金融风险;利率与债券市场;财政与地方政府,资产负债表分析,所有制与企业类型,横断面梯度;自然实验与制度冲击,799,200,095-s001,,02_markdown_articles/095_2021-01-17_2020年末的信用债风波是一个重要转折点.md,306c4a0292c57e69b7dcbd1e4e94a046b542cebd656eadfb736cc4f72253ebd9
096-s001,096,关于当前经济和市场形势的几点看法,2022-02-07,资本市场与金融风险,1,正文,股票与资本市场,股票与资本市场;信用债务与金融风险;汇率与国际收支;财政与地方政府;房地产与城市化,资产负债表分析,主体资产负债表;国内国际与资本流动,会计与存量流量约束,909,0,,096-s002,02_markdown_articles/096_2022-02-07_关于当前经济和市场形势的几点看法.md,699ed4249707e168b4202dc490855f75976ebc7e9d7eddbaa45ea074afe6426d
096-s002,096,关于当前经济和市场形势的几点看法,2022-02-07,资本市场与金融风险,2,正文,股票与资本市场,股票与资本市场;信用债务与金融风险;汇率与国际收支;财政与地方政府;房地产与城市化,资产负债表分析,主体资产负债表;国内国际与资本流动,会计与存量流量约束,939,200,096-s001,096-s003,02_markdown_articles/096_2022-02-07_关于当前经济和市场形势的几点看法.md,1a10bb8034628fdae9f99b212c6ff348f8d6063e5c77c595febed013dbbd3a2e
096-s003,096,关于当前经济和市场形势的几点看法,2022-02-07,资本市场与金融风险,3,正文,股票与资本市场,股票与资本市场;信用债务与金融风险;汇率与国际收支;财政与地方政府;房地产与城市化,资产负债表分析,主体资产负债表;国内国际与资本流动,会计与存量流量约束,439,196,096-s002,,02_markdown_articles/096_2022-02-07_关于当前经济和市场形势的几点看法.md,41f6320ea0e50f634f8c6b317d5f1350ce6a6d959a6e08730d0b512f82de74ef
097-s001,097,中国影子银行兴起及其风险,,资本市场与金融风险,1,摘 要：,股票与资本市场,股票与资本市场;信用债务与金融风险;货币与流动性;利率与债券市场;企业盈利与资产负债表;金融制度与监管;汇率与国际收支;房地产与城市化,资产负债表分析;广谱利率与流动性,主体资产负债表;期限评级与信用层级,会计与存量流量约束;自然实验与制度冲击;横断面梯度,370,0,,097-s002,02_markdown_articles/097_中国影子银行兴起及其风险.md,fb530f763c7c7d0ba9fce81b00250a1ae4c22ba98214081ca7c6b8f896a0c33e
097-s002,097,中国影子银行兴起及其风险,,资本市场与金融风险,2,引言,股票与资本市场,股票与资本市场;信用债务与金融风险;货币与流动性;利率与债券市场;企业盈利与资产负债表;金融制度与监管;汇率与国际收支;房地产与城市化,资产负债表分析;广谱利率与流动性,主体资产负债表;期限评级与信用层级,会计与存量流量约束;自然实验与制度冲击;横断面梯度,350,200,097-s001,097-s003,02_markdown_articles/097_中国影子银行兴起及其风险.md,31775e8ca3c5d574cee1573b13f089023a86e7f677f4885a378b455478ca5030
097-s003,097,中国影子银行兴起及其风险,,资本市场与金融风险,3,一、中国影子银行体系的含义,股票与资本市场,股票与资本市场;信用债务与金融风险;货币与流动性;利率与债券市场;企业盈利与资产负债表;金融制度与监管;汇率与国际收支;房地产与城市化,资产负债表分析;广谱利率与流动性,主体资产负债表;期限评级与信用层级,会计与存量流量约束;自然实验与制度冲击;横断面梯度,342,215,097-s002,097-s004,02_markdown_articles/097_中国影子银行兴起及其风险.md,64b10932fc9c3b78a5c06364e9759dfee3affac3b536c2205fb22287c5aff17e
097-s004,097,中国影子银行兴起及其风险,,资本市场与金融风险,4,二、货币信用供应能力受限是重要宏观背景,股票与资本市场,股票与资本市场;信用债务与金融风险;货币与流动性;利率与债券市场;企业盈利与资产负债表;金融制度与监管;汇率与国际收支;房地产与城市化,资产负债表分析;广谱利率与流动性,主体资产负债表;期限评级与信用层级,会计与存量流量约束;自然实验与制度冲击;横断面梯度,1112,197,097-s003,097-s005,02_markdown_articles/097_中国影子银行兴起及其风险.md,186ef025b11e2eb2d2e8ff7a8dd9dd9f8ce0c01154f209b8b0ffdd989eedcfac
097-s005,097,中国影子银行兴起及其风险,,资本市场与金融风险,5,二、货币信用供应能力受限是重要宏观背景,股票与资本市场,股票与资本市场;信用债务与金融风险;货币与流动性;利率与债券市场;企业盈利与资产负债表;金融制度与监管;汇率与国际收支;房地产与城市化,资产负债表分析;广谱利率与流动性,主体资产负债表;期限评级与信用层级,会计与存量流量约束;自然实验与制度冲击;横断面梯度,821,203,097-s004,097-s006,02_markdown_articles/097_中国影子银行兴起及其风险.md,2d77653fb248eb38f9a1dc9e6fd44e0f9aa433abb05901f13a76c5700bc6da9d
097-s006,097,中国影子银行兴起及其风险,,资本市场与金融风险,6,三、近年商业银行表外融资业务的加速发展,股票与资本市场,股票与资本市场;信用债务与金融风险;货币与流动性;利率与债券市场;企业盈利与资产负债表;金融制度与监管;汇率与国际收支;房地产与城市化,资产负债表分析;广谱利率与流动性,主体资产负债表;期限评级与信用层级,会计与存量流量约束;自然实验与制度冲击;横断面梯度,918,215,097-s005,097-s007,02_markdown_articles/097_中国影子银行兴起及其风险.md,be737e8ed1a486981905d04f9333e5f43ce41b26c19583f730eb96dab590f13b
097-s007,097,中国影子银行兴起及其风险,,资本市场与金融风险,7,三、近年商业银行表外融资业务的加速发展,股票与资本市场,股票与资本市场;信用债务与金融风险;货币与流动性;利率与债券市场;企业盈利与资产负债表;金融制度与监管;汇率与国际收支;房地产与城市化,资产负债表分析;广谱利率与流动性,主体资产负债表;期限评级与信用层级,会计与存量流量约束;自然实验与制度冲击;横断面梯度,346,200,097-s006,097-s008,02_markdown_articles/097_中国影子银行兴起及其风险.md,c80e22b5f71cc29ace4249568ed6a4d45736879232f9985cc352ca952b51b196
097-s008,097,中国影子银行兴起及其风险,,资本市场与金融风险,8,四、影子银行规模的测算,股票与资本市场,股票与资本市场;信用债务与金融风险;货币与流动性;利率与债券市场;企业盈利与资产负债表;金融制度与监管;汇率与国际收支;房地产与城市化,资产负债表分析;广谱利率与流动性,主体资产负债表;期限评级与信用层级,会计与存量流量约束;自然实验与制度冲击;横断面梯度,836,202,097-s007,097-s009,02_markdown_articles/097_中国影子银行兴起及其风险.md,389e69bd404b415f7827f2f6ded50cd037ebc7843a018b11c2a604627086a900
097-s009,097,中国影子银行兴起及其风险,,资本市场与金融风险,9,四、影子银行规模的测算,股票与资本市场,股票与资本市场;信用债务与金融风险;货币与流动性;利率与债券市场;企业盈利与资产负债表;金融制度与监管;汇率与国际收支;房地产与城市化,资产负债表分析;广谱利率与流动性,主体资产负债表;期限评级与信用层级,会计与存量流量约束;自然实验与制度冲击;横断面梯度,459,202,097-s008,097-s010,02_markdown_articles/097_中国影子银行兴起及其风险.md,4b2e91cdd51227a6f699b71f01e31fe01d0f02d91fe51bac0a1ef48b69267d6f
097-s010,097,中国影子银行兴起及其风险,,资本市场与金融风险,10,五、企业部门资产负债表期限失配及其风险,股票与资本市场,股票与资本市场;信用债务与金融风险;货币与流动性;利率与债券市场;企业盈利与资产负债表;金融制度与监管;汇率与国际收支;房地产与城市化,资产负债表分析;广谱利率与流动性,主体资产负债表;期限评级与信用层级,会计与存量流量约束;自然实验与制度冲击;横断面梯度,1097,214,097-s009,097-s011,02_markdown_articles/097_中国影子银行兴起及其风险.md,9d79839266c70feb09956deb0c7c3df2c5cdf5b7f05f2768f5fea0c05afe86af
097-s011,097,中国影子银行兴起及其风险,,资本市场与金融风险,11,五、企业部门资产负债表期限失配及其风险,股票与资本市场,股票与资本市场;信用债务与金融风险;货币与流动性;利率与债券市场;企业盈利与资产负债表;金融制度与监管;汇率与国际收支;房地产与城市化,资产负债表分析;广谱利率与流动性,主体资产负债表;期限评级与信用层级,会计与存量流量约束;自然实验与制度冲击;横断面梯度,965,204,097-s010,097-s012,02_markdown_articles/097_中国影子银行兴起及其风险.md,a0c2c49f305e1e533af122ee46fa9bc5ccd3bedf6ef11c212c37676da7863d64
097-s012,097,中国影子银行兴起及其风险,,资本市场与金融风险,12,五、企业部门资产负债表期限失配及其风险,股票与资本市场,股票与资本市场;信用债务与金融风险;货币与流动性;利率与债券市场;企业盈利与资产负债表;金融制度与监管;汇率与国际收支;房地产与城市化,资产负债表分析;广谱利率与流动性,主体资产负债表;期限评级与信用层级,会计与存量流量约束;自然实验与制度冲击;横断面梯度,399,196,097-s011,097-s013,02_markdown_articles/097_中国影子银行兴起及其风险.md,6e61a3f2fbb29100e4f24a4fca3d19ff3b00c0569422a80cef976b8a210a9229
097-s013,097,中国影子银行兴起及其风险,,资本市场与金融风险,13,五、企业部门资产负债表期限失配及其风险 > 参考文献：,股票与资本市场,股票与资本市场;信用债务与金融风险;货币与流动性;利率与债券市场;企业盈利与资产负债表;金融制度与监管;汇率与国际收支;房地产与城市化,资产负债表分析;广谱利率与流动性,主体资产负债表;期限评级与信用层级,会计与存量流量约束;自然实验与制度冲击;横断面梯度,1232,202,097-s012,,02_markdown_articles/097_中国影子银行兴起及其风险.md,0fd37a3ab8ffddadc706c7710be97dd7eb240a74cdf0eb4320cf414c14487d56
098-s001,098,关于股灾与资本市场制度建设的讨论（下）,,资本市场与金融风险,1,正文,股票与资本市场,股票与资本市场;金融制度与监管;货币与流动性;研究方法与证据;财政与地方政府,国际与历史对标;广谱利率与流动性,主体资产负债表,自然实验与制度冲击,980,0,,098-s002,02_markdown_articles/098_关于股灾与资本市场制度建设的讨论(下).md,b5ac9f78283ede538eee0027fa4173d658d23b1b613c513b7317c7fd7d628c82
098-s002,098,关于股灾与资本市场制度建设的讨论（下）,,资本市场与金融风险,2,正文,股票与资本市场,股票与资本市场;金融制度与监管;货币与流动性;研究方法与证据;财政与地方政府,国际与历史对标;广谱利率与流动性,主体资产负债表,自然实验与制度冲击,927,208,098-s001,098-s003,02_markdown_articles/098_关于股灾与资本市场制度建设的讨论(下).md,0d98c9c29abeb8d15ffae3c732cc0550295b19fe6dce6c983c1d5a037f7de900
098-s003,098,关于股灾与资本市场制度建设的讨论（下）,,资本市场与金融风险,3,正文,股票与资本市场,股票与资本市场;金融制度与监管;货币与流动性;研究方法与证据;财政与地方政府,国际与历史对标;广谱利率与流动性,主体资产负债表,自然实验与制度冲击,908,215,098-s002,098-s004,02_markdown_articles/098_关于股灾与资本市场制度建设的讨论(下).md,4db4404c01fbcb9e90b548ba2fe75e89a01d758071e1d74b278304838c4833c2
098-s004,098,关于股灾与资本市场制度建设的讨论（下）,,资本市场与金融风险,4,正文,股票与资本市场,股票与资本市场;金融制度与监管;货币与流动性;研究方法与证据;财政与地方政府,国际与历史对标;广谱利率与流动性,主体资产负债表,自然实验与制度冲击,879,201,098-s003,098-s005,02_markdown_articles/098_关于股灾与资本市场制度建设的讨论(下).md,fdd58b89574a4621234b8aad482359d5b4297c8ac261710c0d66401fc2270130
098-s005,098,关于股灾与资本市场制度建设的讨论（下）,,资本市场与金融风险,5,方健：,股票与资本市场,股票与资本市场;金融制度与监管;货币与流动性;研究方法与证据;财政与地方政府,国际与历史对标;广谱利率与流动性,主体资产负债表,自然实验与制度冲击,1104,203,098-s004,098-s006,02_markdown_articles/098_关于股灾与资本市场制度建设的讨论(下).md,931cb02d7a5b7e9b0ceab30264ccd493e38b1d27a28906f392b0b2a5e2b3524b
098-s006,098,关于股灾与资本市场制度建设的讨论（下）,,资本市场与金融风险,6,方健：,股票与资本市场,股票与资本市场;金融制度与监管;货币与流动性;研究方法与证据;财政与地方政府,国际与历史对标;广谱利率与流动性,主体资产负债表,自然实验与制度冲击,1063,203,098-s005,098-s007,02_markdown_articles/098_关于股灾与资本市场制度建设的讨论(下).md,e652ba673a5ffecee02173a57994578efaf55f14d30c053087c4881574520c80
098-s007,098,关于股灾与资本市场制度建设的讨论（下）,,资本市场与金融风险,7,方健：,股票与资本市场,股票与资本市场;金融制度与监管;货币与流动性;研究方法与证据;财政与地方政府,国际与历史对标;广谱利率与流动性,主体资产负债表,自然实验与制度冲击,937,211,098-s006,098-s008,02_markdown_articles/098_关于股灾与资本市场制度建设的讨论(下).md,1c653234fff708ca6cb1b0a0692b2e14bce2b0b7c74bf4a7539b83f62dd84ae7
098-s008,098,关于股灾与资本市场制度建设的讨论（下）,,资本市场与金融风险,8,方健：,股票与资本市场,股票与资本市场;金融制度与监管;货币与流动性;研究方法与证据;财政与地方政府,国际与历史对标;广谱利率与流动性,主体资产负债表,自然实验与制度冲击,993,196,098-s007,098-s009,02_markdown_articles/098_关于股灾与资本市场制度建设的讨论(下).md,7dd678564936e0401c8bc4999846fb7438722d7e8caa18190ab156b9adc629a7
098-s009,098,关于股灾与资本市场制度建设的讨论（下）,,资本市场与金融风险,9,方健：,股票与资本市场,股票与资本市场;金融制度与监管;货币与流动性;研究方法与证据;财政与地方政府,国际与历史对标;广谱利率与流动性,主体资产负债表,自然实验与制度冲击,479,203,098-s008,,02_markdown_articles/098_关于股灾与资本市场制度建设的讨论(下).md,c61d5256117b99a40e6e4ec159521e1f53bcb5ef438bf7e38b52419bd785620e
099-s001,099,危机之下的结构调整与未来政策路径选择,2009-08-15,房地产、城市化与消费,1,正文,财政与地方政府,财政与地方政府;消费收入与就业;贸易与全球经济;房地产与城市化;货币与流动性;通胀与价格;潜在增长与人口,总量—结构拆分,国内国际与资本流动;主体资产负债表;所有制与企业类型,会计与存量流量约束,1008,0,,099-s002,02_markdown_articles/099_2009-08-15_危机之下的结构调整与未来政策路径选择.md,d5afb326437b7acf0a6fe48a7073bf94a358f8f29fd372fdd7e552e218bace11
099-s002,099,危机之下的结构调整与未来政策路径选择,2009-08-15,房地产、城市化与消费,2,正文,财政与地方政府,财政与地方政府;消费收入与就业;贸易与全球经济;房地产与城市化;货币与流动性;通胀与价格;潜在增长与人口,总量—结构拆分,国内国际与资本流动;主体资产负债表;所有制与企业类型,会计与存量流量约束,1018,210,099-s001,099-s003,02_markdown_articles/099_2009-08-15_危机之下的结构调整与未来政策路径选择.md,f991c814b95d467f6d5341cc85530ba8e079622996979448e999027f5465a230
099-s003,099,危机之下的结构调整与未来政策路径选择,2009-08-15,房地产、城市化与消费,3,正文,财政与地方政府,财政与地方政府;消费收入与就业;贸易与全球经济;房地产与城市化;货币与流动性;通胀与价格;潜在增长与人口,总量—结构拆分,国内国际与资本流动;主体资产负债表;所有制与企业类型,会计与存量流量约束,957,201,099-s002,099-s004,02_markdown_articles/099_2009-08-15_危机之下的结构调整与未来政策路径选择.md,8deaa56d33343fba6c9ccd6d436a339f354dfe6c4c36a7a50a2844b6df1c28ff
099-s004,099,危机之下的结构调整与未来政策路径选择,2009-08-15,房地产、城市化与消费,4,正文,财政与地方政府,财政与地方政府;消费收入与就业;贸易与全球经济;房地产与城市化;货币与流动性;通胀与价格;潜在增长与人口,总量—结构拆分,国内国际与资本流动;主体资产负债表;所有制与企业类型,会计与存量流量约束,923,209,099-s003,099-s005,02_markdown_articles/099_2009-08-15_危机之下的结构调整与未来政策路径选择.md,12c0bad23617857696bf539106c24c7495a03fcbe5ef7f4b47bf1b3093ddda20
099-s005,099,危机之下的结构调整与未来政策路径选择,2009-08-15,房地产、城市化与消费,5,正文,财政与地方政府,财政与地方政府;消费收入与就业;贸易与全球经济;房地产与城市化;货币与流动性;通胀与价格;潜在增长与人口,总量—结构拆分,国内国际与资本流动;主体资产负债表;所有制与企业类型,会计与存量流量约束,1178,210,099-s004,,02_markdown_articles/099_2009-08-15_危机之下的结构调整与未来政策路径选择.md,071f8574399d9c19c6434eacb593675c98e6f6d1bdc0aca695c43a7d93a17368
100-s001,100,房地产复苏和调控,2013-03-05,房地产、城市化与消费,1,内容提要,房地产与城市化,房地产与城市化;货币与流动性;增长与总需求;通胀与价格,广谱利率与流动性,地区与城市横断面;主体资产负债表,多市场一致性;时序与领先滞后,402,0,,100-s002,02_markdown_articles/100_2013-03-05_房地产复苏和调控.md,71a51b1b7635d2678929746f62d4962a28f42dee9f43c1d0627039ca704c6436
100-s002,100,房地产复苏和调控,2013-03-05,房地产、城市化与消费,2,内容提要,房地产与城市化,房地产与城市化;货币与流动性;增长与总需求;通胀与价格,广谱利率与流动性,地区与城市横断面;主体资产负债表,多市场一致性;时序与领先滞后,448,210,100-s001,100-s003,02_markdown_articles/100_2013-03-05_房地产复苏和调控.md,685ec1ca98f53836eb45e3dddc2126b7b29a592271e819e585d56589b8c1b064
100-s003,100,房地产复苏和调控,2013-03-05,房地产、城市化与消费,3,内容提要 > 1. 地产调控的影响评估,房地产与城市化,房地产与城市化;货币与流动性;增长与总需求;通胀与价格,广谱利率与流动性,地区与城市横断面;主体资产负债表,多市场一致性;时序与领先滞后,305,201,100-s002,100-s004,02_markdown_articles/100_2013-03-05_房地产复苏和调控.md,1f2cf3db6b8614d5ec92220132e00fbba13d52752330acb917fcb950b15618a1
100-s004,100,房地产复苏和调控,2013-03-05,房地产、城市化与消费,4,内容提要 > 2. 宏观条件驱动房地产市场,房地产与城市化,房地产与城市化;货币与流动性;增长与总需求;通胀与价格,广谱利率与流动性,地区与城市横断面;主体资产负债表,多市场一致性;时序与领先滞后,396,216,100-s003,100-s005,02_markdown_articles/100_2013-03-05_房地产复苏和调控.md,7b754e43efe489c95f8465cbec539ee35b5fa1c1dd892a10b84b6c0c0a9d7f68
100-s005,100,房地产复苏和调控,2013-03-05,房地产、城市化与消费,5,内容提要 > 3. 2013年房地产销售和投资评估,房地产与城市化,房地产与城市化;货币与流动性;增长与总需求;通胀与价格,广谱利率与流动性,地区与城市横断面;主体资产负债表,多市场一致性;时序与领先滞后,913,202,100-s004,100-s006,02_markdown_articles/100_2013-03-05_房地产复苏和调控.md,0729da4946cc88a79944e67aa71ee074438285bfa17fc1df196b019b2abf6507
100-s006,100,房地产复苏和调控,2013-03-05,房地产、城市化与消费,6,内容提要 > 4. 区域分化和刚需特点,房地产与城市化,房地产与城市化;货币与流动性;增长与总需求;通胀与价格,广谱利率与流动性,地区与城市横断面;主体资产负债表,多市场一致性;时序与领先滞后,845,216,100-s005,,02_markdown_articles/100_2013-03-05_房地产复苏和调控.md,89e7236a984d8de12d9c4d70139e04055fb2203b35e968bb5715dcb85f56215d
101-s001,101,中国房地产市场正在去泡沫化,2014-07-05,房地产、城市化与消费,1,正文,房地产与城市化,房地产与城市化;企业盈利与资产负债表;信用债务与金融风险,资产负债表分析,主体资产负债表;地区与城市横断面,时序与领先滞后,952,0,,101-s002,02_markdown_articles/101_2014-07-05_中国房地产市场正在去泡沫化.md,d1f0630ff5f4d456076b2473909f1eb10d11cf8d5fb585fe176a8b5c80a2a4ee
101-s002,101,中国房地产市场正在去泡沫化,2014-07-05,房地产、城市化与消费,2,正文,房地产与城市化,房地产与城市化;企业盈利与资产负债表;信用债务与金融风险,资产负债表分析,主体资产负债表;地区与城市横断面,时序与领先滞后,972,205,101-s001,101-s003,02_markdown_articles/101_2014-07-05_中国房地产市场正在去泡沫化.md,72d8e63703114ec2e0a40411435cab0ff1434e9b386b9d81d0392b2d7c258f7b
101-s003,101,中国房地产市场正在去泡沫化,2014-07-05,房地产、城市化与消费,3,正文,房地产与城市化,房地产与城市化;企业盈利与资产负债表;信用债务与金融风险,资产负债表分析,主体资产负债表;地区与城市横断面,时序与领先滞后,1109,199,101-s002,101-s004,02_markdown_articles/101_2014-07-05_中国房地产市场正在去泡沫化.md,695a11dc1b8c7b3d74eed749051b57cf4487c92b22ca4fefc03b8fe172e0bb64
101-s004,101,中国房地产市场正在去泡沫化,2014-07-05,房地产、城市化与消费,4,正文,房地产与城市化,房地产与城市化;企业盈利与资产负债表;信用债务与金融风险,资产负债表分析,主体资产负债表;地区与城市横断面,时序与领先滞后,1038,214,101-s003,,02_markdown_articles/101_2014-07-05_中国房地产市场正在去泡沫化.md,9adaa703f90540aad28f48beb62eeb7641f44c9f349a3455e77c6c0a730b9e80
102-s001,102,盈虚之有时,2014-07-07,房地产、城市化与消费,1,内容提要,房地产与城市化,房地产与城市化;产能库存与工业周期;贸易与全球经济;通胀与价格;企业盈利与资产负债表;产业升级与制造业;信用债务与金融风险;财政与地方政府,国际与历史对标,国内国际与资本流动;主体资产负债表,时序与领先滞后;多市场一致性,313,0,,102-s002,02_markdown_articles/102_2014-07-07_盈虚之有时.md,9d32c195086a894bd136f572c22e2f8ad4531063f32978d98cf78897f504b375
102-s002,102,盈虚之有时,2014-07-07,房地产、城市化与消费,2,内容提要,房地产与城市化,房地产与城市化;产能库存与工业周期;贸易与全球经济;通胀与价格;企业盈利与资产负债表;产业升级与制造业;信用债务与金融风险;财政与地方政府,国际与历史对标,国内国际与资本流动;主体资产负债表,时序与领先滞后;多市场一致性,288,201,102-s001,102-s003,02_markdown_articles/102_2014-07-07_盈虚之有时.md,ddbe0cd6bf06b62914db19662a39f9085da8a0ca8255b3de87ec860e793bd7af
102-s003,102,盈虚之有时,2014-07-07,房地产、城市化与消费,3,目录,房地产与城市化,房地产与城市化;产能库存与工业周期;贸易与全球经济;通胀与价格;企业盈利与资产负债表;产业升级与制造业;信用债务与金融风险;财政与地方政府,国际与历史对标,国内国际与资本流动;主体资产负债表,时序与领先滞后;多市场一致性,345,199,102-s002,102-s004,02_markdown_articles/102_2014-07-07_盈虚之有时.md,116f3b3b9087945954ae77d6d6aaf7fc9f804ee7a45a7a77eb56cefca75795a1
102-s004,102,盈虚之有时,2014-07-07,房地产、城市化与消费,4,一、前言,房地产与城市化,房地产与城市化;产能库存与工业周期;贸易与全球经济;通胀与价格;企业盈利与资产负债表;产业升级与制造业;信用债务与金融风险;财政与地方政府,国际与历史对标,国内国际与资本流动;主体资产负债表,时序与领先滞后;多市场一致性,826,203,102-s003,102-s005,02_markdown_articles/102_2014-07-07_盈虚之有时.md,da924b071387ce3a57dd187215250c49bb93cdae7496ef04668328d23f5d7268
102-s005,102,盈虚之有时,2014-07-07,房地产、城市化与消费,5,二、出口恢复及其影响 > （一）全球经济进入恢复过程,房地产与城市化,房地产与城市化;产能库存与工业周期;贸易与全球经济;通胀与价格;企业盈利与资产负债表;产业升级与制造业;信用债务与金融风险;财政与地方政府,国际与历史对标,国内国际与资本流动;主体资产负债表,时序与领先滞后;多市场一致性,347,210,102-s004,102-s006,02_markdown_articles/102_2014-07-07_盈虚之有时.md,051adb8667eed34ee64a65522b63fcdcb73a52c1e8ddca8ec786d0ee5323b5b8
102-s006,102,盈虚之有时,2014-07-07,房地产、城市化与消费,6,二、出口恢复及其影响 > （二）中国出口开始回暖,房地产与城市化,房地产与城市化;产能库存与工业周期;贸易与全球经济;通胀与价格;企业盈利与资产负债表;产业升级与制造业;信用债务与金融风险;财政与地方政府,国际与历史对标,国内国际与资本流动;主体资产负债表,时序与领先滞后;多市场一致性,480,201,102-s005,102-s007,02_markdown_articles/102_2014-07-07_盈虚之有时.md,2dea23120e8773449e778a500da2161650805e26411c1f1f889b0640df63ae51
102-s007,102,盈虚之有时,2014-07-07,房地产、城市化与消费,7,二、出口恢复及其影响 > （三）生产资料价格筑底回升,房地产与城市化,房地产与城市化;产能库存与工业周期;贸易与全球经济;通胀与价格;企业盈利与资产负债表;产业升级与制造业;信用债务与金融风险;财政与地方政府,国际与历史对标,国内国际与资本流动;主体资产负债表,时序与领先滞后;多市场一致性,713,194,102-s006,102-s008,02_markdown_articles/102_2014-07-07_盈虚之有时.md,3dd144cebb6e329991646ef3770759a1f42fd5e570ff027610c6886c1c723ef8
102-s008,102,盈虚之有时,2014-07-07,房地产、城市化与消费,8,二、出口恢复及其影响 > （四）企业盈利即将改善,房地产与城市化,房地产与城市化;产能库存与工业周期;贸易与全球经济;通胀与价格;企业盈利与资产负债表;产业升级与制造业;信用债务与金融风险;财政与地方政府,国际与历史对标,国内国际与资本流动;主体资产负债表,时序与领先滞后;多市场一致性,354,201,102-s007,102-s009,02_markdown_articles/102_2014-07-07_盈虚之有时.md,e87897d253ee7d48caa8535d570d4da7cd2085e65748e021f45f5e3d12ebf928
102-s009,102,盈虚之有时,2014-07-07,房地产、城市化与消费,9,二、出口恢复及其影响 > （五）制造业企业投资最终可能恢复，但目前尚无迹象,房地产与城市化,房地产与城市化;产能库存与工业周期;贸易与全球经济;通胀与价格;企业盈利与资产负债表;产业升级与制造业;信用债务与金融风险;财政与地方政府,国际与历史对标,国内国际与资本流动;主体资产负债表,时序与领先滞后;多市场一致性,673,211,102-s008,102-s010,02_markdown_articles/102_2014-07-07_盈虚之有时.md,ff97e94be7dd8c1ebf2c180257fbcf7d00f8d0265b3d882a66e189e0fe249374
102-s010,102,盈虚之有时,2014-07-07,房地产、城市化与消费,10,三、房地产市场与投资,房地产与城市化,房地产与城市化;产能库存与工业周期;贸易与全球经济;通胀与价格;企业盈利与资产负债表;产业升级与制造业;信用债务与金融风险;财政与地方政府,国际与历史对标,国内国际与资本流动;主体资产负债表,时序与领先滞后;多市场一致性,285,199,102-s009,102-s011,02_markdown_articles/102_2014-07-07_盈虚之有时.md,d5c8d41712eb90fd225ac1e8a387ffa380abe2f3cb809658cd329329de008bc4
102-s011,102,盈虚之有时,2014-07-07,房地产、城市化与消费,11,三、房地产市场与投资 > （一）房地产市场回顾,房地产与城市化,房地产与城市化;产能库存与工业周期;贸易与全球经济;通胀与价格;企业盈利与资产负债表;产业升级与制造业;信用债务与金融风险;财政与地方政府,国际与历史对标,国内国际与资本流动;主体资产负债表,时序与领先滞后;多市场一致性,468,202,102-s010,102-s012,02_markdown_articles/102_2014-07-07_盈虚之有时.md,1fc800adde966f3380f9f91f124c94b7a862add5d9d32c6160ed2356612ad39d
102-s012,102,盈虚之有时,2014-07-07,房地产、城市化与消费,12,三、房地产市场与投资 > （二）房地产去泡沫、去库存已经开始,房地产与城市化,房地产与城市化;产能库存与工业周期;贸易与全球经济;通胀与价格;企业盈利与资产负债表;产业升级与制造业;信用债务与金融风险;财政与地方政府,国际与历史对标,国内国际与资本流动;主体资产负债表,时序与领先滞后;多市场一致性,1045,216,102-s011,102-s013,02_markdown_articles/102_2014-07-07_盈虚之有时.md,6fed2632b929d9c5cc3f7b57230b90a39d0d929f734e249e57fcb6f7c2f5d242
102-s013,102,盈虚之有时,2014-07-07,房地产、城市化与消费,13,三、房地产市场与投资 > （二）房地产去泡沫、去库存已经开始,房地产与城市化,房地产与城市化;产能库存与工业周期;贸易与全球经济;通胀与价格;企业盈利与资产负债表;产业升级与制造业;信用债务与金融风险;财政与地方政府,国际与历史对标,国内国际与资本流动;主体资产负债表,时序与领先滞后;多市场一致性,479,207,102-s012,102-s014,02_markdown_articles/102_2014-07-07_盈虚之有时.md,7870261b6ceba7a7dd38ed587f4c8de5a4918eecff9ca8145f4889c2835d17f8
102-s014,102,盈虚之有时,2014-07-07,房地产、城市化与消费,14,三、房地产市场与投资 > （三）关于未来房地产市场的几个估计,房地产与城市化,房地产与城市化;产能库存与工业周期;贸易与全球经济;通胀与价格;企业盈利与资产负债表;产业升级与制造业;信用债务与金融风险;财政与地方政府,国际与历史对标,国内国际与资本流动;主体资产负债表,时序与领先滞后;多市场一致性,916,204,102-s013,102-s015,02_markdown_articles/102_2014-07-07_盈虚之有时.md,a47d106c79f0b3f159509348a281bbccd0604146c64685543179260bd84b5c29
102-s015,102,盈虚之有时,2014-07-07,房地产、城市化与消费,15,三、房地产市场与投资 > （三）关于未来房地产市场的几个估计,房地产与城市化,房地产与城市化;产能库存与工业周期;贸易与全球经济;通胀与价格;企业盈利与资产负债表;产业升级与制造业;信用债务与金融风险;财政与地方政府,国际与历史对标,国内国际与资本流动;主体资产负债表,时序与领先滞后;多市场一致性,781,203,102-s014,102-s016,02_markdown_articles/102_2014-07-07_盈虚之有时.md,77f8346dd4187204c33a3f013499dcd6fe4d60234d7b8d92ad864c3e60eb9262
102-s016,102,盈虚之有时,2014-07-07,房地产、城市化与消费,16,四、总结,房地产与城市化,房地产与城市化;产能库存与工业周期;贸易与全球经济;通胀与价格;企业盈利与资产负债表;产业升级与制造业;信用债务与金融风险;财政与地方政府,国际与历史对标,国内国际与资本流动;主体资产负债表,时序与领先滞后;多市场一致性,512,212,102-s015,,02_markdown_articles/102_2014-07-07_盈虚之有时.md,a5a3e0dda7486a936e39500930cca7173713de6e3f384b2b36d6f8e56672bc5a
103-s001,103,房地产市场向何处去？,2014-07-24,房地产、城市化与消费,1,内容提要,房地产与城市化,房地产与城市化;产能库存与工业周期;企业盈利与资产负债表;信用债务与金融风险,可证伪假说,主体资产负债表,时序与领先滞后,261,0,,103-s002,02_markdown_articles/103_2014-07-24_房地产市场向何处去.md,7e78624ae0bef06679387008621d0802444d413d21532d9be153a342d4b81d4a
103-s002,103,房地产市场向何处去？,2014-07-24,房地产、城市化与消费,2,内容提要,房地产与城市化,房地产与城市化;产能库存与工业周期;企业盈利与资产负债表;信用债务与金融风险,可证伪假说,主体资产负债表,时序与领先滞后,315,204,103-s001,103-s003,02_markdown_articles/103_2014-07-24_房地产市场向何处去.md,c83bad876822ed5bab5e81bf80f3eaf356f0df883cdc184e860865e99f29cc55
103-s003,103,房地产市场向何处去？,2014-07-24,房地产、城市化与消费,3,内容提要 > （一）房地产市场回顾,房地产与城市化,房地产与城市化;产能库存与工业周期;企业盈利与资产负债表;信用债务与金融风险,可证伪假说,主体资产负债表,时序与领先滞后,539,207,103-s002,103-s004,02_markdown_articles/103_2014-07-24_房地产市场向何处去.md,b911c907d9e01f2e08641cd4b4ea6d424acc52f0f814a00f93f641c80ee37011
103-s004,103,房地产市场向何处去？,2014-07-24,房地产、城市化与消费,4,内容提要 > （二）房地产去泡沫、去库存已经开始,房地产与城市化,房地产与城市化;产能库存与工业周期;企业盈利与资产负债表;信用债务与金融风险,可证伪假说,主体资产负债表,时序与领先滞后,949,211,103-s003,103-s005,02_markdown_articles/103_2014-07-24_房地产市场向何处去.md,d79c63475cdd1192388880855949ac52383b639a8e47871207337fa6cb688b18
103-s005,103,房地产市场向何处去？,2014-07-24,房地产、城市化与消费,5,内容提要 > （二）房地产去泡沫、去库存已经开始,房地产与城市化,房地产与城市化;产能库存与工业周期;企业盈利与资产负债表;信用债务与金融风险,可证伪假说,主体资产负债表,时序与领先滞后,480,205,103-s004,103-s006,02_markdown_articles/103_2014-07-24_房地产市场向何处去.md,cc8fefbd5b54d687b1e25c9defd934d81548a1b6a3a4ef033fa23979593524dc
103-s006,103,房地产市场向何处去？,2014-07-24,房地产、城市化与消费,6,内容提要 > （三）关于未来房地产市场的几个估计,房地产与城市化,房地产与城市化;产能库存与工业周期;企业盈利与资产负债表;信用债务与金融风险,可证伪假说,主体资产负债表,时序与领先滞后,946,206,103-s005,103-s007,02_markdown_articles/103_2014-07-24_房地产市场向何处去.md,b3963a746b297d1a437df5f6d80d09752162c6ea9918de7afa59695438d5282c
103-s007,103,房地产市场向何处去？,2014-07-24,房地产、城市化与消费,7,内容提要 > （三）关于未来房地产市场的几个估计,房地产与城市化,房地产与城市化;产能库存与工业周期;企业盈利与资产负债表;信用债务与金融风险,可证伪假说,主体资产负债表,时序与领先滞后,666,206,103-s006,103-s008,02_markdown_articles/103_2014-07-24_房地产市场向何处去.md,f4d4f0917f0ad95a393bd7cbcdcc513eb46c86d3bfb81f06dad7358c81537106
103-s008,103,房地产市场向何处去？,2014-07-24,房地产、城市化与消费,8,内容提要 > （四）总结,房地产与城市化,房地产与城市化;产能库存与工业周期;企业盈利与资产负债表;信用债务与金融风险,可证伪假说,主体资产负债表,时序与领先滞后,361,212,103-s007,,02_markdown_articles/103_2014-07-24_房地产市场向何处去.md,bf50217aabe3d55e17d03e3db0ef2cef893811a5d976d9dad60015a0e12aacf0
104-s001,104,守望春华,2016-12-27,房地产、城市化与消费,1,内容提要,房地产与城市化,房地产与城市化;企业盈利与资产负债表;产能库存与工业周期;信用债务与金融风险;通胀与价格;增长与总需求;消费收入与就业;财政与地方政府,国际与历史对标;资产负债表分析;广谱横断面观察;竞争性假说;可证伪假说,地区与城市横断面;主体资产负债表;收入年龄与家庭分组;国内国际与资本流动,横断面梯度;时序与领先滞后;会计与存量流量约束;多市场一致性,342,0,,104-s002,02_markdown_articles/104_2016-12-27_守望春华.md,4cba54dfec0395eafa49fa219010ef0197faee32054001ea9191be1c746929b5
104-s002,104,守望春华,2016-12-27,房地产、城市化与消费,2,内容提要,房地产与城市化,房地产与城市化;企业盈利与资产负债表;产能库存与工业周期;信用债务与金融风险;通胀与价格;增长与总需求;消费收入与就业;财政与地方政府,国际与历史对标;资产负债表分析;广谱横断面观察;竞争性假说;可证伪假说,地区与城市横断面;主体资产负债表;收入年龄与家庭分组;国内国际与资本流动,横断面梯度;时序与领先滞后;会计与存量流量约束;多市场一致性,906,199,104-s001,104-s003,02_markdown_articles/104_2016-12-27_守望春华.md,d7c11e93439d5bcdb7e843171eb2555fc5238366aa8f13982a22bfff4a0b4cdc
104-s003,104,守望春华,2016-12-27,房地产、城市化与消费,3,目录,房地产与城市化,房地产与城市化;企业盈利与资产负债表;产能库存与工业周期;信用债务与金融风险;通胀与价格;增长与总需求;消费收入与就业;财政与地方政府,国际与历史对标;资产负债表分析;广谱横断面观察;竞争性假说;可证伪假说,地区与城市横断面;主体资产负债表;收入年龄与家庭分组;国内国际与资本流动,横断面梯度;时序与领先滞后;会计与存量流量约束;多市场一致性,409,211,104-s002,104-s004,02_markdown_articles/104_2016-12-27_守望春华.md,1425391635a02c58afb5bcc2348f7cf452df3dbbbcf9aa650e7a3251f141e9e7
104-s004,104,守望春华,2016-12-27,房地产、城市化与消费,4,一、房地产市场,房地产与城市化,房地产与城市化;企业盈利与资产负债表;产能库存与工业周期;信用债务与金融风险;通胀与价格;增长与总需求;消费收入与就业;财政与地方政府,国际与历史对标;资产负债表分析;广谱横断面观察;竞争性假说;可证伪假说,地区与城市横断面;主体资产负债表;收入年龄与家庭分组;国内国际与资本流动,横断面梯度;时序与领先滞后;会计与存量流量约束;多市场一致性,365,197,104-s003,104-s005,02_markdown_articles/104_2016-12-27_守望春华.md,ab35648f9414be605e669adcb2b78b934ded3c658a73c7e96543dac6dc21ba36
104-s005,104,守望春华,2016-12-27,房地产、城市化与消费,5,一、房地产市场 > （一）房地产需求从哪里来？,房地产与城市化,房地产与城市化;企业盈利与资产负债表;产能库存与工业周期;信用债务与金融风险;通胀与价格;增长与总需求;消费收入与就业;财政与地方政府,国际与历史对标;资产负债表分析;广谱横断面观察;竞争性假说;可证伪假说,地区与城市横断面;主体资产负债表;收入年龄与家庭分组;国内国际与资本流动,横断面梯度;时序与领先滞后;会计与存量流量约束;多市场一致性,967,209,104-s004,104-s006,02_markdown_articles/104_2016-12-27_守望春华.md,642c56ba7b276fbab7e45ea528887cecc5e7054460c787b626e7b2719d03ccdf
104-s006,104,守望春华,2016-12-27,房地产、城市化与消费,6,一、房地产市场 > （一）房地产需求从哪里来？,房地产与城市化,房地产与城市化;企业盈利与资产负债表;产能库存与工业周期;信用债务与金融风险;通胀与价格;增长与总需求;消费收入与就业;财政与地方政府,国际与历史对标;资产负债表分析;广谱横断面观察;竞争性假说;可证伪假说,地区与城市横断面;主体资产负债表;收入年龄与家庭分组;国内国际与资本流动,横断面梯度;时序与领先滞后;会计与存量流量约束;多市场一致性,969,210,104-s005,104-s007,02_markdown_articles/104_2016-12-27_守望春华.md,70c42ada6794ec62a06868284f2b25b76fce55725257780a4aa8390094b462fd
104-s007,104,守望春华,2016-12-27,房地产、城市化与消费,7,一、房地产市场 > （一）房地产需求从哪里来？,房地产与城市化,房地产与城市化;企业盈利与资产负债表;产能库存与工业周期;信用债务与金融风险;通胀与价格;增长与总需求;消费收入与就业;财政与地方政府,国际与历史对标;资产负债表分析;广谱横断面观察;竞争性假说;可证伪假说,地区与城市横断面;主体资产负债表;收入年龄与家庭分组;国内国际与资本流动,横断面梯度;时序与领先滞后;会计与存量流量约束;多市场一致性,999,196,104-s006,104-s008,02_markdown_articles/104_2016-12-27_守望春华.md,73ee821ec51e931160f193083b70a36f72bbd23e68aefea11649ac2752f8fc19
104-s008,104,守望春华,2016-12-27,房地产、城市化与消费,8,一、房地产市场 > （一）房地产需求从哪里来？,房地产与城市化,房地产与城市化;企业盈利与资产负债表;产能库存与工业周期;信用债务与金融风险;通胀与价格;增长与总需求;消费收入与就业;财政与地方政府,国际与历史对标;资产负债表分析;广谱横断面观察;竞争性假说;可证伪假说,地区与城市横断面;主体资产负债表;收入年龄与家庭分组;国内国际与资本流动,横断面梯度;时序与领先滞后;会计与存量流量约束;多市场一致性,692,213,104-s007,104-s009,02_markdown_articles/104_2016-12-27_守望春华.md,0265e01a025f86ff418ac43e0f52bc531ae03c6a1fb7c91c685413b21abb625d
104-s009,104,守望春华,2016-12-27,房地产、城市化与消费,9,一、房地产市场 > （二）房地产供应是否存在严重扭曲？,房地产与城市化,房地产与城市化;企业盈利与资产负债表;产能库存与工业周期;信用债务与金融风险;通胀与价格;增长与总需求;消费收入与就业;财政与地方政府,国际与历史对标;资产负债表分析;广谱横断面观察;竞争性假说;可证伪假说,地区与城市横断面;主体资产负债表;收入年龄与家庭分组;国内国际与资本流动,横断面梯度;时序与领先滞后;会计与存量流量约束;多市场一致性,947,207,104-s008,104-s010,02_markdown_articles/104_2016-12-27_守望春华.md,4d51646f1ec5b5bd5e276a1c68fac2b76483b37fa8aaf8235fe02e4c7034398c
104-s010,104,守望春华,2016-12-27,房地产、城市化与消费,10,一、房地产市场 > （二）房地产供应是否存在严重扭曲？,房地产与城市化,房地产与城市化;企业盈利与资产负债表;产能库存与工业周期;信用债务与金融风险;通胀与价格;增长与总需求;消费收入与就业;财政与地方政府,国际与历史对标;资产负债表分析;广谱横断面观察;竞争性假说;可证伪假说,地区与城市横断面;主体资产负债表;收入年龄与家庭分组;国内国际与资本流动,横断面梯度;时序与领先滞后;会计与存量流量约束;多市场一致性,923,214,104-s009,104-s011,02_markdown_articles/104_2016-12-27_守望春华.md,84f423a516e7280157654bae47acce561cd517d5c2fde02dc046f406e440f5ea
104-s011,104,守望春华,2016-12-27,房地产、城市化与消费,11,一、房地产市场 > （二）房地产供应是否存在严重扭曲？,房地产与城市化,房地产与城市化;企业盈利与资产负债表;产能库存与工业周期;信用债务与金融风险;通胀与价格;增长与总需求;消费收入与就业;财政与地方政府,国际与历史对标;资产负债表分析;广谱横断面观察;竞争性假说;可证伪假说,地区与城市横断面;主体资产负债表;收入年龄与家庭分组;国内国际与资本流动,横断面梯度;时序与领先滞后;会计与存量流量约束;多市场一致性,996,201,104-s010,104-s012,02_markdown_articles/104_2016-12-27_守望春华.md,58cacdd0694cf0c03e405dabadf34acf39acf51e0a4d12e956a4947300a81168
104-s012,104,守望春华,2016-12-27,房地产、城市化与消费,12,一、房地产市场 > （二）房地产供应是否存在严重扭曲？,房地产与城市化,房地产与城市化;企业盈利与资产负债表;产能库存与工业周期;信用债务与金融风险;通胀与价格;增长与总需求;消费收入与就业;财政与地方政府,国际与历史对标;资产负债表分析;广谱横断面观察;竞争性假说;可证伪假说,地区与城市横断面;主体资产负债表;收入年龄与家庭分组;国内国际与资本流动,横断面梯度;时序与领先滞后;会计与存量流量约束;多市场一致性,953,216,104-s011,104-s013,02_markdown_articles/104_2016-12-27_守望春华.md,18526cac73a2edfc619edce4ab26227de0b80927dd15c5812d10a465303d7ace
104-s013,104,守望春华,2016-12-27,房地产、城市化与消费,13,一、房地产市场 > （二）房地产供应是否存在严重扭曲？,房地产与城市化,房地产与城市化;企业盈利与资产负债表;产能库存与工业周期;信用债务与金融风险;通胀与价格;增长与总需求;消费收入与就业;财政与地方政府,国际与历史对标;资产负债表分析;广谱横断面观察;竞争性假说;可证伪假说,地区与城市横断面;主体资产负债表;收入年龄与家庭分组;国内国际与资本流动,横断面梯度;时序与领先滞后;会计与存量流量约束;多市场一致性,522,210,104-s012,104-s014,02_markdown_articles/104_2016-12-27_守望春华.md,c970c042e35aba50452518570229957da85c55b3ba4b79ca88ce4fda1e9646f7
104-s014,104,守望春华,2016-12-27,房地产、城市化与消费,14,一、房地产市场 > （三）房地产库存的去化,房地产与城市化,房地产与城市化;企业盈利与资产负债表;产能库存与工业周期;信用债务与金融风险;通胀与价格;增长与总需求;消费收入与就业;财政与地方政府,国际与历史对标;资产负债表分析;广谱横断面观察;竞争性假说;可证伪假说,地区与城市横断面;主体资产负债表;收入年龄与家庭分组;国内国际与资本流动,横断面梯度;时序与领先滞后;会计与存量流量约束;多市场一致性,987,207,104-s013,104-s015,02_markdown_articles/104_2016-12-27_守望春华.md,275f4d5aecd887203838fca7100c8ebe0249937206648e49ce9e00a1089f08fd
104-s015,104,守望春华,2016-12-27,房地产、城市化与消费,15,一、房地产市场 > （三）房地产库存的去化,房地产与城市化,房地产与城市化;企业盈利与资产负债表;产能库存与工业周期;信用债务与金融风险;通胀与价格;增长与总需求;消费收入与就业;财政与地方政府,国际与历史对标;资产负债表分析;广谱横断面观察;竞争性假说;可证伪假说,地区与城市横断面;主体资产负债表;收入年龄与家庭分组;国内国际与资本流动,横断面梯度;时序与领先滞后;会计与存量流量约束;多市场一致性,909,215,104-s014,104-s016,02_markdown_articles/104_2016-12-27_守望春华.md,55d01fa79286216284026f51ec249fd0ad22f716cb7871a215255f65d6593956
104-s016,104,守望春华,2016-12-27,房地产、城市化与消费,16,一、房地产市场 > （三）房地产库存的去化,房地产与城市化,房地产与城市化;企业盈利与资产负债表;产能库存与工业周期;信用债务与金融风险;通胀与价格;增长与总需求;消费收入与就业;财政与地方政府,国际与历史对标;资产负债表分析;广谱横断面观察;竞争性假说;可证伪假说,地区与城市横断面;主体资产负债表;收入年龄与家庭分组;国内国际与资本流动,横断面梯度;时序与领先滞后;会计与存量流量约束;多市场一致性,378,216,104-s015,104-s017,02_markdown_articles/104_2016-12-27_守望春华.md,9c2b07b1b19907e8c737c2e4864ee2a64a0131fbcf794bc7030511b93f376586
104-s017,104,守望春华,2016-12-27,房地产、城市化与消费,17,一、房地产市场 > （四）房地产部分总结,房地产与城市化,房地产与城市化;企业盈利与资产负债表;产能库存与工业周期;信用债务与金融风险;通胀与价格;增长与总需求;消费收入与就业;财政与地方政府,国际与历史对标;资产负债表分析;广谱横断面观察;竞争性假说;可证伪假说,地区与城市横断面;主体资产负债表;收入年龄与家庭分组;国内国际与资本流动,横断面梯度;时序与领先滞后;会计与存量流量约束;多市场一致性,277,210,104-s016,104-s018,02_markdown_articles/104_2016-12-27_守望春华.md,6e9e0963f15a58d89b274c643824c306ec0c238e81eb163e4f9b1795a05df100
104-s018,104,守望春华,2016-12-27,房地产、城市化与消费,18,二、产能过剩的缓解与企业销售利润率的修复,房地产与城市化,房地产与城市化;企业盈利与资产负债表;产能库存与工业周期;信用债务与金融风险;通胀与价格;增长与总需求;消费收入与就业;财政与地方政府,国际与历史对标;资产负债表分析;广谱横断面观察;竞争性假说;可证伪假说,地区与城市横断面;主体资产负债表;收入年龄与家庭分组;国内国际与资本流动,横断面梯度;时序与领先滞后;会计与存量流量约束;多市场一致性,924,210,104-s017,104-s019,02_markdown_articles/104_2016-12-27_守望春华.md,cc8aa5e2298c715bd357a24dd7e0dfc6606a06c974c3bfa965991f3245961b22
104-s019,104,守望春华,2016-12-27,房地产、城市化与消费,19,二、产能过剩的缓解与企业销售利润率的修复,房地产与城市化,房地产与城市化;企业盈利与资产负债表;产能库存与工业周期;信用债务与金融风险;通胀与价格;增长与总需求;消费收入与就业;财政与地方政府,国际与历史对标;资产负债表分析;广谱横断面观察;竞争性假说;可证伪假说,地区与城市横断面;主体资产负债表;收入年龄与家庭分组;国内国际与资本流动,横断面梯度;时序与领先滞后;会计与存量流量约束;多市场一致性,316,207,104-s018,104-s020,02_markdown_articles/104_2016-12-27_守望春华.md,9f836e08679c55cc343b57f93cfc0d83eff1f9b49a10c30b5a03de0ef1ec6fbe
104-s020,104,守望春华,2016-12-27,房地产、城市化与消费,20,三、企业部门去杠杆的进展,房地产与城市化,房地产与城市化;企业盈利与资产负债表;产能库存与工业周期;信用债务与金融风险;通胀与价格;增长与总需求;消费收入与就业;财政与地方政府,国际与历史对标;资产负债表分析;广谱横断面观察;竞争性假说;可证伪假说,地区与城市横断面;主体资产负债表;收入年龄与家庭分组;国内国际与资本流动,横断面梯度;时序与领先滞后;会计与存量流量约束;多市场一致性,929,198,104-s019,104-s021,02_markdown_articles/104_2016-12-27_守望春华.md,70aa884bfa06314d0e4602f0d84e5a166b8bba47aaea3fa74c430ac42ec6e82f
104-s021,104,守望春华,2016-12-27,房地产、城市化与消费,21,三、企业部门去杠杆的进展,房地产与城市化,房地产与城市化;企业盈利与资产负债表;产能库存与工业周期;信用债务与金融风险;通胀与价格;增长与总需求;消费收入与就业;财政与地方政府,国际与历史对标;资产负债表分析;广谱横断面观察;竞争性假说;可证伪假说,地区与城市横断面;主体资产负债表;收入年龄与家庭分组;国内国际与资本流动,横断面梯度;时序与领先滞后;会计与存量流量约束;多市场一致性,905,215,104-s020,104-s022,02_markdown_articles/104_2016-12-27_守望春华.md,58b6ce283480c57b99430feb115e04e66e58996a87bc6d034834ddf9f91f2e91
104-s022,104,守望春华,2016-12-27,房地产、城市化与消费,22,三、企业部门去杠杆的进展,房地产与城市化,房地产与城市化;企业盈利与资产负债表;产能库存与工业周期;信用债务与金融风险;通胀与价格;增长与总需求;消费收入与就业;财政与地方政府,国际与历史对标;资产负债表分析;广谱横断面观察;竞争性假说;可证伪假说,地区与城市横断面;主体资产负债表;收入年龄与家庭分组;国内国际与资本流动,横断面梯度;时序与领先滞后;会计与存量流量约束;多市场一致性,463,205,104-s021,104-s023,02_markdown_articles/104_2016-12-27_守望春华.md,15ce39b1b3b23895e19ebb08150849975bb6e5668dd251694bf0a183b281df4b
104-s023,104,守望春华,2016-12-27,房地产、城市化与消费,23,四、守望春华,房地产与城市化,房地产与城市化;企业盈利与资产负债表;产能库存与工业周期;信用债务与金融风险;通胀与价格;增长与总需求;消费收入与就业;财政与地方政府,国际与历史对标;资产负债表分析;广谱横断面观察;竞争性假说;可证伪假说,地区与城市横断面;主体资产负债表;收入年龄与家庭分组;国内国际与资本流动,横断面梯度;时序与领先滞后;会计与存量流量约束;多市场一致性,1212,195,104-s022,,02_markdown_articles/104_2016-12-27_守望春华.md,e45648ab488ac3bc03c7a55fc6322ee3faa77b88dcae235ce049dd2728c8af82
105-s001,105,中国的城市化与房地产市场（二）,2017-10-24,房地产、城市化与消费,1,正文,房地产与城市化,房地产与城市化;财政与地方政府;金融制度与监管;增长与总需求;研究方法与证据;产业升级与制造业,国际与历史对标,地区与城市横断面;国内国际与资本流动,横断面梯度,374,0,,105-s002,02_markdown_articles/105_2017-10-24_中国的城市化与房地产市场(二).md,b419498c17eba415e8715f37722ac9a81504c8151210c97cd95ced8f6d156968
105-s002,105,中国的城市化与房地产市场（二）,2017-10-24,房地产、城市化与消费,2,二、城镇化与土地制度,房地产与城市化,房地产与城市化;财政与地方政府;金融制度与监管;增长与总需求;研究方法与证据;产业升级与制造业,国际与历史对标,地区与城市横断面;国内国际与资本流动,横断面梯度,768,206,105-s001,105-s003,02_markdown_articles/105_2017-10-24_中国的城市化与房地产市场(二).md,47efcb4348524ecb2016b5e8419ffa045de0de03aad19db62a24f25a234dac60
105-s003,105,中国的城市化与房地产市场（二）,2017-10-24,房地产、城市化与消费,3,二、城镇化与土地制度 > （一）居住用地供应比例低于国际水平,房地产与城市化,房地产与城市化;财政与地方政府;金融制度与监管;增长与总需求;研究方法与证据;产业升级与制造业,国际与历史对标,地区与城市横断面;国内国际与资本流动,横断面梯度,1031,201,105-s002,105-s004,02_markdown_articles/105_2017-10-24_中国的城市化与房地产市场(二).md,95b54a0d008bcabd3b5d1dee4eda3dcdd3fd018018c0e9a0a0903fbf7a13bec1
105-s004,105,中国的城市化与房地产市场（二）,2017-10-24,房地产、城市化与消费,4,二、城镇化与土地制度 > （二）居住用地供应对房价的影响,房地产与城市化,房地产与城市化;财政与地方政府;金融制度与监管;增长与总需求;研究方法与证据;产业升级与制造业,国际与历史对标,地区与城市横断面;国内国际与资本流动,横断面梯度,988,212,105-s003,105-s005,02_markdown_articles/105_2017-10-24_中国的城市化与房地产市场(二).md,e5c7dae1624c3dcbbb8745174d069b34bc3faeeb124a12eaa00c1fb76089fc83
105-s005,105,中国的城市化与房地产市场（二）,2017-10-24,房地产、城市化与消费,5,二、城镇化与土地制度 > （二）居住用地供应对房价的影响,房地产与城市化,房地产与城市化;财政与地方政府;金融制度与监管;增长与总需求;研究方法与证据;产业升级与制造业,国际与历史对标,地区与城市横断面;国内国际与资本流动,横断面梯度,1057,201,105-s004,105-s006,02_markdown_articles/105_2017-10-24_中国的城市化与房地产市场(二).md,7441afb48777726fa094de00d87d2058390baf22547aa7ed0c473f6cb94743a6
105-s006,105,中国的城市化与房地产市场（二）,2017-10-24,房地产、城市化与消费,6,二、城镇化与土地制度 > （二）居住用地供应对房价的影响,房地产与城市化,房地产与城市化;财政与地方政府;金融制度与监管;增长与总需求;研究方法与证据;产业升级与制造业,国际与历史对标,地区与城市横断面;国内国际与资本流动,横断面梯度,926,196,105-s005,105-s007,02_markdown_articles/105_2017-10-24_中国的城市化与房地产市场(二).md,491ad665555d6f34fe56d9fc9634aab194046c3616ca426d8a460bb31018284c
105-s007,105,中国的城市化与房地产市场（二）,2017-10-24,房地产、城市化与消费,7,二、城镇化与土地制度 > （二）居住用地供应对房价的影响,房地产与城市化,房地产与城市化;财政与地方政府;金融制度与监管;增长与总需求;研究方法与证据;产业升级与制造业,国际与历史对标,地区与城市横断面;国内国际与资本流动,横断面梯度,629,201,105-s006,,02_markdown_articles/105_2017-10-24_中国的城市化与房地产市场(二).md,d49c2aaaeb1d99abf928fde8c7b5b658c4bfce0610cc33db697c48323891cabb
106-s001,106,中国的城市化与房地产市场（三）,2017-10-30,房地产、城市化与消费,1,正文,房地产与城市化,房地产与城市化;产能库存与工业周期,广谱横断面观察,地区与城市横断面,横断面梯度;时序与领先滞后,374,0,,106-s002,02_markdown_articles/106_2017-10-30_中国的城市化与房地产市场(三).md,23d5530bba6cbe802d64243deb1fbf92868a31b6443c7eb3ab2a07601be96ed7
106-s002,106,中国的城市化与房地产市场（三）,2017-10-30,房地产、城市化与消费,2,三、房地产库存,房地产与城市化,房地产与城市化;产能库存与工业周期,广谱横断面观察,地区与城市横断面,横断面梯度;时序与领先滞后,901,203,106-s001,106-s003,02_markdown_articles/106_2017-10-30_中国的城市化与房地产市场(三).md,f733dc3c7f08c93a59984a5b631f4c8dbdf7ac8b9586b4e2acec07380171dfcb
106-s003,106,中国的城市化与房地产市场（三）,2017-10-30,房地产、城市化与消费,3,三、房地产库存,房地产与城市化,房地产与城市化;产能库存与工业周期,广谱横断面观察,地区与城市横断面,横断面梯度;时序与领先滞后,934,204,106-s002,106-s004,02_markdown_articles/106_2017-10-30_中国的城市化与房地产市场(三).md,cf57022003ac34ff1c111478ef5da94226cea4c4fc0ce32eadd62301241d2b7b
106-s004,106,中国的城市化与房地产市场（三）,2017-10-30,房地产、城市化与消费,4,三、房地产库存,房地产与城市化,房地产与城市化;产能库存与工业周期,广谱横断面观察,地区与城市横断面,横断面梯度;时序与领先滞后,974,208,106-s003,106-s005,02_markdown_articles/106_2017-10-30_中国的城市化与房地产市场(三).md,db875e41a661ad1636e473253991449b8d7fe0c3d8b035f6e3f11ea7d4b985a0
106-s005,106,中国的城市化与房地产市场（三）,2017-10-30,房地产、城市化与消费,5,三、房地产库存,房地产与城市化,房地产与城市化;产能库存与工业周期,广谱横断面观察,地区与城市横断面,横断面梯度;时序与领先滞后,296,207,106-s004,106-s006,02_markdown_articles/106_2017-10-30_中国的城市化与房地产市场(三).md,779063c8671d6bba5afbc4d05b828c6199c735ff614dd1967c4ae0a432d6f277
106-s006,106,中国的城市化与房地产市场（三）,2017-10-30,房地产、城市化与消费,6,四、结论,房地产与城市化,房地产与城市化;产能库存与工业周期,广谱横断面观察,地区与城市横断面,横断面梯度;时序与领先滞后,309,196,106-s005,,02_markdown_articles/106_2017-10-30_中国的城市化与房地产市场(三).md,1c97ca1c31da41b12b8ea4a43c7c8b9ad8e220f0a675510c2b4503d8f9035951
107-s001,107,站到拐点，我终于找到了房价上涨的主导性因素！,2017-11-04,房地产、城市化与消费,1,正文,房地产与城市化,房地产与城市化;消费收入与就业;财政与地方政府;产能库存与工业周期;增长与总需求;研究方法与证据;金融制度与监管;产业升级与制造业,国际与历史对标;广谱横断面观察;左侧—右侧判断,地区与城市横断面;收入年龄与家庭分组;主体资产负债表;国内国际与资本流动,时序与领先滞后;横断面梯度,336,0,,107-s002,"02_markdown_articles/107_2017-11-04_站到拐点,我终于找到了房价上涨的主导性因素!.md",d79896115eaa4c189bd8b9abbf2bc2bbe5ce63d24190b5180e81ede9d0365103
107-s002,107,站到拐点，我终于找到了房价上涨的主导性因素！,2017-11-04,房地产、城市化与消费,2,一、中国城市化进程的转折：从城镇化到都市化,房地产与城市化,房地产与城市化;消费收入与就业;财政与地方政府;产能库存与工业周期;增长与总需求;研究方法与证据;金融制度与监管;产业升级与制造业,国际与历史对标;广谱横断面观察;左侧—右侧判断,地区与城市横断面;收入年龄与家庭分组;主体资产负债表;国内国际与资本流动,时序与领先滞后;横断面梯度,965,196,107-s001,107-s003,"02_markdown_articles/107_2017-11-04_站到拐点,我终于找到了房价上涨的主导性因素!.md",baed9bd72f3df4755ff1261d079c5907dc9baff7db02942467ff4e6b3853512f
107-s003,107,站到拐点，我终于找到了房价上涨的主导性因素！,2017-11-04,房地产、城市化与消费,3,一、中国城市化进程的转折：从城镇化到都市化,房地产与城市化,房地产与城市化;消费收入与就业;财政与地方政府;产能库存与工业周期;增长与总需求;研究方法与证据;金融制度与监管;产业升级与制造业,国际与历史对标;广谱横断面观察;左侧—右侧判断,地区与城市横断面;收入年龄与家庭分组;主体资产负债表;国内国际与资本流动,时序与领先滞后;横断面梯度,933,205,107-s002,107-s004,"02_markdown_articles/107_2017-11-04_站到拐点,我终于找到了房价上涨的主导性因素!.md",4fd0a34fb23980ede79f7a3cf77de8023ca77c5f62fdefe5f9a2a192bd666c49
107-s004,107,站到拐点，我终于找到了房价上涨的主导性因素！,2017-11-04,房地产、城市化与消费,4,一、中国城市化进程的转折：从城镇化到都市化,房地产与城市化,房地产与城市化;消费收入与就业;财政与地方政府;产能库存与工业周期;增长与总需求;研究方法与证据;金融制度与监管;产业升级与制造业,国际与历史对标;广谱横断面观察;左侧—右侧判断,地区与城市横断面;收入年龄与家庭分组;主体资产负债表;国内国际与资本流动,时序与领先滞后;横断面梯度,986,204,107-s003,107-s005,"02_markdown_articles/107_2017-11-04_站到拐点,我终于找到了房价上涨的主导性因素!.md",f50419d0531464f9be80dd1eeb4c37791ccb929ad4c9f250417de4043479a810
107-s005,107,站到拐点，我终于找到了房价上涨的主导性因素！,2017-11-04,房地产、城市化与消费,5,一、中国城市化进程的转折：从城镇化到都市化,房地产与城市化,房地产与城市化;消费收入与就业;财政与地方政府;产能库存与工业周期;增长与总需求;研究方法与证据;金融制度与监管;产业升级与制造业,国际与历史对标;广谱横断面观察;左侧—右侧判断,地区与城市横断面;收入年龄与家庭分组;主体资产负债表;国内国际与资本流动,时序与领先滞后;横断面梯度,957,199,107-s004,107-s006,"02_markdown_articles/107_2017-11-04_站到拐点,我终于找到了房价上涨的主导性因素!.md",d9222da4cd62e1ddac074c18646241fec154c80a169fc4a40e33ba7962815361
107-s006,107,站到拐点，我终于找到了房价上涨的主导性因素！,2017-11-04,房地产、城市化与消费,6,一、中国城市化进程的转折：从城镇化到都市化,房地产与城市化,房地产与城市化;消费收入与就业;财政与地方政府;产能库存与工业周期;增长与总需求;研究方法与证据;金融制度与监管;产业升级与制造业,国际与历史对标;广谱横断面观察;左侧—右侧判断,地区与城市横断面;收入年龄与家庭分组;主体资产负债表;国内国际与资本流动,时序与领先滞后;横断面梯度,925,209,107-s005,107-s007,"02_markdown_articles/107_2017-11-04_站到拐点,我终于找到了房价上涨的主导性因素!.md",9f27f49cf2ebe67328e9e17f26cd5ad2bba2d9b69244530fbe9d8f0bc461da39
107-s007,107,站到拐点，我终于找到了房价上涨的主导性因素！,2017-11-04,房地产、城市化与消费,7,一、中国城市化进程的转折：从城镇化到都市化,房地产与城市化,房地产与城市化;消费收入与就业;财政与地方政府;产能库存与工业周期;增长与总需求;研究方法与证据;金融制度与监管;产业升级与制造业,国际与历史对标;广谱横断面观察;左侧—右侧判断,地区与城市横断面;收入年龄与家庭分组;主体资产负债表;国内国际与资本流动,时序与领先滞后;横断面梯度,776,213,107-s006,107-s008,"02_markdown_articles/107_2017-11-04_站到拐点,我终于找到了房价上涨的主导性因素!.md",4f0ab011731e11e383d2f1b716097b3aee8c22c8c8bf7c7cfeddb523a8b4991b
107-s008,107,站到拐点，我终于找到了房价上涨的主导性因素！,2017-11-04,房地产、城市化与消费,8,一、中国城市化进程的转折：从城镇化到都市化 > （一）居住用地供应比例低于国际水平,房地产与城市化,房地产与城市化;消费收入与就业;财政与地方政府;产能库存与工业周期;增长与总需求;研究方法与证据;金融制度与监管;产业升级与制造业,国际与历史对标;广谱横断面观察;左侧—右侧判断,地区与城市横断面;收入年龄与家庭分组;主体资产负债表;国内国际与资本流动,时序与领先滞后;横断面梯度,918,201,107-s007,107-s009,"02_markdown_articles/107_2017-11-04_站到拐点,我终于找到了房价上涨的主导性因素!.md",88a4f25ce87f583d10b12c7c50e01fce939b26b752f30448a2291c11a105e11f
107-s009,107,站到拐点，我终于找到了房价上涨的主导性因素！,2017-11-04,房地产、城市化与消费,9,一、中国城市化进程的转折：从城镇化到都市化 > （一）居住用地供应比例低于国际水平,房地产与城市化,房地产与城市化;消费收入与就业;财政与地方政府;产能库存与工业周期;增长与总需求;研究方法与证据;金融制度与监管;产业升级与制造业,国际与历史对标;广谱横断面观察;左侧—右侧判断,地区与城市横断面;收入年龄与家庭分组;主体资产负债表;国内国际与资本流动,时序与领先滞后;横断面梯度,295,197,107-s008,107-s010,"02_markdown_articles/107_2017-11-04_站到拐点,我终于找到了房价上涨的主导性因素!.md",fc8d8feb2721e52054f39db85ee6091b63e214f34065204bb964cead233e62cb
107-s010,107,站到拐点，我终于找到了房价上涨的主导性因素！,2017-11-04,房地产、城市化与消费,10,一、中国城市化进程的转折：从城镇化到都市化 > （二）居住用地供应对房价的影响,房地产与城市化,房地产与城市化;消费收入与就业;财政与地方政府;产能库存与工业周期;增长与总需求;研究方法与证据;金融制度与监管;产业升级与制造业,国际与历史对标;广谱横断面观察;左侧—右侧判断,地区与城市横断面;收入年龄与家庭分组;主体资产负债表;国内国际与资本流动,时序与领先滞后;横断面梯度,977,207,107-s009,107-s011,"02_markdown_articles/107_2017-11-04_站到拐点,我终于找到了房价上涨的主导性因素!.md",19317a7ed58e5fe3894c8113b8c039e34287a6bbe348d371525baf86348f4f1e
107-s011,107,站到拐点，我终于找到了房价上涨的主导性因素！,2017-11-04,房地产、城市化与消费,11,一、中国城市化进程的转折：从城镇化到都市化 > （二）居住用地供应对房价的影响,房地产与城市化,房地产与城市化;消费收入与就业;财政与地方政府;产能库存与工业周期;增长与总需求;研究方法与证据;金融制度与监管;产业升级与制造业,国际与历史对标;广谱横断面观察;左侧—右侧判断,地区与城市横断面;收入年龄与家庭分组;主体资产负债表;国内国际与资本流动,时序与领先滞后;横断面梯度,321,209,107-s010,107-s012,"02_markdown_articles/107_2017-11-04_站到拐点,我终于找到了房价上涨的主导性因素!.md",a82efec7ee7f6be714652df24c918d755469d5d8011f4e4640bd9c12d843130b
107-s012,107,站到拐点，我终于找到了房价上涨的主导性因素！,2017-11-04,房地产、城市化与消费,12,一、中国城市化进程的转折：从城镇化到都市化 > 1、土地供应的潜在竞争,房地产与城市化,房地产与城市化;消费收入与就业;财政与地方政府;产能库存与工业周期;增长与总需求;研究方法与证据;金融制度与监管;产业升级与制造业,国际与历史对标;广谱横断面观察;左侧—右侧判断,地区与城市横断面;收入年龄与家庭分组;主体资产负债表;国内国际与资本流动,时序与领先滞后;横断面梯度,355,199,107-s011,107-s013,"02_markdown_articles/107_2017-11-04_站到拐点,我终于找到了房价上涨的主导性因素!.md",9239afb174757e662f6d3e4eab5187442c8ae6d4488ec89652d8ced033e697d0
107-s013,107,站到拐点，我终于找到了房价上涨的主导性因素！,2017-11-04,房地产、城市化与消费,13,一、中国城市化进程的转折：从城镇化到都市化 > 2、决策和认知习惯,房地产与城市化,房地产与城市化;消费收入与就业;财政与地方政府;产能库存与工业周期;增长与总需求;研究方法与证据;金融制度与监管;产业升级与制造业,国际与历史对标;广谱横断面观察;左侧—右侧判断,地区与城市横断面;收入年龄与家庭分组;主体资产负债表;国内国际与资本流动,时序与领先滞后;横断面梯度,1007,201,107-s012,107-s014,"02_markdown_articles/107_2017-11-04_站到拐点,我终于找到了房价上涨的主导性因素!.md",ba8e169c574daada5d7ec5d85ffc6e0ccefb6ac47b8abe809e810e14d50ea569
107-s014,107,站到拐点，我终于找到了房价上涨的主导性因素！,2017-11-04,房地产、城市化与消费,14,一、中国城市化进程的转折：从城镇化到都市化 > 2、决策和认知习惯,房地产与城市化,房地产与城市化;消费收入与就业;财政与地方政府;产能库存与工业周期;增长与总需求;研究方法与证据;金融制度与监管;产业升级与制造业,国际与历史对标;广谱横断面观察;左侧—右侧判断,地区与城市横断面;收入年龄与家庭分组;主体资产负债表;国内国际与资本流动,时序与领先滞后;横断面梯度,926,201,107-s013,107-s015,"02_markdown_articles/107_2017-11-04_站到拐点,我终于找到了房价上涨的主导性因素!.md",08f2d7cfd41b6b35fe893446d4f0a4c6c270d71eb0d8e7510fd3fae215eded6d
107-s015,107,站到拐点，我终于找到了房价上涨的主导性因素！,2017-11-04,房地产、城市化与消费,15,一、中国城市化进程的转折：从城镇化到都市化 > 2、决策和认知习惯,房地产与城市化,房地产与城市化;消费收入与就业;财政与地方政府;产能库存与工业周期;增长与总需求;研究方法与证据;金融制度与监管;产业升级与制造业,国际与历史对标;广谱横断面观察;左侧—右侧判断,地区与城市横断面;收入年龄与家庭分组;主体资产负债表;国内国际与资本流动,时序与领先滞后;横断面梯度,1035,208,107-s014,107-s016,"02_markdown_articles/107_2017-11-04_站到拐点,我终于找到了房价上涨的主导性因素!.md",ade267560610043aa1ec862016899af6bc75b771730eb66fe41a85e87d1cd931
107-s016,107,站到拐点，我终于找到了房价上涨的主导性因素！,2017-11-04,房地产、城市化与消费,16,一、中国城市化进程的转折：从城镇化到都市化 > 2、决策和认知习惯,房地产与城市化,房地产与城市化;消费收入与就业;财政与地方政府;产能库存与工业周期;增长与总需求;研究方法与证据;金融制度与监管;产业升级与制造业,国际与历史对标;广谱横断面观察;左侧—右侧判断,地区与城市横断面;收入年龄与家庭分组;主体资产负债表;国内国际与资本流动,时序与领先滞后;横断面梯度,900,196,107-s015,107-s017,"02_markdown_articles/107_2017-11-04_站到拐点,我终于找到了房价上涨的主导性因素!.md",9c1a82e82a501f36399f77b84f18f4e5d89af72976632d48ab13db0bb355221a
107-s017,107,站到拐点，我终于找到了房价上涨的主导性因素！,2017-11-04,房地产、城市化与消费,17,一、中国城市化进程的转折：从城镇化到都市化 > 2、决策和认知习惯,房地产与城市化,房地产与城市化;消费收入与就业;财政与地方政府;产能库存与工业周期;增长与总需求;研究方法与证据;金融制度与监管;产业升级与制造业,国际与历史对标;广谱横断面观察;左侧—右侧判断,地区与城市横断面;收入年龄与家庭分组;主体资产负债表;国内国际与资本流动,时序与领先滞后;横断面梯度,817,202,107-s016,,"02_markdown_articles/107_2017-11-04_站到拐点,我终于找到了房价上涨的主导性因素!.md",7b658569af3672b8eedace4a4304ddaad64fc54a5f4ee7421618c61c943b54be
108-s001,108,房地产库存已明显低于长期合理水平,2017-11-23,房地产、城市化与消费,1,正文,产能库存与工业周期,产能库存与工业周期;房地产与城市化;贸易与全球经济;财政与地方政府,跨市场与跨资产验证,主体资产负债表,时序与领先滞后,1092,0,,108-s002,02_markdown_articles/108_2017-11-23_房地产库存已明显低于长期合理水平.md,09d42c2a3dbcadca3cf1095a7ddd5ca10a9c7881f70c59266fabe086627e3b51
108-s002,108,房地产库存已明显低于长期合理水平,2017-11-23,房地产、城市化与消费,2,正文,产能库存与工业周期,产能库存与工业周期;房地产与城市化;贸易与全球经济;财政与地方政府,跨市场与跨资产验证,主体资产负债表,时序与领先滞后,1011,198,108-s001,108-s003,02_markdown_articles/108_2017-11-23_房地产库存已明显低于长期合理水平.md,10d600d1c525dbe70bca71f0e8b718a9f2e4dd98511ecf37b1c1f2c89e6ef2b4
108-s003,108,房地产库存已明显低于长期合理水平,2017-11-23,房地产、城市化与消费,3,正文,产能库存与工业周期,产能库存与工业周期;房地产与城市化;贸易与全球经济;财政与地方政府,跨市场与跨资产验证,主体资产负债表,时序与领先滞后,790,211,108-s002,,02_markdown_articles/108_2017-11-23_房地产库存已明显低于长期合理水平.md,15d3ccc09ea45303368b6a9bd19027fa03d6731472c02095163935c7c12711c4
109-s001,109,地方政府和少数国企是当前杠杆问题的关键所在,2018-01-03,房地产、城市化与消费,1,正文,房地产与城市化,房地产与城市化;信用债务与金融风险;财政与地方政府,资产负债表分析,地区与城市横断面;主体资产负债表,反证与不相容事实,1055,0,,109-s002,02_markdown_articles/109_2018-01-03_地方政府和少数国企是当前杠杆问题的关键所在.md,06bdd5ff895c282590b8de824034cf82470fc329341e85658579f63f4327f4f6
109-s002,109,地方政府和少数国企是当前杠杆问题的关键所在,2018-01-03,房地产、城市化与消费,2,正文,房地产与城市化,房地产与城市化;信用债务与金融风险;财政与地方政府,资产负债表分析,地区与城市横断面;主体资产负债表,反证与不相容事实,942,202,109-s001,109-s003,02_markdown_articles/109_2018-01-03_地方政府和少数国企是当前杠杆问题的关键所在.md,bbc482fe468caa8b90b8948229cb2b0d3bdc9823871897d21332f5700e9ed745
109-s003,109,地方政府和少数国企是当前杠杆问题的关键所在,2018-01-03,房地产、城市化与消费,3,正文,房地产与城市化,房地产与城市化;信用债务与金融风险;财政与地方政府,资产负债表分析,地区与城市横断面;主体资产负债表,反证与不相容事实,1054,207,109-s002,109-s004,02_markdown_articles/109_2018-01-03_地方政府和少数国企是当前杠杆问题的关键所在.md,cb03f76b949fe2d0ef5c0ae0b86780e5e08ac4735b37c3c08f3a6f698efe4087
109-s004,109,地方政府和少数国企是当前杠杆问题的关键所在,2018-01-03,房地产、城市化与消费,4,正文,房地产与城市化,房地产与城市化;信用债务与金融风险;财政与地方政府,资产负债表分析,地区与城市横断面;主体资产负债表,反证与不相容事实,271,210,109-s003,,02_markdown_articles/109_2018-01-03_地方政府和少数国企是当前杠杆问题的关键所在.md,6aa121c97643997900a57d5a7bf418d58d14990ea1d605a69ae90512f3accb4c
110-s001,110,从供需入手，因地制宜解决房地产问题,2018-04-24,房地产、城市化与消费,1,正文,房地产与城市化,房地产与城市化;潜在增长与人口;股票与资本市场;财政与地方政府,国际与历史对标;广谱横断面观察;跨市场与跨资产验证,地区与城市横断面,横断面梯度,1207,0,,110-s002,"02_markdown_articles/110_2018-04-24_从供需入手,因地制宜解决房地产问题.md",737d1acaf9c709a3019a5fd117954e99b1fb46957a4ac4fbcaea959c54d3deb9
110-s002,110,从供需入手，因地制宜解决房地产问题,2018-04-24,房地产、城市化与消费,2,正文,房地产与城市化,房地产与城市化;潜在增长与人口;股票与资本市场;财政与地方政府,国际与历史对标;广谱横断面观察;跨市场与跨资产验证,地区与城市横断面,横断面梯度,1063,209,110-s001,110-s003,"02_markdown_articles/110_2018-04-24_从供需入手,因地制宜解决房地产问题.md",7a82c34f101ed15fbe85f2df37e85e5e3f6dd6a8c17319bbc69503725e4f3d67
110-s003,110,从供需入手，因地制宜解决房地产问题,2018-04-24,房地产、城市化与消费,3,一、房地产市场供求层面上的扭曲是政府需要重点关注的问题,房地产与城市化,房地产与城市化;潜在增长与人口;股票与资本市场;财政与地方政府,国际与历史对标;广谱横断面观察;跨市场与跨资产验证,地区与城市横断面,横断面梯度,322,211,110-s002,110-s004,"02_markdown_articles/110_2018-04-24_从供需入手,因地制宜解决房地产问题.md",daa9afddfd85f743f537ab797580458d7cbb71953e6a41ae7430a7fd263f0e94
110-s004,110,从供需入手，因地制宜解决房地产问题,2018-04-24,房地产、城市化与消费,4,一、房地产市场供求层面上的扭曲是政府需要重点关注的问题,房地产与城市化,房地产与城市化;潜在增长与人口;股票与资本市场;财政与地方政府,国际与历史对标;广谱横断面观察;跨市场与跨资产验证,地区与城市横断面,横断面梯度,1049,205,110-s003,110-s005,"02_markdown_articles/110_2018-04-24_从供需入手,因地制宜解决房地产问题.md",79260e058bffe2d490f97156d6b2af53d5db0eb480758dcded968a42beb84e22
110-s005,110,从供需入手，因地制宜解决房地产问题,2018-04-24,房地产、城市化与消费,5,一、房地产市场供求层面上的扭曲是政府需要重点关注的问题,房地产与城市化,房地产与城市化;潜在增长与人口;股票与资本市场;财政与地方政府,国际与历史对标;广谱横断面观察;跨市场与跨资产验证,地区与城市横断面,横断面梯度,576,197,110-s004,110-s006,"02_markdown_articles/110_2018-04-24_从供需入手,因地制宜解决房地产问题.md",3c28e7b5c17de59d94d15bb9e44ca1cbab63a5b2acdae1a0e4c50d1161e7326d
110-s006,110,从供需入手，因地制宜解决房地产问题,2018-04-24,房地产、城市化与消费,6,二、中国不同地区的房地产市场差异化明显，应当分城施策,房地产与城市化,房地产与城市化;潜在增长与人口;股票与资本市场;财政与地方政府,国际与历史对标;广谱横断面观察;跨市场与跨资产验证,地区与城市横断面,横断面梯度,1098,200,110-s005,110-s007,"02_markdown_articles/110_2018-04-24_从供需入手,因地制宜解决房地产问题.md",60f8f88af350e618b95b24b9a5f351bea2c4797814641f442a2b45c3a80f2643
110-s007,110,从供需入手，因地制宜解决房地产问题,2018-04-24,房地产、城市化与消费,7,二、中国不同地区的房地产市场差异化明显，应当分城施策,房地产与城市化,房地产与城市化;潜在增长与人口;股票与资本市场;财政与地方政府,国际与历史对标;广谱横断面观察;跨市场与跨资产验证,地区与城市横断面,横断面梯度,593,209,110-s006,,"02_markdown_articles/110_2018-04-24_从供需入手,因地制宜解决房地产问题.md",028f80000cae58707e6642746b1093057673b2988fbdb5001468e24e6caf174f
111-s001,111,风物长宜放眼量,2021-07-08,房地产、城市化与消费,1,内容提要,增长与总需求,增长与总需求;房地产与城市化;通胀与价格;利率与债券市场;汇率与国际收支;信用债务与金融风险;财政与地方政府;企业盈利与资产负债表,国际与历史对标;左侧—右侧判断;存量—流量与会计闭合;资产负债表分析,国内国际与资本流动;收入年龄与家庭分组;主体资产负债表;所有制与企业类型,时序与领先滞后;会计与存量流量约束;多市场一致性;自然实验与制度冲击,313,0,,111-s002,02_markdown_articles/111_2021-07-08_风物长宜放眼量.md,522a5175f92f36e02f1d6e318a2ebf9b48d4665bc27f75ca44a90e39b6e7a3b6
111-s002,111,风物长宜放眼量,2021-07-08,房地产、城市化与消费,2,内容提要,增长与总需求,增长与总需求;房地产与城市化;通胀与价格;利率与债券市场;汇率与国际收支;信用债务与金融风险;财政与地方政府;企业盈利与资产负债表,国际与历史对标;左侧—右侧判断;存量—流量与会计闭合;资产负债表分析,国内国际与资本流动;收入年龄与家庭分组;主体资产负债表;所有制与企业类型,时序与领先滞后;会计与存量流量约束;多市场一致性;自然实验与制度冲击,286,200,111-s001,111-s003,02_markdown_articles/111_2021-07-08_风物长宜放眼量.md,7198fa9b888826c6d885061b96c947d943efe2a5a7a7e56cb53e2608b1c0db0d
111-s003,111,风物长宜放眼量,2021-07-08,房地产、城市化与消费,3,一、经济增长和发展的过程是一种重复,增长与总需求,增长与总需求;房地产与城市化;通胀与价格;利率与债券市场;汇率与国际收支;信用债务与金融风险;财政与地方政府;企业盈利与资产负债表,国际与历史对标;左侧—右侧判断;存量—流量与会计闭合;资产负债表分析,国内国际与资本流动;收入年龄与家庭分组;主体资产负债表;所有制与企业类型,时序与领先滞后;会计与存量流量约束;多市场一致性;自然实验与制度冲击,826,191,111-s002,111-s004,02_markdown_articles/111_2021-07-08_风物长宜放眼量.md,8a868de35051c237d40b3a3ab1d37b0d0d7076ff158cd57abb0c7b9d044a678c
111-s004,111,风物长宜放眼量,2021-07-08,房地产、城市化与消费,4,二、东亚经济在转型时点前后发生了什么,增长与总需求,增长与总需求;房地产与城市化;通胀与价格;利率与债券市场;汇率与国际收支;信用债务与金融风险;财政与地方政府;企业盈利与资产负债表,国际与历史对标;左侧—右侧判断;存量—流量与会计闭合;资产负债表分析,国内国际与资本流动;收入年龄与家庭分组;主体资产负债表;所有制与企业类型,时序与领先滞后;会计与存量流量约束;多市场一致性;自然实验与制度冲击,909,195,111-s003,111-s005,02_markdown_articles/111_2021-07-08_风物长宜放眼量.md,9f37491e1aa636c012a8d33b14992cffe35bae91b70cd10ef1632b87107f27e7
111-s005,111,风物长宜放眼量,2021-07-08,房地产、城市化与消费,5,二、东亚经济在转型时点前后发生了什么,增长与总需求,增长与总需求;房地产与城市化;通胀与价格;利率与债券市场;汇率与国际收支;信用债务与金融风险;财政与地方政府;企业盈利与资产负债表,国际与历史对标;左侧—右侧判断;存量—流量与会计闭合;资产负债表分析,国内国际与资本流动;收入年龄与家庭分组;主体资产负债表;所有制与企业类型,时序与领先滞后;会计与存量流量约束;多市场一致性;自然实验与制度冲击,1028,198,111-s004,111-s006,02_markdown_articles/111_2021-07-08_风物长宜放眼量.md,5c97fa05ae381164301f794d0c30c92b858f425e8998b0840b3e27f274616030
111-s006,111,风物长宜放眼量,2021-07-08,房地产、城市化与消费,6,二、东亚经济在转型时点前后发生了什么,增长与总需求,增长与总需求;房地产与城市化;通胀与价格;利率与债券市场;汇率与国际收支;信用债务与金融风险;财政与地方政府;企业盈利与资产负债表,国际与历史对标;左侧—右侧判断;存量—流量与会计闭合;资产负债表分析,国内国际与资本流动;收入年龄与家庭分组;主体资产负债表;所有制与企业类型,时序与领先滞后;会计与存量流量约束;多市场一致性;自然实验与制度冲击,1008,198,111-s005,111-s007,02_markdown_articles/111_2021-07-08_风物长宜放眼量.md,ee15183d8837d72586523b71f8cf1eb255ce636e06577e5f4df4dcb45c7c2af2
111-s007,111,风物长宜放眼量,2021-07-08,房地产、城市化与消费,7,二、东亚经济在转型时点前后发生了什么,增长与总需求,增长与总需求;房地产与城市化;通胀与价格;利率与债券市场;汇率与国际收支;信用债务与金融风险;财政与地方政府;企业盈利与资产负债表,国际与历史对标;左侧—右侧判断;存量—流量与会计闭合;资产负债表分析,国内国际与资本流动;收入年龄与家庭分组;主体资产负债表;所有制与企业类型,时序与领先滞后;会计与存量流量约束;多市场一致性;自然实验与制度冲击,701,198,111-s006,111-s008,02_markdown_articles/111_2021-07-08_风物长宜放眼量.md,e2080b23843911db2cc3095d12236da1a0c88718a6f54a29366b506db95dd962
111-s008,111,风物长宜放眼量,2021-07-08,房地产、城市化与消费,8,三、中国利率的逆趋势之谜,增长与总需求,增长与总需求;房地产与城市化;通胀与价格;利率与债券市场;汇率与国际收支;信用债务与金融风险;财政与地方政府;企业盈利与资产负债表,国际与历史对标;左侧—右侧判断;存量—流量与会计闭合;资产负债表分析,国内国际与资本流动;收入年龄与家庭分组;主体资产负债表;所有制与企业类型,时序与领先滞后;会计与存量流量约束;多市场一致性;自然实验与制度冲击,902,198,111-s007,111-s009,02_markdown_articles/111_2021-07-08_风物长宜放眼量.md,43f3dcb32b7be070cde0e79ccfb8e94072f7e9a5bb0c9a3554c48dd00b3d9cbc
111-s009,111,风物长宜放眼量,2021-07-08,房地产、城市化与消费,9,三、中国利率的逆趋势之谜,增长与总需求,增长与总需求;房地产与城市化;通胀与价格;利率与债券市场;汇率与国际收支;信用债务与金融风险;财政与地方政府;企业盈利与资产负债表,国际与历史对标;左侧—右侧判断;存量—流量与会计闭合;资产负债表分析,国内国际与资本流动;收入年龄与家庭分组;主体资产负债表;所有制与企业类型,时序与领先滞后;会计与存量流量约束;多市场一致性;自然实验与制度冲击,909,214,111-s008,111-s010,02_markdown_articles/111_2021-07-08_风物长宜放眼量.md,dfe6b1f97874dd1c3eef383be3c986d5047dc29371557518cf28045caa8bad93
111-s010,111,风物长宜放眼量,2021-07-08,房地产、城市化与消费,10,三、中国利率的逆趋势之谜,增长与总需求,增长与总需求;房地产与城市化;通胀与价格;利率与债券市场;汇率与国际收支;信用债务与金融风险;财政与地方政府;企业盈利与资产负债表,国际与历史对标;左侧—右侧判断;存量—流量与会计闭合;资产负债表分析,国内国际与资本流动;收入年龄与家庭分组;主体资产负债表;所有制与企业类型,时序与领先滞后;会计与存量流量约束;多市场一致性;自然实验与制度冲击,392,193,111-s009,111-s011,02_markdown_articles/111_2021-07-08_风物长宜放眼量.md,ed7d942bc0d07bb20fb0ad338134c21b2f8582b6ce7a28bd829573c42eea9640
111-s011,111,风物长宜放眼量,2021-07-08,房地产、城市化与消费,11,四、中国利率逆趋势之谜的解释,增长与总需求,增长与总需求;房地产与城市化;通胀与价格;利率与债券市场;汇率与国际收支;信用债务与金融风险;财政与地方政府;企业盈利与资产负债表,国际与历史对标;左侧—右侧判断;存量—流量与会计闭合;资产负债表分析,国内国际与资本流动;收入年龄与家庭分组;主体资产负债表;所有制与企业类型,时序与领先滞后;会计与存量流量约束;多市场一致性;自然实验与制度冲击,915,203,111-s010,111-s012,02_markdown_articles/111_2021-07-08_风物长宜放眼量.md,533882db21d941204ffda59a4b9f194afbd41c4d4518ae072994edbced3d8c81
111-s012,111,风物长宜放眼量,2021-07-08,房地产、城市化与消费,12,四、中国利率逆趋势之谜的解释,增长与总需求,增长与总需求;房地产与城市化;通胀与价格;利率与债券市场;汇率与国际收支;信用债务与金融风险;财政与地方政府;企业盈利与资产负债表,国际与历史对标;左侧—右侧判断;存量—流量与会计闭合;资产负债表分析,国内国际与资本流动;收入年龄与家庭分组;主体资产负债表;所有制与企业类型,时序与领先滞后;会计与存量流量约束;多市场一致性;自然实验与制度冲击,1075,210,111-s011,111-s013,02_markdown_articles/111_2021-07-08_风物长宜放眼量.md,a3561ad0f5832f5498cc4435edcd24f58fd6479450ec985bcb5a905fee4bdaba
111-s013,111,风物长宜放眼量,2021-07-08,房地产、城市化与消费,13,四、中国利率逆趋势之谜的解释,增长与总需求,增长与总需求;房地产与城市化;通胀与价格;利率与债券市场;汇率与国际收支;信用债务与金融风险;财政与地方政府;企业盈利与资产负债表,国际与历史对标;左侧—右侧判断;存量—流量与会计闭合;资产负债表分析,国内国际与资本流动;收入年龄与家庭分组;主体资产负债表;所有制与企业类型,时序与领先滞后;会计与存量流量约束;多市场一致性;自然实验与制度冲击,935,196,111-s012,111-s014,02_markdown_articles/111_2021-07-08_风物长宜放眼量.md,77c3d8230d2a40be2a134f406949db0949c2f01c6091d70fb05984023724ba85
111-s014,111,风物长宜放眼量,2021-07-08,房地产、城市化与消费,14,四、中国利率逆趋势之谜的解释,增长与总需求,增长与总需求;房地产与城市化;通胀与价格;利率与债券市场;汇率与国际收支;信用债务与金融风险;财政与地方政府;企业盈利与资产负债表,国际与历史对标;左侧—右侧判断;存量—流量与会计闭合;资产负债表分析,国内国际与资本流动;收入年龄与家庭分组;主体资产负债表;所有制与企业类型,时序与领先滞后;会计与存量流量约束;多市场一致性;自然实验与制度冲击,965,213,111-s013,111-s015,02_markdown_articles/111_2021-07-08_风物长宜放眼量.md,d3852d73971f53963da1110d724109ffd579cf2e5f6246d8a7220497132ec20a
111-s015,111,风物长宜放眼量,2021-07-08,房地产、城市化与消费,15,四、中国利率逆趋势之谜的解释,增长与总需求,增长与总需求;房地产与城市化;通胀与价格;利率与债券市场;汇率与国际收支;信用债务与金融风险;财政与地方政府;企业盈利与资产负债表,国际与历史对标;左侧—右侧判断;存量—流量与会计闭合;资产负债表分析,国内国际与资本流动;收入年龄与家庭分组;主体资产负债表;所有制与企业类型,时序与领先滞后;会计与存量流量约束;多市场一致性;自然实验与制度冲击,745,199,111-s014,111-s016,02_markdown_articles/111_2021-07-08_风物长宜放眼量.md,7f89ac4ddb5c4a47df897df7f9bc6acfd537e09544fd532bdc7d42cd287f9a48
111-s016,111,风物长宜放眼量,2021-07-08,房地产、城市化与消费,16,五、中国长期利率向何处去,增长与总需求,增长与总需求;房地产与城市化;通胀与价格;利率与债券市场;汇率与国际收支;信用债务与金融风险;财政与地方政府;企业盈利与资产负债表,国际与历史对标;左侧—右侧判断;存量—流量与会计闭合;资产负债表分析,国内国际与资本流动;收入年龄与家庭分组;主体资产负债表;所有制与企业类型,时序与领先滞后;会计与存量流量约束;多市场一致性;自然实验与制度冲击,868,201,111-s015,,02_markdown_articles/111_2021-07-08_风物长宜放眼量.md,4a7b94f3268c5a19f8bfa5d2e6d2760d77dbec7ccf80c9361b9ef04f8f315e9e
112-s001,112,沉舟侧畔千帆过,2021-12-24,房地产、城市化与消费,1,内容提要,房地产与城市化,房地产与城市化;产业升级与制造业;企业盈利与资产负债表;股票与资本市场;增长与总需求;消费收入与就业;能源资源与碳转型;贸易与全球经济,国际与历史对标;资产负债表分析;广谱横断面观察;总量—结构拆分,国内国际与资本流动;所有制与企业类型;行业横断面;产品与品类横断面;收入年龄与家庭分组,会计与存量流量约束,344,0,,112-s002,02_markdown_articles/112_2021-12-24_沉舟侧畔千帆过.md,8bf95a9ec9a1a418bbe760566268a29ff1894642f2dc6b8874a2e18b64cce268
112-s002,112,沉舟侧畔千帆过,2021-12-24,房地产、城市化与消费,2,内容提要,房地产与城市化,房地产与城市化;产业升级与制造业;企业盈利与资产负债表;股票与资本市场;增长与总需求;消费收入与就业;能源资源与碳转型;贸易与全球经济,国际与历史对标;资产负债表分析;广谱横断面观察;总量—结构拆分,国内国际与资本流动;所有制与企业类型;行业横断面;产品与品类横断面;收入年龄与家庭分组,会计与存量流量约束,275,198,112-s001,112-s003,02_markdown_articles/112_2021-12-24_沉舟侧畔千帆过.md,6b0758eb688077115b25baf7cc241b51d076f62eeeaebbe2f2099749e8e09481
112-s003,112,沉舟侧畔千帆过,2021-12-24,房地产、城市化与消费,3,一、中国房地产市场面临转折 > （一）房地产市场需求见顶,房地产与城市化,房地产与城市化;产业升级与制造业;企业盈利与资产负债表;股票与资本市场;增长与总需求;消费收入与就业;能源资源与碳转型;贸易与全球经济,国际与历史对标;资产负债表分析;广谱横断面观察;总量—结构拆分,国内国际与资本流动;所有制与企业类型;行业横断面;产品与品类横断面;收入年龄与家庭分组,会计与存量流量约束,925,202,112-s002,112-s004,02_markdown_articles/112_2021-12-24_沉舟侧畔千帆过.md,e7b391660751376fbf3c1e0346c9c586495d9e656446e08a7f074b0274919070
112-s004,112,沉舟侧畔千帆过,2021-12-24,房地产、城市化与消费,4,一、中国房地产市场面临转折 > （一）房地产市场需求见顶,房地产与城市化,房地产与城市化;产业升级与制造业;企业盈利与资产负债表;股票与资本市场;增长与总需求;消费收入与就业;能源资源与碳转型;贸易与全球经济,国际与历史对标;资产负债表分析;广谱横断面观察;总量—结构拆分,国内国际与资本流动;所有制与企业类型;行业横断面;产品与品类横断面;收入年龄与家庭分组,会计与存量流量约束,940,211,112-s003,112-s005,02_markdown_articles/112_2021-12-24_沉舟侧畔千帆过.md,ddcf1b411e4c4ab6211692ca5a91159b38456271dc60a70c65b5dd8ec4ab7269
112-s005,112,沉舟侧畔千帆过,2021-12-24,房地产、城市化与消费,5,一、中国房地产市场面临转折 > （一）房地产市场需求见顶,房地产与城市化,房地产与城市化;产业升级与制造业;企业盈利与资产负债表;股票与资本市场;增长与总需求;消费收入与就业;能源资源与碳转型;贸易与全球经济,国际与历史对标;资产负债表分析;广谱横断面观察;总量—结构拆分,国内国际与资本流动;所有制与企业类型;行业横断面;产品与品类横断面;收入年龄与家庭分组,会计与存量流量约束,725,202,112-s004,112-s006,02_markdown_articles/112_2021-12-24_沉舟侧畔千帆过.md,c8c0a615fae2d31d0eaf217ed8209cb48e480d73250cd6932a7f88398c21634a
112-s006,112,沉舟侧畔千帆过,2021-12-24,房地产、城市化与消费,6,一、中国房地产市场面临转折 > （二）房企面临商业模式转型压力,房地产与城市化,房地产与城市化;产业升级与制造业;企业盈利与资产负债表;股票与资本市场;增长与总需求;消费收入与就业;能源资源与碳转型;贸易与全球经济,国际与历史对标;资产负债表分析;广谱横断面观察;总量—结构拆分,国内国际与资本流动;所有制与企业类型;行业横断面;产品与品类横断面;收入年龄与家庭分组,会计与存量流量约束,836,201,112-s005,112-s007,02_markdown_articles/112_2021-12-24_沉舟侧畔千帆过.md,4a59b3a3acd7c73f9d7f0a6d80f532e027c65fa94cec8a3a7705dd227acff6eb
112-s007,112,沉舟侧畔千帆过,2021-12-24,房地产、城市化与消费,7,二、中国经济的结构转型：来自工业与上市公司的观察,房地产与城市化,房地产与城市化;产业升级与制造业;企业盈利与资产负债表;股票与资本市场;增长与总需求;消费收入与就业;能源资源与碳转型;贸易与全球经济,国际与历史对标;资产负债表分析;广谱横断面观察;总量—结构拆分,国内国际与资本流动;所有制与企业类型;行业横断面;产品与品类横断面;收入年龄与家庭分组,会计与存量流量约束,309,209,112-s006,112-s008,02_markdown_articles/112_2021-12-24_沉舟侧畔千帆过.md,b3432569f8ab972a2eb197bf4a84404ea88241d11609082e96772225008611f0
112-s008,112,沉舟侧畔千帆过,2021-12-24,房地产、城市化与消费,8,二、中国经济的结构转型：来自工业与上市公司的观察 > （一）中国经济的结构转型：来自工业的观察,房地产与城市化,房地产与城市化;产业升级与制造业;企业盈利与资产负债表;股票与资本市场;增长与总需求;消费收入与就业;能源资源与碳转型;贸易与全球经济,国际与历史对标;资产负债表分析;广谱横断面观察;总量—结构拆分,国内国际与资本流动;所有制与企业类型;行业横断面;产品与品类横断面;收入年龄与家庭分组,会计与存量流量约束,518,211,112-s007,112-s009,02_markdown_articles/112_2021-12-24_沉舟侧畔千帆过.md,969591126bb7b8aa5789da7b380caeb0e7e1eb67463b0e3a386aee209ba03900
112-s009,112,沉舟侧畔千帆过,2021-12-24,房地产、城市化与消费,9,二、中国经济的结构转型：来自工业与上市公司的观察 > （一）中国经济的结构转型：来自工业的观察,房地产与城市化,房地产与城市化;产业升级与制造业;企业盈利与资产负债表;股票与资本市场;增长与总需求;消费收入与就业;能源资源与碳转型;贸易与全球经济,国际与历史对标;资产负债表分析;广谱横断面观察;总量—结构拆分,国内国际与资本流动;所有制与企业类型;行业横断面;产品与品类横断面;收入年龄与家庭分组,会计与存量流量约束,943,214,112-s008,112-s010,02_markdown_articles/112_2021-12-24_沉舟侧畔千帆过.md,71d709722a3e9e32c3c97f2095c825f67b6953cf012894e9d87f216090db61df
112-s010,112,沉舟侧畔千帆过,2021-12-24,房地产、城市化与消费,10,二、中国经济的结构转型：来自工业与上市公司的观察 > （一）中国经济的结构转型：来自工业的观察,房地产与城市化,房地产与城市化;产业升级与制造业;企业盈利与资产负债表;股票与资本市场;增长与总需求;消费收入与就业;能源资源与碳转型;贸易与全球经济,国际与历史对标;资产负债表分析;广谱横断面观察;总量—结构拆分,国内国际与资本流动;所有制与企业类型;行业横断面;产品与品类横断面;收入年龄与家庭分组,会计与存量流量约束,316,214,112-s009,112-s011,02_markdown_articles/112_2021-12-24_沉舟侧畔千帆过.md,9f20df6ed978a61966608332effaee45e90d005b46473c0d61ccb6b866a4a31a
112-s011,112,沉舟侧畔千帆过,2021-12-24,房地产、城市化与消费,11,二、中国经济的结构转型：来自工业与上市公司的观察 > 1.增加值视角,房地产与城市化,房地产与城市化;产业升级与制造业;企业盈利与资产负债表;股票与资本市场;增长与总需求;消费收入与就业;能源资源与碳转型;贸易与全球经济,国际与历史对标;资产负债表分析;广谱横断面观察;总量—结构拆分,国内国际与资本流动;所有制与企业类型;行业横断面;产品与品类横断面;收入年龄与家庭分组,会计与存量流量约束,272,215,112-s010,112-s012,02_markdown_articles/112_2021-12-24_沉舟侧畔千帆过.md,de21c79c68db1d83362879965a97fa112a7eea8251ce91ea05d881c711ad13b1
112-s012,112,沉舟侧畔千帆过,2021-12-24,房地产、城市化与消费,12,二、中国经济的结构转型：来自工业与上市公司的观察 > 2.资本开支视角,房地产与城市化,房地产与城市化;产业升级与制造业;企业盈利与资产负债表;股票与资本市场;增长与总需求;消费收入与就业;能源资源与碳转型;贸易与全球经济,国际与历史对标;资产负债表分析;广谱横断面观察;总量—结构拆分,国内国际与资本流动;所有制与企业类型;行业横断面;产品与品类横断面;收入年龄与家庭分组,会计与存量流量约束,940,212,112-s011,112-s013,02_markdown_articles/112_2021-12-24_沉舟侧畔千帆过.md,a0d6d98ea6de6f85ee05adf3085615926700d26372458c39d6c69dfbde6abe6f
112-s013,112,沉舟侧畔千帆过,2021-12-24,房地产、城市化与消费,13,二、中国经济的结构转型：来自工业与上市公司的观察 > （二）中国经济的结构转型：来自上市公司的观察,房地产与城市化,房地产与城市化;产业升级与制造业;企业盈利与资产负债表;股票与资本市场;增长与总需求;消费收入与就业;能源资源与碳转型;贸易与全球经济,国际与历史对标;资产负债表分析;广谱横断面观察;总量—结构拆分,国内国际与资本流动;所有制与企业类型;行业横断面;产品与品类横断面;收入年龄与家庭分组,会计与存量流量约束,485,216,112-s012,112-s014,02_markdown_articles/112_2021-12-24_沉舟侧畔千帆过.md,db1e5349c8416d12304e74ebcf4639b3e4c69800ce56e7ac774422a4f72769cc
112-s014,112,沉舟侧畔千帆过,2021-12-24,房地产、城市化与消费,14,二、中国经济的结构转型：来自工业与上市公司的观察 > （二）中国经济的结构转型：来自上市公司的观察,房地产与城市化,房地产与城市化;产业升级与制造业;企业盈利与资产负债表;股票与资本市场;增长与总需求;消费收入与就业;能源资源与碳转型;贸易与全球经济,国际与历史对标;资产负债表分析;广谱横断面观察;总量—结构拆分,国内国际与资本流动;所有制与企业类型;行业横断面;产品与品类横断面;收入年龄与家庭分组,会计与存量流量约束,896,204,112-s013,112-s015,02_markdown_articles/112_2021-12-24_沉舟侧畔千帆过.md,d7ba3759cf179bff5f5a95b2132f88e93b86dd9fa3bcc3b0d3a6420fcc566f19
112-s015,112,沉舟侧畔千帆过,2021-12-24,房地产、城市化与消费,15,二、中国经济的结构转型：来自工业与上市公司的观察 > （二）中国经济的结构转型：来自上市公司的观察,房地产与城市化,房地产与城市化;产业升级与制造业;企业盈利与资产负债表;股票与资本市场;增长与总需求;消费收入与就业;能源资源与碳转型;贸易与全球经济,国际与历史对标;资产负债表分析;广谱横断面观察;总量—结构拆分,国内国际与资本流动;所有制与企业类型;行业横断面;产品与品类横断面;收入年龄与家庭分组,会计与存量流量约束,938,209,112-s014,112-s016,02_markdown_articles/112_2021-12-24_沉舟侧畔千帆过.md,6d4b143e532019e8d0da67e8e82a44f85b352df680e728677c448bf0334ca451
112-s016,112,沉舟侧畔千帆过,2021-12-24,房地产、城市化与消费,16,二、中国经济的结构转型：来自工业与上市公司的观察 > （二）中国经济的结构转型：来自上市公司的观察,房地产与城市化,房地产与城市化;产业升级与制造业;企业盈利与资产负债表;股票与资本市场;增长与总需求;消费收入与就业;能源资源与碳转型;贸易与全球经济,国际与历史对标;资产负债表分析;广谱横断面观察;总量—结构拆分,国内国际与资本流动;所有制与企业类型;行业横断面;产品与品类横断面;收入年龄与家庭分组,会计与存量流量约束,654,204,112-s015,112-s017,02_markdown_articles/112_2021-12-24_沉舟侧畔千帆过.md,fb2befef1e9f8209883c8e2638b9abc68bca82b0d4a1800f53f59e8bc071190b
112-s017,112,沉舟侧畔千帆过,2021-12-24,房地产、城市化与消费,17,二、中国经济的结构转型：来自工业与上市公司的观察 > （二）中国经济的结构转型：来自上市公司的观察,房地产与城市化,房地产与城市化;产业升级与制造业;企业盈利与资产负债表;股票与资本市场;增长与总需求;消费收入与就业;能源资源与碳转型;贸易与全球经济,国际与历史对标;资产负债表分析;广谱横断面观察;总量—结构拆分,国内国际与资本流动;所有制与企业类型;行业横断面;产品与品类横断面;收入年龄与家庭分组,会计与存量流量约束,927,216,112-s016,112-s018,02_markdown_articles/112_2021-12-24_沉舟侧畔千帆过.md,4940a89176430587eeee96c46679d39212c78c5522082eda7e7c6ea5ab9203d2
112-s018,112,沉舟侧畔千帆过,2021-12-24,房地产、城市化与消费,18,二、中国经济的结构转型：来自工业与上市公司的观察 > （二）中国经济的结构转型：来自上市公司的观察,房地产与城市化,房地产与城市化;产业升级与制造业;企业盈利与资产负债表;股票与资本市场;增长与总需求;消费收入与就业;能源资源与碳转型;贸易与全球经济,国际与历史对标;资产负债表分析;广谱横断面观察;总量—结构拆分,国内国际与资本流动;所有制与企业类型;行业横断面;产品与品类横断面;收入年龄与家庭分组,会计与存量流量约束,446,171,112-s017,112-s019,02_markdown_articles/112_2021-12-24_沉舟侧畔千帆过.md,425a456a821f54b667518b269c51180167c723e1c1007b5004fc2683952efe44
112-s019,112,沉舟侧畔千帆过,2021-12-24,房地产、城市化与消费,19,二、中国经济的结构转型：来自工业与上市公司的观察 > （三）经济转型下的资本市场,房地产与城市化,房地产与城市化;产业升级与制造业;企业盈利与资产负债表;股票与资本市场;增长与总需求;消费收入与就业;能源资源与碳转型;贸易与全球经济,国际与历史对标;资产负债表分析;广谱横断面观察;总量—结构拆分,国内国际与资本流动;所有制与企业类型;行业横断面;产品与品类横断面;收入年龄与家庭分组,会计与存量流量约束,903,204,112-s018,112-s020,02_markdown_articles/112_2021-12-24_沉舟侧畔千帆过.md,d1e4b0875677ddd58e7c5f985d0945eeb9bf6623bec2355d44a5891918b7a862
112-s020,112,沉舟侧畔千帆过,2021-12-24,房地产、城市化与消费,20,二、中国经济的结构转型：来自工业与上市公司的观察 > （三）经济转型下的资本市场,房地产与城市化,房地产与城市化;产业升级与制造业;企业盈利与资产负债表;股票与资本市场;增长与总需求;消费收入与就业;能源资源与碳转型;贸易与全球经济,国际与历史对标;资产负债表分析;广谱横断面观察;总量—结构拆分,国内国际与资本流动;所有制与企业类型;行业横断面;产品与品类横断面;收入年龄与家庭分组,会计与存量流量约束,647,212,112-s019,,02_markdown_articles/112_2021-12-24_沉舟侧畔千帆过.md,0027329203167adda339549f1ca87aafda9125dd691759803f142b17b0dc7b2a
113-s001,113,2022年市场从何处来、向何处去？,2022-09-19,房地产、城市化与消费,1,正文,企业盈利与资产负债表,企业盈利与资产负债表;房地产与城市化;股票与资本市场;消费收入与就业;金融制度与监管,资产负债表分析,主体资产负债表,自然实验与制度冲击;会计与存量流量约束,908,0,,113-s002,02_markdown_articles/113_2022-09-19_2022年市场从何处来、向何处去.md,2f99b7a1b3874fd51e7e94edd0c26b6d13830862a01de33b88a98ae426fc9d82
113-s002,113,2022年市场从何处来、向何处去？,2022-09-19,房地产、城市化与消费,2,正文,企业盈利与资产负债表,企业盈利与资产负债表;房地产与城市化;股票与资本市场;消费收入与就业;金融制度与监管,资产负债表分析,主体资产负债表,自然实验与制度冲击;会计与存量流量约束,903,199,113-s001,113-s003,02_markdown_articles/113_2022-09-19_2022年市场从何处来、向何处去.md,493b6a91b53a6eb47641049e958a495f43cd68bf933efbb095b65e825ce4a768
113-s003,113,2022年市场从何处来、向何处去？,2022-09-19,房地产、城市化与消费,3,正文,企业盈利与资产负债表,企业盈利与资产负债表;房地产与城市化;股票与资本市场;消费收入与就业;金融制度与监管,资产负债表分析,主体资产负债表,自然实验与制度冲击;会计与存量流量约束,682,205,113-s002,,02_markdown_articles/113_2022-09-19_2022年市场从何处来、向何处去.md,0820aa9c5ee0a5c82ff99b0afed12f0ce7f123102d5f8dedc247bf07de3d6261
114-s001,114,物转星移又一秋,2022-12-18,房地产、城市化与消费,1,内容提要,房地产与城市化,房地产与城市化;疫情冲击与宏观应对;股票与资本市场;消费收入与就业;增长与总需求;能源资源与碳转型;产能库存与工业周期;企业盈利与资产负债表,国际与历史对标;资产负债表分析,主体资产负债表;所有制与企业类型;收入年龄与家庭分组;国内国际与资本流动,会计与存量流量约束;自然实验与制度冲击;横断面梯度,290,0,,114-s002,02_markdown_articles/114_2022-12-18_物转星移又一秋.md,f42be915f93321abf9e6123856f322ff32f8363f52f7a04340a9d2d02faa2862
114-s002,114,物转星移又一秋,2022-12-18,房地产、城市化与消费,2,内容提要,房地产与城市化,房地产与城市化;疫情冲击与宏观应对;股票与资本市场;消费收入与就业;增长与总需求;能源资源与碳转型;产能库存与工业周期;企业盈利与资产负债表,国际与历史对标;资产负债表分析,主体资产负债表;所有制与企业类型;收入年龄与家庭分组;国内国际与资本流动,会计与存量流量约束;自然实验与制度冲击;横断面梯度,320,205,114-s001,114-s003,02_markdown_articles/114_2022-12-18_物转星移又一秋.md,b91c163c98ca46395a9ed99ea1e1d297398fa2cbc7a69d54deb2d59a0cdb14a6
114-s003,114,物转星移又一秋,2022-12-18,房地产、城市化与消费,3,一、疫情留下的疤痕 > （一）伤疤在哪里？,房地产与城市化,房地产与城市化;疫情冲击与宏观应对;股票与资本市场;消费收入与就业;增长与总需求;能源资源与碳转型;产能库存与工业周期;企业盈利与资产负债表,国际与历史对标;资产负债表分析,主体资产负债表;所有制与企业类型;收入年龄与家庭分组;国内国际与资本流动,会计与存量流量约束;自然实验与制度冲击;横断面梯度,922,211,114-s002,114-s004,02_markdown_articles/114_2022-12-18_物转星移又一秋.md,04c6f512d012110bb72984987e358dd1b64ccd580e06faf62dc2899e6508292b
114-s004,114,物转星移又一秋,2022-12-18,房地产、城市化与消费,4,一、疫情留下的疤痕 > （一）伤疤在哪里？,房地产与城市化,房地产与城市化;疫情冲击与宏观应对;股票与资本市场;消费收入与就业;增长与总需求;能源资源与碳转型;产能库存与工业周期;企业盈利与资产负债表,国际与历史对标;资产负债表分析,主体资产负债表;所有制与企业类型;收入年龄与家庭分组;国内国际与资本流动,会计与存量流量约束;自然实验与制度冲击;横断面梯度,345,203,114-s003,114-s005,02_markdown_articles/114_2022-12-18_物转星移又一秋.md,9d368d511bc48749b8a9acda60cff16c3ec6524b4fdd736ad5d9e1911d15a494
114-s005,114,物转星移又一秋,2022-12-18,房地产、城市化与消费,5,一、疫情留下的疤痕 > （二）疤痕效应的修复与政策干预紧密关联,房地产与城市化,房地产与城市化;疫情冲击与宏观应对;股票与资本市场;消费收入与就业;增长与总需求;能源资源与碳转型;产能库存与工业周期;企业盈利与资产负债表,国际与历史对标;资产负债表分析,主体资产负债表;所有制与企业类型;收入年龄与家庭分组;国内国际与资本流动,会计与存量流量约束;自然实验与制度冲击;横断面梯度,768,206,114-s004,114-s006,02_markdown_articles/114_2022-12-18_物转星移又一秋.md,ee2ee2597f439983a5196ce9a65b91995b4c99384cb3dec69eb3882162cade59
114-s006,114,物转星移又一秋,2022-12-18,房地产、城市化与消费,6,二、房地产行业转向有序出清和渐进转型,房地产与城市化,房地产与城市化;疫情冲击与宏观应对;股票与资本市场;消费收入与就业;增长与总需求;能源资源与碳转型;产能库存与工业周期;企业盈利与资产负债表,国际与历史对标;资产负债表分析,主体资产负债表;所有制与企业类型;收入年龄与家庭分组;国内国际与资本流动,会计与存量流量约束;自然实验与制度冲击;横断面梯度,297,207,114-s005,114-s007,02_markdown_articles/114_2022-12-18_物转星移又一秋.md,3217a64797554ff68067ed9483e9016bb2e0737c47a8b24586f51bbbba59717d
114-s007,114,物转星移又一秋,2022-12-18,房地产、城市化与消费,7,二、房地产行业转向有序出清和渐进转型 > （一）商品房非意愿库存,房地产与城市化,房地产与城市化;疫情冲击与宏观应对;股票与资本市场;消费收入与就业;增长与总需求;能源资源与碳转型;产能库存与工业周期;企业盈利与资产负债表,国际与历史对标;资产负债表分析,主体资产负债表;所有制与企业类型;收入年龄与家庭分组;国内国际与资本流动,会计与存量流量约束;自然实验与制度冲击;横断面梯度,750,202,114-s006,114-s008,02_markdown_articles/114_2022-12-18_物转星移又一秋.md,86bc0d8c3cf43e1f812818b6dd6f92965280e7650f49497d4dbe5780213d5e11
114-s008,114,物转星移又一秋,2022-12-18,房地产、城市化与消费,8,二、房地产行业转向有序出清和渐进转型 > （二）房地产开发投资占GDP比重,房地产与城市化,房地产与城市化;疫情冲击与宏观应对;股票与资本市场;消费收入与就业;增长与总需求;能源资源与碳转型;产能库存与工业周期;企业盈利与资产负债表,国际与历史对标;资产负债表分析,主体资产负债表;所有制与企业类型;收入年龄与家庭分组;国内国际与资本流动,会计与存量流量约束;自然实验与制度冲击;横断面梯度,909,213,114-s007,114-s009,02_markdown_articles/114_2022-12-18_物转星移又一秋.md,b7b9efc45ecfdc781f0ad34eb3fdc5238263e547e6d5466bb9bb6fca308d8341
114-s009,114,物转星移又一秋,2022-12-18,房地产、城市化与消费,9,二、房地产行业转向有序出清和渐进转型 > （二）房地产开发投资占GDP比重,房地产与城市化,房地产与城市化;疫情冲击与宏观应对;股票与资本市场;消费收入与就业;增长与总需求;能源资源与碳转型;产能库存与工业周期;企业盈利与资产负债表,国际与历史对标;资产负债表分析,主体资产负债表;所有制与企业类型;收入年龄与家庭分组;国内国际与资本流动,会计与存量流量约束;自然实验与制度冲击;横断面梯度,330,201,114-s008,114-s010,02_markdown_articles/114_2022-12-18_物转星移又一秋.md,22ce10b80c2034ba893228c638dc27ffabcb38f2a9f0c20602bcd4008554e4f9
114-s010,114,物转星移又一秋,2022-12-18,房地产、城市化与消费,10,二、房地产行业转向有序出清和渐进转型 > （三）新房与二手房价格弹性,房地产与城市化,房地产与城市化;疫情冲击与宏观应对;股票与资本市场;消费收入与就业;增长与总需求;能源资源与碳转型;产能库存与工业周期;企业盈利与资产负债表,国际与历史对标;资产负债表分析,主体资产负债表;所有制与企业类型;收入年龄与家庭分组;国内国际与资本流动,会计与存量流量约束;自然实验与制度冲击;横断面梯度,602,198,114-s009,114-s011,02_markdown_articles/114_2022-12-18_物转星移又一秋.md,e8582939e47f71562c6f992f0e431400bddee94784bbe71564ff333f46c2fef0
114-s011,114,物转星移又一秋,2022-12-18,房地产、城市化与消费,11,二、房地产行业转向有序出清和渐进转型 > （四）房地产市场大幅调整的主要原因,房地产与城市化,房地产与城市化;疫情冲击与宏观应对;股票与资本市场;消费收入与就业;增长与总需求;能源资源与碳转型;产能库存与工业周期;企业盈利与资产负债表,国际与历史对标;资产负债表分析,主体资产负债表;所有制与企业类型;收入年龄与家庭分组;国内国际与资本流动,会计与存量流量约束;自然实验与制度冲击;横断面梯度,361,201,114-s010,114-s012,02_markdown_articles/114_2022-12-18_物转星移又一秋.md,50b36ea011ecd74bc2b4378e0f0e9201ab207bcebb5cf9c34835887a1768833d
114-s012,114,物转星移又一秋,2022-12-18,房地产、城市化与消费,12,二、房地产行业转向有序出清和渐进转型 > （五）房地产行业逐步进入有序出清和渐进转型,房地产与城市化,房地产与城市化;疫情冲击与宏观应对;股票与资本市场;消费收入与就业;增长与总需求;能源资源与碳转型;产能库存与工业周期;企业盈利与资产负债表,国际与历史对标;资产负债表分析,主体资产负债表;所有制与企业类型;收入年龄与家庭分组;国内国际与资本流动,会计与存量流量约束;自然实验与制度冲击;横断面梯度,265,212,114-s011,114-s013,02_markdown_articles/114_2022-12-18_物转星移又一秋.md,d4d1378fdb0ded60f45a158444e88417506cbef596a1feec267d320f40b8d122
114-s013,114,物转星移又一秋,2022-12-18,房地产、城市化与消费,13,三、统筹发展与安全 > （一）全球政治经济环境的新变化,房地产与城市化,房地产与城市化;疫情冲击与宏观应对;股票与资本市场;消费收入与就业;增长与总需求;能源资源与碳转型;产能库存与工业周期;企业盈利与资产负债表,国际与历史对标;资产负债表分析,主体资产负债表;所有制与企业类型;收入年龄与家庭分组;国内国际与资本流动,会计与存量流量约束;自然实验与制度冲击;横断面梯度,641,212,114-s012,114-s014,02_markdown_articles/114_2022-12-18_物转星移又一秋.md,f47e20e9103b59f4c6fd5fb7ea098711d4188c5702eef0f8ebd00d7ac214759f
114-s014,114,物转星移又一秋,2022-12-18,房地产、城市化与消费,14,三、统筹发展与安全 > （二）统筹安全与发展影响资本市场估值体系的分析思路,房地产与城市化,房地产与城市化;疫情冲击与宏观应对;股票与资本市场;消费收入与就业;增长与总需求;能源资源与碳转型;产能库存与工业周期;企业盈利与资产负债表,国际与历史对标;资产负债表分析,主体资产负债表;所有制与企业类型;收入年龄与家庭分组;国内国际与资本流动,会计与存量流量约束;自然实验与制度冲击;横断面梯度,937,203,114-s013,114-s015,02_markdown_articles/114_2022-12-18_物转星移又一秋.md,91bdd0f0dea5866488a829f5c8241e7bb735f28345264717e0a45e92a0dced63
114-s015,114,物转星移又一秋,2022-12-18,房地产、城市化与消费,15,三、统筹发展与安全 > （二）统筹安全与发展影响资本市场估值体系的分析思路,房地产与城市化,房地产与城市化;疫情冲击与宏观应对;股票与资本市场;消费收入与就业;增长与总需求;能源资源与碳转型;产能库存与工业周期;企业盈利与资产负债表,国际与历史对标;资产负债表分析,主体资产负债表;所有制与企业类型;收入年龄与家庭分组;国内国际与资本流动,会计与存量流量约束;自然实验与制度冲击;横断面梯度,268,196,114-s014,114-s016,02_markdown_articles/114_2022-12-18_物转星移又一秋.md,c36e4178d45993ec1b32022daba7d6b1d856025bab56aaafc152d3f187b3dee4
114-s016,114,物转星移又一秋,2022-12-18,房地产、城市化与消费,16,三、统筹发展与安全 > （1）第一象限,房地产与城市化,房地产与城市化;疫情冲击与宏观应对;股票与资本市场;消费收入与就业;增长与总需求;能源资源与碳转型;产能库存与工业周期;企业盈利与资产负债表,国际与历史对标;资产负债表分析,主体资产负债表;所有制与企业类型;收入年龄与家庭分组;国内国际与资本流动,会计与存量流量约束;自然实验与制度冲击;横断面梯度,318,212,114-s015,114-s017,02_markdown_articles/114_2022-12-18_物转星移又一秋.md,8a9c6f8f423f3a13f2320307813493cd45838a5d8673c1fc7e4707932bdef59d
114-s017,114,物转星移又一秋,2022-12-18,房地产、城市化与消费,17,三、统筹发展与安全 > （4）第四象限,房地产与城市化,房地产与城市化;疫情冲击与宏观应对;股票与资本市场;消费收入与就业;增长与总需求;能源资源与碳转型;产能库存与工业周期;企业盈利与资产负债表,国际与历史对标;资产负债表分析,主体资产负债表;所有制与企业类型;收入年龄与家庭分组;国内国际与资本流动,会计与存量流量约束;自然实验与制度冲击;横断面梯度,393,198,114-s016,114-s018,02_markdown_articles/114_2022-12-18_物转星移又一秋.md,ec260a04d2c35d66f915cc98bc4952b404fb18dcd843877f08c54796b37e272b
114-s018,114,物转星移又一秋,2022-12-18,房地产、城市化与消费,18,三、统筹发展与安全 > （1）国防军工（第一象限）,房地产与城市化,房地产与城市化;疫情冲击与宏观应对;股票与资本市场;消费收入与就业;增长与总需求;能源资源与碳转型;产能库存与工业周期;企业盈利与资产负债表,国际与历史对标;资产负债表分析,主体资产负债表;所有制与企业类型;收入年龄与家庭分组;国内国际与资本流动,会计与存量流量约束;自然实验与制度冲击;横断面梯度,663,203,114-s017,114-s019,02_markdown_articles/114_2022-12-18_物转星移又一秋.md,1f4864df290a7804446302d8088e3cd074b9b235f52eb2f861326fbc5aa54e3c
114-s019,114,物转星移又一秋,2022-12-18,房地产、城市化与消费,19,三、统筹发展与安全 > （2）互联网（第二象限）,房地产与城市化,房地产与城市化;疫情冲击与宏观应对;股票与资本市场;消费收入与就业;增长与总需求;能源资源与碳转型;产能库存与工业周期;企业盈利与资产负债表,国际与历史对标;资产负债表分析,主体资产负债表;所有制与企业类型;收入年龄与家庭分组;国内国际与资本流动,会计与存量流量约束;自然实验与制度冲击;横断面梯度,812,197,114-s018,114-s020,02_markdown_articles/114_2022-12-18_物转星移又一秋.md,688eb4bbeeeff0d232b7e414acc7e1b978a42681dd79307f2d0643dffb5c70bb
114-s020,114,物转星移又一秋,2022-12-18,房地产、城市化与消费,20,三、统筹发展与安全 > （3）家用电器（第三象限）,房地产与城市化,房地产与城市化;疫情冲击与宏观应对;股票与资本市场;消费收入与就业;增长与总需求;能源资源与碳转型;产能库存与工业周期;企业盈利与资产负债表,国际与历史对标;资产负债表分析,主体资产负债表;所有制与企业类型;收入年龄与家庭分组;国内国际与资本流动,会计与存量流量约束;自然实验与制度冲击;横断面梯度,435,206,114-s019,114-s021,02_markdown_articles/114_2022-12-18_物转星移又一秋.md,828884c6a0f75e844c907682a4b725bd50e5a7c44e823977a0b6ce569eb4eb9e
114-s021,114,物转星移又一秋,2022-12-18,房地产、城市化与消费,21,三、统筹发展与安全 > （4）电力设备（第一象限）,房地产与城市化,房地产与城市化;疫情冲击与宏观应对;股票与资本市场;消费收入与就业;增长与总需求;能源资源与碳转型;产能库存与工业周期;企业盈利与资产负债表,国际与历史对标;资产负债表分析,主体资产负债表;所有制与企业类型;收入年龄与家庭分组;国内国际与资本流动,会计与存量流量约束;自然实验与制度冲击;横断面梯度,573,193,114-s020,114-s022,02_markdown_articles/114_2022-12-18_物转星移又一秋.md,efd881e3efd271c852731e4c45aa2cb6417f0802b6c9c3e57982f561737d1c87
114-s022,114,物转星移又一秋,2022-12-18,房地产、城市化与消费,22,三、统筹发展与安全 > （5）新能源汽车（第四象限）,房地产与城市化,房地产与城市化;疫情冲击与宏观应对;股票与资本市场;消费收入与就业;增长与总需求;能源资源与碳转型;产能库存与工业周期;企业盈利与资产负债表,国际与历史对标;资产负债表分析,主体资产负债表;所有制与企业类型;收入年龄与家庭分组;国内国际与资本流动,会计与存量流量约束;自然实验与制度冲击;横断面梯度,475,202,114-s021,114-s023,02_markdown_articles/114_2022-12-18_物转星移又一秋.md,357b1918bd99ee67e990e45927dea64a5440621243c3508c9f645f7497bef464
114-s023,114,物转星移又一秋,2022-12-18,房地产、城市化与消费,23,三、统筹发展与安全 > （6）专精特新（第四象限）,房地产与城市化,房地产与城市化;疫情冲击与宏观应对;股票与资本市场;消费收入与就业;增长与总需求;能源资源与碳转型;产能库存与工业周期;企业盈利与资产负债表,国际与历史对标;资产负债表分析,主体资产负债表;所有制与企业类型;收入年龄与家庭分组;国内国际与资本流动,会计与存量流量约束;自然实验与制度冲击;横断面梯度,775,204,114-s022,,02_markdown_articles/114_2022-12-18_物转星移又一秋.md,3065310e533bfe4cb643ee8ac792003e65ee788c078af42f73b2e22fcc91cd53
115-s001,115,宏观经济基本环境分析和对消费变化的思考,2023-11-08,房地产、城市化与消费,1,正文,房地产与城市化,房地产与城市化;消费收入与就业;疫情冲击与宏观应对,国际与历史对标,国内国际与资本流动,自然实验与制度冲击;时序与领先滞后,936,0,,115-s002,02_markdown_articles/115_2023-11-08_宏观经济基本环境分析和对消费变化的思考.md,1735b68fd80382fba080678129688a4c78906b11328d41e26cb3e231373a6e4e
115-s002,115,宏观经济基本环境分析和对消费变化的思考,2023-11-08,房地产、城市化与消费,2,正文,房地产与城市化,房地产与城市化;消费收入与就业;疫情冲击与宏观应对,国际与历史对标,国内国际与资本流动,自然实验与制度冲击;时序与领先滞后,1041,216,115-s001,115-s003,02_markdown_articles/115_2023-11-08_宏观经济基本环境分析和对消费变化的思考.md,30edb6116f64b7af91270a7ec24b3ed05ab2a04e7c88fd6f248449c349be4598
115-s003,115,宏观经济基本环境分析和对消费变化的思考,2023-11-08,房地产、城市化与消费,3,说明,房地产与城市化,房地产与城市化;消费收入与就业;疫情冲击与宏观应对,国际与历史对标,国内国际与资本流动,自然实验与制度冲击;时序与领先滞后,221,208,115-s002,,02_markdown_articles/115_2023-11-08_宏观经济基本环境分析和对消费变化的思考.md,ead602841ee3b41f27dd88522861cbeea081e8651ed38e0fdd5d8df79638e62f
116-s001,116,道是无晴却有晴,2023-12-13,房地产、城市化与消费,1,内容提要,房地产与城市化,房地产与城市化;疫情冲击与宏观应对;企业盈利与资产负债表;货币与流动性;增长与总需求;股票与资本市场;信用债务与金融风险;金融制度与监管,国际与历史对标;资产负债表分析;广谱利率与流动性,地区与城市横断面;主体资产负债表,自然实验与制度冲击;横断面梯度;多市场一致性;时序与领先滞后,280,0,,116-s002,02_markdown_articles/116_2023-12-13_道是无晴却有晴.md,3606523831a68d76c5c07aaa08bed3c2add9863f1d456bbc361580b4b081a1be
116-s002,116,道是无晴却有晴,2023-12-13,房地产、城市化与消费,2,内容提要,房地产与城市化,房地产与城市化;疫情冲击与宏观应对;企业盈利与资产负债表;货币与流动性;增长与总需求;股票与资本市场;信用债务与金融风险;金融制度与监管,国际与历史对标;资产负债表分析;广谱利率与流动性,地区与城市横断面;主体资产负债表,自然实验与制度冲击;横断面梯度;多市场一致性;时序与领先滞后,268,196,116-s001,116-s003,02_markdown_articles/116_2023-12-13_道是无晴却有晴.md,e12e1721b6f80f1b0c4292f583f2e85ef58ee30a135bcfa51680ceee9923f67c
116-s003,116,道是无晴却有晴,2023-12-13,房地产、城市化与消费,3,一、房地产市场的长期中枢,房地产与城市化,房地产与城市化;疫情冲击与宏观应对;企业盈利与资产负债表;货币与流动性;增长与总需求;股票与资本市场;信用债务与金融风险;金融制度与监管,国际与历史对标;资产负债表分析;广谱利率与流动性,地区与城市横断面;主体资产负债表,自然实验与制度冲击;横断面梯度;多市场一致性;时序与领先滞后,467,194,116-s002,116-s004,02_markdown_articles/116_2023-12-13_道是无晴却有晴.md,78c9d8114abf903dd7b82fe8329e3936f93ed8523ff0a8e74024fa694449438f
116-s004,116,道是无晴却有晴,2023-12-13,房地产、城市化与消费,4,一、房地产市场的长期中枢 > （一）东北地区房地产市场情况,房地产与城市化,房地产与城市化;疫情冲击与宏观应对;企业盈利与资产负债表;货币与流动性;增长与总需求;股票与资本市场;信用债务与金融风险;金融制度与监管,国际与历史对标;资产负债表分析;广谱利率与流动性,地区与城市横断面;主体资产负债表,自然实验与制度冲击;横断面梯度;多市场一致性;时序与领先滞后,685,205,116-s003,116-s005,02_markdown_articles/116_2023-12-13_道是无晴却有晴.md,27388617fc557d2d6078abd3093246cad0c9f1c268636139171e3ae023153c7f
116-s005,116,道是无晴却有晴,2023-12-13,房地产、城市化与消费,5,一、房地产市场的长期中枢 > （二）房地产市场的国际比较,房地产与城市化,房地产与城市化;疫情冲击与宏观应对;企业盈利与资产负债表;货币与流动性;增长与总需求;股票与资本市场;信用债务与金融风险;金融制度与监管,国际与历史对标;资产负债表分析;广谱利率与流动性,地区与城市横断面;主体资产负债表,自然实验与制度冲击;横断面梯度;多市场一致性;时序与领先滞后,930,209,116-s004,116-s006,02_markdown_articles/116_2023-12-13_道是无晴却有晴.md,26064e03e22a5f620e4375f03ccf7a9b9302d3177309268eabbcd3d1096cf94f
116-s006,116,道是无晴却有晴,2023-12-13,房地产、城市化与消费,6,一、房地产市场的长期中枢 > （二）房地产市场的国际比较,房地产与城市化,房地产与城市化;疫情冲击与宏观应对;企业盈利与资产负债表;货币与流动性;增长与总需求;股票与资本市场;信用债务与金融风险;金融制度与监管,国际与历史对标;资产负债表分析;广谱利率与流动性,地区与城市横断面;主体资产负债表,自然实验与制度冲击;横断面梯度;多市场一致性;时序与领先滞后,830,208,116-s005,116-s007,02_markdown_articles/116_2023-12-13_道是无晴却有晴.md,295949b1f478757abea7415f6344c7e8c31c6a8eba3a9216b45d9e0e324d5e75
116-s007,116,道是无晴却有晴,2023-12-13,房地产、城市化与消费,7,二、人口流动与房地产投资,房地产与城市化,房地产与城市化;疫情冲击与宏观应对;企业盈利与资产负债表;货币与流动性;增长与总需求;股票与资本市场;信用债务与金融风险;金融制度与监管,国际与历史对标;资产负债表分析;广谱利率与流动性,地区与城市横断面;主体资产负债表,自然实验与制度冲击;横断面梯度;多市场一致性;时序与领先滞后,900,213,116-s006,116-s008,02_markdown_articles/116_2023-12-13_道是无晴却有晴.md,6c46585dc48718b8df3bb1f443505d1a421033dd70aa6c047e3c99651c9c5bf3
116-s008,116,道是无晴却有晴,2023-12-13,房地产、城市化与消费,8,二、人口流动与房地产投资,房地产与城市化,房地产与城市化;疫情冲击与宏观应对;企业盈利与资产负债表;货币与流动性;增长与总需求;股票与资本市场;信用债务与金融风险;金融制度与监管,国际与历史对标;资产负债表分析;广谱利率与流动性,地区与城市横断面;主体资产负债表,自然实验与制度冲击;横断面梯度;多市场一致性;时序与领先滞后,282,202,116-s007,116-s009,02_markdown_articles/116_2023-12-13_道是无晴却有晴.md,dc4333fdd289972ed9734b05fc6bb370fb1a8959129a0a0d19e655ca23ee3b52
116-s009,116,道是无晴却有晴,2023-12-13,房地产、城市化与消费,9,三、房地产市场后期价格泡沫化的背后,房地产与城市化,房地产与城市化;疫情冲击与宏观应对;企业盈利与资产负债表;货币与流动性;增长与总需求;股票与资本市场;信用债务与金融风险;金融制度与监管,国际与历史对标;资产负债表分析;广谱利率与流动性,地区与城市横断面;主体资产负债表,自然实验与制度冲击;横断面梯度;多市场一致性;时序与领先滞后,906,157,116-s008,116-s010,02_markdown_articles/116_2023-12-13_道是无晴却有晴.md,e91342a1c167edca919d310ea92d7d281a165b1a93083c8902ad89884f67dad7
116-s010,116,道是无晴却有晴,2023-12-13,房地产、城市化与消费,10,三、房地产市场后期价格泡沫化的背后,房地产与城市化,房地产与城市化;疫情冲击与宏观应对;企业盈利与资产负债表;货币与流动性;增长与总需求;股票与资本市场;信用债务与金融风险;金融制度与监管,国际与历史对标;资产负债表分析;广谱利率与流动性,地区与城市横断面;主体资产负债表,自然实验与制度冲击;横断面梯度;多市场一致性;时序与领先滞后,915,207,116-s009,116-s011,02_markdown_articles/116_2023-12-13_道是无晴却有晴.md,a713aea7fca549d6367e13744d718863a9a98168289df5dfe7c717066ea6621c
116-s011,116,道是无晴却有晴,2023-12-13,房地产、城市化与消费,11,三、房地产市场后期价格泡沫化的背后,房地产与城市化,房地产与城市化;疫情冲击与宏观应对;企业盈利与资产负债表;货币与流动性;增长与总需求;股票与资本市场;信用债务与金融风险;金融制度与监管,国际与历史对标;资产负债表分析;广谱利率与流动性,地区与城市横断面;主体资产负债表,自然实验与制度冲击;横断面梯度;多市场一致性;时序与领先滞后,984,206,116-s010,116-s012,02_markdown_articles/116_2023-12-13_道是无晴却有晴.md,a66a320c5354d164930acae1cd3cd7b3760e1794b4b5520c64d18bb146a53bd6
116-s012,116,道是无晴却有晴,2023-12-13,房地产、城市化与消费,12,三、房地产市场后期价格泡沫化的背后,房地产与城市化,房地产与城市化;疫情冲击与宏观应对;企业盈利与资产负债表;货币与流动性;增长与总需求;股票与资本市场;信用债务与金融风险;金融制度与监管,国际与历史对标;资产负债表分析;广谱利率与流动性,地区与城市横断面;主体资产负债表,自然实验与制度冲击;横断面梯度;多市场一致性;时序与领先滞后,560,213,116-s011,116-s013,02_markdown_articles/116_2023-12-13_道是无晴却有晴.md,732138b61ff1165f02c12981f5812eff204fd1f1d76f32b2d6b92c53b3b2c867
116-s013,116,道是无晴却有晴,2023-12-13,房地产、城市化与消费,13,四、大城市的疤痕效应,房地产与城市化,房地产与城市化;疫情冲击与宏观应对;企业盈利与资产负债表;货币与流动性;增长与总需求;股票与资本市场;信用债务与金融风险;金融制度与监管,国际与历史对标;资产负债表分析;广谱利率与流动性,地区与城市横断面;主体资产负债表,自然实验与制度冲击;横断面梯度;多市场一致性;时序与领先滞后,911,213,116-s012,116-s014,02_markdown_articles/116_2023-12-13_道是无晴却有晴.md,87f0611d856cdd81b9273664cf278bcadad2900560dbe5fe9e1dc7f661f9e442
116-s014,116,道是无晴却有晴,2023-12-13,房地产、城市化与消费,14,四、大城市的疤痕效应,房地产与城市化,房地产与城市化;疫情冲击与宏观应对;企业盈利与资产负债表;货币与流动性;增长与总需求;股票与资本市场;信用债务与金融风险;金融制度与监管,国际与历史对标;资产负债表分析;广谱利率与流动性,地区与城市横断面;主体资产负债表,自然实验与制度冲击;横断面梯度;多市场一致性;时序与领先滞后,732,209,116-s013,116-s015,02_markdown_articles/116_2023-12-13_道是无晴却有晴.md,53112d08b8fe30e47085ce24a9392dac84ae03e78eae156beb7affac885dceb0
116-s015,116,道是无晴却有晴,2023-12-13,房地产、城市化与消费,15,五、房地产市场的流动性风险,房地产与城市化,房地产与城市化;疫情冲击与宏观应对;企业盈利与资产负债表;货币与流动性;增长与总需求;股票与资本市场;信用债务与金融风险;金融制度与监管,国际与历史对标;资产负债表分析;广谱利率与流动性,地区与城市横断面;主体资产负债表,自然实验与制度冲击;横断面梯度;多市场一致性;时序与领先滞后,964,210,116-s014,116-s016,02_markdown_articles/116_2023-12-13_道是无晴却有晴.md,e0670cf17ff6340fcec590bb54b78f61431272e056b2e792ca81ace2040d1400
116-s016,116,道是无晴却有晴,2023-12-13,房地产、城市化与消费,16,五、房地产市场的流动性风险,房地产与城市化,房地产与城市化;疫情冲击与宏观应对;企业盈利与资产负债表;货币与流动性;增长与总需求;股票与资本市场;信用债务与金融风险;金融制度与监管,国际与历史对标;资产负债表分析;广谱利率与流动性,地区与城市横断面;主体资产负债表,自然实验与制度冲击;横断面梯度;多市场一致性;时序与领先滞后,338,213,116-s015,116-s017,02_markdown_articles/116_2023-12-13_道是无晴却有晴.md,1a0d64537e3ec6f0de6f2bf386b71aec46bda832b0ef3a967dde4cb8fe413593
116-s017,116,道是无晴却有晴,2023-12-13,房地产、城市化与消费,17,六、总结,房地产与城市化,房地产与城市化;疫情冲击与宏观应对;企业盈利与资产负债表;货币与流动性;增长与总需求;股票与资本市场;信用债务与金融风险;金融制度与监管,国际与历史对标;资产负债表分析;广谱利率与流动性,地区与城市横断面;主体资产负债表,自然实验与制度冲击;横断面梯度;多市场一致性;时序与领先滞后,600,206,116-s016,,02_markdown_articles/116_2023-12-13_道是无晴却有晴.md,387866144ae2250f487f062ada951d76af17637f05ebb4dc02da3e357453c53d
117-s001,117,关于当前房地产市场的几个问题,2024-01-30,房地产、城市化与消费,1,正文,房地产与城市化,房地产与城市化;增长与总需求;信用债务与金融风险;股票与资本市场,国际与历史对标;资产负债表分析,主体资产负债表,时序与领先滞后,951,0,,117-s002,02_markdown_articles/117_2024-01-30_关于当前房地产市场的几个问题.md,b74064754e2f0dcb17d7c08076b21112693b0533202aa23ef0111689ca0e2707
117-s002,117,关于当前房地产市场的几个问题,2024-01-30,房地产、城市化与消费,2,正文,房地产与城市化,房地产与城市化;增长与总需求;信用债务与金融风险;股票与资本市场,国际与历史对标;资产负债表分析,主体资产负债表,时序与领先滞后,921,207,117-s001,117-s003,02_markdown_articles/117_2024-01-30_关于当前房地产市场的几个问题.md,fb010a8aeca9bb8e351c6adbb875aa6bba4cf121b8033df60f90e4f7b44b7807
117-s003,117,关于当前房地产市场的几个问题,2024-01-30,房地产、城市化与消费,3,正文,房地产与城市化,房地产与城市化;增长与总需求;信用债务与金融风险;股票与资本市场,国际与历史对标;资产负债表分析,主体资产负债表,时序与领先滞后,1019,204,117-s002,117-s004,02_markdown_articles/117_2024-01-30_关于当前房地产市场的几个问题.md,dc33b3985de31254e38b3c908633f3bfddfdffad8df190137699dddbd9d79353
117-s004,117,关于当前房地产市场的几个问题,2024-01-30,房地产、城市化与消费,4,正文,房地产与城市化,房地产与城市化;增长与总需求;信用债务与金融风险;股票与资本市场,国际与历史对标;资产负债表分析,主体资产负债表,时序与领先滞后,912,203,117-s003,117-s005,02_markdown_articles/117_2024-01-30_关于当前房地产市场的几个问题.md,a5743302ecd4e69f99ecbf50013eca65820b628ce8d7f28983f1e41b2f2854a7
117-s005,117,关于当前房地产市场的几个问题,2024-01-30,房地产、城市化与消费,5,正文,房地产与城市化,房地产与城市化;增长与总需求;信用债务与金融风险;股票与资本市场,国际与历史对标;资产负债表分析,主体资产负债表,时序与领先滞后,616,210,117-s004,,02_markdown_articles/117_2024-01-30_关于当前房地产市场的几个问题.md,159298e1e32787dd25b779832750fc8ddaa84ec26a44fd48079e69309198b988
118-s001,118,奋楫逐浪天地宽,2024-05-31,房地产、城市化与消费,1,内容提要,房地产与城市化,房地产与城市化;贸易与全球经济;增长与总需求;汇率与国际收支;企业盈利与资产负债表;利率与债券市场;疫情冲击与宏观应对;股票与资本市场,国际与历史对标;广谱利率与流动性;名义—实际拆分;资产负债表分析;存量—流量与会计闭合,主体资产负债表;国内国际与资本流动;收入年龄与家庭分组;行业横断面;地区与城市横断面,会计与存量流量约束;时序与领先滞后;自然实验与制度冲击;横断面梯度,642,0,,118-s002,02_markdown_articles/118_2024-05-31_奋楫逐浪天地宽.md,72a2c2884bfe33f1c1d34c4abe5793ae110ec522578206c55f473c56f02bf1b8
118-s002,118,奋楫逐浪天地宽,2024-05-31,房地产、城市化与消费,2,一、近期经济形势和市场情况讨论,房地产与城市化,房地产与城市化;贸易与全球经济;增长与总需求;汇率与国际收支;企业盈利与资产负债表;利率与债券市场;疫情冲击与宏观应对;股票与资本市场,国际与历史对标;广谱利率与流动性;名义—实际拆分;资产负债表分析;存量—流量与会计闭合,主体资产负债表;国内国际与资本流动;收入年龄与家庭分组;行业横断面;地区与城市横断面,会计与存量流量约束;时序与领先滞后;自然实验与制度冲击;横断面梯度,986,209,118-s001,118-s003,02_markdown_articles/118_2024-05-31_奋楫逐浪天地宽.md,539941669e55ad017227b966b69f538784b4c1849c5296624c3d5e46efae97c1
118-s003,118,奋楫逐浪天地宽,2024-05-31,房地产、城市化与消费,3,一、近期经济形势和市场情况讨论,房地产与城市化,房地产与城市化;贸易与全球经济;增长与总需求;汇率与国际收支;企业盈利与资产负债表;利率与债券市场;疫情冲击与宏观应对;股票与资本市场,国际与历史对标;广谱利率与流动性;名义—实际拆分;资产负债表分析;存量—流量与会计闭合,主体资产负债表;国内国际与资本流动;收入年龄与家庭分组;行业横断面;地区与城市横断面,会计与存量流量约束;时序与领先滞后;自然实验与制度冲击;横断面梯度,956,210,118-s002,118-s004,02_markdown_articles/118_2024-05-31_奋楫逐浪天地宽.md,054135bfbd70d06a410e9e7eca82acffdca77158136c982af3079f5bd2fb6387
118-s004,118,奋楫逐浪天地宽,2024-05-31,房地产、城市化与消费,4,一、近期经济形势和市场情况讨论,房地产与城市化,房地产与城市化;贸易与全球经济;增长与总需求;汇率与国际收支;企业盈利与资产负债表;利率与债券市场;疫情冲击与宏观应对;股票与资本市场,国际与历史对标;广谱利率与流动性;名义—实际拆分;资产负债表分析;存量—流量与会计闭合,主体资产负债表;国内国际与资本流动;收入年龄与家庭分组;行业横断面;地区与城市横断面,会计与存量流量约束;时序与领先滞后;自然实验与制度冲击;横断面梯度,949,203,118-s003,118-s005,02_markdown_articles/118_2024-05-31_奋楫逐浪天地宽.md,7f473aa6c94a0448f5c8fb997a15e4eba0f74092c14efe202c60441717365a1d
118-s005,118,奋楫逐浪天地宽,2024-05-31,房地产、城市化与消费,5,一、近期经济形势和市场情况讨论,房地产与城市化,房地产与城市化;贸易与全球经济;增长与总需求;汇率与国际收支;企业盈利与资产负债表;利率与债券市场;疫情冲击与宏观应对;股票与资本市场,国际与历史对标;广谱利率与流动性;名义—实际拆分;资产负债表分析;存量—流量与会计闭合,主体资产负债表;国内国际与资本流动;收入年龄与家庭分组;行业横断面;地区与城市横断面,会计与存量流量约束;时序与领先滞后;自然实验与制度冲击;横断面梯度,924,207,118-s004,118-s006,02_markdown_articles/118_2024-05-31_奋楫逐浪天地宽.md,1f593ccc56745f023f8f9aacbba2b45ec72c283c91a8999a60315402e61223ca
118-s006,118,奋楫逐浪天地宽,2024-05-31,房地产、城市化与消费,6,一、近期经济形势和市场情况讨论,房地产与城市化,房地产与城市化;贸易与全球经济;增长与总需求;汇率与国际收支;企业盈利与资产负债表;利率与债券市场;疫情冲击与宏观应对;股票与资本市场,国际与历史对标;广谱利率与流动性;名义—实际拆分;资产负债表分析;存量—流量与会计闭合,主体资产负债表;国内国际与资本流动;收入年龄与家庭分组;行业横断面;地区与城市横断面,会计与存量流量约束;时序与领先滞后;自然实验与制度冲击;横断面梯度,964,205,118-s005,118-s007,02_markdown_articles/118_2024-05-31_奋楫逐浪天地宽.md,9251b85c4a7254075ccac8ae6566970efab27628300c4e9c7d22c5f80eb2f3e7
118-s007,118,奋楫逐浪天地宽,2024-05-31,房地产、城市化与消费,7,一、近期经济形势和市场情况讨论,房地产与城市化,房地产与城市化;贸易与全球经济;增长与总需求;汇率与国际收支;企业盈利与资产负债表;利率与债券市场;疫情冲击与宏观应对;股票与资本市场,国际与历史对标;广谱利率与流动性;名义—实际拆分;资产负债表分析;存量—流量与会计闭合,主体资产负债表;国内国际与资本流动;收入年龄与家庭分组;行业横断面;地区与城市横断面,会计与存量流量约束;时序与领先滞后;自然实验与制度冲击;横断面梯度,968,203,118-s006,118-s008,02_markdown_articles/118_2024-05-31_奋楫逐浪天地宽.md,b78a3d9ac63e24fdc1dd822519b061b62c56e3b2c84c7077da6dd68aff8029f2
118-s008,118,奋楫逐浪天地宽,2024-05-31,房地产、城市化与消费,8,一、近期经济形势和市场情况讨论,房地产与城市化,房地产与城市化;贸易与全球经济;增长与总需求;汇率与国际收支;企业盈利与资产负债表;利率与债券市场;疫情冲击与宏观应对;股票与资本市场,国际与历史对标;广谱利率与流动性;名义—实际拆分;资产负债表分析;存量—流量与会计闭合,主体资产负债表;国内国际与资本流动;收入年龄与家庭分组;行业横断面;地区与城市横断面,会计与存量流量约束;时序与领先滞后;自然实验与制度冲击;横断面梯度,663,199,118-s007,118-s009,02_markdown_articles/118_2024-05-31_奋楫逐浪天地宽.md,cf4608d90c1009eb74528154b413f62bb9e5cf8bfd09607d16c380dbad4615dc
118-s009,118,奋楫逐浪天地宽,2024-05-31,房地产、城市化与消费,9,二、长期利率再讨论,房地产与城市化,房地产与城市化;贸易与全球经济;增长与总需求;汇率与国际收支;企业盈利与资产负债表;利率与债券市场;疫情冲击与宏观应对;股票与资本市场,国际与历史对标;广谱利率与流动性;名义—实际拆分;资产负债表分析;存量—流量与会计闭合,主体资产负债表;国内国际与资本流动;收入年龄与家庭分组;行业横断面;地区与城市横断面,会计与存量流量约束;时序与领先滞后;自然实验与制度冲击;横断面梯度,913,203,118-s008,118-s010,02_markdown_articles/118_2024-05-31_奋楫逐浪天地宽.md,c4a1b046becaf8c1096c0865b5acfd30a662edb7264a543560ecce4988304fd7
118-s010,118,奋楫逐浪天地宽,2024-05-31,房地产、城市化与消费,10,二、长期利率再讨论,房地产与城市化,房地产与城市化;贸易与全球经济;增长与总需求;汇率与国际收支;企业盈利与资产负债表;利率与债券市场;疫情冲击与宏观应对;股票与资本市场,国际与历史对标;广谱利率与流动性;名义—实际拆分;资产负债表分析;存量—流量与会计闭合,主体资产负债表;国内国际与资本流动;收入年龄与家庭分组;行业横断面;地区与城市横断面,会计与存量流量约束;时序与领先滞后;自然实验与制度冲击;横断面梯度,904,197,118-s009,118-s011,02_markdown_articles/118_2024-05-31_奋楫逐浪天地宽.md,735a88a5562996c5aaea8c9458b7eaee83db1c7fbd36df3fda963a56a10868aa
118-s011,118,奋楫逐浪天地宽,2024-05-31,房地产、城市化与消费,11,二、长期利率再讨论,房地产与城市化,房地产与城市化;贸易与全球经济;增长与总需求;汇率与国际收支;企业盈利与资产负债表;利率与债券市场;疫情冲击与宏观应对;股票与资本市场,国际与历史对标;广谱利率与流动性;名义—实际拆分;资产负债表分析;存量—流量与会计闭合,主体资产负债表;国内国际与资本流动;收入年龄与家庭分组;行业横断面;地区与城市横断面,会计与存量流量约束;时序与领先滞后;自然实验与制度冲击;横断面梯度,451,201,118-s010,118-s012,02_markdown_articles/118_2024-05-31_奋楫逐浪天地宽.md,664b224fd68dfb35a0f3f3ec3ada60aadbcb3a33270fb45a8e169ce939979a84
118-s012,118,奋楫逐浪天地宽,2024-05-31,房地产、城市化与消费,12,三、日本企业出海分析,房地产与城市化,房地产与城市化;贸易与全球经济;增长与总需求;汇率与国际收支;企业盈利与资产负债表;利率与债券市场;疫情冲击与宏观应对;股票与资本市场,国际与历史对标;广谱利率与流动性;名义—实际拆分;资产负债表分析;存量—流量与会计闭合,主体资产负债表;国内国际与资本流动;收入年龄与家庭分组;行业横断面;地区与城市横断面,会计与存量流量约束;时序与领先滞后;自然实验与制度冲击;横断面梯度,985,197,118-s011,118-s013,02_markdown_articles/118_2024-05-31_奋楫逐浪天地宽.md,e50e1c3e521c7e3868ba109ab9e9b73faaaedc0203fc1c4584c44a9d6429c943
118-s013,118,奋楫逐浪天地宽,2024-05-31,房地产、城市化与消费,13,三、日本企业出海分析,房地产与城市化,房地产与城市化;贸易与全球经济;增长与总需求;汇率与国际收支;企业盈利与资产负债表;利率与债券市场;疫情冲击与宏观应对;股票与资本市场,国际与历史对标;广谱利率与流动性;名义—实际拆分;资产负债表分析;存量—流量与会计闭合,主体资产负债表;国内国际与资本流动;收入年龄与家庭分组;行业横断面;地区与城市横断面,会计与存量流量约束;时序与领先滞后;自然实验与制度冲击;横断面梯度,948,215,118-s012,118-s014,02_markdown_articles/118_2024-05-31_奋楫逐浪天地宽.md,bfe4ef7acce801362ceedff4904cbe8b68a3394dc53896345bd6a20c7a6663f0
118-s014,118,奋楫逐浪天地宽,2024-05-31,房地产、城市化与消费,14,三、日本企业出海分析,房地产与城市化,房地产与城市化;贸易与全球经济;增长与总需求;汇率与国际收支;企业盈利与资产负债表;利率与债券市场;疫情冲击与宏观应对;股票与资本市场,国际与历史对标;广谱利率与流动性;名义—实际拆分;资产负债表分析;存量—流量与会计闭合,主体资产负债表;国内国际与资本流动;收入年龄与家庭分组;行业横断面;地区与城市横断面,会计与存量流量约束;时序与领先滞后;自然实验与制度冲击;横断面梯度,973,203,118-s013,118-s015,02_markdown_articles/118_2024-05-31_奋楫逐浪天地宽.md,b5ae656b42d0a9f8b06461c7c7f941b4986df907b45879384e49617ae1229fc0
118-s015,118,奋楫逐浪天地宽,2024-05-31,房地产、城市化与消费,15,三、日本企业出海分析,房地产与城市化,房地产与城市化;贸易与全球经济;增长与总需求;汇率与国际收支;企业盈利与资产负债表;利率与债券市场;疫情冲击与宏观应对;股票与资本市场,国际与历史对标;广谱利率与流动性;名义—实际拆分;资产负债表分析;存量—流量与会计闭合,主体资产负债表;国内国际与资本流动;收入年龄与家庭分组;行业横断面;地区与城市横断面,会计与存量流量约束;时序与领先滞后;自然实验与制度冲击;横断面梯度,407,198,118-s014,118-s016,02_markdown_articles/118_2024-05-31_奋楫逐浪天地宽.md,f8a1039c3d52b06f3e7b592366f090a87531ba870c820b307936607e7d4b7378
118-s016,118,奋楫逐浪天地宽,2024-05-31,房地产、城市化与消费,16,四、总结,房地产与城市化,房地产与城市化;贸易与全球经济;增长与总需求;汇率与国际收支;企业盈利与资产负债表;利率与债券市场;疫情冲击与宏观应对;股票与资本市场,国际与历史对标;广谱利率与流动性;名义—实际拆分;资产负债表分析;存量—流量与会计闭合,主体资产负债表;国内国际与资本流动;收入年龄与家庭分组;行业横断面;地区与城市横断面,会计与存量流量约束;时序与领先滞后;自然实验与制度冲击;横断面梯度,575,214,118-s015,,02_markdown_articles/118_2024-05-31_奋楫逐浪天地宽.md,91ccaf6cd7f63a0f77410f1024c981ab6b6533e4a34f2132bd9432d76b9cc047
119-s001,119,房地产市场正在经历三方面调整，供应侧措施更重要,2024-09-15,房地产、城市化与消费,1,正文,房地产与城市化,房地产与城市化;产业升级与制造业;消费收入与就业;增长与总需求,国际与历史对标,国内国际与资本流动,横断面梯度,906,0,,119-s002,"02_markdown_articles/119_2024-09-15_房地产市场正在经历三方面调整,供应侧措施更重要.md",26530005168fa9fc93594c1283a53a3464c2f1620ecfecc4ac7f52edea4ad815
119-s002,119,房地产市场正在经历三方面调整，供应侧措施更重要,2024-09-15,房地产、城市化与消费,2,正文,房地产与城市化,房地产与城市化;产业升级与制造业;消费收入与就业;增长与总需求,国际与历史对标,国内国际与资本流动,横断面梯度,924,206,119-s001,119-s003,"02_markdown_articles/119_2024-09-15_房地产市场正在经历三方面调整,供应侧措施更重要.md",b1fe3f1650ecef3a92ae1c8edd69dc6af7609e2e422c19fca23c3823267c0961
119-s003,119,房地产市场正在经历三方面调整，供应侧措施更重要,2024-09-15,房地产、城市化与消费,3,说明,房地产与城市化,房地产与城市化;产业升级与制造业;消费收入与就业;增长与总需求,国际与历史对标,国内国际与资本流动,横断面梯度,285,211,119-s002,,"02_markdown_articles/119_2024-09-15_房地产市场正在经历三方面调整,供应侧措施更重要.md",6e97ea6325c78f1903a95bbd81735c055d17568f7ce0a9d94b2b1929d9f4397b
120-s001,120,产业结构转型与消费驱动转型,2024-09-30,房地产、城市化与消费,1,正文,房地产与城市化,房地产与城市化;产业升级与制造业;消费收入与就业;股票与资本市场;企业盈利与资产负债表;增长与总需求;疫情冲击与宏观应对;潜在增长与人口,因果与相关区分,主体资产负债表,自然实验与制度冲击,1019,0,,120-s002,02_markdown_articles/120_2024-09-30_产业结构转型与消费驱动转型.md,60bef23e7117499ec20eaf8c01369d2bb5bd078d3bf430ee6ba019cac24771ee
120-s002,120,产业结构转型与消费驱动转型,2024-09-30,房地产、城市化与消费,2,正文,房地产与城市化,房地产与城市化;产业升级与制造业;消费收入与就业;股票与资本市场;企业盈利与资产负债表;增长与总需求;疫情冲击与宏观应对;潜在增长与人口,因果与相关区分,主体资产负债表,自然实验与制度冲击,1023,206,120-s001,120-s003,02_markdown_articles/120_2024-09-30_产业结构转型与消费驱动转型.md,f801fe00de8d88a7f977a2ed7baca3959a4d1d540975979d0ac45dd718ac5e10
120-s003,120,产业结构转型与消费驱动转型,2024-09-30,房地产、城市化与消费,3,正文,房地产与城市化,房地产与城市化;产业升级与制造业;消费收入与就业;股票与资本市场;企业盈利与资产负债表;增长与总需求;疫情冲击与宏观应对;潜在增长与人口,因果与相关区分,主体资产负债表,自然实验与制度冲击,938,201,120-s002,120-s004,02_markdown_articles/120_2024-09-30_产业结构转型与消费驱动转型.md,433369fbe5cd1c813a4f45e7bef5a51f4418603acc345717de124deb42a62f8d
120-s004,120,产业结构转型与消费驱动转型,2024-09-30,房地产、城市化与消费,4,正文,房地产与城市化,房地产与城市化;产业升级与制造业;消费收入与就业;股票与资本市场;企业盈利与资产负债表;增长与总需求;疫情冲击与宏观应对;潜在增长与人口,因果与相关区分,主体资产负债表,自然实验与制度冲击,939,210,120-s003,120-s005,02_markdown_articles/120_2024-09-30_产业结构转型与消费驱动转型.md,7ba63953c6480d555cf0bf01fc9fba68915718aa61b39a566dd053c4c745bbd4
120-s005,120,产业结构转型与消费驱动转型,2024-09-30,房地产、城市化与消费,5,正文,房地产与城市化,房地产与城市化;产业升级与制造业;消费收入与就业;股票与资本市场;企业盈利与资产负债表;增长与总需求;疫情冲击与宏观应对;潜在增长与人口,因果与相关区分,主体资产负债表,自然实验与制度冲击,949,197,120-s004,,02_markdown_articles/120_2024-09-30_产业结构转型与消费驱动转型.md,bdf9154efa03b211fed48708be66eda9f9bf62fa70e01e326fcd74b9f37f26a1
121-s001,121,关于促进房地产市场止跌回稳，加快建立房地产业务新模式的几点思考,2024-10-22,房地产、城市化与消费,1,正文,房地产与城市化,房地产与城市化;金融制度与监管;信用债务与金融风险;财政与地方政府;潜在增长与人口,资产负债表分析,主体资产负债表;收入年龄与家庭分组,横断面梯度;自然实验与制度冲击,355,0,,121-s002,"02_markdown_articles/121_2024-10-22_关于促进房地产市场止跌回稳,加快建立房地产业务新模式的几点思考.md",5b197cbb77430e7ea72d2911a43d7b51cfe8116e133c9daa6c509f03699b2546
121-s002,121,关于促进房地产市场止跌回稳，加快建立房地产业务新模式的几点思考,2024-10-22,房地产、城市化与消费,2,一、房地产公司的日益金融化是传统业务模式的首要缺陷,房地产与城市化,房地产与城市化;金融制度与监管;信用债务与金融风险;财政与地方政府;潜在增长与人口,资产负债表分析,主体资产负债表;收入年龄与家庭分组,横断面梯度;自然实验与制度冲击,935,199,121-s001,121-s003,"02_markdown_articles/121_2024-10-22_关于促进房地产市场止跌回稳,加快建立房地产业务新模式的几点思考.md",c697f05ee17b479cbd865b51d8eeeb0fcce842f0d7298fa7e2c152387f9a455f
121-s003,121,关于促进房地产市场止跌回稳，加快建立房地产业务新模式的几点思考,2024-10-22,房地产、城市化与消费,3,一、房地产公司的日益金融化是传统业务模式的首要缺陷,房地产与城市化,房地产与城市化;金融制度与监管;信用债务与金融风险;财政与地方政府;潜在增长与人口,资产负债表分析,主体资产负债表;收入年龄与家庭分组,横断面梯度;自然实验与制度冲击,412,210,121-s002,121-s004,"02_markdown_articles/121_2024-10-22_关于促进房地产市场止跌回稳,加快建立房地产业务新模式的几点思考.md",34555a5b53b2ea405496dd7fa95d101d4ebaff4aac7b5502abb763a0f3c46936
121-s004,121,关于促进房地产市场止跌回稳，加快建立房地产业务新模式的几点思考,2024-10-22,房地产、城市化与消费,4,二、越来越统一的全国劳动力市场与高度碎片化的土地供应制度之间的矛盾是房地产传统业务模式的另外一大缺陷,房地产与城市化,房地产与城市化;金融制度与监管;信用债务与金融风险;财政与地方政府;潜在增长与人口,资产负债表分析,主体资产负债表;收入年龄与家庭分组,横断面梯度;自然实验与制度冲击,911,210,121-s003,121-s005,"02_markdown_articles/121_2024-10-22_关于促进房地产市场止跌回稳,加快建立房地产业务新模式的几点思考.md",cea54b5f1fdf3696e514464e53134268aae348a23c8c88570329f0b3ecbabd06
121-s005,121,关于促进房地产市场止跌回稳，加快建立房地产业务新模式的几点思考,2024-10-22,房地产、城市化与消费,5,二、越来越统一的全国劳动力市场与高度碎片化的土地供应制度之间的矛盾是房地产传统业务模式的另外一大缺陷,房地产与城市化,房地产与城市化;金融制度与监管;信用债务与金融风险;财政与地方政府;潜在增长与人口,资产负债表分析,主体资产负债表;收入年龄与家庭分组,横断面梯度;自然实验与制度冲击,406,201,121-s004,121-s006,"02_markdown_articles/121_2024-10-22_关于促进房地产市场止跌回稳,加快建立房地产业务新模式的几点思考.md",70f680a25c2b522a5cd350e5aafc25029fde5b7964c7de07729288111d97f722
121-s006,121,关于促进房地产市场止跌回稳，加快建立房地产业务新模式的几点思考,2024-10-22,房地产、城市化与消费,6,三、保障性住房供应不足是房地产传统模式的又一大缺陷,房地产与城市化,房地产与城市化;金融制度与监管;信用债务与金融风险;财政与地方政府;潜在增长与人口,资产负债表分析,主体资产负债表;收入年龄与家庭分组,横断面梯度;自然实验与制度冲击,548,208,121-s005,,"02_markdown_articles/121_2024-10-22_关于促进房地产市场止跌回稳,加快建立房地产业务新模式的几点思考.md",ccdc043e31119268e76b7b12763b7d58694fef2de7a40502447a6000d987c66b
122-s001,122,产业升级：星星之火悄然孕育,2010-06-07,产业、产能与能源转型,1,正文,产业升级与制造业,产业升级与制造业;产能库存与工业周期;贸易与全球经济,国际与历史对标,,时序与领先滞后,964,0,,122-s002,02_markdown_articles/122_2010-06-07_产业升级_星星之火悄然孕育.md,6f45cc5d362b09ffec0c5215c297382a22b44bbe0cfa1349c6fc0926aba606c1
122-s002,122,产业升级：星星之火悄然孕育,2010-06-07,产业、产能与能源转型,2,正文,产业升级与制造业,产业升级与制造业;产能库存与工业周期;贸易与全球经济,国际与历史对标,,时序与领先滞后,681,203,122-s001,,02_markdown_articles/122_2010-06-07_产业升级_星星之火悄然孕育.md,2f57c1b5399671c3032cb6ca52e3a62bc9fbf6530f2366fdce59156cfbd87fc5
123-s001,123,短周期工业品价格的“蜜月期”快结束了吗？,2016-09-02,产业、产能与能源转型,1,内容提要,利率与债券市场,利率与债券市场;产能库存与工业周期;通胀与价格;货币与流动性;信用债务与金融风险;房地产与城市化,广谱利率与流动性,主体资产负债表,符号与量价组合,360,0,,123-s002,02_markdown_articles/123_2016-09-02_短周期工业品价格的“蜜月期”快结束了吗.md,3a88cc959b5f30400a2c6ab78a685bf9c84fd7ddb72df27b7738517557de44f2
123-s002,123,短周期工业品价格的“蜜月期”快结束了吗？,2016-09-02,产业、产能与能源转型,2,内容提要,利率与债券市场,利率与债券市场;产能库存与工业周期;通胀与价格;货币与流动性;信用债务与金融风险;房地产与城市化,广谱利率与流动性,主体资产负债表,符号与量价组合,315,210,123-s001,123-s003,02_markdown_articles/123_2016-09-02_短周期工业品价格的“蜜月期”快结束了吗.md,8bc2015073bfa1166aa6793d5306375e2220d1a9fd6e5d3757a11278e6497be5
123-s003,123,短周期工业品价格的“蜜月期”快结束了吗？,2016-09-02,产业、产能与能源转型,3,一、终端需求走弱迹象初显，工业生产活动暂且稳定,利率与债券市场,利率与债券市场;产能库存与工业周期;通胀与价格;货币与流动性;信用债务与金融风险;房地产与城市化,广谱利率与流动性,主体资产负债表,符号与量价组合,713,210,123-s002,123-s004,02_markdown_articles/123_2016-09-02_短周期工业品价格的“蜜月期”快结束了吗.md,b13af9f2a4d46f1366ed2652fccdac326fde0db56807cf4376d947de62fc1816
123-s004,123,短周期工业品价格的“蜜月期”快结束了吗？,2016-09-02,产业、产能与能源转型,4,二、流通领域生产资料价格最好的时候正在走过？,利率与债券市场,利率与债券市场;产能库存与工业周期;通胀与价格;货币与流动性;信用债务与金融风险;房地产与城市化,广谱利率与流动性,主体资产负债表,符号与量价组合,784,196,123-s003,123-s005,02_markdown_articles/123_2016-09-02_短周期工业品价格的“蜜月期”快结束了吗.md,6b62e39ad4c10b6d8324c0d9fe90fe09603b120a7af790ac9d1b4486bab0dee2
123-s005,123,短周期工业品价格的“蜜月期”快结束了吗？,2016-09-02,产业、产能与能源转型,5,三、银行间资金面平稳，债券收益率转为震荡,利率与债券市场,利率与债券市场;产能库存与工业周期;通胀与价格;货币与流动性;信用债务与金融风险;房地产与城市化,广谱利率与流动性,主体资产负债表,符号与量价组合,489,211,123-s004,,02_markdown_articles/123_2016-09-02_短周期工业品价格的“蜜月期”快结束了吗.md,2c2ee5c616bbd5b05d350f80dd2eaf4454d76d9d63ba9b2d079d8cfc2423a1e3
124-s001,124,雾霾从哪里来？,2016-12-20,产业、产能与能源转型,1,正文,能源资源与碳转型,能源资源与碳转型;产能库存与工业周期,国际与历史对标,所有制与企业类型,多市场一致性,1014,0,,124-s002,02_markdown_articles/124_2016-12-20_雾霾从哪里来.md,73bc63dabf886034e6cbec1126c4bf70acd8a42d21b8280e840bed22878a74a8
124-s002,124,雾霾从哪里来？,2016-12-20,产业、产能与能源转型,2,正文,能源资源与碳转型,能源资源与碳转型;产能库存与工业周期,国际与历史对标,所有制与企业类型,多市场一致性,789,209,124-s001,,02_markdown_articles/124_2016-12-20_雾霾从哪里来.md,9560abfef9e38fea67f9afa30b755f5dca4c108205e1b164e0d2e905ad419b17
125-s001,125,僵尸企业特别多的行业都是国有资本集中的行业,2017-04-12,产业、产能与能源转型,1,正文,产能库存与工业周期,产能库存与工业周期;能源资源与碳转型,资产负债表分析,所有制与企业类型,自然实验与制度冲击,918,0,,125-s002,02_markdown_articles/125_2017-04-12_僵尸企业特别多的行业都是国有资本集中的行业.md,44e1375eea1bdd6170468a9f9d80d13bee2114d750837783c53bdc72d2ec26ad
125-s002,125,僵尸企业特别多的行业都是国有资本集中的行业,2017-04-12,产业、产能与能源转型,2,正文,产能库存与工业周期,产能库存与工业周期;能源资源与碳转型,资产负债表分析,所有制与企业类型,自然实验与制度冲击,1109,209,125-s001,125-s003,02_markdown_articles/125_2017-04-12_僵尸企业特别多的行业都是国有资本集中的行业.md,356b9b249ac42ac92f088564fa443fb8336f0d2e51591316f6b7f1ae60663f32
125-s003,125,僵尸企业特别多的行业都是国有资本集中的行业,2017-04-12,产业、产能与能源转型,3,正文,产能库存与工业周期,产能库存与工业周期;能源资源与碳转型,资产负债表分析,所有制与企业类型,自然实验与制度冲击,488,201,125-s002,,02_markdown_articles/125_2017-04-12_僵尸企业特别多的行业都是国有资本集中的行业.md,4909c82121afa60e1b14ceed35c0f78bd75c840fa9f97868959fc9de796d2860
126-s001,126,观察经济结构变化的三个维度,2017-11-25,产业、产能与能源转型,1,正文,产能库存与工业周期,产能库存与工业周期;产业升级与制造业,情景与预测复盘,国内国际与资本流动,时序与领先滞后,912,0,,126-s002,02_markdown_articles/126_2017-11-25_观察经济结构变化的三个维度.md,51425451ddabce1238a3507053b9a70c94ffc02aca70754203d8a90dd11ca90b
126-s002,126,观察经济结构变化的三个维度,2017-11-25,产业、产能与能源转型,2,正文,产能库存与工业周期,产能库存与工业周期;产业升级与制造业,情景与预测复盘,国内国际与资本流动,时序与领先滞后,900,202,126-s001,126-s003,02_markdown_articles/126_2017-11-25_观察经济结构变化的三个维度.md,a420784d5bb5e086b44d1f02b15a20dad7d8ff8097e6fb0a1e12e038310af010
126-s003,126,观察经济结构变化的三个维度,2017-11-25,产业、产能与能源转型,3,正文,产能库存与工业周期,产能库存与工业周期;产业升级与制造业,情景与预测复盘,国内国际与资本流动,时序与领先滞后,826,215,126-s002,,02_markdown_articles/126_2017-11-25_观察经济结构变化的三个维度.md,84f5b7de159f15a8b10a2f795279bf0a0acb4677ad56e2e488d9e6b1100caf76
127-s001,127,走进新时代,2017-12-31,产业、产能与能源转型,1,内容提要,产能库存与工业周期,产能库存与工业周期;企业盈利与资产负债表;贸易与全球经济;增长与总需求;能源资源与碳转型;通胀与价格;信用债务与金融风险;房地产与城市化,国际与历史对标;资产负债表分析;广谱利率与流动性;名义—实际拆分;总量—结构拆分,所有制与企业类型;国内国际与资本流动;主体资产负债表;行业横断面;地区与城市横断面,多市场一致性;横断面梯度;会计与存量流量约束;时序与领先滞后,318,0,,127-s002,02_markdown_articles/127_2017-12-31_走进新时代.md,b50bb005d623dc3069f6740ed8b262d9d8768ac524c5ce32e6eefa0569a42964
127-s002,127,走进新时代,2017-12-31,产业、产能与能源转型,2,内容提要,产能库存与工业周期,产能库存与工业周期;企业盈利与资产负债表;贸易与全球经济;增长与总需求;能源资源与碳转型;通胀与价格;信用债务与金融风险;房地产与城市化,国际与历史对标;资产负债表分析;广谱利率与流动性;名义—实际拆分;总量—结构拆分,所有制与企业类型;国内国际与资本流动;主体资产负债表;行业横断面;地区与城市横断面,多市场一致性;横断面梯度;会计与存量流量约束;时序与领先滞后,403,204,127-s001,127-s003,02_markdown_articles/127_2017-12-31_走进新时代.md,64cd8b3a569fd627a153ed98cc242aceb48af39cc2bca289ecaf8623ce12399c
127-s003,127,走进新时代,2017-12-31,产业、产能与能源转型,3,目录,产能库存与工业周期,产能库存与工业周期;企业盈利与资产负债表;贸易与全球经济;增长与总需求;能源资源与碳转型;通胀与价格;信用债务与金融风险;房地产与城市化,国际与历史对标;资产负债表分析;广谱利率与流动性;名义—实际拆分;总量—结构拆分,所有制与企业类型;国内国际与资本流动;主体资产负债表;行业横断面;地区与城市横断面,多市场一致性;横断面梯度;会计与存量流量约束;时序与领先滞后,276,208,127-s002,127-s004,02_markdown_articles/127_2017-12-31_走进新时代.md,1e9a53abf83381e08a18cc78eecca87ea107ba99cbfda39c1501cbaf5cef3e97
127-s004,127,走进新时代,2017-12-31,产业、产能与能源转型,4,一、被掩盖的增长 > 1、供给侧改革掩盖真实经济恢复,产能库存与工业周期,产能库存与工业周期;企业盈利与资产负债表;贸易与全球经济;增长与总需求;能源资源与碳转型;通胀与价格;信用债务与金融风险;房地产与城市化,国际与历史对标;资产负债表分析;广谱利率与流动性;名义—实际拆分;总量—结构拆分,所有制与企业类型;国内国际与资本流动;主体资产负债表;行业横断面;地区与城市横断面,多市场一致性;横断面梯度;会计与存量流量约束;时序与领先滞后,917,204,127-s003,127-s005,02_markdown_articles/127_2017-12-31_走进新时代.md,0e56244f21c69c046f12a5d3b74ad81820276de17a895550bd85a4da93669bfd
127-s005,127,走进新时代,2017-12-31,产业、产能与能源转型,5,一、被掩盖的增长 > 1、供给侧改革掩盖真实经济恢复,产能库存与工业周期,产能库存与工业周期;企业盈利与资产负债表;贸易与全球经济;增长与总需求;能源资源与碳转型;通胀与价格;信用债务与金融风险;房地产与城市化,国际与历史对标;资产负债表分析;广谱利率与流动性;名义—实际拆分;总量—结构拆分,所有制与企业类型;国内国际与资本流动;主体资产负债表;行业横断面;地区与城市横断面,多市场一致性;横断面梯度;会计与存量流量约束;时序与领先滞后,909,208,127-s004,127-s006,02_markdown_articles/127_2017-12-31_走进新时代.md,82e04e4b8f8196096ced10f35daef2a95d401f77717d5aad9781edfe3bad02aa
127-s006,127,走进新时代,2017-12-31,产业、产能与能源转型,6,一、被掩盖的增长 > 1、供给侧改革掩盖真实经济恢复,产能库存与工业周期,产能库存与工业周期;企业盈利与资产负债表;贸易与全球经济;增长与总需求;能源资源与碳转型;通胀与价格;信用债务与金融风险;房地产与城市化,国际与历史对标;资产负债表分析;广谱利率与流动性;名义—实际拆分;总量—结构拆分,所有制与企业类型;国内国际与资本流动;主体资产负债表;行业横断面;地区与城市横断面,多市场一致性;横断面梯度;会计与存量流量约束;时序与领先滞后,290,209,127-s005,127-s007,02_markdown_articles/127_2017-12-31_走进新时代.md,ff3be18faefe9a6df9892c1053551078197a9e520cc3cb686671efb842190c68
127-s007,127,走进新时代,2017-12-31,产业、产能与能源转型,7,一、被掩盖的增长 > 2、外需改善支持中国经济,产能库存与工业周期,产能库存与工业周期;企业盈利与资产负债表;贸易与全球经济;增长与总需求;能源资源与碳转型;通胀与价格;信用债务与金融风险;房地产与城市化,国际与历史对标;资产负债表分析;广谱利率与流动性;名义—实际拆分;总量—结构拆分,所有制与企业类型;国内国际与资本流动;主体资产负债表;行业横断面;地区与城市横断面,多市场一致性;横断面梯度;会计与存量流量约束;时序与领先滞后,884,196,127-s006,127-s008,02_markdown_articles/127_2017-12-31_走进新时代.md,4f433660a660b5a1a8b4973fabdba988b1b85bc791b04b84493811052908e484
127-s008,127,走进新时代,2017-12-31,产业、产能与能源转型,8,一、被掩盖的增长 > 3、供给侧改革与全球复苏,产能库存与工业周期,产能库存与工业周期;企业盈利与资产负债表;贸易与全球经济;增长与总需求;能源资源与碳转型;通胀与价格;信用债务与金融风险;房地产与城市化,国际与历史对标;资产负债表分析;广谱利率与流动性;名义—实际拆分;总量—结构拆分,所有制与企业类型;国内国际与资本流动;主体资产负债表;行业横断面;地区与城市横断面,多市场一致性;横断面梯度;会计与存量流量约束;时序与领先滞后,876,206,127-s007,127-s009,02_markdown_articles/127_2017-12-31_走进新时代.md,b8b07d604e3e674b5770d85fb22cd74e6e9501c4e0e308d8b991a7c23e34b67c
127-s009,127,走进新时代,2017-12-31,产业、产能与能源转型,9,一、被掩盖的增长 > 4、市场的自发出清与供给侧改革,产能库存与工业周期,产能库存与工业周期;企业盈利与资产负债表;贸易与全球经济;增长与总需求;能源资源与碳转型;通胀与价格;信用债务与金融风险;房地产与城市化,国际与历史对标;资产负债表分析;广谱利率与流动性;名义—实际拆分;总量—结构拆分,所有制与企业类型;国内国际与资本流动;主体资产负债表;行业横断面;地区与城市横断面,多市场一致性;横断面梯度;会计与存量流量约束;时序与领先滞后,909,206,127-s008,127-s010,02_markdown_articles/127_2017-12-31_走进新时代.md,8648c21e83bf937e9b10562851d281cd6dd24cbcdd00c17eb17372d7f92eebac
127-s010,127,走进新时代,2017-12-31,产业、产能与能源转型,10,一、被掩盖的增长 > 4、市场的自发出清与供给侧改革,产能库存与工业周期,产能库存与工业周期;企业盈利与资产负债表;贸易与全球经济;增长与总需求;能源资源与碳转型;通胀与价格;信用债务与金融风险;房地产与城市化,国际与历史对标;资产负债表分析;广谱利率与流动性;名义—实际拆分;总量—结构拆分,所有制与企业类型;国内国际与资本流动;主体资产负债表;行业横断面;地区与城市横断面,多市场一致性;横断面梯度;会计与存量流量约束;时序与领先滞后,328,210,127-s009,127-s011,02_markdown_articles/127_2017-12-31_走进新时代.md,3bd2559e82f734a4f24f0a1292d951cc7d403b9bd0ab03dfcb7c96d76727cacf
127-s011,127,走进新时代,2017-12-31,产业、产能与能源转型,11,二、房地产的趋势,产能库存与工业周期,产能库存与工业周期;企业盈利与资产负债表;贸易与全球经济;增长与总需求;能源资源与碳转型;通胀与价格;信用债务与金融风险;房地产与城市化,国际与历史对标;资产负债表分析;广谱利率与流动性;名义—实际拆分;总量—结构拆分,所有制与企业类型;国内国际与资本流动;主体资产负债表;行业横断面;地区与城市横断面,多市场一致性;横断面梯度;会计与存量流量约束;时序与领先滞后,738,199,127-s010,127-s012,02_markdown_articles/127_2017-12-31_走进新时代.md,e118bb6af5a6e4596bbdec04d25ce8aacfe4a89cf6fe25cf8a1dd8c78e152acb
127-s012,127,走进新时代,2017-12-31,产业、产能与能源转型,12,三、销售利润率与资产周转率,产能库存与工业周期,产能库存与工业周期;企业盈利与资产负债表;贸易与全球经济;增长与总需求;能源资源与碳转型;通胀与价格;信用债务与金融风险;房地产与城市化,国际与历史对标;资产负债表分析;广谱利率与流动性;名义—实际拆分;总量—结构拆分,所有制与企业类型;国内国际与资本流动;主体资产负债表;行业横断面;地区与城市横断面,多市场一致性;横断面梯度;会计与存量流量约束;时序与领先滞后,279,211,127-s011,127-s013,02_markdown_articles/127_2017-12-31_走进新时代.md,a06abef4986479fe0a9fd10b6a61c5ad87d4192693335ce736b4e527af9685fe
127-s013,127,走进新时代,2017-12-31,产业、产能与能源转型,13,三、销售利润率与资产周转率 > 1、销售利润率将向历史合理水平回归,产能库存与工业周期,产能库存与工业周期;企业盈利与资产负债表;贸易与全球经济;增长与总需求;能源资源与碳转型;通胀与价格;信用债务与金融风险;房地产与城市化,国际与历史对标;资产负债表分析;广谱利率与流动性;名义—实际拆分;总量—结构拆分,所有制与企业类型;国内国际与资本流动;主体资产负债表;行业横断面;地区与城市横断面,多市场一致性;横断面梯度;会计与存量流量约束;时序与领先滞后,575,215,127-s012,127-s014,02_markdown_articles/127_2017-12-31_走进新时代.md,1c453108689d8ccc8aa6f2123a0fd8c290e14d1adaa12208c30f06dfd5f3511e
127-s014,127,走进新时代,2017-12-31,产业、产能与能源转型,14,三、销售利润率与资产周转率 > 2、资产周转率处于上升通道,产能库存与工业周期,产能库存与工业周期;企业盈利与资产负债表;贸易与全球经济;增长与总需求;能源资源与碳转型;通胀与价格;信用债务与金融风险;房地产与城市化,国际与历史对标;资产负债表分析;广谱利率与流动性;名义—实际拆分;总量—结构拆分,所有制与企业类型;国内国际与资本流动;主体资产负债表;行业横断面;地区与城市横断面,多市场一致性;横断面梯度;会计与存量流量约束;时序与领先滞后,901,197,127-s013,127-s015,02_markdown_articles/127_2017-12-31_走进新时代.md,adc9f94ccfc7679175437dd825191dd06d7dea14d11cbbf2399b00e9e79427e4
127-s015,127,走进新时代,2017-12-31,产业、产能与能源转型,15,三、销售利润率与资产周转率 > 2、资产周转率处于上升通道,产能库存与工业周期,产能库存与工业周期;企业盈利与资产负债表;贸易与全球经济;增长与总需求;能源资源与碳转型;通胀与价格;信用债务与金融风险;房地产与城市化,国际与历史对标;资产负债表分析;广谱利率与流动性;名义—实际拆分;总量—结构拆分,所有制与企业类型;国内国际与资本流动;主体资产负债表;行业横断面;地区与城市横断面,多市场一致性;横断面梯度;会计与存量流量约束;时序与领先滞后,300,204,127-s014,127-s016,02_markdown_articles/127_2017-12-31_走进新时代.md,72a61e95b262d7ae06b63ee9271f200c80795cca32722761256c0db789c02d6f
127-s016,127,走进新时代,2017-12-31,产业、产能与能源转型,16,三、销售利润率与资产周转率 > 3、资产周转率与制造业投资,产能库存与工业周期,产能库存与工业周期;企业盈利与资产负债表;贸易与全球经济;增长与总需求;能源资源与碳转型;通胀与价格;信用债务与金融风险;房地产与城市化,国际与历史对标;资产负债表分析;广谱利率与流动性;名义—实际拆分;总量—结构拆分,所有制与企业类型;国内国际与资本流动;主体资产负债表;行业横断面;地区与城市横断面,多市场一致性;横断面梯度;会计与存量流量约束;时序与领先滞后,280,209,127-s015,127-s017,02_markdown_articles/127_2017-12-31_走进新时代.md,9125517eb5f37ba0c2e199caaba831b2a9d64e9fad7c2bfbc9a157a530240302
127-s017,127,走进新时代,2017-12-31,产业、产能与能源转型,17,三、销售利润率与资产周转率 > 表1：私人投资扩张期间资产周转率表现,产能库存与工业周期,产能库存与工业周期;企业盈利与资产负债表;贸易与全球经济;增长与总需求;能源资源与碳转型;通胀与价格;信用债务与金融风险;房地产与城市化,国际与历史对标;资产负债表分析;广谱利率与流动性;名义—实际拆分;总量—结构拆分,所有制与企业类型;国内国际与资本流动;主体资产负债表;行业横断面;地区与城市横断面,多市场一致性;横断面梯度;会计与存量流量约束;时序与领先滞后,761,200,127-s016,127-s018,02_markdown_articles/127_2017-12-31_走进新时代.md,468fee09b15adbdef34345e1414ba2aea186ebfcbff3f43e3e28e5221137ac00
127-s018,127,走进新时代,2017-12-31,产业、产能与能源转型,18,四、市场风格,产能库存与工业周期,产能库存与工业周期;企业盈利与资产负债表;贸易与全球经济;增长与总需求;能源资源与碳转型;通胀与价格;信用债务与金融风险;房地产与城市化,国际与历史对标;资产负债表分析;广谱利率与流动性;名义—实际拆分;总量—结构拆分,所有制与企业类型;国内国际与资本流动;主体资产负债表;行业横断面;地区与城市横断面,多市场一致性;横断面梯度;会计与存量流量约束;时序与领先滞后,329,199,127-s017,127-s019,02_markdown_articles/127_2017-12-31_走进新时代.md,15052f399ae0df606657a6d0e9444515a35040b2d3f251d485af1a66e0e24998
127-s019,127,走进新时代,2017-12-31,产业、产能与能源转型,19,四、市场风格 > 1、历史上的风格分化,产能库存与工业周期,产能库存与工业周期;企业盈利与资产负债表;贸易与全球经济;增长与总需求;能源资源与碳转型;通胀与价格;信用债务与金融风险;房地产与城市化,国际与历史对标;资产负债表分析;广谱利率与流动性;名义—实际拆分;总量—结构拆分,所有制与企业类型;国内国际与资本流动;主体资产负债表;行业横断面;地区与城市横断面,多市场一致性;横断面梯度;会计与存量流量约束;时序与领先滞后,625,208,127-s018,127-s020,02_markdown_articles/127_2017-12-31_走进新时代.md,03e02e297a7d1c0f4546c70b993791f955a44c0961e7d7d1af8d5684064cfe60
127-s020,127,走进新时代,2017-12-31,产业、产能与能源转型,20,四、市场风格 > 2、货币信贷差与金融去杠杆,产能库存与工业周期,产能库存与工业周期;企业盈利与资产负债表;贸易与全球经济;增长与总需求;能源资源与碳转型;通胀与价格;信用债务与金融风险;房地产与城市化,国际与历史对标;资产负债表分析;广谱利率与流动性;名义—实际拆分;总量—结构拆分,所有制与企业类型;国内国际与资本流动;主体资产负债表;行业横断面;地区与城市横断面,多市场一致性;横断面梯度;会计与存量流量约束;时序与领先滞后,1003,203,127-s019,127-s021,02_markdown_articles/127_2017-12-31_走进新时代.md,d53e1c97e531d1be59ee2395b136ba0247d18570180326070b2be61465d2ec4e
127-s021,127,走进新时代,2017-12-31,产业、产能与能源转型,21,四、市场风格 > 2、货币信贷差与金融去杠杆,产能库存与工业周期,产能库存与工业周期;企业盈利与资产负债表;贸易与全球经济;增长与总需求;能源资源与碳转型;通胀与价格;信用债务与金融风险;房地产与城市化,国际与历史对标;资产负债表分析;广谱利率与流动性;名义—实际拆分;总量—结构拆分,所有制与企业类型;国内国际与资本流动;主体资产负债表;行业横断面;地区与城市横断面,多市场一致性;横断面梯度;会计与存量流量约束;时序与领先滞后,265,194,127-s020,127-s022,02_markdown_articles/127_2017-12-31_走进新时代.md,33668b43f77d110be7550d07d1121cb926fc4a9b16a7183d405f7473423d94a9
127-s022,127,走进新时代,2017-12-31,产业、产能与能源转型,22,四、市场风格 > 附：,产能库存与工业周期,产能库存与工业周期;企业盈利与资产负债表;贸易与全球经济;增长与总需求;能源资源与碳转型;通胀与价格;信用债务与金融风险;房地产与城市化,国际与历史对标;资产负债表分析;广谱利率与流动性;名义—实际拆分;总量—结构拆分,所有制与企业类型;国内国际与资本流动;主体资产负债表;行业横断面;地区与城市横断面,多市场一致性;横断面梯度;会计与存量流量约束;时序与领先滞后,272,205,127-s021,127-s023,02_markdown_articles/127_2017-12-31_走进新时代.md,533cb67e5dd03bc95170e8db72b553a2c1796da4eca06902f97a7ae37fd01807
127-s023,127,走进新时代,2017-12-31,产业、产能与能源转型,23,四、市场风格 > （一）定量测量产能过剩,产能库存与工业周期,产能库存与工业周期;企业盈利与资产负债表;贸易与全球经济;增长与总需求;能源资源与碳转型;通胀与价格;信用债务与金融风险;房地产与城市化,国际与历史对标;资产负债表分析;广谱利率与流动性;名义—实际拆分;总量—结构拆分,所有制与企业类型;国内国际与资本流动;主体资产负债表;行业横断面;地区与城市横断面,多市场一致性;横断面梯度;会计与存量流量约束;时序与领先滞后,962,205,127-s022,127-s024,02_markdown_articles/127_2017-12-31_走进新时代.md,e5241d00973a950a0ee682af662a25563d0a701b2653f7790531ced33e0d435e
127-s024,127,走进新时代,2017-12-31,产业、产能与能源转型,24,四、市场风格 > 表2：产能过剩行业的描述性统计,产能库存与工业周期,产能库存与工业周期;企业盈利与资产负债表;贸易与全球经济;增长与总需求;能源资源与碳转型;通胀与价格;信用债务与金融风险;房地产与城市化,国际与历史对标;资产负债表分析;广谱利率与流动性;名义—实际拆分;总量—结构拆分,所有制与企业类型;国内国际与资本流动;主体资产负债表;行业横断面;地区与城市横断面,多市场一致性;横断面梯度;会计与存量流量约束;时序与领先滞后,263,206,127-s023,127-s025,02_markdown_articles/127_2017-12-31_走进新时代.md,38fc2ec27b0cc334b4d600e71074e90a2de54bd3d6286c5fb3bfab4e32a66ad7
127-s025,127,走进新时代,2017-12-31,产业、产能与能源转型,25,四、市场风格 > （二）产能过剩的原因,产能库存与工业周期,产能库存与工业周期;企业盈利与资产负债表;贸易与全球经济;增长与总需求;能源资源与碳转型;通胀与价格;信用债务与金融风险;房地产与城市化,国际与历史对标;资产负债表分析;广谱利率与流动性;名义—实际拆分;总量—结构拆分,所有制与企业类型;国内国际与资本流动;主体资产负债表;行业横断面;地区与城市横断面,多市场一致性;横断面梯度;会计与存量流量约束;时序与领先滞后,1029,148,127-s024,127-s026,02_markdown_articles/127_2017-12-31_走进新时代.md,24f5fbb9fb2db7a53f5bf1a2c937113583c49e40b4bc86a61394ec78ba867962
127-s026,127,走进新时代,2017-12-31,产业、产能与能源转型,26,四、市场风格 > 表3：过剩行业与其他重化工业对比,产能库存与工业周期,产能库存与工业周期;企业盈利与资产负债表;贸易与全球经济;增长与总需求;能源资源与碳转型;通胀与价格;信用债务与金融风险;房地产与城市化,国际与历史对标;资产负债表分析;广谱利率与流动性;名义—实际拆分;总量—结构拆分,所有制与企业类型;国内国际与资本流动;主体资产负债表;行业横断面;地区与城市横断面,多市场一致性;横断面梯度;会计与存量流量约束;时序与领先滞后,456,200,127-s025,127-s027,02_markdown_articles/127_2017-12-31_走进新时代.md,fa664b7fb523869bea8c84e597005e3d222f88b230211b0df2f2faecd42a252c
127-s027,127,走进新时代,2017-12-31,产业、产能与能源转型,27,四、市场风格 > 表4：黑色、有色、化工行业比较,产能库存与工业周期,产能库存与工业周期;企业盈利与资产负债表;贸易与全球经济;增长与总需求;能源资源与碳转型;通胀与价格;信用债务与金融风险;房地产与城市化,国际与历史对标;资产负债表分析;广谱利率与流动性;名义—实际拆分;总量—结构拆分,所有制与企业类型;国内国际与资本流动;主体资产负债表;行业横断面;地区与城市横断面,多市场一致性;横断面梯度;会计与存量流量约束;时序与领先滞后,648,214,127-s026,,02_markdown_articles/127_2017-12-31_走进新时代.md,138a547cd30db906dfdd4637fded981a7581c2030f12fb835b07ffb5f4e70cdc
128-s001,128,怎样看待中美国债利率倒挂？鲍威尔“转鸽”后续如何？,2018-12-04,产业、产能与能源转型,1,正文,汇率与国际收支,汇率与国际收支;产能库存与工业周期;利率与债券市场;货币与流动性;企业盈利与资产负债表;股票与资本市场;贸易与全球经济;通胀与价格,国际与历史对标,国内国际与资本流动;行业横断面;主体资产负债表;所有制与企业类型,时序与领先滞后,930,0,,128-s002,02_markdown_articles/128_2018-12-04_怎样看待中美国债利率倒挂_鲍威尔“转鸽”后续如何.md,2b042117cd36104d801c1348e81aabcf72e15d1e2d0933ebd2691f94217dd967
128-s002,128,怎样看待中美国债利率倒挂？鲍威尔“转鸽”后续如何？,2018-12-04,产业、产能与能源转型,2,正文,汇率与国际收支,汇率与国际收支;产能库存与工业周期;利率与债券市场;货币与流动性;企业盈利与资产负债表;股票与资本市场;贸易与全球经济;通胀与价格,国际与历史对标,国内国际与资本流动;行业横断面;主体资产负债表;所有制与企业类型,时序与领先滞后,945,200,128-s001,128-s003,02_markdown_articles/128_2018-12-04_怎样看待中美国债利率倒挂_鲍威尔“转鸽”后续如何.md,82564bb2ce115c65e4f0cf0a85ca00f81318f55a59f9a4cacc1f7922317826bd
128-s003,128,怎样看待中美国债利率倒挂？鲍威尔“转鸽”后续如何？,2018-12-04,产业、产能与能源转型,3,正文,汇率与国际收支,汇率与国际收支;产能库存与工业周期;利率与债券市场;货币与流动性;企业盈利与资产负债表;股票与资本市场;贸易与全球经济;通胀与价格,国际与历史对标,国内国际与资本流动;行业横断面;主体资产负债表;所有制与企业类型,时序与领先滞后,1116,207,128-s002,,02_markdown_articles/128_2018-12-04_怎样看待中美国债利率倒挂_鲍威尔“转鸽”后续如何.md,dd0701a155e50586cd09bbcf97c6c3f1b811330a94f374b38dca10d3c207895b
129-s001,129,反者道之动,2018-12-11,产业、产能与能源转型,1,内容提要,产能库存与工业周期,产能库存与工业周期;房地产与城市化;贸易与全球经济;股票与资本市场;财政与地方政府;信用债务与金融风险;消费收入与就业;企业盈利与资产负债表,资产负债表分析;国际与历史对标;总量—结构拆分,国内国际与资本流动;地区与城市横断面;主体资产负债表;收入年龄与家庭分组;所有制与企业类型;行业横断面,自然实验与制度冲击;会计与存量流量约束;时序与领先滞后;多市场一致性,273,0,,129-s002,02_markdown_articles/129_2018-12-11_反者道之动.md,5f89e8dddc5d7159224cf8c2962ad9af454f9588f32b4374b2caa5fb920d079f
129-s002,129,反者道之动,2018-12-11,产业、产能与能源转型,2,内容提要,产能库存与工业周期,产能库存与工业周期;房地产与城市化;贸易与全球经济;股票与资本市场;财政与地方政府;信用债务与金融风险;消费收入与就业;企业盈利与资产负债表,资产负债表分析;国际与历史对标;总量—结构拆分,国内国际与资本流动;地区与城市横断面;主体资产负债表;收入年龄与家庭分组;所有制与企业类型;行业横断面,自然实验与制度冲击;会计与存量流量约束;时序与领先滞后;多市场一致性,481,215,129-s001,129-s003,02_markdown_articles/129_2018-12-11_反者道之动.md,83958af52ea442b5d40d3bd115dfaf04e34d593d31b5db13aba99fee9d6d9c08
129-s003,129,反者道之动,2018-12-11,产业、产能与能源转型,3,**目录**,产能库存与工业周期,产能库存与工业周期;房地产与城市化;贸易与全球经济;股票与资本市场;财政与地方政府;信用债务与金融风险;消费收入与就业;企业盈利与资产负债表,资产负债表分析;国际与历史对标;总量—结构拆分,国内国际与资本流动;地区与城市横断面;主体资产负债表;收入年龄与家庭分组;所有制与企业类型;行业横断面,自然实验与制度冲击;会计与存量流量约束;时序与领先滞后;多市场一致性,347,212,129-s002,129-s004,02_markdown_articles/129_2018-12-11_反者道之动.md,44525d7b990d26f7b00148e7ab65f909fc9e5a6dd0a3d78fefd855441955a836
129-s004,129,反者道之动,2018-12-11,产业、产能与能源转型,4,一、去产能行业面临供求转折,产能库存与工业周期,产能库存与工业周期;房地产与城市化;贸易与全球经济;股票与资本市场;财政与地方政府;信用债务与金融风险;消费收入与就业;企业盈利与资产负债表,资产负债表分析;国际与历史对标;总量—结构拆分,国内国际与资本流动;地区与城市横断面;主体资产负债表;收入年龄与家庭分组;所有制与企业类型;行业横断面,自然实验与制度冲击;会计与存量流量约束;时序与领先滞后;多市场一致性,1023,214,129-s003,129-s005,02_markdown_articles/129_2018-12-11_反者道之动.md,85758969346caa6614ce3431e8cd1372f608e45696e5cdcc7651643ee2e9d1fd
129-s005,129,反者道之动,2018-12-11,产业、产能与能源转型,5,一、去产能行业面临供求转折,产能库存与工业周期,产能库存与工业周期;房地产与城市化;贸易与全球经济;股票与资本市场;财政与地方政府;信用债务与金融风险;消费收入与就业;企业盈利与资产负债表,资产负债表分析;国际与历史对标;总量—结构拆分,国内国际与资本流动;地区与城市横断面;主体资产负债表;收入年龄与家庭分组;所有制与企业类型;行业横断面,自然实验与制度冲击;会计与存量流量约束;时序与领先滞后;多市场一致性,908,214,129-s004,129-s006,02_markdown_articles/129_2018-12-11_反者道之动.md,2f6d92efdc6fa752b7cddd661e18e95ab3fa0a3989b0806486899efed9b4c2ec
129-s006,129,反者道之动,2018-12-11,产业、产能与能源转型,6,一、去产能行业面临供求转折,产能库存与工业周期,产能库存与工业周期;房地产与城市化;贸易与全球经济;股票与资本市场;财政与地方政府;信用债务与金融风险;消费收入与就业;企业盈利与资产负债表,资产负债表分析;国际与历史对标;总量—结构拆分,国内国际与资本流动;地区与城市横断面;主体资产负债表;收入年龄与家庭分组;所有制与企业类型;行业横断面,自然实验与制度冲击;会计与存量流量约束;时序与领先滞后;多市场一致性,1007,216,129-s005,129-s007,02_markdown_articles/129_2018-12-11_反者道之动.md,213df43e403c25f6c11cf114e1f824441efb04618ec8ad1bcb299931b7814cb0
129-s007,129,反者道之动,2018-12-11,产业、产能与能源转型,7,一、去产能行业面临供求转折,产能库存与工业周期,产能库存与工业周期;房地产与城市化;贸易与全球经济;股票与资本市场;财政与地方政府;信用债务与金融风险;消费收入与就业;企业盈利与资产负债表,资产负债表分析;国际与历史对标;总量—结构拆分,国内国际与资本流动;地区与城市横断面;主体资产负债表;收入年龄与家庭分组;所有制与企业类型;行业横断面,自然实验与制度冲击;会计与存量流量约束;时序与领先滞后;多市场一致性,289,206,129-s006,129-s008,02_markdown_articles/129_2018-12-11_反者道之动.md,47bb5f2d8278d6a1fddb375aee624e6810643d1534d6e0cfba495024e9bf76b8
129-s008,129,反者道之动,2018-12-11,产业、产能与能源转型,8,二、房地产存货等待重建,产能库存与工业周期,产能库存与工业周期;房地产与城市化;贸易与全球经济;股票与资本市场;财政与地方政府;信用债务与金融风险;消费收入与就业;企业盈利与资产负债表,资产负债表分析;国际与历史对标;总量—结构拆分,国内国际与资本流动;地区与城市横断面;主体资产负债表;收入年龄与家庭分组;所有制与企业类型;行业横断面,自然实验与制度冲击;会计与存量流量约束;时序与领先滞后;多市场一致性,986,204,129-s007,129-s009,02_markdown_articles/129_2018-12-11_反者道之动.md,4b9c2aff1bf67292b1af89ffdf10c55706a68d5f1091f23b8ca52f340de2d849
129-s009,129,反者道之动,2018-12-11,产业、产能与能源转型,9,二、房地产存货等待重建,产能库存与工业周期,产能库存与工业周期;房地产与城市化;贸易与全球经济;股票与资本市场;财政与地方政府;信用债务与金融风险;消费收入与就业;企业盈利与资产负债表,资产负债表分析;国际与历史对标;总量—结构拆分,国内国际与资本流动;地区与城市横断面;主体资产负债表;收入年龄与家庭分组;所有制与企业类型;行业横断面,自然实验与制度冲击;会计与存量流量约束;时序与领先滞后;多市场一致性,947,213,129-s008,129-s010,02_markdown_articles/129_2018-12-11_反者道之动.md,6ed77b2f005faa7b6600b30f2b7532c756fd7f9c0c98e016cd0dbc70e60442fd
129-s010,129,反者道之动,2018-12-11,产业、产能与能源转型,10,二、房地产存货等待重建,产能库存与工业周期,产能库存与工业周期;房地产与城市化;贸易与全球经济;股票与资本市场;财政与地方政府;信用债务与金融风险;消费收入与就业;企业盈利与资产负债表,资产负债表分析;国际与历史对标;总量—结构拆分,国内国际与资本流动;地区与城市横断面;主体资产负债表;收入年龄与家庭分组;所有制与企业类型;行业横断面,自然实验与制度冲击;会计与存量流量约束;时序与领先滞后;多市场一致性,340,206,129-s009,129-s011,02_markdown_articles/129_2018-12-11_反者道之动.md,3eb33d2d6f30cb7906ad1da6fafad994bb9ae693d57b1fcee55fab3317434557
129-s011,129,反者道之动,2018-12-11,产业、产能与能源转型,11,三、去杠杆政策调整效果需要观察,产能库存与工业周期,产能库存与工业周期;房地产与城市化;贸易与全球经济;股票与资本市场;财政与地方政府;信用债务与金融风险;消费收入与就业;企业盈利与资产负债表,资产负债表分析;国际与历史对标;总量—结构拆分,国内国际与资本流动;地区与城市横断面;主体资产负债表;收入年龄与家庭分组;所有制与企业类型;行业横断面,自然实验与制度冲击;会计与存量流量约束;时序与领先滞后;多市场一致性,918,211,129-s010,129-s012,02_markdown_articles/129_2018-12-11_反者道之动.md,8aa51eb869f08016b7b6019f4aeae8e224bf40a98b1a8a7eccbaa6147f6e148f
129-s012,129,反者道之动,2018-12-11,产业、产能与能源转型,12,三、去杠杆政策调整效果需要观察,产能库存与工业周期,产能库存与工业周期;房地产与城市化;贸易与全球经济;股票与资本市场;财政与地方政府;信用债务与金融风险;消费收入与就业;企业盈利与资产负债表,资产负债表分析;国际与历史对标;总量—结构拆分,国内国际与资本流动;地区与城市横断面;主体资产负债表;收入年龄与家庭分组;所有制与企业类型;行业横断面,自然实验与制度冲击;会计与存量流量约束;时序与领先滞后;多市场一致性,331,216,129-s011,129-s013,02_markdown_articles/129_2018-12-11_反者道之动.md,276016e867d4c768dd1e876c54de193957d951ad923c45ceb2b7a61b406618fa
129-s013,129,反者道之动,2018-12-11,产业、产能与能源转型,13,四、全球经济回升出现反复,产能库存与工业周期,产能库存与工业周期;房地产与城市化;贸易与全球经济;股票与资本市场;财政与地方政府;信用债务与金融风险;消费收入与就业;企业盈利与资产负债表,资产负债表分析;国际与历史对标;总量—结构拆分,国内国际与资本流动;地区与城市横断面;主体资产负债表;收入年龄与家庭分组;所有制与企业类型;行业横断面,自然实验与制度冲击;会计与存量流量约束;时序与领先滞后;多市场一致性,469,201,129-s012,129-s014,02_markdown_articles/129_2018-12-11_反者道之动.md,c507ece5221ff01c83efe2304384491127c4d18e4c9ccb28e340bcc67228e133
129-s014,129,反者道之动,2018-12-11,产业、产能与能源转型,14,五、市场估值处于极限区域,产能库存与工业周期,产能库存与工业周期;房地产与城市化;贸易与全球经济;股票与资本市场;财政与地方政府;信用债务与金融风险;消费收入与就业;企业盈利与资产负债表,资产负债表分析;国际与历史对标;总量—结构拆分,国内国际与资本流动;地区与城市横断面;主体资产负债表;收入年龄与家庭分组;所有制与企业类型;行业横断面,自然实验与制度冲击;会计与存量流量约束;时序与领先滞后;多市场一致性,1040,202,129-s013,,02_markdown_articles/129_2018-12-11_反者道之动.md,14339017eace7c1db1afdf706781ce4177af7ad7080ed54fa7b50c24e6938ba3
130-s001,130,大宗商品价格上涨的原因、趋势及政策应对,2021-05-27,产业、产能与能源转型,1,正文,通胀与价格,通胀与价格;能源资源与碳转型;产能库存与工业周期;消费收入与就业;疫情冲击与宏观应对,国际与历史对标,产品与品类横断面;国内国际与资本流动;主体资产负债表;收入年龄与家庭分组,符号与量价组合;自然实验与制度冲击,997,0,,130-s002,02_markdown_articles/130_2021-05-27_大宗商品价格上涨的原因、趋势及政策应对.md,b5092944ebe4d6beebb7cd7acc8dbbc2da7c7a3297959c2356dfc36936913e58
130-s002,130,大宗商品价格上涨的原因、趋势及政策应对,2021-05-27,产业、产能与能源转型,2,正文,通胀与价格,通胀与价格;能源资源与碳转型;产能库存与工业周期;消费收入与就业;疫情冲击与宏观应对,国际与历史对标,产品与品类横断面;国内国际与资本流动;主体资产负债表;收入年龄与家庭分组,符号与量价组合;自然实验与制度冲击,972,201,130-s001,130-s003,02_markdown_articles/130_2021-05-27_大宗商品价格上涨的原因、趋势及政策应对.md,74957827f7b043fcd0f5385b4313543cb4ad0844edd2478cc85d57bdcfeb717b
130-s003,130,大宗商品价格上涨的原因、趋势及政策应对,2021-05-27,产业、产能与能源转型,3,正文,通胀与价格,通胀与价格;能源资源与碳转型;产能库存与工业周期;消费收入与就业;疫情冲击与宏观应对,国际与历史对标,产品与品类横断面;国内国际与资本流动;主体资产负债表;收入年龄与家庭分组,符号与量价组合;自然实验与制度冲击,970,199,130-s002,130-s004,02_markdown_articles/130_2021-05-27_大宗商品价格上涨的原因、趋势及政策应对.md,8173ec221a8832101d795489ed4b8d974d00717056ee2fe5686adc10fab2fe14
130-s004,130,大宗商品价格上涨的原因、趋势及政策应对,2021-05-27,产业、产能与能源转型,4,正文,通胀与价格,通胀与价格;能源资源与碳转型;产能库存与工业周期;消费收入与就业;疫情冲击与宏观应对,国际与历史对标,产品与品类横断面;国内国际与资本流动;主体资产负债表;收入年龄与家庭分组,符号与量价组合;自然实验与制度冲击,982,216,130-s003,130-s005,02_markdown_articles/130_2021-05-27_大宗商品价格上涨的原因、趋势及政策应对.md,5c8b1638b1a5e198b6fd89497fa36ba9979c76a10070ed95135823e19d21a674
130-s005,130,大宗商品价格上涨的原因、趋势及政策应对,2021-05-27,产业、产能与能源转型,5,正文,通胀与价格,通胀与价格;能源资源与碳转型;产能库存与工业周期;消费收入与就业;疫情冲击与宏观应对,国际与历史对标,产品与品类横断面;国内国际与资本流动;主体资产负债表;收入年龄与家庭分组,符号与量价组合;自然实验与制度冲击,1041,198,130-s004,130-s006,02_markdown_articles/130_2021-05-27_大宗商品价格上涨的原因、趋势及政策应对.md,10b27f2c8970fdbc06932f29f9adbaad411ef71799a69d69c63cbb28ac16e108
130-s006,130,大宗商品价格上涨的原因、趋势及政策应对,2021-05-27,产业、产能与能源转型,6,说明,通胀与价格,通胀与价格;能源资源与碳转型;产能库存与工业周期;消费收入与就业;疫情冲击与宏观应对,国际与历史对标,产品与品类横断面;国内国际与资本流动;主体资产负债表;收入年龄与家庭分组,符号与量价组合;自然实验与制度冲击,233,202,130-s005,,02_markdown_articles/130_2021-05-27_大宗商品价格上涨的原因、趋势及政策应对.md,9442035ebdc27191c2dbbd75db74c237d787c21e8fe95bcdd99704d2d41b1f35
131-s001,131,碳中和与双循环,2021-06-23,产业、产能与能源转型,1,正文,能源资源与碳转型,能源资源与碳转型;产能库存与工业周期;贸易与全球经济;疫情冲击与宏观应对,国际与历史对标,国内国际与资本流动,自然实验与制度冲击,1006,0,,131-s002,02_markdown_articles/131_2021-06-23_碳中和与双循环.md,8be983aea6bf8df7d51af4b2d1880545ac6272f759315c3a93bdb0fa22f6fba3
131-s002,131,碳中和与双循环,2021-06-23,产业、产能与能源转型,2,正文,能源资源与碳转型,能源资源与碳转型;产能库存与工业周期;贸易与全球经济;疫情冲击与宏观应对,国际与历史对标,国内国际与资本流动,自然实验与制度冲击,302,206,131-s001,131-s003,02_markdown_articles/131_2021-06-23_碳中和与双循环.md,8b78b58fc5cfbc824c77a8910dc0ab7d835735884a4f39ea5125c3b71f3c2211
131-s003,131,碳中和与双循环,2021-06-23,产业、产能与能源转型,3,（4）2021年—本轮经济复苏,能源资源与碳转型,能源资源与碳转型;产能库存与工业周期;贸易与全球经济;疫情冲击与宏观应对,国际与历史对标,国内国际与资本流动,自然实验与制度冲击,945,207,131-s002,131-s004,02_markdown_articles/131_2021-06-23_碳中和与双循环.md,61e067e1475e61c3d336ac1b0772c31d55f05b66f5aacbe4198ed6ee79402891
131-s004,131,碳中和与双循环,2021-06-23,产业、产能与能源转型,4,（4）2021年—本轮经济复苏,能源资源与碳转型,能源资源与碳转型;产能库存与工业周期;贸易与全球经济;疫情冲击与宏观应对,国际与历史对标,国内国际与资本流动,自然实验与制度冲击,338,209,131-s003,,02_markdown_articles/131_2021-06-23_碳中和与双循环.md,878f67d6093767a9a995d1150c696298d0d016e435c3278a3783db4b59b07e19
132-s001,132,能源短缺与碳达峰,2021-11-19,产业、产能与能源转型,1,正文,能源资源与碳转型,能源资源与碳转型;产能库存与工业周期,国际与历史对标,收入年龄与家庭分组;主体资产负债表,横断面梯度,1017,0,,132-s002,02_markdown_articles/132_2021-11-19_能源短缺与碳达峰.md,ad40e7e4be898722f2eb04fb76440faa8f97551764ae0fe57a3f9473f7be7572
132-s002,132,能源短缺与碳达峰,2021-11-19,产业、产能与能源转型,2,正文,能源资源与碳转型,能源资源与碳转型;产能库存与工业周期,国际与历史对标,收入年龄与家庭分组;主体资产负债表,横断面梯度,939,215,132-s001,132-s003,02_markdown_articles/132_2021-11-19_能源短缺与碳达峰.md,4003d1aa642ea6542d1408e243a20d509b2bbf826c4b357a280b14fb8b60fb51
132-s003,132,能源短缺与碳达峰,2021-11-19,产业、产能与能源转型,3,正文,能源资源与碳转型,能源资源与碳转型;产能库存与工业周期,国际与历史对标,收入年龄与家庭分组;主体资产负债表,横断面梯度,949,215,132-s002,132-s004,02_markdown_articles/132_2021-11-19_能源短缺与碳达峰.md,6a01889a00662ca11845e0eb467cecfc1f7dc560b2663d1a627684cd27e02c4e
132-s004,132,能源短缺与碳达峰,2021-11-19,产业、产能与能源转型,4,正文,能源资源与碳转型,能源资源与碳转型;产能库存与工业周期,国际与历史对标,收入年龄与家庭分组;主体资产负债表,横断面梯度,478,204,132-s003,,02_markdown_articles/132_2021-11-19_能源短缺与碳达峰.md,4291329528ffd05196e4e0dab50f7d7e5c4ede035699e59ca32bf41758d40e04
133-s001,133,“产能过剩”问题观察：历史规律、现实背景与应对策略,2024-06-14,产业、产能与能源转型,1,一、产能过剩是新兴行业发展历程中绕不开的阶段,产能库存与工业周期,产能库存与工业周期;贸易与全球经济;疫情冲击与宏观应对;消费收入与就业;产业升级与制造业;房地产与城市化;增长与总需求,国际与历史对标,国内国际与资本流动,会计与存量流量约束;自然实验与制度冲击;时序与领先滞后,412,0,,133-s002,02_markdown_articles/133_2024-06-14_“产能过剩”问题观察_历史规律、现实背景与应对策略.md,25800e9151be143f10815c1a6d41b9f1f0a94a4cb79e6c28d2fd7089bc18bd44
133-s002,133,“产能过剩”问题观察：历史规律、现实背景与应对策略,2024-06-14,产业、产能与能源转型,2,二、历史经验表明，中国政府并不乐见产能过剩,产能库存与工业周期,产能库存与工业周期;贸易与全球经济;疫情冲击与宏观应对;消费收入与就业;产业升级与制造业;房地产与城市化;增长与总需求,国际与历史对标,国内国际与资本流动,会计与存量流量约束;自然实验与制度冲击;时序与领先滞后,944,195,133-s001,133-s003,02_markdown_articles/133_2024-06-14_“产能过剩”问题观察_历史规律、现实背景与应对策略.md,bf985899f630f25447a97932455e82628b7a98e982162038a47239533a0539fb
133-s003,133,“产能过剩”问题观察：历史规律、现实背景与应对策略,2024-06-14,产业、产能与能源转型,3,三、从美国视角看，当前产能过剩争端主要根源在于中国出口竞争对美国收入分配的影响,产能库存与工业周期,产能库存与工业周期;贸易与全球经济;疫情冲击与宏观应对;消费收入与就业;产业升级与制造业;房地产与城市化;增长与总需求,国际与历史对标,国内国际与资本流动,会计与存量流量约束;自然实验与制度冲击;时序与领先滞后,945,209,133-s002,133-s004,02_markdown_articles/133_2024-06-14_“产能过剩”问题观察_历史规律、现实背景与应对策略.md,4a13a085e5b51b63b2a2a3619e81634ed817112edfbdc4e5c1c04ac0eb992499
133-s004,133,“产能过剩”问题观察：历史规律、现实背景与应对策略,2024-06-14,产业、产能与能源转型,4,三、从美国视角看，当前产能过剩争端主要根源在于中国出口竞争对美国收入分配的影响,产能库存与工业周期,产能库存与工业周期;贸易与全球经济;疫情冲击与宏观应对;消费收入与就业;产业升级与制造业;房地产与城市化;增长与总需求,国际与历史对标,国内国际与资本流动,会计与存量流量约束;自然实验与制度冲击;时序与领先滞后,263,209,133-s003,133-s005,02_markdown_articles/133_2024-06-14_“产能过剩”问题观察_历史规律、现实背景与应对策略.md,affbe364ac7b1bce302ec5504cb55474d774d9d59cc05bc5bc31a8d50ca99277
133-s005,133,“产能过剩”问题观察：历史规律、现实背景与应对策略,2024-06-14,产业、产能与能源转型,5,四、中国房地产市场的调整和疫情疤痕效应导致贸易盈余大幅扩张，成为目前产能过剩争端的周期背景,产能库存与工业周期,产能库存与工业周期;贸易与全球经济;疫情冲击与宏观应对;消费收入与就业;产业升级与制造业;房地产与城市化;增长与总需求,国际与历史对标,国内国际与资本流动,会计与存量流量约束;自然实验与制度冲击;时序与领先滞后,266,182,133-s004,133-s006,02_markdown_articles/133_2024-06-14_“产能过剩”问题观察_历史规律、现实背景与应对策略.md,69f1bb8100903f7cebfad5d8cfd7fcd14f9303faac1f7adf5e6953ca4b0c42b5
133-s006,133,“产能过剩”问题观察：历史规律、现实背景与应对策略,2024-06-14,产业、产能与能源转型,6,五、关于应对策略的考虑,产能库存与工业周期,产能库存与工业周期;贸易与全球经济;疫情冲击与宏观应对;消费收入与就业;产业升级与制造业;房地产与城市化;增长与总需求,国际与历史对标,国内国际与资本流动,会计与存量流量约束;自然实验与制度冲击;时序与领先滞后,266,202,133-s005,,02_markdown_articles/133_2024-06-14_“产能过剩”问题观察_历史规律、现实背景与应对策略.md,f366e26a015dcbfac36e9389b92216ed1ea5994dbc589afb6f0e46d26267d8eb
134-s001,134,贸易盈余趋势性下降的前因后果,2010-04-12,贸易、国际收支与全球经济,1,正文,贸易与全球经济,贸易与全球经济;汇率与国际收支;消费收入与就业;增长与总需求;产能库存与工业周期,国际与历史对标;总量—结构拆分;跨市场与跨资产验证,国内国际与资本流动;主体资产负债表,会计与存量流量约束;横断面梯度,994,0,,134-s002,02_markdown_articles/134_2010-04-12_贸易盈余趋势性下降的前因后果.md,ea59cebcd8e875f59ff14862cccf51231cad3e1597620d7b763a7046d545b98c
134-s002,134,贸易盈余趋势性下降的前因后果,2010-04-12,贸易、国际收支与全球经济,2,正文,贸易与全球经济,贸易与全球经济;汇率与国际收支;消费收入与就业;增长与总需求;产能库存与工业周期,国际与历史对标;总量—结构拆分;跨市场与跨资产验证,国内国际与资本流动;主体资产负债表,会计与存量流量约束;横断面梯度,920,213,134-s001,134-s003,02_markdown_articles/134_2010-04-12_贸易盈余趋势性下降的前因后果.md,462c9f6d451bf4fecadce8f40110808fb99a6487e7526f263ffc99584f1a3da5
134-s003,134,贸易盈余趋势性下降的前因后果,2010-04-12,贸易、国际收支与全球经济,3,正文,贸易与全球经济,贸易与全球经济;汇率与国际收支;消费收入与就业;增长与总需求;产能库存与工业周期,国际与历史对标;总量—结构拆分;跨市场与跨资产验证,国内国际与资本流动;主体资产负债表,会计与存量流量约束;横断面梯度,794,203,134-s002,134-s004,02_markdown_articles/134_2010-04-12_贸易盈余趋势性下降的前因后果.md,42142c95c7ab13e45c8a64674ca1b0da4b6fab84d72b749da04b119efcb3d8ca
134-s004,134,贸易盈余趋势性下降的前因后果,2010-04-12,贸易、国际收支与全球经济,4,正文,贸易与全球经济,贸易与全球经济;汇率与国际收支;消费收入与就业;增长与总需求;产能库存与工业周期,国际与历史对标;总量—结构拆分;跨市场与跨资产验证,国内国际与资本流动;主体资产负债表,会计与存量流量约束;横断面梯度,923,207,134-s003,134-s005,02_markdown_articles/134_2010-04-12_贸易盈余趋势性下降的前因后果.md,0762e807df56acfa38993fa84ba6eec79dff573b3878273c03eddb6758250ef6
134-s005,134,贸易盈余趋势性下降的前因后果,2010-04-12,贸易、国际收支与全球经济,5,正文,贸易与全球经济,贸易与全球经济;汇率与国际收支;消费收入与就业;增长与总需求;产能库存与工业周期,国际与历史对标;总量—结构拆分;跨市场与跨资产验证,国内国际与资本流动;主体资产负债表,会计与存量流量约束;横断面梯度,623,207,134-s004,,02_markdown_articles/134_2010-04-12_贸易盈余趋势性下降的前因后果.md,215eaacc1c4d4b2194fee81add03f586b230f96905d9794c8e1ea4a736997664
135-s001,135,一个基于国际收支变化的分析框架——产能周期理论概述之二,2012-01-10,贸易、国际收支与全球经济,1,正文,汇率与国际收支,汇率与国际收支;研究方法与证据;贸易与全球经济;产能库存与工业周期;增长与总需求;消费收入与就业,价格—数量联合验证,国内国际与资本流动;产品与品类横断面,会计与存量流量约束,435,0,,135-s002,02_markdown_articles/135_2012-01-10_一个基于国际收支变化的分析框架——产能周期理论概述之二.md,51008cbf70d44acbcdc99344e6c3413c9af7410c3554c2dbe04fa25d3883d8ff
135-s002,135,一个基于国际收支变化的分析框架——产能周期理论概述之二,2012-01-10,贸易、国际收支与全球经济,2,一、贸易部门和不可贸易部门,汇率与国际收支,汇率与国际收支;研究方法与证据;贸易与全球经济;产能库存与工业周期;增长与总需求;消费收入与就业,价格—数量联合验证,国内国际与资本流动;产品与品类横断面,会计与存量流量约束,937,209,135-s001,135-s003,02_markdown_articles/135_2012-01-10_一个基于国际收支变化的分析框架——产能周期理论概述之二.md,a8f194e3cd18ff9a45aa9f55f1041c1af69c178aa8b695b8d64fc825b0fbb7ea
135-s003,135,一个基于国际收支变化的分析框架——产能周期理论概述之二,2012-01-10,贸易、国际收支与全球经济,3,一、贸易部门和不可贸易部门,汇率与国际收支,汇率与国际收支;研究方法与证据;贸易与全球经济;产能库存与工业周期;增长与总需求;消费收入与就业,价格—数量联合验证,国内国际与资本流动;产品与品类横断面,会计与存量流量约束,268,209,135-s002,135-s004,02_markdown_articles/135_2012-01-10_一个基于国际收支变化的分析框架——产能周期理论概述之二.md,bf415869a221a21eaca15bfa1c216d2dcebf7dbfd89c6b38123310d1fb70aa1e
135-s004,135,一个基于国际收支变化的分析框架——产能周期理论概述之二,2012-01-10,贸易、国际收支与全球经济,4,三、供应曲线的扩张,汇率与国际收支,汇率与国际收支;研究方法与证据;贸易与全球经济;产能库存与工业周期;增长与总需求;消费收入与就业,价格—数量联合验证,国内国际与资本流动;产品与品类横断面,会计与存量流量约束,285,199,135-s003,135-s005,02_markdown_articles/135_2012-01-10_一个基于国际收支变化的分析框架——产能周期理论概述之二.md,5fdfcdc595f1b977bc8185467acc45c7cde526de3cb207c07aac9806ed954e95
135-s005,135,一个基于国际收支变化的分析框架——产能周期理论概述之二,2012-01-10,贸易、国际收支与全球经济,5,四、全球需求的扩张（或汇率贬值）,汇率与国际收支,汇率与国际收支;研究方法与证据;贸易与全球经济;产能库存与工业周期;增长与总需求;消费收入与就业,价格—数量联合验证,国内国际与资本流动;产品与品类横断面,会计与存量流量约束,285,212,135-s004,135-s006,02_markdown_articles/135_2012-01-10_一个基于国际收支变化的分析框架——产能周期理论概述之二.md,3b3e12448a2d1dd801f0923ff854bcb503755a85a68ffb04cb4c76fe316eaba3
135-s006,135,一个基于国际收支变化的分析框架——产能周期理论概述之二,2012-01-10,贸易、国际收支与全球经济,6,五、理论应用中的问题,汇率与国际收支,汇率与国际收支;研究方法与证据;贸易与全球经济;产能库存与工业周期;增长与总需求;消费收入与就业,价格—数量联合验证,国内国际与资本流动;产品与品类横断面,会计与存量流量约束,575,195,135-s005,,02_markdown_articles/135_2012-01-10_一个基于国际收支变化的分析框架——产能周期理论概述之二.md,c39f2ceb4a3996af3780624e38b1f2a4d98c8d0761ea10c1f64d59dc97337fa7
136-s001,136,总供求平衡与国际收支波动,2012-06-21,贸易、国际收支与全球经济,1,正文,贸易与全球经济,贸易与全球经济;汇率与国际收支,价格—数量联合验证,国内国际与资本流动,会计与存量流量约束,123,0,,,02_markdown_articles/136_2012-06-21_总供求平衡与国际收支波动.md,5ee59b6975b4f222bb3402dd7acdb5a6c65aa15feb49258f92c0d595a398e9f7
137-s001,137,供给侧也有“三驾马车”,2015-11-27,贸易、国际收支与全球经济,1,正文,贸易与全球经济,贸易与全球经济;产能库存与工业周期;财政与地方政府,存量—流量与会计闭合,主体资产负债表,会计与存量流量约束,943,0,,,02_markdown_articles/137_2015-11-27_供给侧也有“三驾马车”.md,93b69fa4da614c136fd36cc582f9a9541aca6d872013fe9c25fffdc584f2ab07
138-s001,138,进口大幅增长 经济数据积极,2017-03-14,贸易、国际收支与全球经济,1,内容提要,贸易与全球经济,贸易与全球经济;利率与债券市场;通胀与价格;房地产与城市化;产业升级与制造业;汇率与国际收支;产能库存与工业周期;增长与总需求,国际与历史对标,地区与城市横断面;国内国际与资本流动;产品与品类横断面,自然实验与制度冲击,280,0,,138-s002,02_markdown_articles/138_2017-03-14_进口大幅增长_经济数据积极.md,20bf63c9a42bbc183ec303441f211e257ab2ca872d68be3ea4af4ed9cc015905
138-s002,138,进口大幅增长 经济数据积极,2017-03-14,贸易、国际收支与全球经济,2,内容提要,贸易与全球经济,贸易与全球经济;利率与债券市场;通胀与价格;房地产与城市化;产业升级与制造业;汇率与国际收支;产能库存与工业周期;增长与总需求,国际与历史对标,地区与城市横断面;国内国际与资本流动;产品与品类横断面,自然实验与制度冲击,297,203,138-s001,138-s003,02_markdown_articles/138_2017-03-14_进口大幅增长_经济数据积极.md,57c89d38a05b361a26afd005d5a316607ce4180517302dbd3b12aed246ffcdf6
138-s003,138,进口大幅增长 经济数据积极,2017-03-14,贸易、国际收支与全球经济,3,一、经济数据积极，进口增速超预期 > 15.8%。2016 年年初较低的基数对耗煤量高增长有一定影响，即便考虑这一影响，1-2 月工业生产情况应该仍然较强。2,贸易与全球经济,贸易与全球经济;利率与债券市场;通胀与价格;房地产与城市化;产业升级与制造业;汇率与国际收支;产能库存与工业周期;增长与总需求,国际与历史对标,地区与城市横断面;国内国际与资本流动;产品与品类横断面,自然实验与制度冲击,1099,211,138-s002,138-s004,02_markdown_articles/138_2017-03-14_进口大幅增长_经济数据积极.md,4fc917167ac0cd72016557d184749c335a41065f0ea32448d89b78c1c7c4a7e3
138-s004,138,进口大幅增长 经济数据积极,2017-03-14,贸易、国际收支与全球经济,4,二、PPI环比增速或仍然较高,贸易与全球经济,贸易与全球经济;利率与债券市场;通胀与价格;房地产与城市化;产业升级与制造业;汇率与国际收支;产能库存与工业周期;增长与总需求,国际与历史对标,地区与城市横断面;国内国际与资本流动;产品与品类横断面,自然实验与制度冲击,274,209,138-s003,138-s005,02_markdown_articles/138_2017-03-14_进口大幅增长_经济数据积极.md,7e7c16f3fedb33b4c58106c95c2821bf0c4ed5bcace3de4edbe748a96fbf062b
138-s005,138,进口大幅增长 经济数据积极,2017-03-14,贸易、国际收支与全球经济,5,二、PPI环比增速或仍然较高 > 1.5%。螺纹钢现货、期货价格稳定在高位。铁矿石现货价格仍然高企，期货价格有所回落。,贸易与全球经济,贸易与全球经济;利率与债券市场;通胀与价格;房地产与城市化;产业升级与制造业;汇率与国际收支;产能库存与工业周期;增长与总需求,国际与历史对标,地区与城市横断面;国内国际与资本流动;产品与品类横断面,自然实验与制度冲击,271,207,138-s004,138-s006,02_markdown_articles/138_2017-03-14_进口大幅增长_经济数据积极.md,b5532ac5fd60b44e433158d49140bfe2e68a14ce8738d7060268ff0a0adacfd2
138-s006,138,进口大幅增长 经济数据积极,2017-03-14,贸易、国际收支与全球经济,6,三、债券收益率维持高位，贬值压力缓解,贸易与全球经济,贸易与全球经济;利率与债券市场;通胀与价格;房地产与城市化;产业升级与制造业;汇率与国际收支;产能库存与工业周期;增长与总需求,国际与历史对标,地区与城市横断面;国内国际与资本流动;产品与品类横断面,自然实验与制度冲击,559,216,138-s005,138-s007,02_markdown_articles/138_2017-03-14_进口大幅增长_经济数据积极.md,a9ca2348e401782e53761add21b62c0c1e62fd2dffdc23f0f2df2d5a53b11c6e
138-s007,138,进口大幅增长 经济数据积极,2017-03-14,贸易、国际收支与全球经济,7,四、海外经济,贸易与全球经济,贸易与全球经济;利率与债券市场;通胀与价格;房地产与城市化;产业升级与制造业;汇率与国际收支;产能库存与工业周期;增长与总需求,国际与历史对标,地区与城市横断面;国内国际与资本流动;产品与品类横断面,自然实验与制度冲击,382,197,138-s006,,02_markdown_articles/138_2017-03-14_进口大幅增长_经济数据积极.md,aa9ce7415d25073f29d14a2f2165ad4d8961d68f766d660befa5aa186b04c3fe
139-s001,139,中美关系已进入修昔底德陷阱,2018-03-21,贸易、国际收支与全球经济,1,提要：,贸易与全球经济,贸易与全球经济;产业升级与制造业,国际与历史对标,国内国际与资本流动,横断面梯度,973,0,,139-s002,02_markdown_articles/139_2018-03-21_中美关系已进入修昔底德陷阱.md,c1e71783a5bf27c7b1362ea52f5df02921420e8f5326b0340092d0afd83fb085
139-s002,139,中美关系已进入修昔底德陷阱,2018-03-21,贸易、国际收支与全球经济,2,提要：,贸易与全球经济,贸易与全球经济;产业升级与制造业,国际与历史对标,国内国际与资本流动,横断面梯度,878,205,139-s001,139-s003,02_markdown_articles/139_2018-03-21_中美关系已进入修昔底德陷阱.md,ae7b476ae117f9064f7c01bff0d501f182a622cf7de0ac9b67494c69cb1dc8ed
139-s003,139,中美关系已进入修昔底德陷阱,2018-03-21,贸易、国际收支与全球经济,3,提要：,贸易与全球经济,贸易与全球经济;产业升级与制造业,国际与历史对标,国内国际与资本流动,横断面梯度,940,203,139-s002,139-s004,02_markdown_articles/139_2018-03-21_中美关系已进入修昔底德陷阱.md,67fabac841f348ee5b0c034f336bfe8e86854b14338d52c01c9d0e03aa9a27a1
139-s004,139,中美关系已进入修昔底德陷阱,2018-03-21,贸易、国际收支与全球经济,4,提要：,贸易与全球经济,贸易与全球经济;产业升级与制造业,国际与历史对标,国内国际与资本流动,横断面梯度,651,200,139-s003,,02_markdown_articles/139_2018-03-21_中美关系已进入修昔底德陷阱.md,8a3970be88ab216493107d76305e689c8c96bb8b6006b522ca35487c134f0419
140-s001,140,中美贸易战的走向,2018-06-21,贸易、国际收支与全球经济,1,正文,贸易与全球经济,贸易与全球经济,国际与历史对标,国内国际与资本流动,横断面梯度,1137,0,,,02_markdown_articles/140_2018-06-21_中美贸易战的走向.md,b5ba5925086b2221709d892f99eafea49d9b9f542d3a070cf001baa75511a91c
141-s001,141,经济下行风险累积,2018-07-31,贸易、国际收支与全球经济,1,1、二季度GDP和工业增速走弱,贸易与全球经济,贸易与全球经济;房地产与城市化;财政与地方政府;增长与总需求;消费收入与就业;产能库存与工业周期;通胀与价格;信用债务与金融风险,国际与历史对标;资产负债表分析,国内国际与资本流动,自然实验与制度冲击,285,0,,141-s002,02_markdown_articles/141_2018-07-31_经济下行风险累积.md,720a1f2d242e17dfa6c9e9fd9a1324b28bc69ec760c70e7dbb1c7ad716d74c8c
141-s002,141,经济下行风险累积,2018-07-31,贸易、国际收支与全球经济,2,1、二季度GDP和工业增速走弱,贸易与全球经济,贸易与全球经济;房地产与城市化;财政与地方政府;增长与总需求;消费收入与就业;产能库存与工业周期;通胀与价格;信用债务与金融风险,国际与历史对标;资产负债表分析,国内国际与资本流动,自然实验与制度冲击,282,203,141-s001,141-s003,02_markdown_articles/141_2018-07-31_经济下行风险累积.md,dde32c67cf7f9df3bd4625447e221c2589d61fc87698e114f50fd619936f9653
141-s003,141,经济下行风险累积,2018-07-31,贸易、国际收支与全球经济,3,2、基建大幅下滑拖累固定资产投资,贸易与全球经济,贸易与全球经济;房地产与城市化;财政与地方政府;增长与总需求;消费收入与就业;产能库存与工业周期;通胀与价格;信用债务与金融风险,国际与历史对标;资产负债表分析,国内国际与资本流动,自然实验与制度冲击,343,211,141-s002,141-s004,02_markdown_articles/141_2018-07-31_经济下行风险累积.md,c7b9facf60438e916d65c3db952f156971897c7d4eb981987f249a09433d37bf
141-s004,141,经济下行风险累积,2018-07-31,贸易、国际收支与全球经济,4,4、消费增速延续下滑,贸易与全球经济,贸易与全球经济;房地产与城市化;财政与地方政府;增长与总需求;消费收入与就业;产能库存与工业周期;通胀与价格;信用债务与金融风险,国际与历史对标;资产负债表分析,国内国际与资本流动,自然实验与制度冲击,280,209,141-s003,141-s005,02_markdown_articles/141_2018-07-31_经济下行风险累积.md,0580d93d947a99c31ee687a01587222eea864a8d1db4273437f7654e0bb65206
141-s005,141,经济下行风险累积,2018-07-31,贸易、国际收支与全球经济,5,5、出口有进一步下滑风险,贸易与全球经济,贸易与全球经济;房地产与城市化;财政与地方政府;增长与总需求;消费收入与就业;产能库存与工业周期;通胀与价格;信用债务与金融风险,国际与历史对标;资产负债表分析,国内国际与资本流动,自然实验与制度冲击,911,215,141-s004,141-s006,02_markdown_articles/141_2018-07-31_经济下行风险累积.md,c04374d1c0729529bbee3f58f512c987487975ab5912d9f675d4873509f5be8b
141-s006,141,经济下行风险累积,2018-07-31,贸易、国际收支与全球经济,6,5、出口有进一步下滑风险,贸易与全球经济,贸易与全球经济;房地产与城市化;财政与地方政府;增长与总需求;消费收入与就业;产能库存与工业周期;通胀与价格;信用债务与金融风险,国际与历史对标;资产负债表分析,国内国际与资本流动,自然实验与制度冲击,654,199,141-s005,,02_markdown_articles/141_2018-07-31_经济下行风险累积.md,ea25143e78b0c7d13fc02db5e47006c75a8701bcd58b5623bf314aa39e0fef02
142-s001,142,中美贸易战影响如何？,2018-09-30,贸易、国际收支与全球经济,1,正文,贸易与全球经济,贸易与全球经济;股票与资本市场;汇率与国际收支;企业盈利与资产负债表;信用债务与金融风险,国际与历史对标;资产负债表分析,国内国际与资本流动,自然实验与制度冲击,957,0,,142-s002,02_markdown_articles/142_2018-09-30_中美贸易战影响如何.md,d43868931e8a38991d015118f6963cfba2cc90300a9168f947db26ad1b89d538
142-s002,142,中美贸易战影响如何？,2018-09-30,贸易、国际收支与全球经济,2,正文,贸易与全球经济,贸易与全球经济;股票与资本市场;汇率与国际收支;企业盈利与资产负债表;信用债务与金融风险,国际与历史对标;资产负债表分析,国内国际与资本流动,自然实验与制度冲击,1191,201,142-s001,142-s003,02_markdown_articles/142_2018-09-30_中美贸易战影响如何.md,840687230fc0c704028a7c8ef72b6c38ad33020a7d6facc5a56415684102bca3
142-s003,142,中美贸易战影响如何？,2018-09-30,贸易、国际收支与全球经济,3,正文,贸易与全球经济,贸易与全球经济;股票与资本市场;汇率与国际收支;企业盈利与资产负债表;信用债务与金融风险,国际与历史对标;资产负债表分析,国内国际与资本流动,自然实验与制度冲击,919,212,142-s002,142-s004,02_markdown_articles/142_2018-09-30_中美贸易战影响如何.md,348f552f9fa49dfd1f1262dd07fb7a9c5e3228c468378bd6038c14b3c842565a
142-s004,142,中美贸易战影响如何？,2018-09-30,贸易、国际收支与全球经济,4,正文,贸易与全球经济,贸易与全球经济;股票与资本市场;汇率与国际收支;企业盈利与资产负债表;信用债务与金融风险,国际与历史对标;资产负债表分析,国内国际与资本流动,自然实验与制度冲击,930,200,142-s003,142-s005,02_markdown_articles/142_2018-09-30_中美贸易战影响如何.md,65e691b20af225b40c9100824705398de1de22a553e5429adf5759fe0f78f957
142-s005,142,中美贸易战影响如何？,2018-09-30,贸易、国际收支与全球经济,5,正文,贸易与全球经济,贸易与全球经济;股票与资本市场;汇率与国际收支;企业盈利与资产负债表;信用债务与金融风险,国际与历史对标;资产负债表分析,国内国际与资本流动,自然实验与制度冲击,1048,216,142-s004,142-s006,02_markdown_articles/142_2018-09-30_中美贸易战影响如何.md,8529e28b01a4cc3e9d9c9768a78ff98136bb4fefd7920da642cdc4b03e562664
142-s006,142,中美贸易战影响如何？,2018-09-30,贸易、国际收支与全球经济,6,正文,贸易与全球经济,贸易与全球经济;股票与资本市场;汇率与国际收支;企业盈利与资产负债表;信用债务与金融风险,国际与历史对标;资产负债表分析,国内国际与资本流动,自然实验与制度冲击,493,216,142-s005,,02_markdown_articles/142_2018-09-30_中美贸易战影响如何.md,a269cea23f919cae19593a9456cdeb994d8e1c7f0631a97f13ac33dc6954676a
143-s001,143,外需走弱内需疲软，水泥强势值得关注,2018-11-22,贸易、国际收支与全球经济,1,正文,贸易与全球经济,贸易与全球经济;产能库存与工业周期;增长与总需求;房地产与城市化;能源资源与碳转型;产业升级与制造业;消费收入与就业;财政与地方政府,可证伪假说,国内国际与资本流动,多市场一致性,1002,0,,143-s002,"02_markdown_articles/143_2018-11-22_外需走弱内需疲软,水泥强势值得关注.md",ab639ae3ce8884eb12d19c443d66070dedbede1f0548f01c1e646859b3dfed6b
143-s002,143,外需走弱内需疲软，水泥强势值得关注,2018-11-22,贸易、国际收支与全球经济,2,正文,贸易与全球经济,贸易与全球经济;产能库存与工业周期;增长与总需求;房地产与城市化;能源资源与碳转型;产业升级与制造业;消费收入与就业;财政与地方政府,可证伪假说,国内国际与资本流动,多市场一致性,992,213,143-s001,143-s003,"02_markdown_articles/143_2018-11-22_外需走弱内需疲软,水泥强势值得关注.md",a91f1a39acb1158c93e2658f6150eb39d88aeab50f12e0b4ba4b342d16e60e23
143-s003,143,外需走弱内需疲软，水泥强势值得关注,2018-11-22,贸易、国际收支与全球经济,3,正文,贸易与全球经济,贸易与全球经济;产能库存与工业周期;增长与总需求;房地产与城市化;能源资源与碳转型;产业升级与制造业;消费收入与就业;财政与地方政府,可证伪假说,国内国际与资本流动,多市场一致性,851,205,143-s002,,"02_markdown_articles/143_2018-11-22_外需走弱内需疲软,水泥强势值得关注.md",22aa7f05b478237c70b26a593bf0137ca7cd379542c9e61c09de8e5e1b8891ff
144-s001,144,进出口走势不容乐观，托底政策将持续出台,2019-01-15,贸易、国际收支与全球经济,1,正文,贸易与全球经济,贸易与全球经济,国际与历史对标,国内国际与资本流动,反证与不相容事实,798,0,,,"02_markdown_articles/144_2019-01-15_进出口走势不容乐观,托底政策将持续出台.md",3d285f01fae5c210f8a64e951135341eef21073a2d6b959323de49abf81bb565
145-s001,145,静水深流,2019-05-29,贸易、国际收支与全球经济,1,内容提要,贸易与全球经济,贸易与全球经济;房地产与城市化;消费收入与就业;信用债务与金融风险;股票与资本市场;企业盈利与资产负债表;研究方法与证据;增长与总需求,资产负债表分析;国际与历史对标;存量—流量与会计闭合,国内国际与资本流动;主体资产负债表;收入年龄与家庭分组,会计与存量流量约束;时序与领先滞后;负向预测与证伪阈值,362,0,,145-s002,02_markdown_articles/145_2019-05-29_静水深流.md,0d65a48bc5d42e41b5bafe2982f10b5e4759a2a03be274bc57096ce64ce803c0
145-s002,145,静水深流,2019-05-29,贸易、国际收支与全球经济,2,内容提要,贸易与全球经济,贸易与全球经济;房地产与城市化;消费收入与就业;信用债务与金融风险;股票与资本市场;企业盈利与资产负债表;研究方法与证据;增长与总需求,资产负债表分析;国际与历史对标;存量—流量与会计闭合,国内国际与资本流动;主体资产负债表;收入年龄与家庭分组,会计与存量流量约束;时序与领先滞后;负向预测与证伪阈值,424,208,145-s001,145-s003,02_markdown_articles/145_2019-05-29_静水深流.md,331a209d691884b4727500027ed7b40886907059df6ce27e0eaa1500da02ac1d
145-s003,145,静水深流,2019-05-29,贸易、国际收支与全球经济,3,一、权益市场已经比较充分地吸收了贸易战的影响,贸易与全球经济,贸易与全球经济;房地产与城市化;消费收入与就业;信用债务与金融风险;股票与资本市场;企业盈利与资产负债表;研究方法与证据;增长与总需求,资产负债表分析;国际与历史对标;存量—流量与会计闭合,国内国际与资本流动;主体资产负债表;收入年龄与家庭分组,会计与存量流量约束;时序与领先滞后;负向预测与证伪阈值,920,216,145-s002,145-s004,02_markdown_articles/145_2019-05-29_静水深流.md,f50be704cb086053dc9469713093261b3c5dafbff841350b92eb2767771b8b9f
145-s004,145,静水深流,2019-05-29,贸易、国际收支与全球经济,4,一、权益市场已经比较充分地吸收了贸易战的影响,贸易与全球经济,贸易与全球经济;房地产与城市化;消费收入与就业;信用债务与金融风险;股票与资本市场;企业盈利与资产负债表;研究方法与证据;增长与总需求,资产负债表分析;国际与历史对标;存量—流量与会计闭合,国内国际与资本流动;主体资产负债表;收入年龄与家庭分组,会计与存量流量约束;时序与领先滞后;负向预测与证伪阈值,904,213,145-s003,145-s005,02_markdown_articles/145_2019-05-29_静水深流.md,35c7eb1d6bed1e1e4dd9cc5b9c7e181be3273121d8dd088b2ac0dd7cd5ab6b77
145-s005,145,静水深流,2019-05-29,贸易、国际收支与全球经济,5,一、权益市场已经比较充分地吸收了贸易战的影响,贸易与全球经济,贸易与全球经济;房地产与城市化;消费收入与就业;信用债务与金融风险;股票与资本市场;企业盈利与资产负债表;研究方法与证据;增长与总需求,资产负债表分析;国际与历史对标;存量—流量与会计闭合,国内国际与资本流动;主体资产负债表;收入年龄与家庭分组,会计与存量流量约束;时序与领先滞后;负向预测与证伪阈值,497,208,145-s004,145-s006,02_markdown_articles/145_2019-05-29_静水深流.md,417a1442aab1b2347943029287b489952ba07c7001cd0a56c4436375687d6208
145-s006,145,静水深流,2019-05-29,贸易、国际收支与全球经济,6,二、去杠杆和贸易战导致全球经济减速,贸易与全球经济,贸易与全球经济;房地产与城市化;消费收入与就业;信用债务与金融风险;股票与资本市场;企业盈利与资产负债表;研究方法与证据;增长与总需求,资产负债表分析;国际与历史对标;存量—流量与会计闭合,国内国际与资本流动;主体资产负债表;收入年龄与家庭分组,会计与存量流量约束;时序与领先滞后;负向预测与证伪阈值,951,204,145-s005,145-s007,02_markdown_articles/145_2019-05-29_静水深流.md,413f69a309f32ad4d032292f86c2977e21956929c334fff9484d2423de87f8d3
145-s007,145,静水深流,2019-05-29,贸易、国际收支与全球经济,7,二、去杠杆和贸易战导致全球经济减速,贸易与全球经济,贸易与全球经济;房地产与城市化;消费收入与就业;信用债务与金融风险;股票与资本市场;企业盈利与资产负债表;研究方法与证据;增长与总需求,资产负债表分析;国际与历史对标;存量—流量与会计闭合,国内国际与资本流动;主体资产负债表;收入年龄与家庭分组,会计与存量流量约束;时序与领先滞后;负向预测与证伪阈值,405,208,145-s006,145-s008,02_markdown_articles/145_2019-05-29_静水深流.md,130229a80bd84106ca840abe10ceb2dc79b46bff4836f049ffafdbe55f3f12a8
145-s008,145,静水深流,2019-05-29,贸易、国际收支与全球经济,8,三、消费增速的下行,贸易与全球经济,贸易与全球经济;房地产与城市化;消费收入与就业;信用债务与金融风险;股票与资本市场;企业盈利与资产负债表;研究方法与证据;增长与总需求,资产负债表分析;国际与历史对标;存量—流量与会计闭合,国内国际与资本流动;主体资产负债表;收入年龄与家庭分组,会计与存量流量约束;时序与领先滞后;负向预测与证伪阈值,934,200,145-s007,145-s009,02_markdown_articles/145_2019-05-29_静水深流.md,bebacb3ca7d4bada907266667442552ce6ca95f219335095ebecef68a83128e9
145-s009,145,静水深流,2019-05-29,贸易、国际收支与全球经济,9,三、消费增速的下行,贸易与全球经济,贸易与全球经济;房地产与城市化;消费收入与就业;信用债务与金融风险;股票与资本市场;企业盈利与资产负债表;研究方法与证据;增长与总需求,资产负债表分析;国际与历史对标;存量—流量与会计闭合,国内国际与资本流动;主体资产负债表;收入年龄与家庭分组,会计与存量流量约束;时序与领先滞后;负向预测与证伪阈值,970,206,145-s008,145-s010,02_markdown_articles/145_2019-05-29_静水深流.md,84318090dcedf6307120ae2d37aa6fdc79f62e4bbaf5f6fa8be6460ef3ec7345
145-s010,145,静水深流,2019-05-29,贸易、国际收支与全球经济,10,三、消费增速的下行,贸易与全球经济,贸易与全球经济;房地产与城市化;消费收入与就业;信用债务与金融风险;股票与资本市场;企业盈利与资产负债表;研究方法与证据;增长与总需求,资产负债表分析;国际与历史对标;存量—流量与会计闭合,国内国际与资本流动;主体资产负债表;收入年龄与家庭分组,会计与存量流量约束;时序与领先滞后;负向预测与证伪阈值,950,211,145-s009,145-s011,02_markdown_articles/145_2019-05-29_静水深流.md,f35f623a4980620f0b1de97315eb4ee44dacc9a6bdf56a13e4393234f477e428
145-s011,145,静水深流,2019-05-29,贸易、国际收支与全球经济,11,三、消费增速的下行,贸易与全球经济,贸易与全球经济;房地产与城市化;消费收入与就业;信用债务与金融风险;股票与资本市场;企业盈利与资产负债表;研究方法与证据;增长与总需求,资产负债表分析;国际与历史对标;存量—流量与会计闭合,国内国际与资本流动;主体资产负债表;收入年龄与家庭分组,会计与存量流量约束;时序与领先滞后;负向预测与证伪阈值,606,203,145-s010,,02_markdown_articles/145_2019-05-29_静水深流.md,75c92991a972c0be363f9aad6ce2d96787850cd87981f899e5af76ed2c3ed186
146-s001,146,贸易战对实体经济的影响如何,2019-08-23,贸易、国际收支与全球经济,1,正文,贸易与全球经济,贸易与全球经济;产业升级与制造业;产能库存与工业周期,国际与历史对标,国内国际与资本流动,多市场一致性,1241,0,,,02_markdown_articles/146_2019-08-23_贸易战对实体经济的影响如何.md,c0ed2dc61bbaf23697f660114b259e7c3f85a219a04f9aac79d7ed4e08a2391f
147-s001,147,让历史照亮未来,2019-11-10,贸易、国际收支与全球经济,1,正文,贸易与全球经济,贸易与全球经济,国际与历史对标,国内国际与资本流动,时序与领先滞后,908,0,,147-s002,02_markdown_articles/147_2019-11-10_让历史照亮未来.md,9be1b1c6f6001a9cdb4a940fb8ec7bf0d16e127f3ae8256690df0101f7fd533c
147-s002,147,让历史照亮未来,2019-11-10,贸易、国际收支与全球经济,2,正文,贸易与全球经济,贸易与全球经济,国际与历史对标,国内国际与资本流动,时序与领先滞后,784,208,147-s001,,02_markdown_articles/147_2019-11-10_让历史照亮未来.md,e2be86d2c2e9928737c15bef3beace8ddf83682562f79487b21fe65226bc4330
148-s001,148,吹尽狂沙始到金,2022-07-02,贸易、国际收支与全球经济,1,内容提要,贸易与全球经济,贸易与全球经济;增长与总需求;股票与资本市场;汇率与国际收支;财政与地方政府;研究方法与证据;金融制度与监管;货币与流动性,国际与历史对标;广谱利率与流动性;广谱横断面观察;存量—流量与会计闭合;情景与预测复盘,收入年龄与家庭分组;国内国际与资本流动;主体资产负债表,时序与领先滞后;会计与存量流量约束;自然实验与制度冲击,291,0,,148-s002,02_markdown_articles/148_2022-07-02_吹尽狂沙始到金.md,c9304165b828d6b6d73d9fabd66b700250f853dad08b7a79f91b5bcac9b8d75c
148-s002,148,吹尽狂沙始到金,2022-07-02,贸易、国际收支与全球经济,2,内容提要,贸易与全球经济,贸易与全球经济;增长与总需求;股票与资本市场;汇率与国际收支;财政与地方政府;研究方法与证据;金融制度与监管;货币与流动性,国际与历史对标;广谱利率与流动性;广谱横断面观察;存量—流量与会计闭合;情景与预测复盘,收入年龄与家庭分组;国内国际与资本流动;主体资产负债表,时序与领先滞后;会计与存量流量约束;自然实验与制度冲击,265,204,148-s001,148-s003,02_markdown_articles/148_2022-07-02_吹尽狂沙始到金.md,5048883ad982973846ec09a262aac9783d10d461411e30c72eb0a532b04a2b44
148-s003,148,吹尽狂沙始到金,2022-07-02,贸易、国际收支与全球经济,3,一、对当前市场情况的基本判断,贸易与全球经济,贸易与全球经济;增长与总需求;股票与资本市场;汇率与国际收支;财政与地方政府;研究方法与证据;金融制度与监管;货币与流动性,国际与历史对标;广谱利率与流动性;广谱横断面观察;存量—流量与会计闭合;情景与预测复盘,收入年龄与家庭分组;国内国际与资本流动;主体资产负债表,时序与领先滞后;会计与存量流量约束;自然实验与制度冲击,914,145,148-s002,148-s004,02_markdown_articles/148_2022-07-02_吹尽狂沙始到金.md,afd6f184995c3be21a6632ab2f53df78bde9b947951a652f862ac1ae25873f7e
148-s004,148,吹尽狂沙始到金,2022-07-02,贸易、国际收支与全球经济,4,一、对当前市场情况的基本判断,贸易与全球经济,贸易与全球经济;增长与总需求;股票与资本市场;汇率与国际收支;财政与地方政府;研究方法与证据;金融制度与监管;货币与流动性,国际与历史对标;广谱利率与流动性;广谱横断面观察;存量—流量与会计闭合;情景与预测复盘,收入年龄与家庭分组;国内国际与资本流动;主体资产负债表,时序与领先滞后;会计与存量流量约束;自然实验与制度冲击,355,211,148-s003,148-s005,02_markdown_articles/148_2022-07-02_吹尽狂沙始到金.md,28a8ebf600e7f4b5e6def546e65e70e7d629989feca932a70b5daedd3b300e44
148-s005,148,吹尽狂沙始到金,2022-07-02,贸易、国际收支与全球经济,5,二、迈向2035年中等发达国家的困难和挑战 > （一）我国即将跨过世界银行定义的高收入经济体门槛,贸易与全球经济,贸易与全球经济;增长与总需求;股票与资本市场;汇率与国际收支;财政与地方政府;研究方法与证据;金融制度与监管;货币与流动性,国际与历史对标;广谱利率与流动性;广谱横断面观察;存量—流量与会计闭合;情景与预测复盘,收入年龄与家庭分组;国内国际与资本流动;主体资产负债表,时序与领先滞后;会计与存量流量约束;自然实验与制度冲击,925,197,148-s004,148-s006,02_markdown_articles/148_2022-07-02_吹尽狂沙始到金.md,044a62a6eeef6aa8b5bcdfb50b1889f2188ad7ba9a83ceccd269bc222c8407fc
148-s006,148,吹尽狂沙始到金,2022-07-02,贸易、国际收支与全球经济,6,二、迈向2035年中等发达国家的困难和挑战 > （一）我国即将跨过世界银行定义的高收入经济体门槛,贸易与全球经济,贸易与全球经济;增长与总需求;股票与资本市场;汇率与国际收支;财政与地方政府;研究方法与证据;金融制度与监管;货币与流动性,国际与历史对标;广谱利率与流动性;广谱横断面观察;存量—流量与会计闭合;情景与预测复盘,收入年龄与家庭分组;国内国际与资本流动;主体资产负债表,时序与领先滞后;会计与存量流量约束;自然实验与制度冲击,283,212,148-s005,148-s007,02_markdown_articles/148_2022-07-02_吹尽狂沙始到金.md,f94ba0397d9c819843b7cb9d8e3590ce8ab5ddd502b062460303df0aa54ac1c3
148-s007,148,吹尽狂沙始到金,2022-07-02,贸易、国际收支与全球经济,7,二、迈向2035年中等发达国家的困难和挑战 > （二）我国迈向2035年中等发达国家所需的经济增长,贸易与全球经济,贸易与全球经济;增长与总需求;股票与资本市场;汇率与国际收支;财政与地方政府;研究方法与证据;金融制度与监管;货币与流动性,国际与历史对标;广谱利率与流动性;广谱横断面观察;存量—流量与会计闭合;情景与预测复盘,收入年龄与家庭分组;国内国际与资本流动;主体资产负债表,时序与领先滞后;会计与存量流量约束;自然实验与制度冲击,934,210,148-s006,148-s008,02_markdown_articles/148_2022-07-02_吹尽狂沙始到金.md,5f2cfa064979110e0f4ce256b1eec45708481097278b78f36097dd68a24c3c25
148-s008,148,吹尽狂沙始到金,2022-07-02,贸易、国际收支与全球经济,8,二、迈向2035年中等发达国家的困难和挑战 > （二）我国迈向2035年中等发达国家所需的经济增长,贸易与全球经济,贸易与全球经济;增长与总需求;股票与资本市场;汇率与国际收支;财政与地方政府;研究方法与证据;金融制度与监管;货币与流动性,国际与历史对标;广谱利率与流动性;广谱横断面观察;存量—流量与会计闭合;情景与预测复盘,收入年龄与家庭分组;国内国际与资本流动;主体资产负债表,时序与领先滞后;会计与存量流量约束;自然实验与制度冲击,973,206,148-s007,148-s009,02_markdown_articles/148_2022-07-02_吹尽狂沙始到金.md,168023477ecd97085febef8f662ebda8da42135ca84be44ae0ee45f5b5912c38
148-s009,148,吹尽狂沙始到金,2022-07-02,贸易、国际收支与全球经济,9,二、迈向2035年中等发达国家的困难和挑战 > （三）在东亚经济体转型背景下考察我国的长期经济增长,贸易与全球经济,贸易与全球经济;增长与总需求;股票与资本市场;汇率与国际收支;财政与地方政府;研究方法与证据;金融制度与监管;货币与流动性,国际与历史对标;广谱利率与流动性;广谱横断面观察;存量—流量与会计闭合;情景与预测复盘,收入年龄与家庭分组;国内国际与资本流动;主体资产负债表,时序与领先滞后;会计与存量流量约束;自然实验与制度冲击,891,198,148-s008,148-s010,02_markdown_articles/148_2022-07-02_吹尽狂沙始到金.md,f3a13e660d89b13c3783999eeb14b64e12f06433d82528a9fbeaeb0fd17887e8
148-s010,148,吹尽狂沙始到金,2022-07-02,贸易、国际收支与全球经济,10,二、迈向2035年中等发达国家的困难和挑战 > （四）对批评意见的讨论,贸易与全球经济,贸易与全球经济;增长与总需求;股票与资本市场;汇率与国际收支;财政与地方政府;研究方法与证据;金融制度与监管;货币与流动性,国际与历史对标;广谱利率与流动性;广谱横断面观察;存量—流量与会计闭合;情景与预测复盘,收入年龄与家庭分组;国内国际与资本流动;主体资产负债表,时序与领先滞后;会计与存量流量约束;自然实验与制度冲击,534,209,148-s009,148-s011,02_markdown_articles/148_2022-07-02_吹尽狂沙始到金.md,212604cd203ce23cfa90ed707d428ca033cf79954f59cdfddc3a241e7bace4da
148-s011,148,吹尽狂沙始到金,2022-07-02,贸易、国际收支与全球经济,11,二、迈向2035年中等发达国家的困难和挑战 > （五）经济体在高收入状态下继续维持长期增长的支撑性因素,贸易与全球经济,贸易与全球经济;增长与总需求;股票与资本市场;汇率与国际收支;财政与地方政府;研究方法与证据;金融制度与监管;货币与流动性,国际与历史对标;广谱利率与流动性;广谱横断面观察;存量—流量与会计闭合;情景与预测复盘,收入年龄与家庭分组;国内国际与资本流动;主体资产负债表,时序与领先滞后;会计与存量流量约束;自然实验与制度冲击,917,204,148-s010,148-s012,02_markdown_articles/148_2022-07-02_吹尽狂沙始到金.md,7024572a08afe37c5de5a2824f0f526a8058f09d69ff679c751c388cbe28f6ad
148-s012,148,吹尽狂沙始到金,2022-07-02,贸易、国际收支与全球经济,12,二、迈向2035年中等发达国家的困难和挑战 > （五）经济体在高收入状态下继续维持长期增长的支撑性因素,贸易与全球经济,贸易与全球经济;增长与总需求;股票与资本市场;汇率与国际收支;财政与地方政府;研究方法与证据;金融制度与监管;货币与流动性,国际与历史对标;广谱利率与流动性;广谱横断面观察;存量—流量与会计闭合;情景与预测复盘,收入年龄与家庭分组;国内国际与资本流动;主体资产负债表,时序与领先滞后;会计与存量流量约束;自然实验与制度冲击,1213,201,148-s011,148-s013,02_markdown_articles/148_2022-07-02_吹尽狂沙始到金.md,741a6dd70b12130ac2bd76a447aded68c3e51a07cc39bf45ba261ea7b42215a2
148-s013,148,吹尽狂沙始到金,2022-07-02,贸易、国际收支与全球经济,13,二、迈向2035年中等发达国家的困难和挑战 > （五）经济体在高收入状态下继续维持长期增长的支撑性因素,贸易与全球经济,贸易与全球经济;增长与总需求;股票与资本市场;汇率与国际收支;财政与地方政府;研究方法与证据;金融制度与监管;货币与流动性,国际与历史对标;广谱利率与流动性;广谱横断面观察;存量—流量与会计闭合;情景与预测复盘,收入年龄与家庭分组;国内国际与资本流动;主体资产负债表,时序与领先滞后;会计与存量流量约束;自然实验与制度冲击,920,146,148-s012,148-s014,02_markdown_articles/148_2022-07-02_吹尽狂沙始到金.md,8d51a81b5a39bfec1d183e9860138aadd4c3e3bd79e80fb886a50f501faf6eac
148-s014,148,吹尽狂沙始到金,2022-07-02,贸易、国际收支与全球经济,14,二、迈向2035年中等发达国家的困难和挑战 > （五）经济体在高收入状态下继续维持长期增长的支撑性因素,贸易与全球经济,贸易与全球经济;增长与总需求;股票与资本市场;汇率与国际收支;财政与地方政府;研究方法与证据;金融制度与监管;货币与流动性,国际与历史对标;广谱利率与流动性;广谱横断面观察;存量—流量与会计闭合;情景与预测复盘,收入年龄与家庭分组;国内国际与资本流动;主体资产负债表,时序与领先滞后;会计与存量流量约束;自然实验与制度冲击,957,204,148-s013,148-s015,02_markdown_articles/148_2022-07-02_吹尽狂沙始到金.md,6596d756b11e92748e2117a81f3414cd838829461ed521523680d667a3f8ef4c
148-s015,148,吹尽狂沙始到金,2022-07-02,贸易、国际收支与全球经济,15,二、迈向2035年中等发达国家的困难和挑战 > （五）经济体在高收入状态下继续维持长期增长的支撑性因素,贸易与全球经济,贸易与全球经济;增长与总需求;股票与资本市场;汇率与国际收支;财政与地方政府;研究方法与证据;金融制度与监管;货币与流动性,国际与历史对标;广谱利率与流动性;广谱横断面观察;存量—流量与会计闭合;情景与预测复盘,收入年龄与家庭分组;国内国际与资本流动;主体资产负债表,时序与领先滞后;会计与存量流量约束;自然实验与制度冲击,942,206,148-s014,148-s016,02_markdown_articles/148_2022-07-02_吹尽狂沙始到金.md,8f097ffb125897808619e199cfacc9e83cde6b85ef38835baf1ecfc2d3e8fc2c
148-s016,148,吹尽狂沙始到金,2022-07-02,贸易、国际收支与全球经济,16,二、迈向2035年中等发达国家的困难和挑战 > （五）经济体在高收入状态下继续维持长期增长的支撑性因素,贸易与全球经济,贸易与全球经济;增长与总需求;股票与资本市场;汇率与国际收支;财政与地方政府;研究方法与证据;金融制度与监管;货币与流动性,国际与历史对标;广谱利率与流动性;广谱横断面观察;存量—流量与会计闭合;情景与预测复盘,收入年龄与家庭分组;国内国际与资本流动;主体资产负债表,时序与领先滞后;会计与存量流量约束;自然实验与制度冲击,944,196,148-s015,148-s017,02_markdown_articles/148_2022-07-02_吹尽狂沙始到金.md,599f5b559c68a5d431aeca1066c115747bff35e3d0627ef15e413277471ea629
148-s017,148,吹尽狂沙始到金,2022-07-02,贸易、国际收支与全球经济,17,二、迈向2035年中等发达国家的困难和挑战 > （六）以先发经济体样本检验评分系统的可靠性,贸易与全球经济,贸易与全球经济;增长与总需求;股票与资本市场;汇率与国际收支;财政与地方政府;研究方法与证据;金融制度与监管;货币与流动性,国际与历史对标;广谱利率与流动性;广谱横断面观察;存量—流量与会计闭合;情景与预测复盘,收入年龄与家庭分组;国内国际与资本流动;主体资产负债表,时序与领先滞后;会计与存量流量约束;自然实验与制度冲击,304,86,148-s016,148-s018,02_markdown_articles/148_2022-07-02_吹尽狂沙始到金.md,31e1663afefa4bae5ef64a8a911d1d97d6b242dc9c5b60b7e568b85038bf6828
148-s018,148,吹尽狂沙始到金,2022-07-02,贸易、国际收支与全球经济,18,二、迈向2035年中等发达国家的困难和挑战 > （1）与欧美的关系,贸易与全球经济,贸易与全球经济;增长与总需求;股票与资本市场;汇率与国际收支;财政与地方政府;研究方法与证据;金融制度与监管;货币与流动性,国际与历史对标;广谱利率与流动性;广谱横断面观察;存量—流量与会计闭合;情景与预测复盘,收入年龄与家庭分组;国内国际与资本流动;主体资产负债表,时序与领先滞后;会计与存量流量约束;自然实验与制度冲击,459,203,148-s017,148-s019,02_markdown_articles/148_2022-07-02_吹尽狂沙始到金.md,884b536605d9fb31f864e2d2138d20c01f39a968892bd9d7282033a8588f6313
148-s019,148,吹尽狂沙始到金,2022-07-02,贸易、国际收支与全球经济,19,二、迈向2035年中等发达国家的困难和挑战 > （2）民粹主义（逆向得分）,贸易与全球经济,贸易与全球经济;增长与总需求;股票与资本市场;汇率与国际收支;财政与地方政府;研究方法与证据;金融制度与监管;货币与流动性,国际与历史对标;广谱利率与流动性;广谱横断面观察;存量—流量与会计闭合;情景与预测复盘,收入年龄与家庭分组;国内国际与资本流动;主体资产负债表,时序与领先滞后;会计与存量流量约束;自然实验与制度冲击,417,208,148-s018,148-s020,02_markdown_articles/148_2022-07-02_吹尽狂沙始到金.md,058aa36a572d14158ce1296c8a1920e08e3e7179cad5be911bb8020f7ce816b1
148-s020,148,吹尽狂沙始到金,2022-07-02,贸易、国际收支与全球经济,20,二、迈向2035年中等发达国家的困难和挑战 > （3）法治水平,贸易与全球经济,贸易与全球经济;增长与总需求;股票与资本市场;汇率与国际收支;财政与地方政府;研究方法与证据;金融制度与监管;货币与流动性,国际与历史对标;广谱利率与流动性;广谱横断面观察;存量—流量与会计闭合;情景与预测复盘,收入年龄与家庭分组;国内国际与资本流动;主体资产负债表,时序与领先滞后;会计与存量流量约束;自然实验与制度冲击,349,212,148-s019,148-s021,02_markdown_articles/148_2022-07-02_吹尽狂沙始到金.md,92b8406e8f0a3cc0d9a1fccc160c919b5f5a62141b12ae7a7e39cbc38cf0237e
148-s021,148,吹尽狂沙始到金,2022-07-02,贸易、国际收支与全球经济,21,二、迈向2035年中等发达国家的困难和挑战 > （4）研发与教育,贸易与全球经济,贸易与全球经济;增长与总需求;股票与资本市场;汇率与国际收支;财政与地方政府;研究方法与证据;金融制度与监管;货币与流动性,国际与历史对标;广谱利率与流动性;广谱横断面观察;存量—流量与会计闭合;情景与预测复盘,收入年龄与家庭分组;国内国际与资本流动;主体资产负债表,时序与领先滞后;会计与存量流量约束;自然实验与制度冲击,315,212,148-s020,148-s022,02_markdown_articles/148_2022-07-02_吹尽狂沙始到金.md,8669ab8adf9cd08f6b774d5815e3780e2a1c0d570a6e4e65e497290cbabbc671
148-s022,148,吹尽狂沙始到金,2022-07-02,贸易、国际收支与全球经济,22,二、迈向2035年中等发达国家的困难和挑战 > （5）对外开放,贸易与全球经济,贸易与全球经济;增长与总需求;股票与资本市场;汇率与国际收支;财政与地方政府;研究方法与证据;金融制度与监管;货币与流动性,国际与历史对标;广谱利率与流动性;广谱横断面观察;存量—流量与会计闭合;情景与预测复盘,收入年龄与家庭分组;国内国际与资本流动;主体资产负债表,时序与领先滞后;会计与存量流量约束;自然实验与制度冲击,601,202,148-s021,148-s023,02_markdown_articles/148_2022-07-02_吹尽狂沙始到金.md,78146008469a5f047b286a68406d6c6bc2d5b9d99f20acfb289b6e1f634b2597
148-s023,148,吹尽狂沙始到金,2022-07-02,贸易、国际收支与全球经济,23,二、迈向2035年中等发达国家的困难和挑战 > （5）对外开放,贸易与全球经济,贸易与全球经济;增长与总需求;股票与资本市场;汇率与国际收支;财政与地方政府;研究方法与证据;金融制度与监管;货币与流动性,国际与历史对标;广谱利率与流动性;广谱横断面观察;存量—流量与会计闭合;情景与预测复盘,收入年龄与家庭分组;国内国际与资本流动;主体资产负债表,时序与领先滞后;会计与存量流量约束;自然实验与制度冲击,1000,206,148-s022,148-s024,02_markdown_articles/148_2022-07-02_吹尽狂沙始到金.md,eee2eb0a96bbe5394877278656728fe7779b7d568ce3adcd6162cdcb54c67d90
148-s024,148,吹尽狂沙始到金,2022-07-02,贸易、国际收支与全球经济,24,二、迈向2035年中等发达国家的困难和挑战 > （5）对外开放,贸易与全球经济,贸易与全球经济;增长与总需求;股票与资本市场;汇率与国际收支;财政与地方政府;研究方法与证据;金融制度与监管;货币与流动性,国际与历史对标;广谱利率与流动性;广谱横断面观察;存量—流量与会计闭合;情景与预测复盘,收入年龄与家庭分组;国内国际与资本流动;主体资产负债表,时序与领先滞后;会计与存量流量约束;自然实验与制度冲击,1245,215,148-s023,148-s025,02_markdown_articles/148_2022-07-02_吹尽狂沙始到金.md,2627a473e73959e916c72c296d47af882247043b6736940ee304e779698aa755
148-s025,148,吹尽狂沙始到金,2022-07-02,贸易、国际收支与全球经济,25,二、迈向2035年中等发达国家的困难和挑战 > （5）对外开放,贸易与全球经济,贸易与全球经济;增长与总需求;股票与资本市场;汇率与国际收支;财政与地方政府;研究方法与证据;金融制度与监管;货币与流动性,国际与历史对标;广谱利率与流动性;广谱横断面观察;存量—流量与会计闭合;情景与预测复盘,收入年龄与家庭分组;国内国际与资本流动;主体资产负债表,时序与领先滞后;会计与存量流量约束;自然实验与制度冲击,505,206,148-s024,148-s026,02_markdown_articles/148_2022-07-02_吹尽狂沙始到金.md,9262a4e7d02b8dbeb48ebe3d500deba6b1f5cac542037bb3787096fab75c8e22
148-s026,148,吹尽狂沙始到金,2022-07-02,贸易、国际收支与全球经济,26,二、迈向2035年中等发达国家的困难和挑战 > （七）东亚经济体的得分对比,贸易与全球经济,贸易与全球经济;增长与总需求;股票与资本市场;汇率与国际收支;财政与地方政府;研究方法与证据;金融制度与监管;货币与流动性,国际与历史对标;广谱利率与流动性;广谱横断面观察;存量—流量与会计闭合;情景与预测复盘,收入年龄与家庭分组;国内国际与资本流动;主体资产负债表,时序与领先滞后;会计与存量流量约束;自然实验与制度冲击,1032,198,148-s025,148-s027,02_markdown_articles/148_2022-07-02_吹尽狂沙始到金.md,55883a60129e677135c8301b56b5944f7b2e06580c343121ba23bcc39f4ca72a
148-s027,148,吹尽狂沙始到金,2022-07-02,贸易、国际收支与全球经济,27,二、迈向2035年中等发达国家的困难和挑战 > （七）东亚经济体的得分对比,贸易与全球经济,贸易与全球经济;增长与总需求;股票与资本市场;汇率与国际收支;财政与地方政府;研究方法与证据;金融制度与监管;货币与流动性,国际与历史对标;广谱利率与流动性;广谱横断面观察;存量—流量与会计闭合;情景与预测复盘,收入年龄与家庭分组;国内国际与资本流动;主体资产负债表,时序与领先滞后;会计与存量流量约束;自然实验与制度冲击,351,212,148-s026,148-s028,02_markdown_articles/148_2022-07-02_吹尽狂沙始到金.md,2798cc2d4dbd4f0c182b5a5c4ec0d2dfb29eed903bf7d19bd9a4b6ee90c6bee6
148-s028,148,吹尽狂沙始到金,2022-07-02,贸易、国际收支与全球经济,28,二、迈向2035年中等发达国家的困难和挑战 > （八）我国迈向2035年中等发达国家仍需努力,贸易与全球经济,贸易与全球经济;增长与总需求;股票与资本市场;汇率与国际收支;财政与地方政府;研究方法与证据;金融制度与监管;货币与流动性,国际与历史对标;广谱利率与流动性;广谱横断面观察;存量—流量与会计闭合;情景与预测复盘,收入年龄与家庭分组;国内国际与资本流动;主体资产负债表,时序与领先滞后;会计与存量流量约束;自然实验与制度冲击,419,216,148-s027,,02_markdown_articles/148_2022-07-02_吹尽狂沙始到金.md,e5c43ecf7be051a947b23af186affc47c4417d2419c9dde6178c2cc2aa63fe33
149-s001,149,美国利率顶部依稀在望，全球经济或将步入衰退,2022-11-21,贸易、国际收支与全球经济,1,正文,汇率与国际收支,汇率与国际收支;贸易与全球经济;增长与总需求;信用债务与金融风险,国际与历史对标,国内国际与资本流动,时序与领先滞后,952,0,,149-s002,"02_markdown_articles/149_2022-11-21_美国利率顶部依稀在望,全球经济或将步入衰退.md",800104d48141d9aa32809daac8b681554ba78be3eb0db1990cb98eed4baa25a2
149-s002,149,美国利率顶部依稀在望，全球经济或将步入衰退,2022-11-21,贸易、国际收支与全球经济,2,正文,汇率与国际收支,汇率与国际收支;贸易与全球经济;增长与总需求;信用债务与金融风险,国际与历史对标,国内国际与资本流动,时序与领先滞后,697,201,149-s001,,"02_markdown_articles/149_2022-11-21_美国利率顶部依稀在望,全球经济或将步入衰退.md",f8df51bae9abb6c9abb28a7ac28d86a36535198eb74c4a497bdd56bb9f9ff080
150-s001,150,贸易失衡的趋势性与周期性分析,2024-07-25,贸易、国际收支与全球经济,1,正文,贸易与全球经济,贸易与全球经济;汇率与国际收支;消费收入与就业;金融制度与监管;产业升级与制造业,国际与历史对标,国内国际与资本流动,会计与存量流量约束;自然实验与制度冲击;符号与量价组合,984,0,,150-s002,02_markdown_articles/150_2024-07-25_贸易失衡的趋势性与周期性分析.md,5d1a162b47f7a4853cc6a359b03fd885937082ca452fc0f11e7ee1eaaaf7a35c
150-s002,150,贸易失衡的趋势性与周期性分析,2024-07-25,贸易、国际收支与全球经济,2,正文,贸易与全球经济,贸易与全球经济;汇率与国际收支;消费收入与就业;金融制度与监管;产业升级与制造业,国际与历史对标,国内国际与资本流动,会计与存量流量约束;自然实验与制度冲击;符号与量价组合,944,196,150-s001,150-s003,02_markdown_articles/150_2024-07-25_贸易失衡的趋势性与周期性分析.md,045fc9c9950d530d53fac9484000f082955462543c2ba54a9d8921dbadc69add
150-s003,150,贸易失衡的趋势性与周期性分析,2024-07-25,贸易、国际收支与全球经济,3,正文,贸易与全球经济,贸易与全球经济;汇率与国际收支;消费收入与就业;金融制度与监管;产业升级与制造业,国际与历史对标,国内国际与资本流动,会计与存量流量约束;自然实验与制度冲击;符号与量价组合,1007,210,150-s002,,02_markdown_articles/150_2024-07-25_贸易失衡的趋势性与周期性分析.md,f37560783876c701325beba44e2ea1ed41add89898bf2b639b168aa470203ab1
151-s001,151,落实国资划转社保决策宜早不宜迟,2019-09-28,财政、疫情及宏观应对,1,正文,疫情冲击与宏观应对,疫情冲击与宏观应对;财政与地方政府;金融制度与监管;货币与流动性,广谱利率与流动性,所有制与企业类型,自然实验与制度冲击,965,0,,151-s002,02_markdown_articles/151_2019-09-28_落实国资划转社保决策宜早不宜迟.md,fe8bbb49e05082044cf23189097635928c1b866fe73610f7a6685bc0522ae640
151-s002,151,落实国资划转社保决策宜早不宜迟,2019-09-28,财政、疫情及宏观应对,2,正文,疫情冲击与宏观应对,疫情冲击与宏观应对;财政与地方政府;金融制度与监管;货币与流动性,广谱利率与流动性,所有制与企业类型,自然实验与制度冲击,514,213,151-s001,,02_markdown_articles/151_2019-09-28_落实国资划转社保决策宜早不宜迟.md,97975606b604ba7dd538b0fcdcf0fe365c6a0f1743fcc6a8d11897ca2a1239ce
152-s001,152,新冠肺炎疫情对全球金融市场和国内实体经济的影响,2020-02-29,财政、疫情及宏观应对,1,正文,疫情冲击与宏观应对,疫情冲击与宏观应对;利率与债券市场;汇率与国际收支;股票与资本市场;货币与流动性;产业升级与制造业;财政与地方政府,国际与历史对标;广谱利率与流动性,国内国际与资本流动;主体资产负债表,自然实验与制度冲击;负向预测与证伪阈值;时序与领先滞后,1005,0,,152-s002,02_markdown_articles/152_2020-02-29_新冠肺炎疫情对全球金融市场和国内实体经济的影响.md,33084e4110b47dcf2ee607389a1e65843d335f3501b9eb5c3da3efb125e6088e
152-s002,152,新冠肺炎疫情对全球金融市场和国内实体经济的影响,2020-02-29,财政、疫情及宏观应对,2,正文,疫情冲击与宏观应对,疫情冲击与宏观应对;利率与债券市场;汇率与国际收支;股票与资本市场;货币与流动性;产业升级与制造业;财政与地方政府,国际与历史对标;广谱利率与流动性,国内国际与资本流动;主体资产负债表,自然实验与制度冲击;负向预测与证伪阈值;时序与领先滞后,947,200,152-s001,152-s003,02_markdown_articles/152_2020-02-29_新冠肺炎疫情对全球金融市场和国内实体经济的影响.md,487c430f9fd9f6ace7d28d12b48b284745cabc995537fa936169446dec658621
152-s003,152,新冠肺炎疫情对全球金融市场和国内实体经济的影响,2020-02-29,财政、疫情及宏观应对,3,正文,疫情冲击与宏观应对,疫情冲击与宏观应对;利率与债券市场;汇率与国际收支;股票与资本市场;货币与流动性;产业升级与制造业;财政与地方政府,国际与历史对标;广谱利率与流动性,国内国际与资本流动;主体资产负债表,自然实验与制度冲击;负向预测与证伪阈值;时序与领先滞后,908,204,152-s002,152-s004,02_markdown_articles/152_2020-02-29_新冠肺炎疫情对全球金融市场和国内实体经济的影响.md,e4c05c14eb2e27e2142e5dc8479dc403b27c9078a7e7a4ffb1bb5bed81b15c65
152-s004,152,新冠肺炎疫情对全球金融市场和国内实体经济的影响,2020-02-29,财政、疫情及宏观应对,4,正文,疫情冲击与宏观应对,疫情冲击与宏观应对;利率与债券市场;汇率与国际收支;股票与资本市场;货币与流动性;产业升级与制造业;财政与地方政府,国际与历史对标;广谱利率与流动性,国内国际与资本流动;主体资产负债表,自然实验与制度冲击;负向预测与证伪阈值;时序与领先滞后,1085,213,152-s003,152-s005,02_markdown_articles/152_2020-02-29_新冠肺炎疫情对全球金融市场和国内实体经济的影响.md,e98f1607860b29d1d305daf58275525fae53004fe4b9866b18d1eda1f60ad995
152-s005,152,新冠肺炎疫情对全球金融市场和国内实体经济的影响,2020-02-29,财政、疫情及宏观应对,5,正文,疫情冲击与宏观应对,疫情冲击与宏观应对;利率与债券市场;汇率与国际收支;股票与资本市场;货币与流动性;产业升级与制造业;财政与地方政府,国际与历史对标;广谱利率与流动性,国内国际与资本流动;主体资产负债表,自然实验与制度冲击;负向预测与证伪阈值;时序与领先滞后,936,207,152-s004,152-s006,02_markdown_articles/152_2020-02-29_新冠肺炎疫情对全球金融市场和国内实体经济的影响.md,9c20ebf9811a0dcc32ff38fdc4a83dc2771b147203d8f38f1c01887518724732
152-s006,152,新冠肺炎疫情对全球金融市场和国内实体经济的影响,2020-02-29,财政、疫情及宏观应对,6,正文,疫情冲击与宏观应对,疫情冲击与宏观应对;利率与债券市场;汇率与国际收支;股票与资本市场;货币与流动性;产业升级与制造业;财政与地方政府,国际与历史对标;广谱利率与流动性,国内国际与资本流动;主体资产负债表,自然实验与制度冲击;负向预测与证伪阈值;时序与领先滞后,913,205,152-s005,152-s007,02_markdown_articles/152_2020-02-29_新冠肺炎疫情对全球金融市场和国内实体经济的影响.md,ac2b16c7376d33b9a71358c90ada5145396673144d6c00c19fd7aecb6d66f801
152-s007,152,新冠肺炎疫情对全球金融市场和国内实体经济的影响,2020-02-29,财政、疫情及宏观应对,7,正文,疫情冲击与宏观应对,疫情冲击与宏观应对;利率与债券市场;汇率与国际收支;股票与资本市场;货币与流动性;产业升级与制造业;财政与地方政府,国际与历史对标;广谱利率与流动性,国内国际与资本流动;主体资产负债表,自然实验与制度冲击;负向预测与证伪阈值;时序与领先滞后,908,203,152-s006,152-s008,02_markdown_articles/152_2020-02-29_新冠肺炎疫情对全球金融市场和国内实体经济的影响.md,f91fbdc389698e44d6f561ee18abb35bbd0943cd297231c295ff3ed9e1f2cb0d
152-s008,152,新冠肺炎疫情对全球金融市场和国内实体经济的影响,2020-02-29,财政、疫情及宏观应对,8,正文,疫情冲击与宏观应对,疫情冲击与宏观应对;利率与债券市场;汇率与国际收支;股票与资本市场;货币与流动性;产业升级与制造业;财政与地方政府,国际与历史对标;广谱利率与流动性,国内国际与资本流动;主体资产负债表,自然实验与制度冲击;负向预测与证伪阈值;时序与领先滞后,886,204,152-s007,,02_markdown_articles/152_2020-02-29_新冠肺炎疫情对全球金融市场和国内实体经济的影响.md,830e3244cbbb38aa8ed26791da9e4bdeeb7292b7330884481ed9de2a90a35c76
153-s001,153,新冠疫情下的全球金融动荡,2020-03-17,财政、疫情及宏观应对,1,正文,疫情冲击与宏观应对,疫情冲击与宏观应对;股票与资本市场;消费收入与就业;利率与债券市场;货币与流动性;贸易与全球经济,国际与历史对标,国内国际与资本流动,自然实验与制度冲击;时序与领先滞后,927,0,,153-s002,02_markdown_articles/153_2020-03-17_新冠疫情下的全球金融动荡.md,9f2adec7a6eae7929647ba9b3d7b048f13cc0a387c8aa584d6e53c68f356f38d
153-s002,153,新冠疫情下的全球金融动荡,2020-03-17,财政、疫情及宏观应对,2,正文,疫情冲击与宏观应对,疫情冲击与宏观应对;股票与资本市场;消费收入与就业;利率与债券市场;货币与流动性;贸易与全球经济,国际与历史对标,国内国际与资本流动,自然实验与制度冲击;时序与领先滞后,1022,209,153-s001,153-s003,02_markdown_articles/153_2020-03-17_新冠疫情下的全球金融动荡.md,95069ca838ac4c2b19e4f788f307ce3f6fe6ec81a033dbd6a097e200e249b5b0
153-s003,153,新冠疫情下的全球金融动荡,2020-03-17,财政、疫情及宏观应对,3,正文,疫情冲击与宏观应对,疫情冲击与宏观应对;股票与资本市场;消费收入与就业;利率与债券市场;货币与流动性;贸易与全球经济,国际与历史对标,国内国际与资本流动,自然实验与制度冲击;时序与领先滞后,977,207,153-s002,153-s004,02_markdown_articles/153_2020-03-17_新冠疫情下的全球金融动荡.md,8bc9e975eb09e3b5fadbfb203c247ab5edcd8ef1c9af224fd2a23fc109c881af
153-s004,153,新冠疫情下的全球金融动荡,2020-03-17,财政、疫情及宏观应对,4,正文,疫情冲击与宏观应对,疫情冲击与宏观应对;股票与资本市场;消费收入与就业;利率与债券市场;货币与流动性;贸易与全球经济,国际与历史对标,国内国际与资本流动,自然实验与制度冲击;时序与领先滞后,927,203,153-s003,153-s005,02_markdown_articles/153_2020-03-17_新冠疫情下的全球金融动荡.md,16db2ac0df6f24014c239412de2574c0f21017483640320e742893d66210cddd
153-s005,153,新冠疫情下的全球金融动荡,2020-03-17,财政、疫情及宏观应对,5,正文,疫情冲击与宏观应对,疫情冲击与宏观应对;股票与资本市场;消费收入与就业;利率与债券市场;货币与流动性;贸易与全球经济,国际与历史对标,国内国际与资本流动,自然实验与制度冲击;时序与领先滞后,748,201,153-s004,,02_markdown_articles/153_2020-03-17_新冠疫情下的全球金融动荡.md,fc9e78f856f2b3d7e8d22fe6df0ba70b661fddc5c0dec38d0a88bd49cba61bad
154-s001,154,新冠疫情常态化如何影响经济运行——微观机理、数值估计与政策应对,2020-06-14,财政、疫情及宏观应对,1,正文,疫情冲击与宏观应对,疫情冲击与宏观应对;研究方法与证据;消费收入与就业,国际与历史对标,国内国际与资本流动,自然实验与制度冲击;横断面梯度,963,0,,154-s002,02_markdown_articles/154_2020-06-14_新冠疫情常态化如何影响经济运行——微观机理、数值估计与政策应对.md,ba32577c8e081c92d47ec0f04342a7973f0c112e79bd2e0d83e29da6782c20ab
154-s002,154,新冠疫情常态化如何影响经济运行——微观机理、数值估计与政策应对,2020-06-14,财政、疫情及宏观应对,2,正文,疫情冲击与宏观应对,疫情冲击与宏观应对;研究方法与证据;消费收入与就业,国际与历史对标,国内国际与资本流动,自然实验与制度冲击;横断面梯度,1018,216,154-s001,154-s003,02_markdown_articles/154_2020-06-14_新冠疫情常态化如何影响经济运行——微观机理、数值估计与政策应对.md,5bafa81c6d8b44586e5562cd59d21100f92cde9aa467e32f69ed572006a14515
154-s003,154,新冠疫情常态化如何影响经济运行——微观机理、数值估计与政策应对,2020-06-14,财政、疫情及宏观应对,3,正文,疫情冲击与宏观应对,疫情冲击与宏观应对;研究方法与证据;消费收入与就业,国际与历史对标,国内国际与资本流动,自然实验与制度冲击;横断面梯度,1064,213,154-s002,154-s004,02_markdown_articles/154_2020-06-14_新冠疫情常态化如何影响经济运行——微观机理、数值估计与政策应对.md,3b05758f395ac8373ee61a1efcf7365582c7008ff55c07a671e1b1b8b0e7a9ae
154-s004,154,新冠疫情常态化如何影响经济运行——微观机理、数值估计与政策应对,2020-06-14,财政、疫情及宏观应对,4,正文,疫情冲击与宏观应对,疫情冲击与宏观应对;研究方法与证据;消费收入与就业,国际与历史对标,国内国际与资本流动,自然实验与制度冲击;横断面梯度,1001,206,154-s003,154-s005,02_markdown_articles/154_2020-06-14_新冠疫情常态化如何影响经济运行——微观机理、数值估计与政策应对.md,4ebf9a02169362bc1af084840846fe7cb79bf4e897f3a42eb370bec9c1944792
154-s005,154,新冠疫情常态化如何影响经济运行——微观机理、数值估计与政策应对,2020-06-14,财政、疫情及宏观应对,5,正文,疫情冲击与宏观应对,疫情冲击与宏观应对;研究方法与证据;消费收入与就业,国际与历史对标,国内国际与资本流动,自然实验与制度冲击;横断面梯度,931,215,154-s004,154-s006,02_markdown_articles/154_2020-06-14_新冠疫情常态化如何影响经济运行——微观机理、数值估计与政策应对.md,f960560ca881be80ace68f1b047efd15aa93f88b6b3b5e2964ef8be6b2a56700
154-s006,154,新冠疫情常态化如何影响经济运行——微观机理、数值估计与政策应对,2020-06-14,财政、疫情及宏观应对,6,结论,疫情冲击与宏观应对,疫情冲击与宏观应对;研究方法与证据;消费收入与就业,国际与历史对标,国内国际与资本流动,自然实验与制度冲击;横断面梯度,301,214,154-s005,154-s007,02_markdown_articles/154_2020-06-14_新冠疫情常态化如何影响经济运行——微观机理、数值估计与政策应对.md,f1401d78a077412de3fc90832fbd2fefc524992a01607c11049546d616c04500
154-s007,154,新冠疫情常态化如何影响经济运行——微观机理、数值估计与政策应对,2020-06-14,财政、疫情及宏观应对,7,结论,疫情冲击与宏观应对,疫情冲击与宏观应对;研究方法与证据;消费收入与就业,国际与历史对标,国内国际与资本流动,自然实验与制度冲击;横断面梯度,290,209,154-s006,,02_markdown_articles/154_2020-06-14_新冠疫情常态化如何影响经济运行——微观机理、数值估计与政策应对.md,66af2c398250442e773af0d21568345bbd947d9901f0ff60956d33aa621e2eef
155-s001,155,变局之中开新局,2020-07-01,财政、疫情及宏观应对,1,内容提要,疫情冲击与宏观应对,疫情冲击与宏观应对;产能库存与工业周期;股票与资本市场;房地产与城市化;消费收入与就业;产业升级与制造业;贸易与全球经济;通胀与价格,国际与历史对标;总量—结构拆分,收入年龄与家庭分组;国内国际与资本流动;所有制与企业类型,自然实验与制度冲击;横断面梯度;时序与领先滞后,412,0,,155-s002,02_markdown_articles/155_2020-07-01_变局之中开新局.md,92ef646620b0d0491c15b8c21f9fd360e890857ec787a6b1e9327b935873793c
155-s002,155,变局之中开新局,2020-07-01,财政、疫情及宏观应对,2,内容提要,疫情冲击与宏观应对,疫情冲击与宏观应对;产能库存与工业周期;股票与资本市场;房地产与城市化;消费收入与就业;产业升级与制造业;贸易与全球经济;通胀与价格,国际与历史对标;总量—结构拆分,收入年龄与家庭分组;国内国际与资本流动;所有制与企业类型,自然实验与制度冲击;横断面梯度;时序与领先滞后,312,211,155-s001,155-s003,02_markdown_articles/155_2020-07-01_变局之中开新局.md,7ca8c03a6f3f7172e87d2c198e5f32f3d503299bd529b73dab65d12cbebdef40
155-s003,155,变局之中开新局,2020-07-01,财政、疫情及宏观应对,3,一、经济快速恢复的动能明显放缓,疫情冲击与宏观应对,疫情冲击与宏观应对;产能库存与工业周期;股票与资本市场;房地产与城市化;消费收入与就业;产业升级与制造业;贸易与全球经济;通胀与价格,国际与历史对标;总量—结构拆分,收入年龄与家庭分组;国内国际与资本流动;所有制与企业类型,自然实验与制度冲击;横断面梯度;时序与领先滞后,960,198,155-s002,155-s004,02_markdown_articles/155_2020-07-01_变局之中开新局.md,0d40142f07b84548360dc1e2301a741dea608555bf9b197d5b00023464018c10
155-s004,155,变局之中开新局,2020-07-01,财政、疫情及宏观应对,4,一、经济快速恢复的动能明显放缓,疫情冲击与宏观应对,疫情冲击与宏观应对;产能库存与工业周期;股票与资本市场;房地产与城市化;消费收入与就业;产业升级与制造业;贸易与全球经济;通胀与价格,国际与历史对标;总量—结构拆分,收入年龄与家庭分组;国内国际与资本流动;所有制与企业类型,自然实验与制度冲击;横断面梯度;时序与领先滞后,977,206,155-s003,155-s005,02_markdown_articles/155_2020-07-01_变局之中开新局.md,73df3cede1e2072bf83c8567b0baa55cced99af71fc5f01318a92f62afaa960b
155-s005,155,变局之中开新局,2020-07-01,财政、疫情及宏观应对,5,一、经济快速恢复的动能明显放缓,疫情冲击与宏观应对,疫情冲击与宏观应对;产能库存与工业周期;股票与资本市场;房地产与城市化;消费收入与就业;产业升级与制造业;贸易与全球经济;通胀与价格,国际与历史对标;总量—结构拆分,收入年龄与家庭分组;国内国际与资本流动;所有制与企业类型,自然实验与制度冲击;横断面梯度;时序与领先滞后,735,216,155-s004,155-s006,02_markdown_articles/155_2020-07-01_变局之中开新局.md,1ee8ce44d9499e2acdb845de8f505358a04f4651ec08a971de7bb120d0210e59
155-s006,155,变局之中开新局,2020-07-01,财政、疫情及宏观应对,6,1、商务社交和办公的线上化,疫情冲击与宏观应对,疫情冲击与宏观应对;产能库存与工业周期;股票与资本市场;房地产与城市化;消费收入与就业;产业升级与制造业;贸易与全球经济;通胀与价格,国际与历史对标;总量—结构拆分,收入年龄与家庭分组;国内国际与资本流动;所有制与企业类型,自然实验与制度冲击;横断面梯度;时序与领先滞后,964,206,155-s005,155-s007,02_markdown_articles/155_2020-07-01_变局之中开新局.md,2a5453563664209eba5ba34a37fd93999a1516a9087b1aec1cbc7c1e6118bcf8
155-s007,155,变局之中开新局,2020-07-01,财政、疫情及宏观应对,7,1、商务社交和办公的线上化,疫情冲击与宏观应对,疫情冲击与宏观应对;产能库存与工业周期;股票与资本市场;房地产与城市化;消费收入与就业;产业升级与制造业;贸易与全球经济;通胀与价格,国际与历史对标;总量—结构拆分,收入年龄与家庭分组;国内国际与资本流动;所有制与企业类型,自然实验与制度冲击;横断面梯度;时序与领先滞后,843,195,155-s006,155-s008,02_markdown_articles/155_2020-07-01_变局之中开新局.md,aead16855df79a84d726c903e2928282f57531d72e325acad61e49ed6885d279
155-s008,155,变局之中开新局,2020-07-01,财政、疫情及宏观应对,8,2、中小企业与中低收入群体的困局,疫情冲击与宏观应对,疫情冲击与宏观应对;产能库存与工业周期;股票与资本市场;房地产与城市化;消费收入与就业;产业升级与制造业;贸易与全球经济;通胀与价格,国际与历史对标;总量—结构拆分,收入年龄与家庭分组;国内国际与资本流动;所有制与企业类型,自然实验与制度冲击;横断面梯度;时序与领先滞后,932,198,155-s007,155-s009,02_markdown_articles/155_2020-07-01_变局之中开新局.md,bb8dc0865a7e93a90102bbbb7dae4c908badfed0bbb28b7559e024be2621b76a
155-s009,155,变局之中开新局,2020-07-01,财政、疫情及宏观应对,9,2、中小企业与中低收入群体的困局,疫情冲击与宏观应对,疫情冲击与宏观应对;产能库存与工业周期;股票与资本市场;房地产与城市化;消费收入与就业;产业升级与制造业;贸易与全球经济;通胀与价格,国际与历史对标;总量—结构拆分,收入年龄与家庭分组;国内国际与资本流动;所有制与企业类型,自然实验与制度冲击;横断面梯度;时序与领先滞后,444,200,155-s008,155-s010,02_markdown_articles/155_2020-07-01_变局之中开新局.md,fab9dd69c4a97d0092df84329ccd205b489b2f8b4cd738eba16a7e038d53aeae
155-s010,155,变局之中开新局,2020-07-01,财政、疫情及宏观应对,10,3、长期增长趋势的变化,疫情冲击与宏观应对,疫情冲击与宏观应对;产能库存与工业周期;股票与资本市场;房地产与城市化;消费收入与就业;产业升级与制造业;贸易与全球经济;通胀与价格,国际与历史对标;总量—结构拆分,收入年龄与家庭分组;国内国际与资本流动;所有制与企业类型,自然实验与制度冲击;横断面梯度;时序与领先滞后,900,201,155-s009,155-s011,02_markdown_articles/155_2020-07-01_变局之中开新局.md,fcaa6f5e9b491511fd53ec0baa541661cee9620da8114561c2d86faf7ec89c86
155-s011,155,变局之中开新局,2020-07-01,财政、疫情及宏观应对,11,3、长期增长趋势的变化,疫情冲击与宏观应对,疫情冲击与宏观应对;产能库存与工业周期;股票与资本市场;房地产与城市化;消费收入与就业;产业升级与制造业;贸易与全球经济;通胀与价格,国际与历史对标;总量—结构拆分,收入年龄与家庭分组;国内国际与资本流动;所有制与企业类型,自然实验与制度冲击;横断面梯度;时序与领先滞后,421,212,155-s010,155-s012,02_markdown_articles/155_2020-07-01_变局之中开新局.md,f4b131708a8d92c1e8f9bc917823182b7caec8a2bf4110e26b3bb9b84b148eb9
155-s012,155,变局之中开新局,2020-07-01,财政、疫情及宏观应对,12,三、全球疫情、经济与市场恢复,疫情冲击与宏观应对,疫情冲击与宏观应对;产能库存与工业周期;股票与资本市场;房地产与城市化;消费收入与就业;产业升级与制造业;贸易与全球经济;通胀与价格,国际与历史对标;总量—结构拆分,收入年龄与家庭分组;国内国际与资本流动;所有制与企业类型,自然实验与制度冲击;横断面梯度;时序与领先滞后,1158,203,155-s011,,02_markdown_articles/155_2020-07-01_变局之中开新局.md,6d8dfa7065d3fe3ee795dbe59254356b98e6f968df9cfd5169d662610722756f
156-s001,156,后疫情时代的经济与市场,2020-07-09,财政、疫情及宏观应对,1,正文,疫情冲击与宏观应对,疫情冲击与宏观应对;消费收入与就业;房地产与城市化;股票与资本市场,总量—结构拆分,所有制与企业类型;收入年龄与家庭分组,自然实验与制度冲击,272,0,,156-s002,02_markdown_articles/156_2020-07-09_后疫情时代的经济与市场.md,5ae802aa8f9887f831df3ebe64ec1da6c7594d87a6c9cae32e9ba7b9065a6fd9
156-s002,156,后疫情时代的经济与市场,2020-07-09,财政、疫情及宏观应对,2,一、经济快速恢复的动能明显放缓,疫情冲击与宏观应对,疫情冲击与宏观应对;消费收入与就业;房地产与城市化;股票与资本市场,总量—结构拆分,所有制与企业类型;收入年龄与家庭分组,自然实验与制度冲击,998,205,156-s001,156-s003,02_markdown_articles/156_2020-07-09_后疫情时代的经济与市场.md,7c0df42efd0f934733df809d0418d958876bf4ce7d9ad2535cef2124d6b830c6
156-s003,156,后疫情时代的经济与市场,2020-07-09,财政、疫情及宏观应对,3,一、经济快速恢复的动能明显放缓,疫情冲击与宏观应对,疫情冲击与宏观应对;消费收入与就业;房地产与城市化;股票与资本市场,总量—结构拆分,所有制与企业类型;收入年龄与家庭分组,自然实验与制度冲击,313,214,156-s002,156-s004,02_markdown_articles/156_2020-07-09_后疫情时代的经济与市场.md,aeecf8acd68db765899f9292d1d1455db1434af0d45839f00ab172207ac0ee38
156-s004,156,后疫情时代的经济与市场,2020-07-09,财政、疫情及宏观应对,4,二、结构性的抑制因素逐步凸显,疫情冲击与宏观应对,疫情冲击与宏观应对;消费收入与就业;房地产与城市化;股票与资本市场,总量—结构拆分,所有制与企业类型;收入年龄与家庭分组,自然实验与制度冲击,338,199,156-s003,156-s005,02_markdown_articles/156_2020-07-09_后疫情时代的经济与市场.md,ee1e4ab000eb88584469ef893f853aa8c8e7edcf648e7141383108ff12a93981
156-s005,156,后疫情时代的经济与市场,2020-07-09,财政、疫情及宏观应对,5,二、结构性的抑制因素逐步凸显 > （一）商务社交和办公的线上化,疫情冲击与宏观应对,疫情冲击与宏观应对;消费收入与就业;房地产与城市化;股票与资本市场,总量—结构拆分,所有制与企业类型;收入年龄与家庭分组,自然实验与制度冲击,903,196,156-s004,156-s006,02_markdown_articles/156_2020-07-09_后疫情时代的经济与市场.md,b52ba35939849797b9bbc5149abeceb32ba65710b7edcb547b2781826f941ec1
156-s006,156,后疫情时代的经济与市场,2020-07-09,财政、疫情及宏观应对,6,二、结构性的抑制因素逐步凸显 > （二）中小企业与中低收入群体的困局,疫情冲击与宏观应对,疫情冲击与宏观应对;消费收入与就业;房地产与城市化;股票与资本市场,总量—结构拆分,所有制与企业类型;收入年龄与家庭分组,自然实验与制度冲击,690,212,156-s005,156-s007,02_markdown_articles/156_2020-07-09_后疫情时代的经济与市场.md,6189534d9e91bcec4cd26e6030de0e9017f7076eb1bcda9ae1fca17aec2587b4
156-s007,156,后疫情时代的经济与市场,2020-07-09,财政、疫情及宏观应对,7,二、结构性的抑制因素逐步凸显 > （三）长期增长趋势的变化,疫情冲击与宏观应对,疫情冲击与宏观应对;消费收入与就业;房地产与城市化;股票与资本市场,总量—结构拆分,所有制与企业类型;收入年龄与家庭分组,自然实验与制度冲击,649,205,156-s006,,02_markdown_articles/156_2020-07-09_后疫情时代的经济与市场.md,d9a4575486e7d82ef9a98359df84edc7feb036c4c35efabba7d49103d87bf95e
157-s001,157,经济恢复现分化，政策干预需更有针对性,2020-07-24,财政、疫情及宏观应对,1,正文,疫情冲击与宏观应对,疫情冲击与宏观应对;消费收入与就业;研究方法与证据;房地产与城市化,情景与预测复盘,收入年龄与家庭分组;所有制与企业类型,自然实验与制度冲击,927,0,,157-s002,"02_markdown_articles/157_2020-07-24_经济恢复现分化,政策干预需更有针对性.md",e9f8325f0369649b2dc6e0b38da28b87bde585f795491a228304f2129296a60f
157-s002,157,经济恢复现分化，政策干预需更有针对性,2020-07-24,财政、疫情及宏观应对,2,正文,疫情冲击与宏观应对,疫情冲击与宏观应对;消费收入与就业;研究方法与证据;房地产与城市化,情景与预测复盘,收入年龄与家庭分组;所有制与企业类型,自然实验与制度冲击,902,208,157-s001,157-s003,"02_markdown_articles/157_2020-07-24_经济恢复现分化,政策干预需更有针对性.md",d6d04c4405497d4343f90b863af3a3a9cb8bcae581e66525bea95128f760bb12
157-s003,157,经济恢复现分化，政策干预需更有针对性,2020-07-24,财政、疫情及宏观应对,3,正文,疫情冲击与宏观应对,疫情冲击与宏观应对;消费收入与就业;研究方法与证据;房地产与城市化,情景与预测复盘,收入年龄与家庭分组;所有制与企业类型,自然实验与制度冲击,879,207,157-s002,,"02_markdown_articles/157_2020-07-24_经济恢复现分化,政策干预需更有针对性.md",0dc74249ff6e76b18052883cb7e8792fdfa85692c93fc7a69da362253c3103fd
158-s001,158,守得云开见月明,2021-01-14,财政、疫情及宏观应对,1,内容提要,消费收入与就业,消费收入与就业;疫情冲击与宏观应对;汇率与国际收支;增长与总需求;股票与资本市场;房地产与城市化,国际与历史对标;自然实验与政策识别;因果与相关区分,国内国际与资本流动;收入年龄与家庭分组;主体资产负债表,自然实验与制度冲击;会计与存量流量约束;多市场一致性;时序与领先滞后;横断面梯度,338,0,,158-s002,02_markdown_articles/158_2021-01-14_守得云开见月明.md,1d16b36892dd9ed4761dbb44f01ea8448020181155c8b0c6c761c229b9b38519
158-s002,158,守得云开见月明,2021-01-14,财政、疫情及宏观应对,2,内容提要,消费收入与就业,消费收入与就业;疫情冲击与宏观应对;汇率与国际收支;增长与总需求;股票与资本市场;房地产与城市化,国际与历史对标;自然实验与政策识别;因果与相关区分,国内国际与资本流动;收入年龄与家庭分组;主体资产负债表,自然实验与制度冲击;会计与存量流量约束;多市场一致性;时序与领先滞后;横断面梯度,329,216,158-s001,158-s003,02_markdown_articles/158_2021-01-14_守得云开见月明.md,53a1d199c8952ce59a1d425f79c604583e0f7130d6b58ae8d76ae0379c2dbad3
158-s003,158,守得云开见月明,2021-01-14,财政、疫情及宏观应对,3,一、疫情冲击与预防性储蓄变化,消费收入与就业,消费收入与就业;疫情冲击与宏观应对;汇率与国际收支;增长与总需求;股票与资本市场;房地产与城市化,国际与历史对标;自然实验与政策识别;因果与相关区分,国内国际与资本流动;收入年龄与家庭分组;主体资产负债表,自然实验与制度冲击;会计与存量流量约束;多市场一致性;时序与领先滞后;横断面梯度,1062,208,158-s002,158-s004,02_markdown_articles/158_2021-01-14_守得云开见月明.md,d914e79272ed276742581609ac635e8cc8dd55442c49a079cf02fd49af124970
158-s004,158,守得云开见月明,2021-01-14,财政、疫情及宏观应对,4,一、疫情冲击与预防性储蓄变化,消费收入与就业,消费收入与就业;疫情冲击与宏观应对;汇率与国际收支;增长与总需求;股票与资本市场;房地产与城市化,国际与历史对标;自然实验与政策识别;因果与相关区分,国内国际与资本流动;收入年龄与家庭分组;主体资产负债表,自然实验与制度冲击;会计与存量流量约束;多市场一致性;时序与领先滞后;横断面梯度,959,203,158-s003,158-s005,02_markdown_articles/158_2021-01-14_守得云开见月明.md,4cfa2b1da5a1c0afedfa9992832b42f78e4eb58d8b310be978e75446bc7092cb
158-s005,158,守得云开见月明,2021-01-14,财政、疫情及宏观应对,5,一、疫情冲击与预防性储蓄变化,消费收入与就业,消费收入与就业;疫情冲击与宏观应对;汇率与国际收支;增长与总需求;股票与资本市场;房地产与城市化,国际与历史对标;自然实验与政策识别;因果与相关区分,国内国际与资本流动;收入年龄与家庭分组;主体资产负债表,自然实验与制度冲击;会计与存量流量约束;多市场一致性;时序与领先滞后;横断面梯度,693,202,158-s004,158-s006,02_markdown_articles/158_2021-01-14_守得云开见月明.md,24b148af623d5f10493721a1757951f022f640f09d465f7a0cd49e3ad49d9c3a
158-s006,158,守得云开见月明,2021-01-14,财政、疫情及宏观应对,6,二、预防性储蓄流向何方,消费收入与就业,消费收入与就业;疫情冲击与宏观应对;汇率与国际收支;增长与总需求;股票与资本市场;房地产与城市化,国际与历史对标;自然实验与政策识别;因果与相关区分,国内国际与资本流动;收入年龄与家庭分组;主体资产负债表,自然实验与制度冲击;会计与存量流量约束;多市场一致性;时序与领先滞后;横断面梯度,965,198,158-s005,158-s007,02_markdown_articles/158_2021-01-14_守得云开见月明.md,d4961fc4de6a7be40e8e8492974538e04ca3c82d9e117f77749abdff145f866e
158-s007,158,守得云开见月明,2021-01-14,财政、疫情及宏观应对,7,二、预防性储蓄流向何方,消费收入与就业,消费收入与就业;疫情冲击与宏观应对;汇率与国际收支;增长与总需求;股票与资本市场;房地产与城市化,国际与历史对标;自然实验与政策识别;因果与相关区分,国内国际与资本流动;收入年龄与家庭分组;主体资产负债表,自然实验与制度冲击;会计与存量流量约束;多市场一致性;时序与领先滞后;横断面梯度,937,207,158-s006,158-s008,02_markdown_articles/158_2021-01-14_守得云开见月明.md,ca3ba61a33f9908f1929e3e2516efb9adb2291852412b48830582af4807b3eb2
158-s008,158,守得云开见月明,2021-01-14,财政、疫情及宏观应对,8,二、预防性储蓄流向何方,消费收入与就业,消费收入与就业;疫情冲击与宏观应对;汇率与国际收支;增长与总需求;股票与资本市场;房地产与城市化,国际与历史对标;自然实验与政策识别;因果与相关区分,国内国际与资本流动;收入年龄与家庭分组;主体资产负债表,自然实验与制度冲击;会计与存量流量约束;多市场一致性;时序与领先滞后;横断面梯度,989,209,158-s007,158-s009,02_markdown_articles/158_2021-01-14_守得云开见月明.md,b24977c208a6a56c5e73bf2b6f51ad22268095d06c82eefebfce3ec0c1344777
158-s009,158,守得云开见月明,2021-01-14,财政、疫情及宏观应对,9,二、预防性储蓄流向何方,消费收入与就业,消费收入与就业;疫情冲击与宏观应对;汇率与国际收支;增长与总需求;股票与资本市场;房地产与城市化,国际与历史对标;自然实验与政策识别;因果与相关区分,国内国际与资本流动;收入年龄与家庭分组;主体资产负债表,自然实验与制度冲击;会计与存量流量约束;多市场一致性;时序与领先滞后;横断面梯度,276,208,158-s008,158-s010,02_markdown_articles/158_2021-01-14_守得云开见月明.md,6e2dc939e77fa0ef5f1046fdfa36ea08cadeb4ecc204bcfdbd08b82037d69958
158-s010,158,守得云开见月明,2021-01-14,财政、疫情及宏观应对,10,三、走向2035年的中国经济,消费收入与就业,消费收入与就业;疫情冲击与宏观应对;汇率与国际收支;增长与总需求;股票与资本市场;房地产与城市化,国际与历史对标;自然实验与政策识别;因果与相关区分,国内国际与资本流动;收入年龄与家庭分组;主体资产负债表,自然实验与制度冲击;会计与存量流量约束;多市场一致性;时序与领先滞后;横断面梯度,905,215,158-s009,158-s011,02_markdown_articles/158_2021-01-14_守得云开见月明.md,22e34598d8468fe3d3e3112adacd71d151171718ca919768794d888a6b50c4a7
158-s011,158,守得云开见月明,2021-01-14,财政、疫情及宏观应对,11,三、走向2035年的中国经济,消费收入与就业,消费收入与就业;疫情冲击与宏观应对;汇率与国际收支;增长与总需求;股票与资本市场;房地产与城市化,国际与历史对标;自然实验与政策识别;因果与相关区分,国内国际与资本流动;收入年龄与家庭分组;主体资产负债表,自然实验与制度冲击;会计与存量流量约束;多市场一致性;时序与领先滞后;横断面梯度,927,212,158-s010,158-s012,02_markdown_articles/158_2021-01-14_守得云开见月明.md,7b3f5ee851d72ca19f87f3f80886d5ed470e3992d2ac1d7e1bfacc8a9f70fc57
158-s012,158,守得云开见月明,2021-01-14,财政、疫情及宏观应对,12,三、走向2035年的中国经济,消费收入与就业,消费收入与就业;疫情冲击与宏观应对;汇率与国际收支;增长与总需求;股票与资本市场;房地产与城市化,国际与历史对标;自然实验与政策识别;因果与相关区分,国内国际与资本流动;收入年龄与家庭分组;主体资产负债表,自然实验与制度冲击;会计与存量流量约束;多市场一致性;时序与领先滞后;横断面梯度,947,201,158-s011,158-s013,02_markdown_articles/158_2021-01-14_守得云开见月明.md,ce6c00e16ab3c1a6d45169a5b77b43aca90bef70a529aeace2ff7222916dfb86
158-s013,158,守得云开见月明,2021-01-14,财政、疫情及宏观应对,13,三、走向2035年的中国经济,消费收入与就业,消费收入与就业;疫情冲击与宏观应对;汇率与国际收支;增长与总需求;股票与资本市场;房地产与城市化,国际与历史对标;自然实验与政策识别;因果与相关区分,国内国际与资本流动;收入年龄与家庭分组;主体资产负债表,自然实验与制度冲击;会计与存量流量约束;多市场一致性;时序与领先滞后;横断面梯度,1012,216,158-s012,158-s014,02_markdown_articles/158_2021-01-14_守得云开见月明.md,72ea874238329ef370cae8b319d6bdf84db5e96288e5ad0df9d4367b63e08958
158-s014,158,守得云开见月明,2021-01-14,财政、疫情及宏观应对,14,三、走向2035年的中国经济,消费收入与就业,消费收入与就业;疫情冲击与宏观应对;汇率与国际收支;增长与总需求;股票与资本市场;房地产与城市化,国际与历史对标;自然实验与政策识别;因果与相关区分,国内国际与资本流动;收入年龄与家庭分组;主体资产负债表,自然实验与制度冲击;会计与存量流量约束;多市场一致性;时序与领先滞后;横断面梯度,473,203,158-s013,,02_markdown_articles/158_2021-01-14_守得云开见月明.md,915cd7022afbf5226a3069af32e8e135ef1b486924aee15fd6073b2d2a06ee57
159-s001,159,疫情下经济恢复的几个特征事实,2021-04-29,财政、疫情及宏观应对,1,正文,消费收入与就业,消费收入与就业;疫情冲击与宏观应对;贸易与全球经济;通胀与价格;产能库存与工业周期,国际与历史对标,国内国际与资本流动;收入年龄与家庭分组;主体资产负债表,自然实验与制度冲击;会计与存量流量约束;时序与领先滞后,417,0,,159-s002,02_markdown_articles/159_2021-04-29_疫情下经济恢复的几个特征事实.md,95f688bff488ab0f90cb32814f16ff854b02762ccfe143c330f9310b2961c439
159-s002,159,疫情下经济恢复的几个特征事实,2021-04-29,财政、疫情及宏观应对,2,第一个特征事实：货物消费对服务消费的替代,消费收入与就业,消费收入与就业;疫情冲击与宏观应对;贸易与全球经济;通胀与价格;产能库存与工业周期,国际与历史对标,国内国际与资本流动;收入年龄与家庭分组;主体资产负债表,自然实验与制度冲击;会计与存量流量约束;时序与领先滞后,1032,201,159-s001,159-s003,02_markdown_articles/159_2021-04-29_疫情下经济恢复的几个特征事实.md,11bba93a5dc8490224e579220558be07b522a11ed79f5473cd864e9602edd836
159-s003,159,疫情下经济恢复的几个特征事实,2021-04-29,财政、疫情及宏观应对,3,第一个特征事实：货物消费对服务消费的替代,消费收入与就业,消费收入与就业;疫情冲击与宏观应对;贸易与全球经济;通胀与价格;产能库存与工业周期,国际与历史对标,国内国际与资本流动;收入年龄与家庭分组;主体资产负债表,自然实验与制度冲击;会计与存量流量约束;时序与领先滞后,637,210,159-s002,159-s004,02_markdown_articles/159_2021-04-29_疫情下经济恢复的几个特征事实.md,14ed2dddcfbafe865e16699329c02f7ad2db06b903bab8f28c72bb0c3046bb07
159-s004,159,疫情下经济恢复的几个特征事实,2021-04-29,财政、疫情及宏观应对,4,第二个特征事实：供应限制的影响,消费收入与就业,消费收入与就业;疫情冲击与宏观应对;贸易与全球经济;通胀与价格;产能库存与工业周期,国际与历史对标,国内国际与资本流动;收入年龄与家庭分组;主体资产负债表,自然实验与制度冲击;会计与存量流量约束;时序与领先滞后,953,208,159-s003,159-s005,02_markdown_articles/159_2021-04-29_疫情下经济恢复的几个特征事实.md,83ed8f39d2b7274c8cd4010fb03609fd6e8a22f4c5c777a52071caa26a3d41be
159-s005,159,疫情下经济恢复的几个特征事实,2021-04-29,财政、疫情及宏观应对,5,第二个特征事实：供应限制的影响,消费收入与就业,消费收入与就业;疫情冲击与宏观应对;贸易与全球经济;通胀与价格;产能库存与工业周期,国际与历史对标,国内国际与资本流动;收入年龄与家庭分组;主体资产负债表,自然实验与制度冲击;会计与存量流量约束;时序与领先滞后,927,206,159-s004,159-s006,02_markdown_articles/159_2021-04-29_疫情下经济恢复的几个特征事实.md,768dd88c12a082c967ebbb58df0addfc5b513cceb4270440e0077dd17d344ced
159-s006,159,疫情下经济恢复的几个特征事实,2021-04-29,财政、疫情及宏观应对,6,第二个特征事实：供应限制的影响,消费收入与就业,消费收入与就业;疫情冲击与宏观应对;贸易与全球经济;通胀与价格;产能库存与工业周期,国际与历史对标,国内国际与资本流动;收入年龄与家庭分组;主体资产负债表,自然实验与制度冲击;会计与存量流量约束;时序与领先滞后,331,212,159-s005,159-s007,02_markdown_articles/159_2021-04-29_疫情下经济恢复的几个特征事实.md,92a9459128973cc8c08e1ab077a6b788d9c974644b5168eda1f649dfd0c58166
159-s007,159,疫情下经济恢复的几个特征事实,2021-04-29,财政、疫情及宏观应对,7,第三个特征事实：预防储蓄与被动储蓄,消费收入与就业,消费收入与就业;疫情冲击与宏观应对;贸易与全球经济;通胀与价格;产能库存与工业周期,国际与历史对标,国内国际与资本流动;收入年龄与家庭分组;主体资产负债表,自然实验与制度冲击;会计与存量流量约束;时序与领先滞后,956,209,159-s006,159-s008,02_markdown_articles/159_2021-04-29_疫情下经济恢复的几个特征事实.md,8337b839b54819c5561429256e9d52145a9edf6bf2b5b0f6c5d0ff9704d2f040
159-s008,159,疫情下经济恢复的几个特征事实,2021-04-29,财政、疫情及宏观应对,8,第三个特征事实：预防储蓄与被动储蓄,消费收入与就业,消费收入与就业;疫情冲击与宏观应对;贸易与全球经济;通胀与价格;产能库存与工业周期,国际与历史对标,国内国际与资本流动;收入年龄与家庭分组;主体资产负债表,自然实验与制度冲击;会计与存量流量约束;时序与领先滞后,1137,208,159-s007,,02_markdown_articles/159_2021-04-29_疫情下经济恢复的几个特征事实.md,75bd9ecb88ea7c8e72eca1b90b2490b52e65458a531156b28f32e0c5287e4256
160-s001,160,定向补贴是降低疤痕效应最有效方法,2022-12-10,财政、疫情及宏观应对,1,正文,疫情冲击与宏观应对,疫情冲击与宏观应对;企业盈利与资产负债表;消费收入与就业,国际与历史对标;资产负债表分析,收入年龄与家庭分组;主体资产负债表,会计与存量流量约束;自然实验与制度冲击,925,0,,160-s002,02_markdown_articles/160_2022-12-10_定向补贴是降低疤痕效应最有效方法.md,981ee4f28b502f9862fa1329078f9ca1a3af1a07f258ff3e6a4f4ed330acf268
160-s002,160,定向补贴是降低疤痕效应最有效方法,2022-12-10,财政、疫情及宏观应对,2,正文,疫情冲击与宏观应对,疫情冲击与宏观应对;企业盈利与资产负债表;消费收入与就业,国际与历史对标;资产负债表分析,收入年龄与家庭分组;主体资产负债表,会计与存量流量约束;自然实验与制度冲击,1077,200,160-s001,160-s003,02_markdown_articles/160_2022-12-10_定向补贴是降低疤痕效应最有效方法.md,dade7d77da75d9a66ea0778d3f651b5184db0ab0d7838023362e2939f5efae10
160-s003,160,定向补贴是降低疤痕效应最有效方法,2022-12-10,财政、疫情及宏观应对,3,正文,疫情冲击与宏观应对,疫情冲击与宏观应对;企业盈利与资产负债表;消费收入与就业,国际与历史对标;资产负债表分析,收入年龄与家庭分组;主体资产负债表,会计与存量流量约束;自然实验与制度冲击,932,199,160-s002,,02_markdown_articles/160_2022-12-10_定向补贴是降低疤痕效应最有效方法.md,d26281cd8e7ed0f24cb747dda12b41f8c1162354370e52e85315000439bf99ba
