chunk_id,article_id,title,category,date,chunk_index,non_ws_chars,overlap_non_ws_chars,prev_chunk_id,next_chunk_id,article_md,content_sha256
001-c001,001,“远见杯”排名之我见,成长、追忆与评论,2011-12-12,1,1325,0,,001-c002,02_markdown_articles/001_2011-12-12_“远见杯”排名之我见.md,96755fbe147528a9b806877b663b071b3923c8f7a31b7545936a91b92820d756
001-c002,001,“远见杯”排名之我见,成长、追忆与评论,2011-12-12,2,1504,280,001-c001,,02_markdown_articles/001_2011-12-12_“远见杯”排名之我见.md,2e025d21787fb01b409c8dc1e22bd78f86d7dfde8067be123b1e1e08783d1032
002-c001,002,送别父亲,成长、追忆与评论,2012-09-16,1,1444,0,,,02_markdown_articles/002_2012-09-16_送别父亲.md,d2197ed9b9470de467d95c9cefa427a1fa83528e08dc29ae7f6c5fabf677487e
003-c001,003,关于逻辑、经济、政策、市场等,成长、追忆与评论,2013-08-13,1,1241,0,,003-c002,02_markdown_articles/003_2013-08-13_关于逻辑、经济、政策、市场等.md,52c0d1ed0c859874b8190a1a1a80a303b210ca3a83821e2ce000531f45051eda
003-c002,003,关于逻辑、经济、政策、市场等,成长、追忆与评论,2013-08-13,2,1641,272,003-c001,003-c003,02_markdown_articles/003_2013-08-13_关于逻辑、经济、政策、市场等.md,f9544f3df0e26c42006303462938fad795c45f767b4a6ee7996521110075524c
003-c003,003,关于逻辑、经济、政策、市场等,成长、追忆与评论,2013-08-13,3,1728,262,003-c002,,02_markdown_articles/003_2013-08-13_关于逻辑、经济、政策、市场等.md,e89275fe08d7ef23b844c333aae3a06799b4d708dcbe1846596a1c9678076363
004-c001,004,回望青春 感恩母校,成长、追忆与评论,2018-07-10,1,1469,0,,,02_markdown_articles/004_2018-07-10_回望青春_感恩母校.md,945c24010d2f3f39b847e6b06020491d478671f29f5ca7517094ad56be1a0b67
005-c001,005,高中生活二三事,成长、追忆与评论,2018-07-20,1,1000,0,,005-c002,02_markdown_articles/005_2018-07-20_高中生活二三事.md,331db7eef15a89412dff763d7107ffedfbca59ec4436de8ce37e41d8db64b8f3
005-c002,005,高中生活二三事,成长、追忆与评论,2018-07-20,2,1185,286,005-c001,005-c003,02_markdown_articles/005_2018-07-20_高中生活二三事.md,22862366421df310a3527a02124cc9c7d7d931752957cc87f93c1db4bfd33e26
005-c003,005,高中生活二三事,成长、追忆与评论,2018-07-20,3,834,273,005-c002,005-c004,02_markdown_articles/005_2018-07-20_高中生活二三事.md,cd4ca43dd5a8a8bb21f2eba1bb3a5a42b6cfd4f5e36aa2c48fd4135cc83c0eab
005-c004,005,高中生活二三事,成长、追忆与评论,2018-07-20,4,1226,264,005-c003,,02_markdown_articles/005_2018-07-20_高中生活二三事.md,3ba137b52c00d8b36c60d3afe9bb6771d4728494c3cdfbf68baf268673e53d73
006-c001,006,时光的刻痕,成长、追忆与评论,2018-07-26,1,370,0,,006-c002,02_markdown_articles/006_2018-07-26_时光的刻痕.md,e1eea99eeaf050bc095ed235ae5c041686bfdae5ed2b061489b32a0a2a135f8c
006-c002,006,时光的刻痕,成长、追忆与评论,2018-07-26,2,1176,286,006-c001,006-c003,02_markdown_articles/006_2018-07-26_时光的刻痕.md,ddcb1699dd595eb5bece6fdc0f284deb209bed1128f582688137e8f714c08bc7
006-c003,006,时光的刻痕,成长、追忆与评论,2018-07-26,3,1486,264,006-c002,006-c004,02_markdown_articles/006_2018-07-26_时光的刻痕.md,c5e1600fd310b6290c20fb89ec7093da36aa43ccb28748b2d2c902734811df20
006-c004,006,时光的刻痕,成长、追忆与评论,2018-07-26,4,777,273,006-c003,006-c005,02_markdown_articles/006_2018-07-26_时光的刻痕.md,8223c6946249efdff0d031bf73f81c65a042fafab45ff38d96b7a7ab0008d90f
006-c005,006,时光的刻痕,成长、追忆与评论,2018-07-26,5,1219,288,006-c004,006-c006,02_markdown_articles/006_2018-07-26_时光的刻痕.md,9658da1f102ab10a47e348e9d8f8af0885e76a624516822decdf6d3886f39bbb
006-c006,006,时光的刻痕,成长、追忆与评论,2018-07-26,6,1477,284,006-c005,006-c007,02_markdown_articles/006_2018-07-26_时光的刻痕.md,c90e8c5976524ebac33894972904d812eb8e0fe53ac95ff998f258cc1a1638cf
006-c007,006,时光的刻痕,成长、追忆与评论,2018-07-26,7,1508,278,006-c006,006-c008,02_markdown_articles/006_2018-07-26_时光的刻痕.md,7b95c03bef29f52ed7fad17ea7148d2b2a7fb6539720506e45ba057ac98fdb32
006-c008,006,时光的刻痕,成长、追忆与评论,2018-07-26,8,631,284,006-c007,,02_markdown_articles/006_2018-07-26_时光的刻痕.md,88fc090745d15be4a5a1422c0d64412c925167ced8955c7a7c7b77f43666f111
007-c001,007,关于北京大学秦宛顺靳云汇奖学基金的问答,成长、追忆与评论,2020-12-18,1,706,0,,,02_markdown_articles/007_2020-12-18_关于北京大学秦宛顺靳云汇奖学基金的问答.md,ecb96db41862c3c5810b6c299dff6610fa6587dedf21db803bdcd3caef245048
008-c001,008,悼词——李勇先生,成长、追忆与评论,2021-10-01,1,1215,0,,008-c002,02_markdown_articles/008_2021-10-01_悼词——李勇先生.md,2de47df31a285b976c113fd2e3d3305bfafad3b4eeae5834cbb2a32d101d5eef
008-c002,008,悼词——李勇先生,成长、追忆与评论,2021-10-01,2,1033,275,008-c001,,02_markdown_articles/008_2021-10-01_悼词——李勇先生.md,9683331c43bdc5fded5d90d688c18cbe222eda050b1abc8ffc663353347ba648
009-c001,009,岁月如歌,成长、追忆与评论,2021-10-11,1,1326,0,,009-c002,02_markdown_articles/009_2021-10-11_岁月如歌.md,5193ee3fc791511a11211e0aea74a3dd32e3b69951a9a13f718f6de9a472619a
009-c002,009,岁月如歌,成长、追忆与评论,2021-10-11,2,462,274,009-c001,,02_markdown_articles/009_2021-10-11_岁月如歌.md,1965ed47fbc2f0c48aa6349d6ec802cf879aeea9284ee4d308ce14712e244328
010-c001,010,《投资中国》书评,成长、追忆与评论,2022-07-22,1,1320,0,,010-c002,02_markdown_articles/010_2022-07-22_《投资中国》书评.md,9fa89663f240c7e1d8e24d6189caacf9fe3bbfcc498c6bb150a08913b231da66
010-c002,010,《投资中国》书评,成长、追忆与评论,2022-07-22,2,1561,264,010-c001,010-c003,02_markdown_articles/010_2022-07-22_《投资中国》书评.md,9f92f8cc40e42ef547f92752446bae63fa78b027dc3d104dda882ecadc22b1b3
010-c003,010,《投资中国》书评,成长、追忆与评论,2022-07-22,3,609,286,010-c002,,02_markdown_articles/010_2022-07-22_《投资中国》书评.md,7e124412d05b96b4b023522a30be54d30caaf7a3a29dbdc34a4d3587b0e0e20c
011-c001,011,送别母亲,成长、追忆与评论,2024-02-18,1,1205,0,,011-c002,02_markdown_articles/011_2024-02-18_送别母亲.md,6a66ac88910cf3974fcec7677f7815ac224effb8fe0b609bd2cfdbb148be9963
011-c002,011,送别母亲,成长、追忆与评论,2024-02-18,2,1021,267,011-c001,,02_markdown_articles/011_2024-02-18_送别母亲.md,404cb12b2b72da457bff73eb5378c29c07615f5e0c1b08175e6114e5c5a30a07
012-c001,012,《金钱永不眠》书评,成长、追忆与评论,,1,1232,0,,,02_markdown_articles/012_《金钱永不眠》书评.md,b0cf8bdbc3fe3c245d0222f33e166a2eaf65526361ffcf75200d08b4c296d6ce
013-c001,013,一块金币引发的思考,代表作与研究方法,2009-09-09,1,1232,0,,013-c002,02_markdown_articles/013_2009-09-09_一块金币引发的思考.md,b1d3ea53e85421cab7bad2f6686c940dd7dd97c4315e48c238cdeb306d2a8cf2
013-c002,013,一块金币引发的思考,代表作与研究方法,2009-09-09,2,1745,284,013-c001,,02_markdown_articles/013_2009-09-09_一块金币引发的思考.md,7dbbd0392f68005609f2f7c1af110efa91ea779240b141eaa337db12e031cfef
014-c001,014,三十年未有之变局——中国潜在增速的趋势转折,代表作与研究方法,2010-10-12,1,475,0,,014-c002,02_markdown_articles/014_2010-10-12_三十年未有之变局——中国潜在增速的趋势转折.md,2949fdc9fa05644703afae081bc6bf20867d298e66ea41f491b98b79c2649eb9
014-c002,014,三十年未有之变局——中国潜在增速的趋势转折,代表作与研究方法,2010-10-12,2,845,263,014-c001,014-c003,02_markdown_articles/014_2010-10-12_三十年未有之变局——中国潜在增速的趋势转折.md,4a15fa92e5d43040c3c29342ec1ed3ee3866d48c5d97cac2c4fc26b6955b808f
014-c003,014,三十年未有之变局——中国潜在增速的趋势转折,代表作与研究方法,2010-10-12,3,661,286,014-c002,014-c004,02_markdown_articles/014_2010-10-12_三十年未有之变局——中国潜在增速的趋势转折.md,8f1eaad77db70e8cbdd1ec5ff9c8ad253aa73ab2c9065dced69e91f7bfe991a4
014-c004,014,三十年未有之变局——中国潜在增速的趋势转折,代表作与研究方法,2010-10-12,4,680,272,014-c003,014-c005,02_markdown_articles/014_2010-10-12_三十年未有之变局——中国潜在增速的趋势转折.md,c0ecc2c222900e220ae3496633ed12d070c53fe0bf0425eba0414abfc29ce89c
014-c005,014,三十年未有之变局——中国潜在增速的趋势转折,代表作与研究方法,2010-10-12,5,1633,262,014-c004,014-c006,02_markdown_articles/014_2010-10-12_三十年未有之变局——中国潜在增速的趋势转折.md,220183bf0ac3752a05632bb548544ea31f583ec4e56374c53ac53118f2f15d20
014-c006,014,三十年未有之变局——中国潜在增速的趋势转折,代表作与研究方法,2010-10-12,6,738,281,014-c005,014-c007,02_markdown_articles/014_2010-10-12_三十年未有之变局——中国潜在增速的趋势转折.md,cc8f91380179232f7b73d7dcdc7e57704a3d43162e2fbc13347be5f6c7036054
014-c007,014,三十年未有之变局——中国潜在增速的趋势转折,代表作与研究方法,2010-10-12,7,658,266,014-c006,014-c008,02_markdown_articles/014_2010-10-12_三十年未有之变局——中国潜在增速的趋势转折.md,71b4d42fc0277bb09d67a0c73720aed636f28424a6d9e6a682ba8b869a0691b9
014-c008,014,三十年未有之变局——中国潜在增速的趋势转折,代表作与研究方法,2010-10-12,8,677,261,014-c007,014-c009,02_markdown_articles/014_2010-10-12_三十年未有之变局——中国潜在增速的趋势转折.md,d8e37ef58dda04c6f940bfac120c2ccd012259ac590257de91d35777a411234d
014-c009,014,三十年未有之变局——中国潜在增速的趋势转折,代表作与研究方法,2010-10-12,9,646,282,014-c008,014-c010,02_markdown_articles/014_2010-10-12_三十年未有之变局——中国潜在增速的趋势转折.md,96e145eb73c00f237802dfc6b1fb1e4df2b068c8b574c576eb6345d9ab378956
014-c010,014,三十年未有之变局——中国潜在增速的趋势转折,代表作与研究方法,2010-10-12,10,1420,276,014-c009,014-c011,02_markdown_articles/014_2010-10-12_三十年未有之变局——中国潜在增速的趋势转折.md,b886b2e2fd64e3f807da75935514b4940e92441c1e966b48fe7818dd37a8cb18
014-c011,014,三十年未有之变局——中国潜在增速的趋势转折,代表作与研究方法,2010-10-12,11,999,280,014-c010,,02_markdown_articles/014_2010-10-12_三十年未有之变局——中国潜在增速的趋势转折.md,5a74ff58d69d66cd6b16a3b783e582824fd50ac81567ed5183c890b7db5a23da
015-c001,015,光线是可以弯曲的–关于研究方法的一些体悟和浅见,代表作与研究方法,2011-04-27,1,362,0,,015-c002,02_markdown_articles/015_2011-04-27_光线是可以弯曲的–关于研究方法的一些体悟和浅见.md,5e1d49a85cca488885f8f6cc3d3a4e08c6ede58addb5e7aa913ec3ad9b1c8461
015-c002,015,光线是可以弯曲的–关于研究方法的一些体悟和浅见,代表作与研究方法,2011-04-27,2,662,264,015-c001,015-c003,02_markdown_articles/015_2011-04-27_光线是可以弯曲的–关于研究方法的一些体悟和浅见.md,60eee37fc297e45e86174df586a3c10d445b186ff86b198ba371f85b44013dc0
015-c003,015,光线是可以弯曲的–关于研究方法的一些体悟和浅见,代表作与研究方法,2011-04-27,3,1505,264,015-c002,015-c004,02_markdown_articles/015_2011-04-27_光线是可以弯曲的–关于研究方法的一些体悟和浅见.md,f3853c0cca9001ee240959ccd78a735d3f18d4c5a8c87392447e601f9c665414
015-c004,015,光线是可以弯曲的–关于研究方法的一些体悟和浅见,代表作与研究方法,2011-04-27,4,661,274,015-c003,015-c005,02_markdown_articles/015_2011-04-27_光线是可以弯曲的–关于研究方法的一些体悟和浅见.md,9a27bbc1f617139c689f78f742f465949977511c71434e92958fb44954665d03
015-c005,015,光线是可以弯曲的–关于研究方法的一些体悟和浅见,代表作与研究方法,2011-04-27,5,962,266,015-c004,015-c006,02_markdown_articles/015_2011-04-27_光线是可以弯曲的–关于研究方法的一些体悟和浅见.md,2935127bd5b7ce3d26c6a300c459cc0aac4795d108390621c7b8515b63c046fc
015-c006,015,光线是可以弯曲的–关于研究方法的一些体悟和浅见,代表作与研究方法,2011-04-27,6,731,264,015-c005,015-c007,02_markdown_articles/015_2011-04-27_光线是可以弯曲的–关于研究方法的一些体悟和浅见.md,f1928d3000131c549e4390e7d4bcd4ffe844e5daadeaf1d660df066538952ef0
015-c007,015,光线是可以弯曲的–关于研究方法的一些体悟和浅见,代表作与研究方法,2011-04-27,7,1161,287,015-c006,015-c008,02_markdown_articles/015_2011-04-27_光线是可以弯曲的–关于研究方法的一些体悟和浅见.md,a675c2b459b3fb7aa96a9c5f36e673dae9853178abad7819616fe3e262b37861
015-c008,015,光线是可以弯曲的–关于研究方法的一些体悟和浅见,代表作与研究方法,2011-04-27,8,763,269,015-c007,015-c009,02_markdown_articles/015_2011-04-27_光线是可以弯曲的–关于研究方法的一些体悟和浅见.md,f16b15321164ba4184a77dffed33ca0a00ca788c1e2c194030a256039e4af18d
015-c009,015,光线是可以弯曲的–关于研究方法的一些体悟和浅见,代表作与研究方法,2011-04-27,9,1517,277,015-c008,015-c010,02_markdown_articles/015_2011-04-27_光线是可以弯曲的–关于研究方法的一些体悟和浅见.md,c6eb15f97268c401bb762080793a9bf726c829bdcd6b5d8cfc2367538f988237
015-c010,015,光线是可以弯曲的–关于研究方法的一些体悟和浅见,代表作与研究方法,2011-04-27,10,1072,274,015-c009,015-c011,02_markdown_articles/015_2011-04-27_光线是可以弯曲的–关于研究方法的一些体悟和浅见.md,6d4f02fe0cf516e59dda5cd8809f24df0210bd6bac3c4e19f8ee099ecf8067f1
015-c011,015,光线是可以弯曲的–关于研究方法的一些体悟和浅见,代表作与研究方法,2011-04-27,11,1508,286,015-c010,015-c012,02_markdown_articles/015_2011-04-27_光线是可以弯曲的–关于研究方法的一些体悟和浅见.md,3a54186796842050e56320d15c927a3039e822bc6fa57e0363f35b9084019507
015-c012,015,光线是可以弯曲的–关于研究方法的一些体悟和浅见,代表作与研究方法,2011-04-27,12,1528,274,015-c011,015-c013,02_markdown_articles/015_2011-04-27_光线是可以弯曲的–关于研究方法的一些体悟和浅见.md,53b835b181e762e0502188d9023e94a788ae909ff101a2680ce4e7483f1254ff
015-c013,015,光线是可以弯曲的–关于研究方法的一些体悟和浅见,代表作与研究方法,2011-04-27,13,923,272,015-c012,015-c014,02_markdown_articles/015_2011-04-27_光线是可以弯曲的–关于研究方法的一些体悟和浅见.md,ccdb468c274c0aa75c1dbe3a9eae7a603808e1f93920671ff25ba6967867d4ca
015-c014,015,光线是可以弯曲的–关于研究方法的一些体悟和浅见,代表作与研究方法,2011-04-27,14,1328,269,015-c013,015-c015,02_markdown_articles/015_2011-04-27_光线是可以弯曲的–关于研究方法的一些体悟和浅见.md,fdec7315f49fc910a7c2f320946fc8ea0b64e22f2d4665d95ef87d1701fe9e62
015-c015,015,光线是可以弯曲的–关于研究方法的一些体悟和浅见,代表作与研究方法,2011-04-27,15,1187,270,015-c014,,02_markdown_articles/015_2011-04-27_光线是可以弯曲的–关于研究方法的一些体悟和浅见.md,13de7d3c68221d53c9369f0baa246e5e90ffa4052b7dac50341c7b19dbadd9b1
016-c001,016,中国经济是否经过了刘易斯拐点？,代表作与研究方法,2011-11-25,1,383,0,,016-c002,02_markdown_articles/016_2011-11-25_中国经济是否经过了刘易斯拐点.md,eda39c86b0ea824e31cb35a1caa26dab662d1a6e5d7008f91ed0538c34974c85
016-c002,016,中国经济是否经过了刘易斯拐点？,代表作与研究方法,2011-11-25,2,700,272,016-c001,016-c003,02_markdown_articles/016_2011-11-25_中国经济是否经过了刘易斯拐点.md,91e285a256e3076de09c2054b409065adecea9d6bdf61ceb494608367991544e
016-c003,016,中国经济是否经过了刘易斯拐点？,代表作与研究方法,2011-11-25,3,654,284,016-c002,016-c004,02_markdown_articles/016_2011-11-25_中国经济是否经过了刘易斯拐点.md,7d24523e12c88f281865d0451af3a29b3ee24c041d1d151c21b7b2f8850a530e
016-c004,016,中国经济是否经过了刘易斯拐点？,代表作与研究方法,2011-11-25,4,621,262,016-c003,016-c005,02_markdown_articles/016_2011-11-25_中国经济是否经过了刘易斯拐点.md,4d306d5f8811b73f04af0ac815eab2e7e692262278607621977d57fdae4be83c
016-c005,016,中国经济是否经过了刘易斯拐点？,代表作与研究方法,2011-11-25,5,652,270,016-c004,016-c006,02_markdown_articles/016_2011-11-25_中国经济是否经过了刘易斯拐点.md,a685054c3c49a105ac5e742a98aa0726eec861a036df2ae246995e60d7adcda3
016-c006,016,中国经济是否经过了刘易斯拐点？,代表作与研究方法,2011-11-25,6,1464,270,016-c005,016-c007,02_markdown_articles/016_2011-11-25_中国经济是否经过了刘易斯拐点.md,8bb552e5bcc5e2d7c6b7f20e6b7d59f93ccdc29e4e35a9cd06e2fe10688474d1
016-c007,016,中国经济是否经过了刘易斯拐点？,代表作与研究方法,2011-11-25,7,1072,281,016-c006,016-c008,02_markdown_articles/016_2011-11-25_中国经济是否经过了刘易斯拐点.md,4974c76db4f2360859a627a9c04ab7c1a40612a2e76183d7af0e50abad6e5e60
016-c008,016,中国经济是否经过了刘易斯拐点？,代表作与研究方法,2011-11-25,8,1106,281,016-c007,016-c009,02_markdown_articles/016_2011-11-25_中国经济是否经过了刘易斯拐点.md,46d4096924c1b5fd874977b9d4b66f4912eb7b662d029de73b30c3fb2d94a952
016-c009,016,中国经济是否经过了刘易斯拐点？,代表作与研究方法,2011-11-25,9,750,279,016-c008,016-c010,02_markdown_articles/016_2011-11-25_中国经济是否经过了刘易斯拐点.md,2c5c0a371663992a09936035048a009facec8ca8b69337b7249f757e0db7841f
016-c010,016,中国经济是否经过了刘易斯拐点？,代表作与研究方法,2011-11-25,10,643,281,016-c009,016-c011,02_markdown_articles/016_2011-11-25_中国经济是否经过了刘易斯拐点.md,90343f6493a6a3a6704ac0644cc04789f90fdcd812797066d7ea0f03822f704f
016-c011,016,中国经济是否经过了刘易斯拐点？,代表作与研究方法,2011-11-25,11,1115,278,016-c010,,02_markdown_articles/016_2011-11-25_中国经济是否经过了刘易斯拐点.md,a590fa76fcd2dc59ff5369a0a6b0b140bea7930fce6aa7df61ee7ece4c278378
017-c001,017,《经济运行的逻辑》前言,代表作与研究方法,2012-12-30,1,1266,0,,017-c002,02_markdown_articles/017_2012-12-30_《经济运行的逻辑》前言.md,68080a1da3891b70fa8b184df9842b2822dd49fd9435debc011503c90a481574
017-c002,017,《经济运行的逻辑》前言,代表作与研究方法,2012-12-30,2,1474,276,017-c001,,02_markdown_articles/017_2012-12-30_《经济运行的逻辑》前言.md,9bcb287865ae7122382dd22e9a8c0ef09a9c382e93982f5f4ac405d3eaba8da2
018-c001,018,经济数据背后的逻辑,代表作与研究方法,2013-10-26,1,1330,0,,018-c002,02_markdown_articles/018_2013-10-26_经济数据背后的逻辑.md,374c8018a1635c16381f5526f8752447f0bd76c0e1614bc82c4239fd8aba624c
018-c002,018,经济数据背后的逻辑,代表作与研究方法,2013-10-26,2,1548,277,018-c001,018-c003,02_markdown_articles/018_2013-10-26_经济数据背后的逻辑.md,ef480ee5e3d8fea6ccad80a30e573d2ce38f88b5f2e2cd3337e26976e2d251da
018-c003,018,经济数据背后的逻辑,代表作与研究方法,2013-10-26,3,1453,272,018-c002,018-c004,02_markdown_articles/018_2013-10-26_经济数据背后的逻辑.md,8ed0e03dce1bcc31f656c0d8e7d18567a25f6f485beffdce57cebce3ed59133a
018-c004,018,经济数据背后的逻辑,代表作与研究方法,2013-10-26,4,1140,288,018-c003,,02_markdown_articles/018_2013-10-26_经济数据背后的逻辑.md,eaefe39548c3bca43f4515624cab37714bab77acc6ccc6b8203bc77302bdf5bc
019-c001,019,市场预测的可能与不可能,代表作与研究方法,2014-09-18,1,1375,0,,019-c002,02_markdown_articles/019_2014-09-18_市场预测的可能与不可能.md,8cde29cd5c270782fe440d317432c1ea2753303318af3ee6ed8c4207c58b1735
019-c002,019,市场预测的可能与不可能,代表作与研究方法,2014-09-18,2,1477,262,019-c001,019-c003,02_markdown_articles/019_2014-09-18_市场预测的可能与不可能.md,d9034c0bfa7d5e79e26c9a2f8b22659740c6fc4aaf9e7cba1abb8224f54d8a29
019-c003,019,市场预测的可能与不可能,代表作与研究方法,2014-09-18,3,695,270,019-c002,,02_markdown_articles/019_2014-09-18_市场预测的可能与不可能.md,428225f656c7d1bb1cb00afd77665268499286c8302038cc0673c742eb36b8b4
020-c001,020,中美贸易摩擦深处的忧虑,代表作与研究方法,2018-07-31,1,1155,0,,020-c002,02_markdown_articles/020_2018-07-31_中美贸易摩擦深处的忧虑.md,ccb8c06bbbc2b9f0b5f1b5f645bce2cf78316732f5763080f68f667aa63101ba
020-c002,020,中美贸易摩擦深处的忧虑,代表作与研究方法,2018-07-31,2,1518,261,020-c001,020-c003,02_markdown_articles/020_2018-07-31_中美贸易摩擦深处的忧虑.md,1c11928367675f7ddded8ca2ae9a10c8e54da5a80049980ac249c8de0845bcb2
020-c003,020,中美贸易摩擦深处的忧虑,代表作与研究方法,2018-07-31,3,1550,267,020-c002,020-c004,02_markdown_articles/020_2018-07-31_中美贸易摩擦深处的忧虑.md,5c820ca659e370627330c789b73a7ce549344ffe87dccfe77f205bc5890a65d7
020-c004,020,中美贸易摩擦深处的忧虑,代表作与研究方法,2018-07-31,4,676,274,020-c003,020-c005,02_markdown_articles/020_2018-07-31_中美贸易摩擦深处的忧虑.md,6afc4653f066156e329f7c6c1f59d35f02f5edaf33f0b3324ff7b8f70074b521
020-c005,020,中美贸易摩擦深处的忧虑,代表作与研究方法,2018-07-31,5,1584,267,020-c004,020-c006,02_markdown_articles/020_2018-07-31_中美贸易摩擦深处的忧虑.md,5f8dcc4f5ef681358210517f856632cbbcf6492645463ca1501a7acc9f60c4cd
020-c006,020,中美贸易摩擦深处的忧虑,代表作与研究方法,2018-07-31,6,707,288,020-c005,020-c007,02_markdown_articles/020_2018-07-31_中美贸易摩擦深处的忧虑.md,d8b8dcfc97e7166d6ee01fa51d252c91c88645321ac98250ac9ea49e54173201
020-c007,020,中美贸易摩擦深处的忧虑,代表作与研究方法,2018-07-31,7,1538,282,020-c006,020-c008,02_markdown_articles/020_2018-07-31_中美贸易摩擦深处的忧虑.md,4542e1c80f066c23dd07dc0c316d5dbc582a1b17500e56ecf7b04469a16fe3c3
020-c008,020,中美贸易摩擦深处的忧虑,代表作与研究方法,2018-07-31,8,798,288,020-c007,020-c009,02_markdown_articles/020_2018-07-31_中美贸易摩擦深处的忧虑.md,ac7ec0624b0d6b4f3ed3951690c23e693c5083141d9316cf860a2a5bae233335
020-c009,020,中美贸易摩擦深处的忧虑,代表作与研究方法,2018-07-31,9,1507,271,020-c008,020-c010,02_markdown_articles/020_2018-07-31_中美贸易摩擦深处的忧虑.md,9ec21cdf9d15c676c03ae45464ff6e14c60dd21ef9cfa197ff321cb7d53ed04b
020-c010,020,中美贸易摩擦深处的忧虑,代表作与研究方法,2018-07-31,10,1504,266,020-c009,020-c011,02_markdown_articles/020_2018-07-31_中美贸易摩擦深处的忧虑.md,e28036fdcd8fdda787d6ecd964b229761e09fca56e99b3675cc0204eeac1adc5
020-c011,020,中美贸易摩擦深处的忧虑,代表作与研究方法,2018-07-31,11,1510,275,020-c010,020-c012,02_markdown_articles/020_2018-07-31_中美贸易摩擦深处的忧虑.md,49cbb804970be57aa9cc1332cf308fc15607edfe00ef8e68a2d5d7e5338ade5b
020-c012,020,中美贸易摩擦深处的忧虑,代表作与研究方法,2018-07-31,12,692,276,020-c011,020-c013,02_markdown_articles/020_2018-07-31_中美贸易摩擦深处的忧虑.md,fb28607238fabbcc20ec7854a9eb45730509b2dde01531cf6ac594269e4d5137
020-c013,020,中美贸易摩擦深处的忧虑,代表作与研究方法,2018-07-31,13,808,266,020-c012,,02_markdown_articles/020_2018-07-31_中美贸易摩擦深处的忧虑.md,1a8616bf8afb00363ca56978913f6dc639548ad6ec5ba0262aa11de0625050ab
021-c001,021,通胀趋势与风险分析,周期、通胀与人口,2009-09-29,1,1155,0,,021-c002,02_markdown_articles/021_2009-09-29_通胀趋势与风险分析.md,0bc7b724c9b47561b929022a149e2ceed64476cdb31c7ac36f31dd7c92fa1b99
021-c002,021,通胀趋势与风险分析,周期、通胀与人口,2009-09-29,2,1537,271,021-c001,021-c003,02_markdown_articles/021_2009-09-29_通胀趋势与风险分析.md,12615160ba48570577b3a9caaa57bb2b2038ec4d35cf2f233bce7ea5bcd9e681
021-c003,021,通胀趋势与风险分析,周期、通胀与人口,2009-09-29,3,1599,272,021-c002,021-c004,02_markdown_articles/021_2009-09-29_通胀趋势与风险分析.md,949e0b3927ed6728b80b4b2a3304797417fe78600035c91e5d956cb1038eb9a3
021-c004,021,通胀趋势与风险分析,周期、通胀与人口,2009-09-29,4,1580,274,021-c003,021-c005,02_markdown_articles/021_2009-09-29_通胀趋势与风险分析.md,22bb06ad59ffab8d34e4660b686465b83b8d58e65e74f50b31e7c5083611d334
021-c005,021,通胀趋势与风险分析,周期、通胀与人口,2009-09-29,5,1074,274,021-c004,,02_markdown_articles/021_2009-09-29_通胀趋势与风险分析.md,90d6743183ddb9ec082358e19181191eaf93594374ba792274eb712c19451b00
022-c001,022,上升的地平线——刘易斯拐点与通胀裂口,周期、通胀与人口,2010-09-02,1,586,0,,022-c002,02_markdown_articles/022_2010-09-02_上升的地平线——刘易斯拐点与通胀裂口.md,3855ccf84a0bade222da4cdf9d8ced6b1335f561932447584d6d7d8488686e52
022-c002,022,上升的地平线——刘易斯拐点与通胀裂口,周期、通胀与人口,2010-09-02,2,1189,284,022-c001,022-c003,02_markdown_articles/022_2010-09-02_上升的地平线——刘易斯拐点与通胀裂口.md,99db237427baac29382a7a9cfc492c691833283eaadc35075e5a6477cb4d0883
022-c003,022,上升的地平线——刘易斯拐点与通胀裂口,周期、通胀与人口,2010-09-02,3,627,269,022-c002,022-c004,02_markdown_articles/022_2010-09-02_上升的地平线——刘易斯拐点与通胀裂口.md,74e22333e847c88227d5ad99fe0fcb049c09859552cdf7d53d7a0c251fe9b54e
022-c004,022,上升的地平线——刘易斯拐点与通胀裂口,周期、通胀与人口,2010-09-02,4,647,272,022-c003,022-c005,02_markdown_articles/022_2010-09-02_上升的地平线——刘易斯拐点与通胀裂口.md,ca036e06da45331ae5e4e78cb557d54ff6d26ba25b98e9ec1c78eb83d5b3b335
022-c005,022,上升的地平线——刘易斯拐点与通胀裂口,周期、通胀与人口,2010-09-02,5,615,260,022-c004,022-c006,02_markdown_articles/022_2010-09-02_上升的地平线——刘易斯拐点与通胀裂口.md,025ec6c0492864057dc2225a876877f0912989e14ab09e24e8268953d5fb80e6
022-c006,022,上升的地平线——刘易斯拐点与通胀裂口,周期、通胀与人口,2010-09-02,6,1593,275,022-c005,022-c007,02_markdown_articles/022_2010-09-02_上升的地平线——刘易斯拐点与通胀裂口.md,3883df4dbb2a35a23c87a69eaabd7fa8d2dcf523216880938b38e4bfe4b436d5
022-c007,022,上升的地平线——刘易斯拐点与通胀裂口,周期、通胀与人口,2010-09-02,7,782,273,022-c006,022-c008,02_markdown_articles/022_2010-09-02_上升的地平线——刘易斯拐点与通胀裂口.md,6bb3f02b840a8d5178d38f88a058b41a1e5412baf5350e50b6bbdab0834e52d2
022-c008,022,上升的地平线——刘易斯拐点与通胀裂口,周期、通胀与人口,2010-09-02,8,963,287,022-c007,022-c009,02_markdown_articles/022_2010-09-02_上升的地平线——刘易斯拐点与通胀裂口.md,4bbfc2dc46e89b24e7152d8308f389d0754dee8c53b03439180696675277b467
022-c009,022,上升的地平线——刘易斯拐点与通胀裂口,周期、通胀与人口,2010-09-02,9,1188,265,022-c008,022-c010,02_markdown_articles/022_2010-09-02_上升的地平线——刘易斯拐点与通胀裂口.md,bf27448abe2dcc6c55fa3d9422247f5b2d793e3a99549ca6c2b17a2b61a8a17f
022-c010,022,上升的地平线——刘易斯拐点与通胀裂口,周期、通胀与人口,2010-09-02,10,782,260,022-c009,022-c011,02_markdown_articles/022_2010-09-02_上升的地平线——刘易斯拐点与通胀裂口.md,ed985942c2e47496ad796a859bc3cb5c48c01ae37c829145e82761e48eebd1e4
022-c011,022,上升的地平线——刘易斯拐点与通胀裂口,周期、通胀与人口,2010-09-02,11,1063,271,022-c010,022-c012,02_markdown_articles/022_2010-09-02_上升的地平线——刘易斯拐点与通胀裂口.md,da8c159329afe371df49ceef2414bf209c6bffd4985ead64559078e508501b9f
022-c012,022,上升的地平线——刘易斯拐点与通胀裂口,周期、通胀与人口,2010-09-02,12,741,281,022-c011,022-c013,02_markdown_articles/022_2010-09-02_上升的地平线——刘易斯拐点与通胀裂口.md,49ddf3045fbaa0c4c6f3f2aa85c8c1086920bd3fd9b20bfca1f11dace006c85d
022-c013,022,上升的地平线——刘易斯拐点与通胀裂口,周期、通胀与人口,2010-09-02,13,639,287,022-c012,022-c014,02_markdown_articles/022_2010-09-02_上升的地平线——刘易斯拐点与通胀裂口.md,74f3fd3973836e9dc1bfc0eebb6942258280803d3ab27a8a53c7adaf7844bac5
022-c014,022,上升的地平线——刘易斯拐点与通胀裂口,周期、通胀与人口,2010-09-02,14,742,266,022-c013,022-c015,02_markdown_articles/022_2010-09-02_上升的地平线——刘易斯拐点与通胀裂口.md,60a2bdd0428ae4ebb4e5263322cfa3f18e1e80924b979e1e35c3433281870d9f
022-c015,022,上升的地平线——刘易斯拐点与通胀裂口,周期、通胀与人口,2010-09-02,15,1447,282,022-c014,022-c016,02_markdown_articles/022_2010-09-02_上升的地平线——刘易斯拐点与通胀裂口.md,9301af49637c0ea2e79657d6f77801e5809bcbbab4dc13c7b9c217cfd3b57e75
022-c016,022,上升的地平线——刘易斯拐点与通胀裂口,周期、通胀与人口,2010-09-02,16,1726,270,022-c015,,02_markdown_articles/022_2010-09-02_上升的地平线——刘易斯拐点与通胀裂口.md,b08132c37102a9f9b07a9f4210bf1ff6d8af6405763d445db22755442c74def9
023-c001,023,2011看波段,周期、通胀与人口,2011-01-31,1,1438,0,,,02_markdown_articles/023_2011-01-31_2011看波段.md,5cf6d023494e360035113374abf0f9bd7a96a7f7124d1814c1736bc565741c99
024-c001,024,掀开货币的面纱之二– 产出缺口与通货膨胀,周期、通胀与人口,2011-06-08,1,449,0,,024-c002,02_markdown_articles/024_2011-06-08_掀开货币的面纱之二–_产出缺口与通货膨胀.md,380b910e5c24eb58d0774a0f0a58a00485e5336f2ee2f8a1235dee2d07d27cfc
024-c002,024,掀开货币的面纱之二– 产出缺口与通货膨胀,周期、通胀与人口,2011-06-08,2,640,280,024-c001,024-c003,02_markdown_articles/024_2011-06-08_掀开货币的面纱之二–_产出缺口与通货膨胀.md,cf9ff9c7afe82e4dba60ccab10cfeac7490a7bd1d869311c6e4ebcd04976f310
024-c003,024,掀开货币的面纱之二– 产出缺口与通货膨胀,周期、通胀与人口,2011-06-08,3,975,287,024-c002,024-c004,02_markdown_articles/024_2011-06-08_掀开货币的面纱之二–_产出缺口与通货膨胀.md,597643d26cea0f5d8a6e27183f9b957f0d41fe30552ea37d0bb51b2aa8634a77
024-c004,024,掀开货币的面纱之二– 产出缺口与通货膨胀,周期、通胀与人口,2011-06-08,4,1408,272,024-c003,024-c005,02_markdown_articles/024_2011-06-08_掀开货币的面纱之二–_产出缺口与通货膨胀.md,2889372a3ee8c57032b7340b97fc908296cc49df399a140a26b64ff35b886d08
024-c005,024,掀开货币的面纱之二– 产出缺口与通货膨胀,周期、通胀与人口,2011-06-08,5,703,272,024-c004,024-c006,02_markdown_articles/024_2011-06-08_掀开货币的面纱之二–_产出缺口与通货膨胀.md,19062c3cb57c773359c086624cae2fd1525e15c03ac1e271444b222f392c2866
024-c006,024,掀开货币的面纱之二– 产出缺口与通货膨胀,周期、通胀与人口,2011-06-08,6,1104,275,024-c005,024-c007,02_markdown_articles/024_2011-06-08_掀开货币的面纱之二–_产出缺口与通货膨胀.md,197c2af323e205599bb89a060f3521185d9bd369207d2ee390097b7f81581629
024-c007,024,掀开货币的面纱之二– 产出缺口与通货膨胀,周期、通胀与人口,2011-06-08,7,924,265,024-c006,,02_markdown_articles/024_2011-06-08_掀开货币的面纱之二–_产出缺口与通货膨胀.md,2ee8ce618a49904bfcd3a4957d1cd34043165112dfc4e5a66f2d7d6879c5c52b
025-c001,025,通货膨胀的理解框架,周期、通胀与人口,2011-06-17,1,354,0,,025-c002,02_markdown_articles/025_2011-06-17_通货膨胀的理解框架.md,09a0de6ef35e081d023ea7380d25b4c918925791fedc94da4b7922806d7d3531
025-c002,025,通货膨胀的理解框架,周期、通胀与人口,2011-06-17,2,1190,283,025-c001,025-c003,02_markdown_articles/025_2011-06-17_通货膨胀的理解框架.md,3264970281a467ea9d4d3c8283d7a699c296c7b5572d9774aea32338700d731b
025-c003,025,通货膨胀的理解框架,周期、通胀与人口,2011-06-17,3,1127,267,025-c002,025-c004,02_markdown_articles/025_2011-06-17_通货膨胀的理解框架.md,d8dedc85308f2606250f78b5e7ae33151bd2dfe1d9807ce2f3476bb9547c126f
025-c004,025,通货膨胀的理解框架,周期、通胀与人口,2011-06-17,4,654,267,025-c003,025-c005,02_markdown_articles/025_2011-06-17_通货膨胀的理解框架.md,9393b539a00512f6fc3fabe2b162c6fae74e9bf436afbc03a0ea04b2e8fc5ba6
025-c005,025,通货膨胀的理解框架,周期、通胀与人口,2011-06-17,5,990,262,025-c004,025-c006,02_markdown_articles/025_2011-06-17_通货膨胀的理解框架.md,89e85fc31161f20040e0d63a652db486cb4d0346c651a3e2fc395c787077e4e1
025-c006,025,通货膨胀的理解框架,周期、通胀与人口,2011-06-17,6,1400,268,025-c005,,02_markdown_articles/025_2011-06-17_通货膨胀的理解框架.md,5bd3ac620d114b34c51778938de555b8ca8dee18e7030959a3c88a181e050d0c
026-c001,026,潮水退去,周期、通胀与人口,2011-07-14,1,354,0,,026-c002,02_markdown_articles/026_2011-07-14_潮水退去.md,477505a7d834ffdd9d51a49324f3e41240fa92ab395b5e07293e3eef087da150
026-c002,026,潮水退去,周期、通胀与人口,2011-07-14,2,700,275,026-c001,026-c003,02_markdown_articles/026_2011-07-14_潮水退去.md,56aab2aa44020a2f14be77e10304fbc0c40d47153dfed2d1f56866cd2b634a94
026-c003,026,潮水退去,周期、通胀与人口,2011-07-14,3,654,288,026-c002,026-c004,02_markdown_articles/026_2011-07-14_潮水退去.md,889be138c7496185252e00dbf5beceb347f24afc23742b2c3e84c23230180285
026-c004,026,潮水退去,周期、通胀与人口,2011-07-14,4,617,266,026-c003,026-c005,02_markdown_articles/026_2011-07-14_潮水退去.md,8ae5638673e404303f8874b463af779e2da13717d348ca68f572789c2e11d3a4
026-c005,026,潮水退去,周期、通胀与人口,2011-07-14,5,619,263,026-c004,026-c006,02_markdown_articles/026_2011-07-14_潮水退去.md,832698dd29fe4cb52989cf0edb939381dc1d150d1a167eee57d25ab93b520171
026-c006,026,潮水退去,周期、通胀与人口,2011-07-14,6,736,281,026-c005,026-c007,02_markdown_articles/026_2011-07-14_潮水退去.md,56a7f8492940de2a7e6feebf4a8a717840cbeef0ebeecfd3c579cab74ce98fc1
026-c007,026,潮水退去,周期、通胀与人口,2011-07-14,7,1472,284,026-c006,026-c008,02_markdown_articles/026_2011-07-14_潮水退去.md,a748f2c08bf093655ffabaacd33e7eaaf84c7fe91333c4dea9de915bf5d43166
026-c008,026,潮水退去,周期、通胀与人口,2011-07-14,8,1506,282,026-c007,026-c009,02_markdown_articles/026_2011-07-14_潮水退去.md,30dd950ce8bc972273ba34415fc5a264c4ff694fd69aaf75a344f2428ad22b09
026-c009,026,潮水退去,周期、通胀与人口,2011-07-14,9,649,286,026-c008,026-c010,02_markdown_articles/026_2011-07-14_潮水退去.md,9218103516e49ad95594bc9f230ac5a337af91d752f224172395d8c06bbbe42e
026-c010,026,潮水退去,周期、通胀与人口,2011-07-14,10,1242,278,026-c009,026-c011,02_markdown_articles/026_2011-07-14_潮水退去.md,3dbe4f078b60bf821fd2762bf5dba5058e5ef21d1da9abdbd649a64716827430
026-c011,026,潮水退去,周期、通胀与人口,2011-07-14,11,678,278,026-c010,026-c012,02_markdown_articles/026_2011-07-14_潮水退去.md,943340d4b568dbc834ceffb168927be603dcc3cb3f8688088bbf8fc1f6e27feb
026-c012,026,潮水退去,周期、通胀与人口,2011-07-14,12,1176,270,026-c011,026-c013,02_markdown_articles/026_2011-07-14_潮水退去.md,236c4ae966b66c7eea33981a6e17a127768431ea54b4985ba68401ae0620821f
026-c013,026,潮水退去,周期、通胀与人口,2011-07-14,13,634,280,026-c012,026-c014,02_markdown_articles/026_2011-07-14_潮水退去.md,4cc52308933fb2a8398d3631410b73f9b55494ca7b59bdcdee0948293eb34aae
026-c014,026,潮水退去,周期、通胀与人口,2011-07-14,14,1179,262,026-c013,026-c015,02_markdown_articles/026_2011-07-14_潮水退去.md,a7f0eec441802db258ae548aa22c31e6d876da0c6c0dbce8be160fcbcd06b72a
026-c015,026,潮水退去,周期、通胀与人口,2011-07-14,15,1475,259,026-c014,026-c016,02_markdown_articles/026_2011-07-14_潮水退去.md,4f8ed76f84b6a4f2f066f44820a4e3e0f009f49a4a43c06fd8b9b3f174e76c66
026-c016,026,潮水退去,周期、通胀与人口,2011-07-14,16,669,268,026-c015,026-c017,02_markdown_articles/026_2011-07-14_潮水退去.md,9614ffcb1d0b40ac5a85a2f8c234370740d06171c1933cca2d3f7c3ad7cb91be
026-c017,026,潮水退去,周期、通胀与人口,2011-07-14,17,675,263,026-c016,026-c018,02_markdown_articles/026_2011-07-14_潮水退去.md,d8423aa6c8cf8b1d50b71a71c07fad11ae0832315d3d477f40a4938987f42178
026-c018,026,潮水退去,周期、通胀与人口,2011-07-14,18,985,266,026-c017,,02_markdown_articles/026_2011-07-14_潮水退去.md,d2634555afc087f95d2f3c5991e96aa72e17d68ccf72f1c2befd85e442e8fefe
027-c001,027,货币与通胀长期关系的简要回顾,周期、通胀与人口,2011-08-19,1,517,0,,027-c002,02_markdown_articles/027_2011-08-19_货币与通胀长期关系的简要回顾.md,817f03f367993f2929d19359ea459febd4518a9a9d851ab9110df0df8e884586
027-c002,027,货币与通胀长期关系的简要回顾,周期、通胀与人口,2011-08-19,2,688,262,027-c001,027-c003,02_markdown_articles/027_2011-08-19_货币与通胀长期关系的简要回顾.md,7bf54b5db65a800f3684058ca3ac8035f4383f99035385517df9c1d3b4c71b43
027-c003,027,货币与通胀长期关系的简要回顾,周期、通胀与人口,2011-08-19,3,1109,277,027-c002,027-c004,02_markdown_articles/027_2011-08-19_货币与通胀长期关系的简要回顾.md,9a9e41143d7ebef0d98fe79c7659ae9b00f0b08d432ef11561e2aff53a71764c
027-c004,027,货币与通胀长期关系的简要回顾,周期、通胀与人口,2011-08-19,4,1583,274,027-c003,027-c005,02_markdown_articles/027_2011-08-19_货币与通胀长期关系的简要回顾.md,42744cf2002953d097055ae18de0d56cb855aca1c9c32eb6d8c573ca38a29389
027-c005,027,货币与通胀长期关系的简要回顾,周期、通胀与人口,2011-08-19,5,1258,265,027-c004,027-c006,02_markdown_articles/027_2011-08-19_货币与通胀长期关系的简要回顾.md,686a6244a65b3135c4b79c5e1876326580423029e8c1434c44acba65199d6381
027-c006,027,货币与通胀长期关系的简要回顾,周期、通胀与人口,2011-08-19,6,872,275,027-c005,,02_markdown_articles/027_2011-08-19_货币与通胀长期关系的简要回顾.md,6b928203db1406164d275eada4ebe83834af883ce4b4ab04fed4f1d3dd36c2f4
028-c001,028,掀开货币的面纱之三-中国的通货膨胀与货币供应,周期、通胀与人口,2011-08-22,1,406,0,,028-c002,02_markdown_articles/028_2011-08-22_掀开货币的面纱之三-中国的通货膨胀与货币供应.md,f98e081e39dc0cce8238f49455521e68c8bbf9d308fdab0e2b61720b0b0e4fef
028-c002,028,掀开货币的面纱之三-中国的通货膨胀与货币供应,周期、通胀与人口,2011-08-22,2,748,264,028-c001,028-c003,02_markdown_articles/028_2011-08-22_掀开货币的面纱之三-中国的通货膨胀与货币供应.md,281f29144218e0a34cda36861e36e930ff67ada155b20fd740321bbd00b3316f
028-c003,028,掀开货币的面纱之三-中国的通货膨胀与货币供应,周期、通胀与人口,2011-08-22,3,807,264,028-c002,028-c004,02_markdown_articles/028_2011-08-22_掀开货币的面纱之三-中国的通货膨胀与货币供应.md,a53e4848f650a8540d0bdf2e3276b6e9df0abe702a47bb29fc5ff6b1003037ca
028-c004,028,掀开货币的面纱之三-中国的通货膨胀与货币供应,周期、通胀与人口,2011-08-22,4,962,272,028-c003,028-c005,02_markdown_articles/028_2011-08-22_掀开货币的面纱之三-中国的通货膨胀与货币供应.md,a9e8510ab224fb4d69baf03a77332c11d1203457f9d1d48b37c7d1a3ca792455
028-c005,028,掀开货币的面纱之三-中国的通货膨胀与货币供应,周期、通胀与人口,2011-08-22,5,801,272,028-c004,028-c006,02_markdown_articles/028_2011-08-22_掀开货币的面纱之三-中国的通货膨胀与货币供应.md,4463b1b388b6cd5db79980e80361404981f6dbb2bb868a0d3b945d8c073ba7a6
028-c006,028,掀开货币的面纱之三-中国的通货膨胀与货币供应,周期、通胀与人口,2011-08-22,6,1226,275,028-c005,028-c007,02_markdown_articles/028_2011-08-22_掀开货币的面纱之三-中国的通货膨胀与货币供应.md,72316f5c443cb7221e215bf000bf6d0b6086fe603cf0efd319ffb86faedccf89
028-c007,028,掀开货币的面纱之三-中国的通货膨胀与货币供应,周期、通胀与人口,2011-08-22,7,1333,275,028-c006,028-c008,02_markdown_articles/028_2011-08-22_掀开货币的面纱之三-中国的通货膨胀与货币供应.md,bc239356b43d502f7fc0ff24e3910f4b84aa5342b3bcd21dcc50a5c4e83d3b34
028-c008,028,掀开货币的面纱之三-中国的通货膨胀与货币供应,周期、通胀与人口,2011-08-22,8,1399,270,028-c007,028-c009,02_markdown_articles/028_2011-08-22_掀开货币的面纱之三-中国的通货膨胀与货币供应.md,17b2a67c259edbf46b448dfbb1134a7142a7d09657618c26df41748c8a3b2b79
028-c009,028,掀开货币的面纱之三-中国的通货膨胀与货币供应,周期、通胀与人口,2011-08-22,9,891,277,028-c008,028-c010,02_markdown_articles/028_2011-08-22_掀开货币的面纱之三-中国的通货膨胀与货币供应.md,bc41db8a45f29ca3aaa621efb3b9156768af1814d2376caaed8f3b5292a088bb
028-c010,028,掀开货币的面纱之三-中国的通货膨胀与货币供应,周期、通胀与人口,2011-08-22,10,642,262,028-c009,028-c011,02_markdown_articles/028_2011-08-22_掀开货币的面纱之三-中国的通货膨胀与货币供应.md,a20ff4b7f1b30fa21049953b844cbd38b0f4566399448f76bdd43fd67eb06868
028-c011,028,掀开货币的面纱之三-中国的通货膨胀与货币供应,周期、通胀与人口,2011-08-22,11,1058,264,028-c010,028-c012,02_markdown_articles/028_2011-08-22_掀开货币的面纱之三-中国的通货膨胀与货币供应.md,155e010b8353b52a943ff5a736df8d435e6323b9a8aef162174716e5da6bf79f
028-c012,028,掀开货币的面纱之三-中国的通货膨胀与货币供应,周期、通胀与人口,2011-08-22,12,659,279,028-c011,028-c013,02_markdown_articles/028_2011-08-22_掀开货币的面纱之三-中国的通货膨胀与货币供应.md,87dd0a24457c7c732b102389cf0962def1e863a263321dbe8771759f38b3af12
028-c013,028,掀开货币的面纱之三-中国的通货膨胀与货币供应,周期、通胀与人口,2011-08-22,13,706,278,028-c012,028-c014,02_markdown_articles/028_2011-08-22_掀开货币的面纱之三-中国的通货膨胀与货币供应.md,e6fb0748866a0d1655b01caea6fcc973d6e5e455d96a5a1fb218a93bb92200be
028-c014,028,掀开货币的面纱之三-中国的通货膨胀与货币供应,周期、通胀与人口,2011-08-22,14,1158,266,028-c013,,02_markdown_articles/028_2011-08-22_掀开货币的面纱之三-中国的通货膨胀与货币供应.md,6f55057f27e52c5e718c3d85c122f19a01359f6717f7cfdf171eab0b67532f69
029-c001,029,新经济周期的是与非,周期、通胀与人口,2011-08-29,1,380,0,,029-c002,02_markdown_articles/029_2011-08-29_新经济周期的是与非.md,24cf899c47265c74e01e1c1ce53a1e0b55e4e78c274719600ccca441ee7db41b
029-c002,029,新经济周期的是与非,周期、通胀与人口,2011-08-29,2,658,273,029-c001,029-c003,02_markdown_articles/029_2011-08-29_新经济周期的是与非.md,a26eb6042636d4de2aca441a13e8fb195e3e70e7a724f83ea353c92033ab77c0
029-c003,029,新经济周期的是与非,周期、通胀与人口,2011-08-29,3,1327,285,029-c002,029-c004,02_markdown_articles/029_2011-08-29_新经济周期的是与非.md,2d345cd55a4d4b96f539afebefd73e305f6c89ed74fedf5ab61b66f85d4ed7df
029-c004,029,新经济周期的是与非,周期、通胀与人口,2011-08-29,4,827,267,029-c003,029-c005,02_markdown_articles/029_2011-08-29_新经济周期的是与非.md,b65ad9d0c8ebdfbd32f706dbb30a43174899c9367488f50ae630bd44f890b651
029-c005,029,新经济周期的是与非,周期、通胀与人口,2011-08-29,5,835,272,029-c004,029-c006,02_markdown_articles/029_2011-08-29_新经济周期的是与非.md,9ab69ad11cc3e53f2184812a2fb3ba0dcd7c6905d93ba2673075ed66318ec4a9
029-c006,029,新经济周期的是与非,周期、通胀与人口,2011-08-29,6,1726,278,029-c005,,02_markdown_articles/029_2011-08-29_新经济周期的是与非.md,667429dbd4e4b24ef47d76dd0c2a449e058cc9be269fbda32e58f46cd0ebd7f7
030-c001,030,通胀是股市的“情敌”,周期、通胀与人口,2011-09-13,1,1389,0,,030-c002,02_markdown_articles/030_2011-09-13_通胀是股市的“情敌”.md,8ff21adf684d6932e44c85fe7cb7e9f05f2cb5fc11f3ded045ccb08ef157c4e6
030-c002,030,通胀是股市的“情敌”,周期、通胀与人口,2011-09-13,2,1586,285,030-c001,030-c003,02_markdown_articles/030_2011-09-13_通胀是股市的“情敌”.md,4e28b1f1d3c2c0c058c218e3d3cb05b285a2d9e628cbde2f5e1a822d276eeb6c
030-c003,030,通胀是股市的“情敌”,周期、通胀与人口,2011-09-13,3,618,274,030-c002,,02_markdown_articles/030_2011-09-13_通胀是股市的“情敌”.md,2e51eb1bf112713e183ced92e0fb7dfecbb37d9a7be5217e8da577899e96eefb
031-c001,031,固本培元,周期、通胀与人口,2012-06-29,1,642,0,,031-c002,02_markdown_articles/031_2012-06-29_固本培元.md,699116d13d2a5081a768fa15c047dc0eb874ff8af55780d07cf6db97b3f7f1f7
031-c002,031,固本培元,周期、通胀与人口,2012-06-29,2,711,282,031-c001,031-c003,02_markdown_articles/031_2012-06-29_固本培元.md,95ec82e236e1b64486c83240fdb8070e1c4ee4d046c10e66c93b8fc7a1029cf7
031-c003,031,固本培元,周期、通胀与人口,2012-06-29,3,820,288,031-c002,031-c004,02_markdown_articles/031_2012-06-29_固本培元.md,1690b1c1e55b35cb7a17e8e1dc8541602aae3ab45c41eee7351ced3b1328c79f
031-c004,031,固本培元,周期、通胀与人口,2012-06-29,4,805,274,031-c003,031-c005,02_markdown_articles/031_2012-06-29_固本培元.md,19b888fb1fe77f14b8b3ef4dfae42e56afc105430bbd76471ec2ec29ed54ae77
031-c005,031,固本培元,周期、通胀与人口,2012-06-29,5,1067,269,031-c004,031-c006,02_markdown_articles/031_2012-06-29_固本培元.md,c328809b5cdd1d830ae7572b3860148cb7fab59fdb91bc6e171a4a886ec6d431
031-c006,031,固本培元,周期、通胀与人口,2012-06-29,6,1530,264,031-c005,031-c007,02_markdown_articles/031_2012-06-29_固本培元.md,0c00e083d19a51ef03bc2bd6307200ccfc759c16596938b86cddcbccb3f39360
031-c007,031,固本培元,周期、通胀与人口,2012-06-29,7,645,268,031-c006,031-c008,02_markdown_articles/031_2012-06-29_固本培元.md,bb01f5809b9f8704377ffc5ad90e788531310889cc5021999a039d04bb39bf9a
031-c008,031,固本培元,周期、通胀与人口,2012-06-29,8,694,282,031-c007,031-c009,02_markdown_articles/031_2012-06-29_固本培元.md,bf814c470f54eb9aa45a7cb67a52665c3c78c1928186281f2ad6b290bb69f1c4
031-c009,031,固本培元,周期、通胀与人口,2012-06-29,9,653,264,031-c008,031-c010,02_markdown_articles/031_2012-06-29_固本培元.md,e72c62cf181a2d7207dd7f921732c69e84683fb927a23661c764195238630b5a
031-c010,031,固本培元,周期、通胀与人口,2012-06-29,10,666,279,031-c009,031-c011,02_markdown_articles/031_2012-06-29_固本培元.md,a3d3d7e9d2ee1f611cad6ffb24c5f5bc2502f4fa02e6a6d624da465dd0682746
031-c011,031,固本培元,周期、通胀与人口,2012-06-29,11,647,288,031-c010,031-c012,02_markdown_articles/031_2012-06-29_固本培元.md,4ac32f02a5fc4f9ae8e7945cc2e529df9641038b2ca32f215f5845b5c12bb5cc
031-c012,031,固本培元,周期、通胀与人口,2012-06-29,12,750,274,031-c011,031-c013,02_markdown_articles/031_2012-06-29_固本培元.md,61c3883143a0dc09af6f1fb1ad05cb5e3f1cca5b00c41e82a821990685f9ce5e
031-c013,031,固本培元,周期、通胀与人口,2012-06-29,13,621,271,031-c012,031-c014,02_markdown_articles/031_2012-06-29_固本培元.md,002c1c20ea2f497f98b6a511f88df95fce58d8d9b6501e27e35b5b2e1607539d
031-c014,031,固本培元,周期、通胀与人口,2012-06-29,14,663,277,031-c013,031-c015,02_markdown_articles/031_2012-06-29_固本培元.md,58f955a0bcf7e847978a4fd792e3326f18ea926724eb18058edfb24eaa8ba63c
031-c015,031,固本培元,周期、通胀与人口,2012-06-29,15,673,273,031-c014,031-c016,02_markdown_articles/031_2012-06-29_固本培元.md,856105d753c290b636df36dd6089fcbffe1cc4bf938c43200fcc1648da8c4519
031-c016,031,固本培元,周期、通胀与人口,2012-06-29,16,750,270,031-c015,031-c017,02_markdown_articles/031_2012-06-29_固本培元.md,21f2a86b1fe6a6e9f7640fc114c37b8b8432b91b0513c900e874205d13d6f422
031-c017,031,固本培元,周期、通胀与人口,2012-06-29,17,907,265,031-c016,,02_markdown_articles/031_2012-06-29_固本培元.md,7984e45940d52a9c484aea069fbbd8a8ee2e53cd6a83b4adfa09cbb627e8817a
032-c001,032,总量扩张政策难解结构性失业问题,周期、通胀与人口,2014-04-20,1,1254,0,,032-c002,02_markdown_articles/032_2014-04-20_总量扩张政策难解结构性失业问题.md,f4c154f2c263a6c4d8cef2a3db7802bfc5089ce25a417fab7fca2a2832db87cb
032-c002,032,总量扩张政策难解结构性失业问题,周期、通胀与人口,2014-04-20,2,1550,274,032-c001,032-c003,02_markdown_articles/032_2014-04-20_总量扩张政策难解结构性失业问题.md,798853f2658286d9d787b553ca34b3c49fc678f62e98eaa4d0f26f25ce65c133
032-c003,032,总量扩张政策难解结构性失业问题,周期、通胀与人口,2014-04-20,3,1540,279,032-c002,032-c004,02_markdown_articles/032_2014-04-20_总量扩张政策难解结构性失业问题.md,5b9cc1ee843db4ec5d6b21ca66a244162580f11699583d50b2cc16221910d712
032-c004,032,总量扩张政策难解结构性失业问题,周期、通胀与人口,2014-04-20,4,1484,284,032-c003,032-c005,02_markdown_articles/032_2014-04-20_总量扩张政策难解结构性失业问题.md,0989390148a92c8c6892597b7c4b0e331d912c02215e2a7e8437b870a14439fa
032-c005,032,总量扩张政策难解结构性失业问题,周期、通胀与人口,2014-04-20,5,1103,269,032-c004,,02_markdown_articles/032_2014-04-20_总量扩张政策难解结构性失业问题.md,464f64e239d0cf59f14b1ae5812e5a3600998a842b356276383d3eff8e1252e5
033-c001,033,经济增长与城镇新增就业,周期、通胀与人口,2014-05-08,1,1205,0,,033-c002,02_markdown_articles/033_2014-05-08_经济增长与城镇新增就业.md,94257cc8f0f09dc99a84e92053f51d7ccb35a74d26b3253f29fa0f8fe174fb89
033-c002,033,经济增长与城镇新增就业,周期、通胀与人口,2014-05-08,2,1585,266,033-c001,033-c003,02_markdown_articles/033_2014-05-08_经济增长与城镇新增就业.md,d6d35f194c0529909d45af93cf17359d2017d0e0a7aced7c4e5a193458bbe468
033-c003,033,经济增长与城镇新增就业,周期、通胀与人口,2014-05-08,3,900,281,033-c002,,02_markdown_articles/033_2014-05-08_经济增长与城镇新增就业.md,6647cafb43615620335686fbfc1c87b45e3a18e6db64c9865f2b3eb64b5913a5
034-c001,034,上升的地平线,周期、通胀与人口,2015-05-15,1,926,0,,,02_markdown_articles/034_2015-05-15_上升的地平线.md,588d653ddc8ed4e06994f738294ee61d430d33fbd35ead731c4d19d3535a0f7d
035-c001,035,反思2016年的两种经济现象,周期、通胀与人口,2017-02-27,1,1347,0,,035-c002,02_markdown_articles/035_2017-02-27_反思2016年的两种经济现象.md,cdc88baba3a692a6ea88933c3a5dfb243a0ba5aa4d253ae2bdbb901db60a2c54
035-c002,035,反思2016年的两种经济现象,周期、通胀与人口,2017-02-27,2,1602,282,035-c001,035-c003,02_markdown_articles/035_2017-02-27_反思2016年的两种经济现象.md,d28f20f8ef4582d641a242c17fa655fba41439aa776644a7eebd4a822a234434
035-c003,035,反思2016年的两种经济现象,周期、通胀与人口,2017-02-27,3,987,285,035-c002,,02_markdown_articles/035_2017-02-27_反思2016年的两种经济现象.md,48e1cee01e02af93422494504a9fec7273c7186cdcccd8799d8da4e1319c178c
036-c001,036,年内经济前高后低 中长期景气前景仍值得期待,周期、通胀与人口,2017-07-12,1,384,0,,036-c002,02_markdown_articles/036_2017-07-12_年内经济前高后低_中长期景气前景仍值得期待.md,025f323c86b6e6912833d07b916a384e5c07049f8d47fd2bb5540bd284923b8e
036-c002,036,年内经济前高后低 中长期景气前景仍值得期待,周期、通胀与人口,2017-07-12,2,794,265,036-c001,036-c003,02_markdown_articles/036_2017-07-12_年内经济前高后低_中长期景气前景仍值得期待.md,07d396f7070decdfa87934db9adb49ba035c7a8767b38a81bc584289f554c8e7
036-c003,036,年内经济前高后低 中长期景气前景仍值得期待,周期、通胀与人口,2017-07-12,3,671,276,036-c002,036-c004,02_markdown_articles/036_2017-07-12_年内经济前高后低_中长期景气前景仍值得期待.md,ed2e1976b789ae164e158e7b7bd8c208586989e6f14ee4910e5c036925466190
036-c004,036,年内经济前高后低 中长期景气前景仍值得期待,周期、通胀与人口,2017-07-12,4,1625,263,036-c003,036-c005,02_markdown_articles/036_2017-07-12_年内经济前高后低_中长期景气前景仍值得期待.md,95548d014ebf496eae0c08466903bbbd9a3131a0f88d765657c28b4cb728e502
036-c005,036,年内经济前高后低 中长期景气前景仍值得期待,周期、通胀与人口,2017-07-12,5,996,284,036-c004,,02_markdown_articles/036_2017-07-12_年内经济前高后低_中长期景气前景仍值得期待.md,63737430707e20bda5900141437e03ada062cbb6ad5b66436c12296fa8a97c67
037-c001,037,关于经济周期的一些看法,周期、通胀与人口,2017-09-07,1,1234,0,,037-c002,02_markdown_articles/037_2017-09-07_关于经济周期的一些看法.md,2630692be6c53eefd2dae3afc7ee763958b163a2d385238b1dd9007662172340
037-c002,037,关于经济周期的一些看法,周期、通胀与人口,2017-09-07,2,1560,286,037-c001,037-c003,02_markdown_articles/037_2017-09-07_关于经济周期的一些看法.md,4190a3d66d5adf310c7d57464e2d3ab4ab31ec286c85dcb98418f8cdce645b76
037-c003,037,关于经济周期的一些看法,周期、通胀与人口,2017-09-07,3,651,271,037-c002,,02_markdown_articles/037_2017-09-07_关于经济周期的一些看法.md,f3ee8f20602a596c16c96f6c02b8e2f4ba99b1b61643ace732fae3292001c4fc
038-c001,038,知止不殆,周期、通胀与人口,2019-12-08,1,529,0,,038-c002,02_markdown_articles/038_2019-12-08_知止不殆.md,ad7cf0b3ebe79445e3c6dc87d257100dec344749fedd8a5000dd23852376976a
038-c002,038,知止不殆,周期、通胀与人口,2019-12-08,2,673,284,038-c001,038-c003,02_markdown_articles/038_2019-12-08_知止不殆.md,0e72ef990cb4755c01b37b0039cc9a1a87cc1b892f0661a1dcc2a4b5efa4f46d
038-c003,038,知止不殆,周期、通胀与人口,2019-12-08,3,766,284,038-c002,038-c004,02_markdown_articles/038_2019-12-08_知止不殆.md,def4ad529003229e892ae4711d8a211b0621f9b190b3e065011a25d882c2a531
038-c004,038,知止不殆,周期、通胀与人口,2019-12-08,4,1686,266,038-c003,038-c005,02_markdown_articles/038_2019-12-08_知止不殆.md,6388fbe2fa19e0f4a97fcb2942a0f218a6e323a5d8554ce24796e749c76c6279
038-c005,038,知止不殆,周期、通胀与人口,2019-12-08,5,1500,268,038-c004,038-c006,02_markdown_articles/038_2019-12-08_知止不殆.md,b76b14d2af5dfed6152e7c2e3309e8d71289cb1baa584393b1f5c69267ec0fd1
038-c006,038,知止不殆,周期、通胀与人口,2019-12-08,6,1581,279,038-c005,038-c007,02_markdown_articles/038_2019-12-08_知止不殆.md,9179164bfcbd85dffc5c8eabdc2720e99a2be7cc1a4afc6a443748db517276d9
038-c007,038,知止不殆,周期、通胀与人口,2019-12-08,7,1532,272,038-c006,038-c008,02_markdown_articles/038_2019-12-08_知止不殆.md,ce68f34ffc1c40a434b65c13457e5cfbc0b1d82c63e5c920948043dadf433a12
038-c008,038,知止不殆,周期、通胀与人口,2019-12-08,8,1214,271,038-c007,038-c009,02_markdown_articles/038_2019-12-08_知止不殆.md,dc1b67680802eb17dedeed26295bb3b2ee07a4af3f4e36fe1328d53a12a6b5d7
038-c009,038,知止不殆,周期、通胀与人口,2019-12-08,9,1493,265,038-c008,038-c010,02_markdown_articles/038_2019-12-08_知止不殆.md,9db2af8a2afc7bb80849e86b9f4bf0ffbd683e276604028ba210a1562681a445
038-c010,038,知止不殆,周期、通胀与人口,2019-12-08,10,1630,288,038-c009,038-c011,02_markdown_articles/038_2019-12-08_知止不殆.md,00972da34027ae810365cc430e0235be5815e1308bff1718e24adb7663127b66
038-c011,038,知止不殆,周期、通胀与人口,2019-12-08,11,1486,271,038-c010,038-c012,02_markdown_articles/038_2019-12-08_知止不殆.md,0c087a53ab38c7eda4c71c87858a8b97edcfc5a85aa62b89c2dc30c20f65c14b
038-c012,038,知止不殆,周期、通胀与人口,2019-12-08,12,1500,276,038-c011,038-c013,02_markdown_articles/038_2019-12-08_知止不殆.md,0b33e1d9cbe71e909d81a29b209b57f77fbc0d9bf532c9c1e52a373e6d6c6a53
038-c013,038,知止不殆,周期、通胀与人口,2019-12-08,13,1505,268,038-c012,038-c014,02_markdown_articles/038_2019-12-08_知止不殆.md,04e33c0f3bdb6a5736cc9ee8e6674d9ffeacc8eb3a5f7e5443c179618c5559f7
038-c014,038,知止不殆,周期、通胀与人口,2019-12-08,14,725,286,038-c013,038-c015,02_markdown_articles/038_2019-12-08_知止不殆.md,181377f9de3c8e36f77da6af989362105dc13175c05edfff437bd1246c1af790
038-c015,038,知止不殆,周期、通胀与人口,2019-12-08,15,1472,266,038-c014,038-c016,02_markdown_articles/038_2019-12-08_知止不殆.md,53e76f4f691deed8bbadf25f249dbb819f9c7e22f14a6a3b604185aabcd6ebf1
038-c016,038,知止不殆,周期、通胀与人口,2019-12-08,16,1495,283,038-c015,038-c017,02_markdown_articles/038_2019-12-08_知止不殆.md,76507f73a6ce16ba35f993ee7a70ef0b7e92a25c99798e14a1a58bc13fde5d55
038-c017,038,知止不殆,周期、通胀与人口,2019-12-08,17,859,269,038-c016,038-c018,02_markdown_articles/038_2019-12-08_知止不殆.md,2e6e845deb3f50f701b1549c9a67b74f0a860886b915198d9e33c00701c59a68
038-c018,038,知止不殆,周期、通胀与人口,2019-12-08,18,673,267,038-c017,038-c019,02_markdown_articles/038_2019-12-08_知止不殆.md,410152dc2f4a39c74d12d6c19aed1effd6f5ae14bc73851928a972536e559531
038-c019,038,知止不殆,周期、通胀与人口,2019-12-08,19,850,268,038-c018,038-c020,02_markdown_articles/038_2019-12-08_知止不殆.md,f1461493afe8f021e0b4f3f7396d9f242e0f863257616c8ecfeeb5c206c29278
038-c020,038,知止不殆,周期、通胀与人口,2019-12-08,20,661,286,038-c019,038-c021,02_markdown_articles/038_2019-12-08_知止不殆.md,8f1eaad77db70e8cbdd1ec5ff9c8ad253aa73ab2c9065dced69e91f7bfe991a4
038-c021,038,知止不殆,周期、通胀与人口,2019-12-08,21,940,272,038-c020,038-c022,02_markdown_articles/038_2019-12-08_知止不殆.md,0b4a8768698e0115bb2c01d21c507bb7b5269647f5174524fd80bee676fdbb69
038-c022,038,知止不殆,周期、通胀与人口,2019-12-08,22,680,261,038-c021,038-c023,02_markdown_articles/038_2019-12-08_知止不殆.md,54ca23a963c20f9a90e3d5297ebd15b3dae9df05633f681625b5810cd8607175
038-c023,038,知止不殆,周期、通胀与人口,2019-12-08,23,1570,267,038-c022,038-c024,02_markdown_articles/038_2019-12-08_知止不殆.md,b84b7500f8814c2fc04a811e98f8d97838dbc3659001303423bf24123938ac90
038-c024,038,知止不殆,周期、通胀与人口,2019-12-08,24,947,275,038-c023,038-c025,02_markdown_articles/038_2019-12-08_知止不殆.md,5ce423df97f88e34c9a7e446d78975d6a7b698c6926b5a4ed39104d4c9abc74d
038-c025,038,知止不殆,周期、通胀与人口,2019-12-08,25,743,281,038-c024,038-c026,02_markdown_articles/038_2019-12-08_知止不殆.md,a80194ee8ff45a845dd96b6f30aabd278f6b274ff33481d4e9b8d483911197cb
038-c026,038,知止不殆,周期、通胀与人口,2019-12-08,26,843,261,038-c025,038-c027,02_markdown_articles/038_2019-12-08_知止不殆.md,07b612b233010757c7f8bf398db68ffda4e76b7e8f0fccb9f2bbb81a41367973
038-c027,038,知止不殆,周期、通胀与人口,2019-12-08,27,711,278,038-c026,038-c028,02_markdown_articles/038_2019-12-08_知止不殆.md,b5a44b75807c3b948f2621e716afa13a47b7882d6e4188e87749de4de9bd19ec
038-c028,038,知止不殆,周期、通胀与人口,2019-12-08,28,1424,280,038-c027,038-c029,02_markdown_articles/038_2019-12-08_知止不殆.md,7f71ce5e6f882647f3eaf9f4fa316d0c54fb2fa9f34a399431ba82ad694f0978
038-c029,038,知止不殆,周期、通胀与人口,2019-12-08,29,1031,280,038-c028,,02_markdown_articles/038_2019-12-08_知止不殆.md,4ef2291bdfbb9ba75578cea4d54c9ee65c6dbcd72db8df3f6d7c07315de2c04d
039-c001,039,观察一季度经济数据的三个维度,周期、通胀与人口,2020-05-03,1,1201,0,,039-c002,02_markdown_articles/039_2020-05-03_观察一季度经济数据的三个维度.md,e041593f2fadb0b3ae7b8df0d16ff8eaa22072d0c00455ded7afbf1a39a4d247
039-c002,039,观察一季度经济数据的三个维度,周期、通胀与人口,2020-05-03,2,1648,276,039-c001,039-c003,02_markdown_articles/039_2020-05-03_观察一季度经济数据的三个维度.md,839870307ce8676463e4baef7f261107e7c975bfceefab6acc99d6723a864dcd
039-c003,039,观察一季度经济数据的三个维度,周期、通胀与人口,2020-05-03,3,1525,266,039-c002,039-c004,02_markdown_articles/039_2020-05-03_观察一季度经济数据的三个维度.md,84d00cb277bae927d0242611b21b1b1a6ad36d391dc97010f8fbc456c62f8d98
039-c004,039,观察一季度经济数据的三个维度,周期、通胀与人口,2020-05-03,4,1480,262,039-c003,039-c005,02_markdown_articles/039_2020-05-03_观察一季度经济数据的三个维度.md,45c2dac32144a577bb48499de780ce3be573384f008f80b1e099dc74f2a3a046
039-c005,039,观察一季度经济数据的三个维度,周期、通胀与人口,2020-05-03,5,773,275,039-c004,039-c006,02_markdown_articles/039_2020-05-03_观察一季度经济数据的三个维度.md,ca60cbfe29348fdd30653733c699adb5c9596cf239e8ce02efbfd4f2bd97c406
039-c006,039,观察一季度经济数据的三个维度,周期、通胀与人口,2020-05-03,6,902,284,039-c005,,02_markdown_articles/039_2020-05-03_观察一季度经济数据的三个维度.md,562bc8de24f8e3fb16cccd64c96eaab8e24b72c249280da1938960c1299524a8
040-c001,040,关于中国通货膨胀形成机制的几点观察,周期、通胀与人口,2022-11-14,1,411,0,,040-c002,02_markdown_articles/040_2022-11-14_关于中国通货膨胀形成机制的几点观察.md,4bd89af96dc19944f41f4d63a25d940fc53f6c24669184c2e2cc21b6b355dd51
040-c002,040,关于中国通货膨胀形成机制的几点观察,周期、通胀与人口,2022-11-14,2,641,284,040-c001,040-c003,02_markdown_articles/040_2022-11-14_关于中国通货膨胀形成机制的几点观察.md,67285150043dc8b79818a959367ad9628e4edc3f913b5fdc818e4f90b321a357
040-c003,040,关于中国通货膨胀形成机制的几点观察,周期、通胀与人口,2022-11-14,3,729,283,040-c002,040-c004,02_markdown_articles/040_2022-11-14_关于中国通货膨胀形成机制的几点观察.md,7fab466c13c3ddbb8345459af30142f77e693ca88359cae9cf10f3ac7036bb40
040-c004,040,关于中国通货膨胀形成机制的几点观察,周期、通胀与人口,2022-11-14,4,1001,287,040-c003,040-c005,02_markdown_articles/040_2022-11-14_关于中国通货膨胀形成机制的几点观察.md,98d9e5f73523bd614e3474ee7ddd70a952e70e9571ffe9883935b52a391d3624
040-c005,040,关于中国通货膨胀形成机制的几点观察,周期、通胀与人口,2022-11-14,5,1555,266,040-c004,040-c006,02_markdown_articles/040_2022-11-14_关于中国通货膨胀形成机制的几点观察.md,759bc014a0692adb044defac7bd9866812d82284e6acda0ed2776fd8830ee41c
040-c006,040,关于中国通货膨胀形成机制的几点观察,周期、通胀与人口,2022-11-14,6,1497,269,040-c005,040-c007,02_markdown_articles/040_2022-11-14_关于中国通货膨胀形成机制的几点观察.md,c1436f73187ad17bfd1c5acfc4bca0613e87138cf54de7280f2107c704488fa8
040-c007,040,关于中国通货膨胀形成机制的几点观察,周期、通胀与人口,2022-11-14,7,1471,271,040-c006,040-c008,02_markdown_articles/040_2022-11-14_关于中国通货膨胀形成机制的几点观察.md,241f2b23f83b98dc7678a4d2f6c7dda5250e2a86d82cd0e9c23031929b82c318
040-c008,040,关于中国通货膨胀形成机制的几点观察,周期、通胀与人口,2022-11-14,8,957,276,040-c007,040-c009,02_markdown_articles/040_2022-11-14_关于中国通货膨胀形成机制的几点观察.md,cf0a93b5d0f1ab99aa4e403f55d36d61abc115507b21de576f2f90b32da5597d
040-c009,040,关于中国通货膨胀形成机制的几点观察,周期、通胀与人口,2022-11-14,9,658,281,040-c008,040-c010,02_markdown_articles/040_2022-11-14_关于中国通货膨胀形成机制的几点观察.md,2e550aae5f6f1f300513ee8c2d8c4bec213350663f5db729ad1c7c61f476cfba
040-c010,040,关于中国通货膨胀形成机制的几点观察,周期、通胀与人口,2022-11-14,10,617,253,040-c009,040-c011,02_markdown_articles/040_2022-11-14_关于中国通货膨胀形成机制的几点观察.md,f9e86f3f39496a61f34ae51c066914437ff5e075d7edaa9011d43281ddd0bac1
040-c011,040,关于中国通货膨胀形成机制的几点观察,周期、通胀与人口,2022-11-14,11,671,262,040-c010,040-c012,02_markdown_articles/040_2022-11-14_关于中国通货膨胀形成机制的几点观察.md,f35dd204efcd41407f6532174956b99d91a11439b9cd48ed67665283d004690f
040-c012,040,关于中国通货膨胀形成机制的几点观察,周期、通胀与人口,2022-11-14,12,1480,285,040-c011,,02_markdown_articles/040_2022-11-14_关于中国通货膨胀形成机制的几点观察.md,60123891c6475bf0bdcd318b2a820ac9438af9dd75a6ee3546ec396a1eeb073d
041-c001,041,顺势而为,周期、通胀与人口,2023-06-13,1,369,0,,041-c002,02_markdown_articles/041_2023-06-13_顺势而为.md,d05bc52bad9ae02d74810e74985426bfe39549bceae703f2696dde56c1574fe4
041-c002,041,顺势而为,周期、通胀与人口,2023-06-13,2,667,263,041-c001,041-c003,02_markdown_articles/041_2023-06-13_顺势而为.md,a1669e5daceed24e6859e64de822465c8be1e76e93b5dd213f463ef1969655c8
041-c003,041,顺势而为,周期、通胀与人口,2023-06-13,3,722,277,041-c002,041-c004,02_markdown_articles/041_2023-06-13_顺势而为.md,779e39e4840ed04d2e54e17f7e20bea3bbd08d4551979036daf32d56ab99c0bd
041-c004,041,顺势而为,周期、通胀与人口,2023-06-13,4,1501,270,041-c003,041-c005,02_markdown_articles/041_2023-06-13_顺势而为.md,9ca6eee6966d8a4c792040f0b4b56aaeef71e1b42f1c06c93867bc60eb2ef969
041-c005,041,顺势而为,周期、通胀与人口,2023-06-13,5,1156,276,041-c004,041-c006,02_markdown_articles/041_2023-06-13_顺势而为.md,1dde941feefe1f7e89d259923e3d1f8a9929590805f7922b59497407b4f6c07d
041-c006,041,顺势而为,周期、通胀与人口,2023-06-13,6,1093,269,041-c005,041-c007,02_markdown_articles/041_2023-06-13_顺势而为.md,6dd086c5ca0b3a0738880937d27f4ebdd90e28017ae803a4aa5444743b525554
041-c007,041,顺势而为,周期、通胀与人口,2023-06-13,7,1541,261,041-c006,041-c008,02_markdown_articles/041_2023-06-13_顺势而为.md,d053ea4be95f04bcd0ff06540d331ea352fa0b8a222002678de23bacf5ea9ec0
041-c008,041,顺势而为,周期、通胀与人口,2023-06-13,8,1500,264,041-c007,041-c009,02_markdown_articles/041_2023-06-13_顺势而为.md,be44c24ad9fe715e8fa5bb8df716dd07e942749ab622b6895845e6ad20a95053
041-c009,041,顺势而为,周期、通胀与人口,2023-06-13,9,1179,281,041-c008,041-c010,02_markdown_articles/041_2023-06-13_顺势而为.md,2cbd102a55d9da59f65a244d9a5868dd771f69d5737f25519811a100c238019b
041-c010,041,顺势而为,周期、通胀与人口,2023-06-13,10,634,274,041-c009,041-c011,02_markdown_articles/041_2023-06-13_顺势而为.md,f5685027e15a192a302aab2b3e664cd06bd2d577a8a5e9b3f3e7ebf009bb5ad4
041-c011,041,顺势而为,周期、通胀与人口,2023-06-13,11,970,280,041-c010,041-c012,02_markdown_articles/041_2023-06-13_顺势而为.md,cc93b113921e3f9685214d119b8af96952d26771f2fe77e72ca3a5194d0fcf08
041-c012,041,顺势而为,周期、通胀与人口,2023-06-13,12,762,273,041-c011,041-c013,02_markdown_articles/041_2023-06-13_顺势而为.md,8301e0ebc46dfe320acb3a8c4d31c63b486861635c346836598bc3408f1c833d
041-c013,041,顺势而为,周期、通胀与人口,2023-06-13,13,1350,277,041-c012,041-c014,02_markdown_articles/041_2023-06-13_顺势而为.md,848f44c1a3b9e9ebb6ed79bc22bbf14417bfae35b12a4dfeaf1513958121776a
041-c014,041,顺势而为,周期、通胀与人口,2023-06-13,14,747,288,041-c013,,02_markdown_articles/041_2023-06-13_顺势而为.md,afb28ebc5e545334ab192791d4495c6544d937ea66349805adf4ba3ea887a4c3
042-c001,042,针对当前中国经济问题的几点观察,周期、通胀与人口,2023-07-26,1,1253,0,,042-c002,02_markdown_articles/042_2023-07-26_针对当前中国经济问题的几点观察.md,c94b4e71d3cdeffda77827df6ad132464fb7e2f45c6d2992f3f6a33b05e4fc90
042-c002,042,针对当前中国经济问题的几点观察,周期、通胀与人口,2023-07-26,2,1579,276,042-c001,042-c003,02_markdown_articles/042_2023-07-26_针对当前中国经济问题的几点观察.md,60ebe533720d53e8abadbc026ad31b8dd74b68ef20dbbd800e915213499933d0
042-c003,042,针对当前中国经济问题的几点观察,周期、通胀与人口,2023-07-26,3,1504,275,042-c002,042-c004,02_markdown_articles/042_2023-07-26_针对当前中国经济问题的几点观察.md,790f7b54d4b917f283e30aff29dbd33bf94257ae0f0525badb7e44a2ab3a67e6
042-c004,042,针对当前中国经济问题的几点观察,周期、通胀与人口,2023-07-26,4,971,264,042-c003,,02_markdown_articles/042_2023-07-26_针对当前中国经济问题的几点观察.md,e0f2cee538f06d03ffe255be917765b0afb3b1afecccd3e1ba6a54b19210b31a
043-c001,043,稳住阵脚，徐图进取,流动性、利率与汇率,2010-11-11,1,1448,0,,,"02_markdown_articles/043_2010-11-11_稳住阵脚,徐图进取.md",e51679e2ef6bbda5439f4a0c3f77206399cdf973edb91c5e304e29321e6333ac
044-c001,044,人民币国际化―――问题与思考,流动性、利率与汇率,2011-05-24,1,372,0,,044-c002,02_markdown_articles/044_2011-05-24_人民币国际化―――问题与思考.md,794091249f0ee3b7c604cd38f17139dddebef6edb5069ce5902c41640146fe2c
044-c002,044,人民币国际化―――问题与思考,流动性、利率与汇率,2011-05-24,2,671,282,044-c001,044-c003,02_markdown_articles/044_2011-05-24_人民币国际化―――问题与思考.md,ce31d968a4d998e97573b3788a987ca3b3f40899270acb5d776455b4a6518220
044-c003,044,人民币国际化―――问题与思考,流动性、利率与汇率,2011-05-24,3,1538,266,044-c002,044-c004,02_markdown_articles/044_2011-05-24_人民币国际化―――问题与思考.md,513b1c3f41b0d0e093c46d22a1bb510dd584e4a2cfff260ddb4ee4fe53e85c3d
044-c004,044,人民币国际化―――问题与思考,流动性、利率与汇率,2011-05-24,4,1508,275,044-c003,044-c005,02_markdown_articles/044_2011-05-24_人民币国际化―――问题与思考.md,730a9716b4a76a85b592c6a0b1dfc12b418937203beab3f10899d3b2de26426b
044-c005,044,人民币国际化―――问题与思考,流动性、利率与汇率,2011-05-24,5,646,276,044-c004,044-c006,02_markdown_articles/044_2011-05-24_人民币国际化―――问题与思考.md,61c0d61cf9e919c60483e1c9001b9cbefea3c1fe6ecef2d4f17ffb1699890d58
044-c006,044,人民币国际化―――问题与思考,流动性、利率与汇率,2011-05-24,6,1495,284,044-c005,044-c007,02_markdown_articles/044_2011-05-24_人民币国际化―――问题与思考.md,313204368eb985c40af21b89baec7d8b29f03ecbeadb7e2d9056565bb79e7a9c
044-c007,044,人民币国际化―――问题与思考,流动性、利率与汇率,2011-05-24,7,747,286,044-c006,044-c008,02_markdown_articles/044_2011-05-24_人民币国际化―――问题与思考.md,a6915df5e7477b4748bd323221eee4885f61b5eb81c1da84a5ed73ff8c791dc0
044-c008,044,人民币国际化―――问题与思考,流动性、利率与汇率,2011-05-24,8,1575,278,044-c007,044-c009,02_markdown_articles/044_2011-05-24_人民币国际化―――问题与思考.md,477c5b712ee7a249db0d977ad068277d4a65ef3f8a284261aafca41c7771f7d9
044-c009,044,人民币国际化―――问题与思考,流动性、利率与汇率,2011-05-24,9,699,280,044-c008,044-c010,02_markdown_articles/044_2011-05-24_人民币国际化―――问题与思考.md,46153d7c929789880915a403bae0f090b9b3cb3c46276569fa210735698ab72d
044-c010,044,人民币国际化―――问题与思考,流动性、利率与汇率,2011-05-24,10,1283,285,044-c009,,02_markdown_articles/044_2011-05-24_人民币国际化―――问题与思考.md,7e78ed9adb02111573eef54e85c0aa2ee979ba9cc358a646cca43d48a4c2b9a4
045-c001,045,内需显著下降，流动性趋近拐点,流动性、利率与汇率,2012-02-20,1,357,0,,045-c002,"02_markdown_articles/045_2012-02-20_内需显著下降,流动性趋近拐点.md",51cd08a89d9db3ab6db47af0e5518ccbba1984f93adaf2df8cba6d7edb603be9
045-c002,045,内需显著下降，流动性趋近拐点,流动性、利率与汇率,2012-02-20,2,679,271,045-c001,045-c003,"02_markdown_articles/045_2012-02-20_内需显著下降,流动性趋近拐点.md",66b8a68fc8b6cf3d08a7f40ab8e4014ddb6811d1ca83ab9db949d3e192b4f4fb
045-c003,045,内需显著下降，流动性趋近拐点,流动性、利率与汇率,2012-02-20,3,774,272,045-c002,045-c004,"02_markdown_articles/045_2012-02-20_内需显著下降,流动性趋近拐点.md",9fd57c67e55088cb4765383ec37220ad2bfe0a797d1e9145c9fb9d426aca7faa
045-c004,045,内需显著下降，流动性趋近拐点,流动性、利率与汇率,2012-02-20,4,1239,263,045-c003,045-c005,"02_markdown_articles/045_2012-02-20_内需显著下降,流动性趋近拐点.md",7d513affa490dba0fefe6c4055cfefba6301f3a97701e634aa684539ef2909a2
045-c005,045,内需显著下降，流动性趋近拐点,流动性、利率与汇率,2012-02-20,5,757,277,045-c004,,"02_markdown_articles/045_2012-02-20_内需显著下降,流动性趋近拐点.md",c8c30ed9ab57ee7a04bf67aa26ade7e0d72cd2ff58918353d5533dc7d93b9524
046-c001,046,短期内尾部风险下降，长期内尾部风险上升,流动性、利率与汇率,2013-06-26,1,627,0,,,"02_markdown_articles/046_2013-06-26_短期内尾部风险下降,长期内尾部风险上升.md",3dcba96e2cc9a6ef7651183560ffaa570b22737c2ba4a063de614aae26e15227
047-c001,047,潮起潮落,流动性、利率与汇率,2013-07-12,1,384,0,,047-c002,02_markdown_articles/047_2013-07-12_潮起潮落.md,b6d4f2a7b4951bd40095ddfb1d88c1d049b369454b8bd041639c6e60e64e4fc1
047-c002,047,潮起潮落,流动性、利率与汇率,2013-07-12,2,654,275,047-c001,047-c003,02_markdown_articles/047_2013-07-12_潮起潮落.md,51600e93b7a8a2f1112dff4197c9e97c30f3c30c0854e5695d9b4a6cd316785f
047-c003,047,潮起潮落,流动性、利率与汇率,2013-07-12,3,636,282,047-c002,047-c004,02_markdown_articles/047_2013-07-12_潮起潮落.md,50b52727f776b830f1c4dfd00e48249a486cfaea994f634cb2ffc890ea3880ff
047-c004,047,潮起潮落,流动性、利率与汇率,2013-07-12,4,996,279,047-c003,047-c005,02_markdown_articles/047_2013-07-12_潮起潮落.md,5a8e973cb993103a6f8951cae41b1b6840cdc4e59957b4acf1f2dc56a845f4d8
047-c005,047,潮起潮落,流动性、利率与汇率,2013-07-12,5,646,282,047-c004,047-c006,02_markdown_articles/047_2013-07-12_潮起潮落.md,b195fffd48d1005e91241ba8103f1e9fafae1882eff831fe8c25cb6133310f79
047-c006,047,潮起潮落,流动性、利率与汇率,2013-07-12,6,652,260,047-c005,047-c007,02_markdown_articles/047_2013-07-12_潮起潮落.md,3ca994bfb8d378791d9fc2011a0e717ec691799fafe87ecc2bf02bfbf4bbb31b
047-c007,047,潮起潮落,流动性、利率与汇率,2013-07-12,7,927,259,047-c006,047-c008,02_markdown_articles/047_2013-07-12_潮起潮落.md,bc333a18b935377b3879d95159dc6500441738bad1ee92ee3bccfd70407ddbf7
047-c008,047,潮起潮落,流动性、利率与汇率,2013-07-12,8,1028,286,047-c007,047-c009,02_markdown_articles/047_2013-07-12_潮起潮落.md,5a2ba9a8d9cb3d943c3115636863e9a8eab2fd8708dfb63b9b4c99891a454bc5
047-c009,047,潮起潮落,流动性、利率与汇率,2013-07-12,9,1281,280,047-c008,047-c010,02_markdown_articles/047_2013-07-12_潮起潮落.md,a988a90e98eda85a811fa8570d26f656d1a85831de136f11788a24dffcee8120
047-c010,047,潮起潮落,流动性、利率与汇率,2013-07-12,10,1526,272,047-c009,047-c011,02_markdown_articles/047_2013-07-12_潮起潮落.md,244717cd8a9ab611330130885e18e11ac4b1961ac280abe4aeac22ab398779c2
047-c011,047,潮起潮落,流动性、利率与汇率,2013-07-12,11,685,277,047-c010,047-c012,02_markdown_articles/047_2013-07-12_潮起潮落.md,e8dcd53362ba35638b69292d0f0fa41660690b819ffcc5ae5fdfb28f6883fcd8
047-c012,047,潮起潮落,流动性、利率与汇率,2013-07-12,12,856,274,047-c011,047-c013,02_markdown_articles/047_2013-07-12_潮起潮落.md,ebf94fc6853a7fe3ef08324d91d277e53263d98a02828359987c68e326adb376
047-c013,047,潮起潮落,流动性、利率与汇率,2013-07-12,13,1556,270,047-c012,047-c014,02_markdown_articles/047_2013-07-12_潮起潮落.md,017ee2c5a12f9107ec2a79cb5bbf07183082c4822ba8520e7bc72e5f20b13bf3
047-c014,047,潮起潮落,流动性、利率与汇率,2013-07-12,14,655,284,047-c013,047-c015,02_markdown_articles/047_2013-07-12_潮起潮落.md,c195e0af0fd89223ee7b8ccc885b8e9ed11152d3d2d5f659c12e0fe50a27cced
047-c015,047,潮起潮落,流动性、利率与汇率,2013-07-12,15,1533,272,047-c014,047-c016,02_markdown_articles/047_2013-07-12_潮起潮落.md,2322fdd6538ab6b1a00dd57cc94bcaa1ff72aa892b13d79795af5871df8b35a9
047-c016,047,潮起潮落,流动性、利率与汇率,2013-07-12,16,769,267,047-c015,,02_markdown_articles/047_2013-07-12_潮起潮落.md,7d19afa8b6d59b8afbe07cfc2c6aa65dd8799d273fdbb67c381a3264d488459f
048-c001,048,债券之殇,流动性、利率与汇率,2013-12-13,1,391,0,,048-c002,02_markdown_articles/048_2013-12-13_债券之殇.md,2b044b824fec7dab2165c9cb02e29b61806d8195d3a498d25430f36ec92a181b
048-c002,048,债券之殇,流动性、利率与汇率,2013-12-13,2,877,281,048-c001,048-c003,02_markdown_articles/048_2013-12-13_债券之殇.md,05fd2c8eea77d2b96b868d1e4ff2027fc3ffe305ccb34092de8bac9182c5b28b
048-c003,048,债券之殇,流动性、利率与汇率,2013-12-13,3,756,268,048-c002,048-c004,02_markdown_articles/048_2013-12-13_债券之殇.md,8585c3dce6cbc1689cce4c451657d9dde1bb3ea021113c7b75b1626f34d9352e
048-c004,048,债券之殇,流动性、利率与汇率,2013-12-13,4,901,273,048-c003,048-c005,02_markdown_articles/048_2013-12-13_债券之殇.md,28886a4f45f345fbebb97036c346b2dbd49ac183e751922415b681018892d3b3
048-c005,048,债券之殇,流动性、利率与汇率,2013-12-13,5,1527,268,048-c004,048-c006,02_markdown_articles/048_2013-12-13_债券之殇.md,8ec1f4ebc8ae67093f098118a40a166f3e44719e80277015fcf4290cf5e5fd21
048-c006,048,债券之殇,流动性、利率与汇率,2013-12-13,6,737,275,048-c005,048-c007,02_markdown_articles/048_2013-12-13_债券之殇.md,382093dfbfa783257d86e5fe7171581a85cffe179f2fd73568141611901f78af
048-c007,048,债券之殇,流动性、利率与汇率,2013-12-13,7,1580,286,048-c006,048-c008,02_markdown_articles/048_2013-12-13_债券之殇.md,ddbc25bc004475ac7d03562e06ceeea91aa023d3c6bdbb350f8e101502a06437
048-c008,048,债券之殇,流动性、利率与汇率,2013-12-13,8,1108,279,048-c007,048-c009,02_markdown_articles/048_2013-12-13_债券之殇.md,3f59be229c27e2dfc2d1c71408a90ef61a050f9fecaaf79a4dc9c27c918946b4
048-c009,048,债券之殇,流动性、利率与汇率,2013-12-13,9,1439,266,048-c008,048-c010,02_markdown_articles/048_2013-12-13_债券之殇.md,3b41a68d4ce3f4cf5fc3ef856b56de3f0e8d1aa2045c3f2704bb4c8634027782
048-c010,048,债券之殇,流动性、利率与汇率,2013-12-13,10,1023,271,048-c009,048-c011,02_markdown_articles/048_2013-12-13_债券之殇.md,0a66f782fb68f9417f8b1971560430ebe512d755c5dc72bcfadbf994b8733531
048-c011,048,债券之殇,流动性、利率与汇率,2013-12-13,11,1249,270,048-c010,,02_markdown_articles/048_2013-12-13_债券之殇.md,157c082c380f06ed4b71ab68b199b5ea7faca38bb4d09cd20ba85ef89159df12
049-c001,049,IPO注册制和利率市场化改革的代价,流动性、利率与汇率,2013-12-25,1,1223,0,,049-c002,02_markdown_articles/049_2013-12-25_IPO注册制和利率市场化改革的代价.md,32721e1606673adcb7c53376485a2e895507021868e8bad13799b8b0894d9619
049-c002,049,IPO注册制和利率市场化改革的代价,流动性、利率与汇率,2013-12-25,2,600,268,049-c001,,02_markdown_articles/049_2013-12-25_IPO注册制和利率市场化改革的代价.md,d67cc6ffe3829e5b02901573282787e040bc1b81d9b2498f5c70cc5bc64816e3
050-c001,050,利率市场化与余额宝的兴起,流动性、利率与汇率,2014-04-21,1,403,0,,050-c002,02_markdown_articles/050_2014-04-21_利率市场化与余额宝的兴起.md,a0010b8297b850447afd42ef1cef269c208ca6e8f932f4f6333af8670c01fc03
050-c002,050,利率市场化与余额宝的兴起,流动性、利率与汇率,2014-04-21,2,823,271,050-c001,050-c003,02_markdown_articles/050_2014-04-21_利率市场化与余额宝的兴起.md,6d2ce333096cd330961c681ede40dc6315e5e4971d6213aefdc83864388136f5
050-c003,050,利率市场化与余额宝的兴起,流动性、利率与汇率,2014-04-21,3,956,286,050-c002,050-c004,02_markdown_articles/050_2014-04-21_利率市场化与余额宝的兴起.md,acc057f16081108e39d2ff086792eb12b88e13f52ed70eec993ca248a902dd8a
050-c004,050,利率市场化与余额宝的兴起,流动性、利率与汇率,2014-04-21,4,1176,280,050-c003,050-c005,02_markdown_articles/050_2014-04-21_利率市场化与余额宝的兴起.md,6177a8a92bc78050951e5f637f12b55abe7e80a20ba67734753dd260282b4d48
050-c005,050,利率市场化与余额宝的兴起,流动性、利率与汇率,2014-04-21,5,1446,262,050-c004,050-c006,02_markdown_articles/050_2014-04-21_利率市场化与余额宝的兴起.md,2f4c3d309107f9beb8a68dfbcaa91b4797365ee48926a2fd734a129b2a108167
050-c006,050,利率市场化与余额宝的兴起,流动性、利率与汇率,2014-04-21,6,715,280,050-c005,050-c007,02_markdown_articles/050_2014-04-21_利率市场化与余额宝的兴起.md,70357d1777443fe6ac7c2adf3755bfce58decfffe21fbcb07af9d7d0be0e76b4
050-c007,050,利率市场化与余额宝的兴起,流动性、利率与汇率,2014-04-21,7,682,280,050-c006,050-c008,02_markdown_articles/050_2014-04-21_利率市场化与余额宝的兴起.md,a3c04192e005a19273b2ba6691a5db5b72840ac85be60a977f4fabb3c5f8bcae
050-c008,050,利率市场化与余额宝的兴起,流动性、利率与汇率,2014-04-21,8,1663,276,050-c007,050-c009,02_markdown_articles/050_2014-04-21_利率市场化与余额宝的兴起.md,322cd9f68a7d3e6b786529a2431df9256bb5a2d35d01f5ca34fec4e03359f2e6
050-c009,050,利率市场化与余额宝的兴起,流动性、利率与汇率,2014-04-21,9,690,270,050-c008,050-c010,02_markdown_articles/050_2014-04-21_利率市场化与余额宝的兴起.md,19f447abdd320d8f39f6e2b874bf540cddd77c9f3f413f8eeb1e7ba647918540
050-c010,050,利率市场化与余额宝的兴起,流动性、利率与汇率,2014-04-21,10,690,277,050-c009,050-c011,02_markdown_articles/050_2014-04-21_利率市场化与余额宝的兴起.md,24fa506f0f6e728b49f48c9ad29e17d9a20f47ccb4dea789d6a0fe9aa9057da8
050-c011,050,利率市场化与余额宝的兴起,流动性、利率与汇率,2014-04-21,11,653,262,050-c010,050-c012,02_markdown_articles/050_2014-04-21_利率市场化与余额宝的兴起.md,0d14d79647254b61e7953d93c279640efc3fe86105b1698350afee9f926b1e6b
050-c012,050,利率市场化与余额宝的兴起,流动性、利率与汇率,2014-04-21,12,1624,267,050-c011,050-c013,02_markdown_articles/050_2014-04-21_利率市场化与余额宝的兴起.md,9d1547e6c9996c0a559345f98569ed9f90c03eb8f268ddf65f456955c0c48a95
050-c013,050,利率市场化与余额宝的兴起,流动性、利率与汇率,2014-04-21,13,789,269,050-c012,050-c014,02_markdown_articles/050_2014-04-21_利率市场化与余额宝的兴起.md,b6c33f89aef10d9aaef42413d4ce9976024f5af479dfef1f519b8e9af1a04068
050-c014,050,利率市场化与余额宝的兴起,流动性、利率与汇率,2014-04-21,14,1248,273,050-c013,050-c015,02_markdown_articles/050_2014-04-21_利率市场化与余额宝的兴起.md,06e42057c73b39dc1262f3cc980d9ad9a6b1cc145e0a4cbea8934c101e974a2f
050-c015,050,利率市场化与余额宝的兴起,流动性、利率与汇率,2014-04-21,15,1591,287,050-c014,050-c016,02_markdown_articles/050_2014-04-21_利率市场化与余额宝的兴起.md,3819e6cf6aa84e978c5f613c73a0d73209fafaac4d561230de8cc721029ed381
050-c016,050,利率市场化与余额宝的兴起,流动性、利率与汇率,2014-04-21,16,1062,266,050-c015,,02_markdown_articles/050_2014-04-21_利率市场化与余额宝的兴起.md,7bf946656db20e7ce67d7a3cb958d56c8033c58568f1cb139e8638a589da959c
051-c001,051,小制度 大问题,流动性、利率与汇率,2014-06-17,1,589,0,,051-c002,02_markdown_articles/051_2014-06-17_小制度_大问题.md,98a118620daddcd5ee98ff3ee2e3b45e7d0a48c67cd7dc9fe26bcac64545f9b3
051-c002,051,小制度 大问题,流动性、利率与汇率,2014-06-17,2,1493,284,051-c001,051-c003,02_markdown_articles/051_2014-06-17_小制度_大问题.md,19bced5c0671216802e1e960e9635c602e8f751d8699d2ed51bc554ce43748f8
051-c003,051,小制度 大问题,流动性、利率与汇率,2014-06-17,3,808,264,051-c002,051-c004,02_markdown_articles/051_2014-06-17_小制度_大问题.md,47cac234ec697979d3341da1a23d8c72d5b40745a9fc4913e7ea56bbcc2102cf
051-c004,051,小制度 大问题,流动性、利率与汇率,2014-06-17,4,1509,276,051-c003,051-c005,02_markdown_articles/051_2014-06-17_小制度_大问题.md,bed16bdd0119781dfd6646bfef5dd96a7e5b36b9875c351d5d7f1290b43de8d0
051-c005,051,小制度 大问题,流动性、利率与汇率,2014-06-17,5,859,282,051-c004,051-c006,02_markdown_articles/051_2014-06-17_小制度_大问题.md,99f459c71077997b9430ab129974e04aeb02397ed17ccaebcd501a0ed7313d49
051-c006,051,小制度 大问题,流动性、利率与汇率,2014-06-17,6,1138,268,051-c005,,02_markdown_articles/051_2014-06-17_小制度_大问题.md,ccba788641ff8ce1d4fa1141579080c8a588e80deb72cd734ab00fc7585318f1
052-c001,052,汇率贬值出其不意，股市维稳增添变数,流动性、利率与汇率,2015-08-12,1,800,0,,,"02_markdown_articles/052_2015-08-12_汇率贬值出其不意,股市维稳增添变数.md",1bca9342bf1b0ebc435c66d1c0f1d2f236668d24a8b79335106e08da1647a0b9
053-c001,053,人民币汇率向何处去？,流动性、利率与汇率,2015-10-23,1,385,0,,053-c002,02_markdown_articles/053_2015-10-23_人民币汇率向何处去.md,0d61aaeb5aa7474ab1eea63191b178ebb3519190b9b6ce6833fb137ed75e2cd2
053-c002,053,人民币汇率向何处去？,流动性、利率与汇率,2015-10-23,2,717,275,053-c001,053-c003,02_markdown_articles/053_2015-10-23_人民币汇率向何处去.md,1c1cf8b0363e8aa9f5caa5003ac4ae1b0899a610705b0698380bfa5f856f24c0
053-c003,053,人民币汇率向何处去？,流动性、利率与汇率,2015-10-23,3,679,288,053-c002,053-c004,02_markdown_articles/053_2015-10-23_人民币汇率向何处去.md,f7164a2d1468e8d6516db625afb3ca156581e690cf6a53cda622f9ae33565360
053-c004,053,人民币汇率向何处去？,流动性、利率与汇率,2015-10-23,4,1218,286,053-c003,053-c005,02_markdown_articles/053_2015-10-23_人民币汇率向何处去.md,b4aed1ed284185619962f6beffd6e3a354bb3792c8ec20ee5d63887ef349bb83
053-c005,053,人民币汇率向何处去？,流动性、利率与汇率,2015-10-23,5,1121,271,053-c004,053-c006,02_markdown_articles/053_2015-10-23_人民币汇率向何处去.md,67e8992718d78c4f541e5c7479b3934cd7b93ed98c9160a32bdb2fbd065d4d03
053-c006,053,人民币汇率向何处去？,流动性、利率与汇率,2015-10-23,6,1591,274,053-c005,053-c007,02_markdown_articles/053_2015-10-23_人民币汇率向何处去.md,d452c49d134a587c2e0fba01c1204930c24e1d6ecf8f23b7f72cc10199fac3b1
053-c007,053,人民币汇率向何处去？,流动性、利率与汇率,2015-10-23,7,1021,261,053-c006,053-c008,02_markdown_articles/053_2015-10-23_人民币汇率向何处去.md,9a246cc569bf0f3e53ecd88e117e5998870c3a4001ffde0ba82c5af4440ddd65
053-c008,053,人民币汇率向何处去？,流动性、利率与汇率,2015-10-23,8,1250,267,053-c007,053-c009,02_markdown_articles/053_2015-10-23_人民币汇率向何处去.md,c59a9b09567c59c0530f25fffa1000c2a8581b773b60f900654bf76050866639
053-c009,053,人民币汇率向何处去？,流动性、利率与汇率,2015-10-23,9,700,262,053-c008,053-c010,02_markdown_articles/053_2015-10-23_人民币汇率向何处去.md,293727c3b05961326a3a2031c3287d729395029a1302b2af315dd71444aa9088
053-c010,053,人民币汇率向何处去？,流动性、利率与汇率,2015-10-23,10,720,278,053-c009,053-c011,02_markdown_articles/053_2015-10-23_人民币汇率向何处去.md,21234dee02197b7c2106b09a4be72670d35e2b454d5a8f2fb8e06ea68282ac4a
053-c011,053,人民币汇率向何处去？,流动性、利率与汇率,2015-10-23,11,657,280,053-c010,053-c012,02_markdown_articles/053_2015-10-23_人民币汇率向何处去.md,4067370c1ba11be76720d5337677367b823f6036549d41260f495362d72b0694
053-c012,053,人民币汇率向何处去？,流动性、利率与汇率,2015-10-23,12,1552,278,053-c011,053-c013,02_markdown_articles/053_2015-10-23_人民币汇率向何处去.md,6ab949c24785e6f25fc61d230399a246f5ac438d906067ad5d49ea557eb03aea
053-c013,053,人民币汇率向何处去？,流动性、利率与汇率,2015-10-23,13,679,269,053-c012,053-c014,02_markdown_articles/053_2015-10-23_人民币汇率向何处去.md,617a50229eadd251c569abedfd5de677d9135f83048637ef00aad269d1720179
053-c014,053,人民币汇率向何处去？,流动性、利率与汇率,2015-10-23,14,688,264,053-c013,053-c015,02_markdown_articles/053_2015-10-23_人民币汇率向何处去.md,2a35aaa60c92492be5e3bff27af27357a87f385ffbea16da46dc80c8d9b02f50
053-c015,053,人民币汇率向何处去？,流动性、利率与汇率,2015-10-23,15,665,280,053-c014,053-c016,02_markdown_articles/053_2015-10-23_人民币汇率向何处去.md,63566c55d587269929dcdbcdf58e1161d2746ab69459a11cec9d7cd0a5093bca
053-c016,053,人民币汇率向何处去？,流动性、利率与汇率,2015-10-23,16,948,271,053-c015,053-c017,02_markdown_articles/053_2015-10-23_人民币汇率向何处去.md,e164a734ef6676746bcb69ad4c413a04a1c738828d5e36c47921515f134e0085
053-c017,053,人民币汇率向何处去？,流动性、利率与汇率,2015-10-23,17,1532,275,053-c016,053-c018,02_markdown_articles/053_2015-10-23_人民币汇率向何处去.md,7085ea979d1ad7a76d9f46a5adff5d1ec1ac68fa75650a6514c6489183cd14ad
053-c018,053,人民币汇率向何处去？,流动性、利率与汇率,2015-10-23,18,1495,284,053-c017,053-c019,02_markdown_articles/053_2015-10-23_人民币汇率向何处去.md,65200b4495e056c076cef061cbdeaaa32344a27fcd2ccc99ba3620ce39ae6d27
053-c019,053,人民币汇率向何处去？,流动性、利率与汇率,2015-10-23,19,689,264,053-c018,,02_markdown_articles/053_2015-10-23_人民币汇率向何处去.md,c9d1d7ddb116fcc9bb9b4c3c60ae64293f6be6a1c19702a939ea612836447924
054-c001,054,含章可贞,流动性、利率与汇率,2015-12-16,1,495,0,,054-c002,02_markdown_articles/054_2015-12-16_含章可贞.md,fc279e32e6fcdb817d45b7cf23eb3a819aa03e99ca1ae7496616ca0632b74521
054-c002,054,含章可贞,流动性、利率与汇率,2015-12-16,2,644,282,054-c001,054-c003,02_markdown_articles/054_2015-12-16_含章可贞.md,388f10297d8471608960fd6a53e0a4c03d70bcc78fb9f46ace7a1758eed74a9c
054-c003,054,含章可贞,流动性、利率与汇率,2015-12-16,3,980,265,054-c002,054-c004,02_markdown_articles/054_2015-12-16_含章可贞.md,74a02d23e76a97d929df97d96ef742cb9e60ce80716342425fc6c43bb7b03c82
054-c004,054,含章可贞,流动性、利率与汇率,2015-12-16,4,453,58,054-c003,054-c005,02_markdown_articles/054_2015-12-16_含章可贞.md,4a67d2c888e56cab4b156a34f934131a5ce541d54951ac9aaa3be36340395457
054-c005,054,含章可贞,流动性、利率与汇率,2015-12-16,5,632,273,054-c004,054-c006,02_markdown_articles/054_2015-12-16_含章可贞.md,8a0689fb4608aa1496e3ddd74007d29af5717cd0501f6d8bf78da02cd32149ab
054-c006,054,含章可贞,流动性、利率与汇率,2015-12-16,6,1178,259,054-c005,054-c007,02_markdown_articles/054_2015-12-16_含章可贞.md,48430584dc691da9420070e9616acb21182955031e0fdb504b6adfd5c56093dc
054-c007,054,含章可贞,流动性、利率与汇率,2015-12-16,7,1136,280,054-c006,054-c008,02_markdown_articles/054_2015-12-16_含章可贞.md,ee2e77b5e8839522f6cc0fa1d011abc99cdb63cef8d06ce04575419ee56a90d6
054-c008,054,含章可贞,流动性、利率与汇率,2015-12-16,8,820,262,054-c007,054-c009,02_markdown_articles/054_2015-12-16_含章可贞.md,2cd9fd3a2beb129abe42958da2e93f377a40fceed8d109068a450d2ccb4e2a32
054-c009,054,含章可贞,流动性、利率与汇率,2015-12-16,9,707,284,054-c008,054-c010,02_markdown_articles/054_2015-12-16_含章可贞.md,c78861b65c3594269b4de735e049352e461919d18429273270f9e3c6ec659d2c
054-c010,054,含章可贞,流动性、利率与汇率,2015-12-16,10,936,282,054-c009,054-c011,02_markdown_articles/054_2015-12-16_含章可贞.md,dd44a16bc4b24e654c23bb7968d8cad45583c93a7d16052475257c14f8778e2b
054-c011,054,含章可贞,流动性、利率与汇率,2015-12-16,11,1324,276,054-c010,054-c012,02_markdown_articles/054_2015-12-16_含章可贞.md,c23dcd974f2d9c0a5d88d36d29684a85bae6ff75a257e0d451e50b1c8484494e
054-c012,054,含章可贞,流动性、利率与汇率,2015-12-16,12,707,273,054-c011,054-c013,02_markdown_articles/054_2015-12-16_含章可贞.md,06c67f991a478fa94d4128d640560f9889e1e949cba33c87696ac53c78119893
054-c013,054,含章可贞,流动性、利率与汇率,2015-12-16,13,1126,277,054-c012,054-c014,02_markdown_articles/054_2015-12-16_含章可贞.md,e4ac6171babff0571d282361ac49d070eae554a976c0f1ac7dcb6d6da91c6e5f
054-c014,054,含章可贞,流动性、利率与汇率,2015-12-16,14,955,257,054-c013,054-c015,02_markdown_articles/054_2015-12-16_含章可贞.md,614c0ec0a94d4526ebd24056e6740167811e67697bcb8574141961e28afdb95f
054-c015,054,含章可贞,流动性、利率与汇率,2015-12-16,15,1368,269,054-c014,054-c016,02_markdown_articles/054_2015-12-16_含章可贞.md,a08e2ddeffd7c2ba3bcda2dd04e4b500ca14e6c46f50b76970dd342c6db26ebd
054-c016,054,含章可贞,流动性、利率与汇率,2015-12-16,16,711,262,054-c015,054-c017,02_markdown_articles/054_2015-12-16_含章可贞.md,158feee978894cd742afab27f345fd6e65340234aa8358b90cd4c980d37e3503
054-c017,054,含章可贞,流动性、利率与汇率,2015-12-16,17,984,266,054-c016,054-c018,02_markdown_articles/054_2015-12-16_含章可贞.md,0e16c35a3afd2c8ea726b5d255a90144d9f4dc4ce2e7af5d663ea91616ed748d
054-c018,054,含章可贞,流动性、利率与汇率,2015-12-16,18,1365,266,054-c017,054-c019,02_markdown_articles/054_2015-12-16_含章可贞.md,d4c3c821906eb89d173e1b6e9ee42f67cdf0feaa45172d30fb4d99f84680503a
054-c019,054,含章可贞,流动性、利率与汇率,2015-12-16,19,675,273,054-c018,054-c020,02_markdown_articles/054_2015-12-16_含章可贞.md,be492e4886dfe52098ff5337f36cad0071c14785a39cb23cfd70985da0510134
054-c020,054,含章可贞,流动性、利率与汇率,2015-12-16,20,1505,261,054-c019,054-c021,02_markdown_articles/054_2015-12-16_含章可贞.md,5aa5450980a7123010efedc930cfb262dd3686b9d60057770a68a1e2465f0701
054-c021,054,含章可贞,流动性、利率与汇率,2015-12-16,21,645,274,054-c020,054-c022,02_markdown_articles/054_2015-12-16_含章可贞.md,6c9639bcf43989486b408c435c5f0832b89e2d8dd71bbe3aeab15fa77ae28872
054-c022,054,含章可贞,流动性、利率与汇率,2015-12-16,22,805,270,054-c021,,02_markdown_articles/054_2015-12-16_含章可贞.md,d52e9b0b4aa9fee5ca5fd0f01bf5cb954ce6aa3ae3d3aef79b0825d3fc9383c0
055-c001,055,展望2016年中国经济可能面临的风险,流动性、利率与汇率,2016-01-23,1,1261,0,,055-c002,02_markdown_articles/055_2016-01-23_展望2016年中国经济可能面临的风险.md,d10342e30a30062949a0e7e233e6324e103e99c1d8cc7f6e6401f7ed5548908c
055-c002,055,展望2016年中国经济可能面临的风险,流动性、利率与汇率,2016-01-23,2,1492,267,055-c001,055-c003,02_markdown_articles/055_2016-01-23_展望2016年中国经济可能面临的风险.md,7b0deda15b647c6cd7a5a9bc983060a97eb2e896b750a20697bdad75abcb1947
055-c003,055,展望2016年中国经济可能面临的风险,流动性、利率与汇率,2016-01-23,3,946,270,055-c002,,02_markdown_articles/055_2016-01-23_展望2016年中国经济可能面临的风险.md,03f358630871fbdc66f8601812b116a4a64d991e91289850b4cca54dd3e0a829
056-c001,056,货币剪刀差背后的秘密,流动性、利率与汇率,2016-08-11,1,376,0,,056-c002,02_markdown_articles/056_2016-08-11_货币剪刀差背后的秘密.md,188af5c7b3fdcc32bb00301a2db26e5acdf217221e2b9480378416d1d8be2535
056-c002,056,货币剪刀差背后的秘密,流动性、利率与汇率,2016-08-11,2,668,270,056-c001,056-c003,02_markdown_articles/056_2016-08-11_货币剪刀差背后的秘密.md,81ea7b2771833ddb199f186e5655a48b930763799c2af3e229da5a94fa98cd4a
056-c003,056,货币剪刀差背后的秘密,流动性、利率与汇率,2016-08-11,3,770,280,056-c002,056-c004,02_markdown_articles/056_2016-08-11_货币剪刀差背后的秘密.md,bbc19703179516eafeda76d51ea91d5fb914666e19e1f0ae34d7b024124abd68
056-c004,056,货币剪刀差背后的秘密,流动性、利率与汇率,2016-08-11,4,1155,281,056-c003,056-c005,02_markdown_articles/056_2016-08-11_货币剪刀差背后的秘密.md,46d8a2a3867b8104804217f5a96ff29adc77a90d2003e9fd4799f520a56742a5
056-c005,056,货币剪刀差背后的秘密,流动性、利率与汇率,2016-08-11,5,1487,286,056-c004,056-c006,02_markdown_articles/056_2016-08-11_货币剪刀差背后的秘密.md,e85cb7b9e8f952abe5ea6ba749dd82fbffdef7bb058bdd2a961b98c5a3fd79d4
056-c006,056,货币剪刀差背后的秘密,流动性、利率与汇率,2016-08-11,6,1195,266,056-c005,056-c007,02_markdown_articles/056_2016-08-11_货币剪刀差背后的秘密.md,9e91b90d271f4ab45deb38db9564454e2be3cf470bf3d78c55e3974716d7b2ef
056-c007,056,货币剪刀差背后的秘密,流动性、利率与汇率,2016-08-11,7,948,262,056-c006,056-c008,02_markdown_articles/056_2016-08-11_货币剪刀差背后的秘密.md,f49f0fa3972b81a055521c12087f9f3470afc43e72dac8a90a5a6eeab0216ebf
056-c008,056,货币剪刀差背后的秘密,流动性、利率与汇率,2016-08-11,8,1747,267,056-c007,,02_markdown_articles/056_2016-08-11_货币剪刀差背后的秘密.md,0103dadc0f64ef8c6f4eb33266f90bfc5794594a04df244b19e1f3ff2ddfb9b8
057-c001,057,做空成本攀升 离岸人民币短线走强,流动性、利率与汇率,2017-01-10,1,415,0,,057-c002,02_markdown_articles/057_2017-01-10_做空成本攀升_离岸人民币短线走强.md,a0c3db435cde00472b3b4016e83b02d15a0676e61f1f42b8718508bfbfea775a
057-c002,057,做空成本攀升 离岸人民币短线走强,流动性、利率与汇率,2017-01-10,2,651,266,057-c001,057-c003,02_markdown_articles/057_2017-01-10_做空成本攀升_离岸人民币短线走强.md,958b2856d851fca1ee5929782924121032391c4dbb0792aba2b836e7bca1e10b
057-c003,057,做空成本攀升 离岸人民币短线走强,流动性、利率与汇率,2017-01-10,3,738,279,057-c002,057-c004,02_markdown_articles/057_2017-01-10_做空成本攀升_离岸人民币短线走强.md,f22ce7e50db964a1ca5b34b77b23fa2ef9a71d58a5d1634ffbf30fb0f1b83c14
057-c004,057,做空成本攀升 离岸人民币短线走强,流动性、利率与汇率,2017-01-10,4,953,272,057-c003,057-c005,02_markdown_articles/057_2017-01-10_做空成本攀升_离岸人民币短线走强.md,273382e0a5195055618e8dc75eee905a1560dcf5e95369025c3637818fe68d50
057-c005,057,做空成本攀升 离岸人民币短线走强,流动性、利率与汇率,2017-01-10,5,768,275,057-c004,,02_markdown_articles/057_2017-01-10_做空成本攀升_离岸人民币短线走强.md,b834cdb912648d20b456cc23f1ecae542dd9dfeb6860c6827208e09aacc7250f
058-c001,058,政策利率上调 货币政策趋紧,流动性、利率与汇率,2017-02-08,1,356,0,,058-c002,02_markdown_articles/058_2017-02-08_政策利率上调_货币政策趋紧.md,dc479db5d717820d7aed8de12edd04005b15260b9d8f993dcff5eb4313c63482
058-c002,058,政策利率上调 货币政策趋紧,流动性、利率与汇率,2017-02-08,2,1210,277,058-c001,058-c003,02_markdown_articles/058_2017-02-08_政策利率上调_货币政策趋紧.md,0bf8f192929fe54c73d96aee34ed14884cacbf0bcab2f13f0a4cb122c6d265fb
058-c003,058,政策利率上调 货币政策趋紧,流动性、利率与汇率,2017-02-08,3,788,272,058-c002,058-c004,02_markdown_articles/058_2017-02-08_政策利率上调_货币政策趋紧.md,79a0483e791a126992b7643f8805e29dec168052547e8e56c5b60174f81b9bda
058-c004,058,政策利率上调 货币政策趋紧,流动性、利率与汇率,2017-02-08,4,1023,286,058-c003,058-c005,02_markdown_articles/058_2017-02-08_政策利率上调_货币政策趋紧.md,4e127d87ab1d704f153240ea77db503035d7768fd82ce37d9b056b52dc9a3c61
058-c005,058,政策利率上调 货币政策趋紧,流动性、利率与汇率,2017-02-08,5,1018,271,058-c004,,02_markdown_articles/058_2017-02-08_政策利率上调_货币政策趋紧.md,8f78098ef346f1ae64a44e80242006cff69f11e30f1fad0dd56fd59ae528830f
059-c001,059,影子体系资金从“脱实向虚”到“脱虚向实”,流动性、利率与汇率,2017-07-10,1,376,0,,059-c002,02_markdown_articles/059_2017-07-10_影子体系资金从“脱实向虚”到“脱虚向实”.md,f064b525a35898be6f371b17a20720c278dbc3eb923cacd9e91f81f499082aeb
059-c002,059,影子体系资金从“脱实向虚”到“脱虚向实”,流动性、利率与汇率,2017-07-10,2,873,288,059-c001,059-c003,02_markdown_articles/059_2017-07-10_影子体系资金从“脱实向虚”到“脱虚向实”.md,77d282799dd9cb9c9b576045da649ffa3ac9e240002c5ccbb90801df351efda4
059-c003,059,影子体系资金从“脱实向虚”到“脱虚向实”,流动性、利率与汇率,2017-07-10,3,1283,286,059-c002,059-c004,02_markdown_articles/059_2017-07-10_影子体系资金从“脱实向虚”到“脱虚向实”.md,573fc96d551b0a659b22e9ee3bef3ea86462d833f970e69fc2b94c830ce532a3
059-c004,059,影子体系资金从“脱实向虚”到“脱虚向实”,流动性、利率与汇率,2017-07-10,4,1518,268,059-c003,059-c005,02_markdown_articles/059_2017-07-10_影子体系资金从“脱实向虚”到“脱虚向实”.md,bba1a079359262da5f0c6e9f8a893cc61b2d232d2b4d7b2fa115732be846366a
059-c005,059,影子体系资金从“脱实向虚”到“脱虚向实”,流动性、利率与汇率,2017-07-10,5,704,273,059-c004,059-c006,02_markdown_articles/059_2017-07-10_影子体系资金从“脱实向虚”到“脱虚向实”.md,2b644e2784e1e22095657d0cc3540b15b447c3137925d5cfe3f234597d551a4c
059-c006,059,影子体系资金从“脱实向虚”到“脱虚向实”,流动性、利率与汇率,2017-07-10,6,644,268,059-c005,059-c007,02_markdown_articles/059_2017-07-10_影子体系资金从“脱实向虚”到“脱虚向实”.md,62653b7a87e8d3bad2157f44e25c4bd9729873e8a05b5de25bacbb55f3f8c3fb
059-c007,059,影子体系资金从“脱实向虚”到“脱虚向实”,流动性、利率与汇率,2017-07-10,7,652,272,059-c006,059-c008,02_markdown_articles/059_2017-07-10_影子体系资金从“脱实向虚”到“脱虚向实”.md,ebc740f862b1043bc2881a0dda9dc7e22877cc3a267c01d5c6ad4080e54bd818
059-c008,059,影子体系资金从“脱实向虚”到“脱虚向实”,流动性、利率与汇率,2017-07-10,8,675,266,059-c007,059-c009,02_markdown_articles/059_2017-07-10_影子体系资金从“脱实向虚”到“脱虚向实”.md,802f0ebce8f35f3f7f34ff42e358962fb2b15e8be0ca01455d20eb4a64676cf9
059-c009,059,影子体系资金从“脱实向虚”到“脱虚向实”,流动性、利率与汇率,2017-07-10,9,1061,271,059-c008,,02_markdown_articles/059_2017-07-10_影子体系资金从“脱实向虚”到“脱虚向实”.md,30a0f2eb633b9040296f4a81d3dc2054ce397798fc98c10b53966ff0d9fa8a3b
060-c001,060,金融去杠杆对实体经济的冲击,流动性、利率与汇率,2017-07-29,1,1219,0,,060-c002,02_markdown_articles/060_2017-07-29_金融去杠杆对实体经济的冲击.md,aa1c7ed07eca3f4055c822e2b6c530d6b1aa7e63b8338e198be9bc8c825c2b35
060-c002,060,金融去杠杆对实体经济的冲击,流动性、利率与汇率,2017-07-29,2,1520,272,060-c001,060-c003,02_markdown_articles/060_2017-07-29_金融去杠杆对实体经济的冲击.md,367379a1f83aa9075ec79d004a33c409561d1d3d3b48e11be22fd751cb3809b4
060-c003,060,金融去杠杆对实体经济的冲击,流动性、利率与汇率,2017-07-29,3,1467,262,060-c002,060-c004,02_markdown_articles/060_2017-07-29_金融去杠杆对实体经济的冲击.md,b37e4a093b33b413f58d44cf3923f4890ad3b19d7a82652e25b50a910c8a15ac
060-c004,060,金融去杠杆对实体经济的冲击,流动性、利率与汇率,2017-07-29,4,1683,264,060-c003,,02_markdown_articles/060_2017-07-29_金融去杠杆对实体经济的冲击.md,cf07290890d62a4be6b23ac6aabb3efc851752711f33bb1ada9324ea145da938
061-c001,061,供应受限量跌价升 旺季需求有待检验,流动性、利率与汇率,2017-09-21,1,362,0,,061-c002,02_markdown_articles/061_2017-09-21_供应受限量跌价升_旺季需求有待检验.md,81a9855502921bd683487af497886883927a5554938607ad70d28e4c04ef42b6
061-c002,061,供应受限量跌价升 旺季需求有待检验,流动性、利率与汇率,2017-09-21,2,1271,288,061-c001,061-c003,02_markdown_articles/061_2017-09-21_供应受限量跌价升_旺季需求有待检验.md,907191146c06b483aed2cb6a0c65513e0dd1ce63ad74a44a515b3b7ae2582590
061-c003,061,供应受限量跌价升 旺季需求有待检验,流动性、利率与汇率,2017-09-21,3,1141,280,061-c002,061-c004,02_markdown_articles/061_2017-09-21_供应受限量跌价升_旺季需求有待检验.md,a5c8da9600e809c0a030704adc70dc1ce61596c296a0163db86a59bbb7de3166
061-c004,061,供应受限量跌价升 旺季需求有待检验,流动性、利率与汇率,2017-09-21,4,1125,262,061-c003,061-c005,02_markdown_articles/061_2017-09-21_供应受限量跌价升_旺季需求有待检验.md,3d123cd4fe4509058b2e7aa25b2e040ab68fc0de0bf98d098930695741a3f22e
061-c005,061,供应受限量跌价升 旺季需求有待检验,流动性、利率与汇率,2017-09-21,5,913,277,061-c004,,02_markdown_articles/061_2017-09-21_供应受限量跌价升_旺季需求有待检验.md,7a64926a04c3e6f44a6a30aa40068768cf799e00ff0ec993b6a6b1b38d0b59e0
062-c001,062,我对“将央行发行货币视为股权”这一理论的思考,流动性、利率与汇率,2017-11-16,1,1231,0,,062-c002,02_markdown_articles/062_2017-11-16_我对“将央行发行货币视为股权”这一理论的思考.md,2dc855a81c119194ff0a85a67a1d4a57bb8bdeb973c491feea53d1968e8525c0
062-c002,062,我对“将央行发行货币视为股权”这一理论的思考,流动性、利率与汇率,2017-11-16,2,669,266,062-c001,,02_markdown_articles/062_2017-11-16_我对“将央行发行货币视为股权”这一理论的思考.md,149e26a295794a34ec3677d6cd59d77d1b4beb3335c2994f2e68342883a503b3
063-c001,063,真正的汇率市场化是最安全的堤坝,流动性、利率与汇率,2018-03-07,1,1271,0,,063-c002,02_markdown_articles/063_2018-03-07_真正的汇率市场化是最安全的堤坝.md,1b6645f993579f2ce8b0eb7ed472c4859d8ab67d32937a08cc662dbd59637f4f
063-c002,063,真正的汇率市场化是最安全的堤坝,流动性、利率与汇率,2018-03-07,2,1429,270,063-c001,,02_markdown_articles/063_2018-03-07_真正的汇率市场化是最安全的堤坝.md,cf4c18c0cdcb9555052e63622e9e0983061e34073fb09892311d5ec59e2101cd
064-c001,064,出台救济政策比刺激政策更为紧迫,流动性、利率与汇率,2020-04-05,1,1226,0,,064-c002,02_markdown_articles/064_2020-04-05_出台救济政策比刺激政策更为紧迫.md,41937c83413459998925a1c631d914efc226538fa92f8f46ba5dad68a30d1b88
064-c002,064,出台救济政策比刺激政策更为紧迫,流动性、利率与汇率,2020-04-05,2,1554,271,064-c001,064-c003,02_markdown_articles/064_2020-04-05_出台救济政策比刺激政策更为紧迫.md,45e61b864e5ae964099c73a3020f27d459e7e2f29696119adfa9abd946a2efba
064-c003,064,出台救济政策比刺激政策更为紧迫,流动性、利率与汇率,2020-04-05,3,845,264,064-c002,,02_markdown_articles/064_2020-04-05_出台救济政策比刺激政策更为紧迫.md,03ca62008a048b737744a1f0a214e6ab585e5d7cffef01f9f98f7aecdbff225d
065-c001,065,分析人民币汇率要避免的几个误区,流动性、利率与汇率,2020-11-07,1,1216,0,,065-c002,02_markdown_articles/065_2020-11-07_分析人民币汇率要避免的几个误区.md,4072cf2bc2169fd0c9abcf6a67be0af12fe784b234d0bc2857e6746bb56ebd7d
065-c002,065,分析人民币汇率要避免的几个误区,流动性、利率与汇率,2020-11-07,2,691,275,065-c001,,02_markdown_articles/065_2020-11-07_分析人民币汇率要避免的几个误区.md,c6605ecd1d4454df9c47ca4608612874299859003f5686e3651c3f9d69cb53e8
066-c001,066,走向2035的中国经济,流动性、利率与汇率,2021-02-10,1,1264,0,,066-c002,02_markdown_articles/066_2021-02-10_走向2035的中国经济.md,600f3fd21791fd9f8b990751df7c554f9ebdcc09c52d09484691910ca9eca5f7
066-c002,066,走向2035的中国经济,流动性、利率与汇率,2021-02-10,2,1482,265,066-c001,066-c003,02_markdown_articles/066_2021-02-10_走向2035的中国经济.md,b0ef36f4884e2e69137414cff88e6dc0d8dd55f4744b6dcf52db951729ede460
066-c003,066,走向2035的中国经济,流动性、利率与汇率,2021-02-10,3,1495,262,066-c002,066-c004,02_markdown_articles/066_2021-02-10_走向2035的中国经济.md,733590d7a40bc6432643ffbc958dbf983c003cb9f3054f4640f5ef88e21781d3
066-c004,066,走向2035的中国经济,流动性、利率与汇率,2021-02-10,4,1524,286,066-c003,066-c005,02_markdown_articles/066_2021-02-10_走向2035的中国经济.md,92fc3db5869fd8b1118ff92eb4c976eb09de047ff70d5f1335339d1f0bf70663
066-c005,066,走向2035的中国经济,流动性、利率与汇率,2021-02-10,5,1179,269,066-c004,066-c006,02_markdown_articles/066_2021-02-10_走向2035的中国经济.md,d3f26ceb7a5c06448bd08aa8d66e00cae44afe0bd64cee033d359f79d2725fad
066-c006,066,走向2035的中国经济,流动性、利率与汇率,2021-02-10,6,751,280,066-c005,,02_markdown_articles/066_2021-02-10_走向2035的中国经济.md,a49dbea01380f302fb0f4dd3f1d9d118aa5b2e75a404127c7353cf62a941392b
067-c001,067,当前金融市场调整或于7月前结束　短期波动背后的若干事实值得注意,流动性、利率与汇率,2021-03-10,1,1311,0,,067-c002,02_markdown_articles/067_2021-03-10_当前金融市场调整或于7月前结束_短期波动背后的若干事实值得注意.md,d2f4de0f30d2828ebea3a2a4aefef04bdecd80858f11723c36a5a83a59ebf191
067-c002,067,当前金融市场调整或于7月前结束　短期波动背后的若干事实值得注意,流动性、利率与汇率,2021-03-10,2,1502,269,067-c001,067-c003,02_markdown_articles/067_2021-03-10_当前金融市场调整或于7月前结束_短期波动背后的若干事实值得注意.md,2aeb8865dfad3660aa59bc7b4bacc143875e7caa89757be354b25c7fa02b2542
067-c003,067,当前金融市场调整或于7月前结束　短期波动背后的若干事实值得注意,流动性、利率与汇率,2021-03-10,3,1541,268,067-c002,067-c004,02_markdown_articles/067_2021-03-10_当前金融市场调整或于7月前结束_短期波动背后的若干事实值得注意.md,96cc5c84ab04e986077d202078e8ff133adc0a4b18be59a7c75b5c1ba5231744
067-c004,067,当前金融市场调整或于7月前结束　短期波动背后的若干事实值得注意,流动性、利率与汇率,2021-03-10,4,1114,269,067-c003,,02_markdown_articles/067_2021-03-10_当前金融市场调整或于7月前结束_短期波动背后的若干事实值得注意.md,12f847e06fa85aab1ba3de73aea9c19e14bb72304ca99c608cc34f185717f6a6
068-c001,068,对近期经济金融形势的观察与研判,流动性、利率与汇率,2022-05-31,1,1355,0,,068-c002,02_markdown_articles/068_2022-05-31_对近期经济金融形势的观察与研判.md,b7e6067a791b8524dabbb8459fe0fffc05cbc8890d9351d66dc54e5edd89c792
068-c002,068,对近期经济金融形势的观察与研判,流动性、利率与汇率,2022-05-31,2,1379,271,068-c001,,02_markdown_articles/068_2022-05-31_对近期经济金融形势的观察与研判.md,2a395a1b280d33f4556bb49ab0673b30675931443766308d7b1d3f1acad86bcb
069-c001,069,事情正在起变化,资本市场与金融风险,2010-12-14,1,1424,0,,,02_markdown_articles/069_2010-12-14_事情正在起变化.md,35c0d75e10eeb15b8bdb1e27da94918b962abc0eb97ec1bb453080f97e3d947d
070-c001,070,资产重估理论概述之三：资产配置优化——实体经济与金融市场的共同调整,资本市场与金融风险,2011-12-08,1,361,0,,070-c002,02_markdown_articles/070_2011-12-08_资产重估理论概述之三_资产配置优化——实体经济与金融市场的共同调整.md,7975ef5081da44b333c9ebd96fa1c88d641683b4f18b08ada20a5efb7e2c3f5f
070-c002,070,资产重估理论概述之三：资产配置优化——实体经济与金融市场的共同调整,资本市场与金融风险,2011-12-08,2,1417,287,070-c001,070-c003,02_markdown_articles/070_2011-12-08_资产重估理论概述之三_资产配置优化——实体经济与金融市场的共同调整.md,ade6863a954c959cb0d804ae12f7892906675babc6e81a0ad94bd47b829d3211
070-c003,070,资产重估理论概述之三：资产配置优化——实体经济与金融市场的共同调整,资本市场与金融风险,2011-12-08,3,1504,288,070-c002,,02_markdown_articles/070_2011-12-08_资产重估理论概述之三_资产配置优化——实体经济与金融市场的共同调整.md,db3cca73e35a5f4bcb4cbcb6cdff5786e437597ca97630e82d70fb6d16b858fa
071-c001,071,向死而生,资本市场与金融风险,2011-12-15,1,355,0,,071-c002,02_markdown_articles/071_2011-12-15_向死而生.md,fd1104f8c428ed4ab6c5abc3b062ed1e187395a8ea96510c62423d189482e6ea
071-c002,071,向死而生,资本市场与金融风险,2011-12-15,2,700,280,071-c001,071-c003,02_markdown_articles/071_2011-12-15_向死而生.md,2d9b4d9766eb5ea7ea5a364a4dc26001dcf6101ef8e7d10e4f9b6fde89ba312b
071-c003,071,向死而生,资本市场与金融风险,2011-12-15,3,651,283,071-c002,071-c004,02_markdown_articles/071_2011-12-15_向死而生.md,f5173c5036273001d30ff71448ecd6305a40aac2e44593cb7f3f52a8b89c020c
071-c004,071,向死而生,资本市场与金融风险,2011-12-15,4,707,265,071-c003,071-c005,02_markdown_articles/071_2011-12-15_向死而生.md,ebe7b3487004e35c48d6f83f24c2962173311458152d83eaa613841827d4f3ca
071-c005,071,向死而生,资本市场与金融风险,2011-12-15,5,761,280,071-c004,071-c006,02_markdown_articles/071_2011-12-15_向死而生.md,03d16cbc0f4bde0b0334eeb2787385e6fb5540c6ac2f257ab28a10dd250213b6
071-c006,071,向死而生,资本市场与金融风险,2011-12-15,6,742,278,071-c005,071-c007,02_markdown_articles/071_2011-12-15_向死而生.md,b8392933d24f5dc09def8b690e5bed39a8c4a1d438f5e4797a22baec3973862b
071-c007,071,向死而生,资本市场与金融风险,2011-12-15,7,1491,285,071-c006,071-c008,02_markdown_articles/071_2011-12-15_向死而生.md,6c07f51da0934a2810cc9007b3a6076e1cc8ab2a432e6d3111abb66c3db0a8ca
071-c008,071,向死而生,资本市场与金融风险,2011-12-15,8,640,285,071-c007,071-c009,02_markdown_articles/071_2011-12-15_向死而生.md,f2771d3b41e709b4ef8d2b425f618c056a5ab6de6084c1ecc53f51f8454e2b15
071-c009,071,向死而生,资本市场与金融风险,2011-12-15,9,657,285,071-c008,071-c010,02_markdown_articles/071_2011-12-15_向死而生.md,9052283b8ae6054727a0628e34b2ed9dedcc78c46ae982adeb42d210a074c01a
071-c010,071,向死而生,资本市场与金融风险,2011-12-15,10,664,283,071-c009,071-c011,02_markdown_articles/071_2011-12-15_向死而生.md,94751c0583a00dc3746b4d341b93ba1b9965f574f9966ced9b39f64921d2d516
071-c011,071,向死而生,资本市场与金融风险,2011-12-15,11,992,283,071-c010,071-c012,02_markdown_articles/071_2011-12-15_向死而生.md,5945bdd96db2633420fbd6fe462b6104c55b00f931a01e410eb25e08b63b8bee
071-c012,071,向死而生,资本市场与金融风险,2011-12-15,12,1414,274,071-c011,071-c013,02_markdown_articles/071_2011-12-15_向死而生.md,c668f74449e3878168270d5cf8d296e74c918777eac702088a500e890010a7cb
071-c013,071,向死而生,资本市场与金融风险,2011-12-15,13,1460,270,071-c012,071-c014,02_markdown_articles/071_2011-12-15_向死而生.md,aea7c34e12be5b23532eb2d61979b51b295cffd4453b1daa6a014dc64b97dee3
071-c014,071,向死而生,资本市场与金融风险,2011-12-15,14,1053,277,071-c013,071-c015,02_markdown_articles/071_2011-12-15_向死而生.md,c6499dd8855f8c0303a20ceb9490661881bc6d3cb14038789513cb6fd8bc2f84
071-c015,071,向死而生,资本市场与金融风险,2011-12-15,15,649,287,071-c014,,02_markdown_articles/071_2011-12-15_向死而生.md,f44798b6f41fc7ce31aa0fd058d23f61944ddb1b4ef7760ec92516a19f88ebc9
072-c001,072,货币政策扩张与资产价格重估——资产重估理论之五,资本市场与金融风险,2012-07-13,1,436,0,,072-c002,02_markdown_articles/072_2012-07-13_货币政策扩张与资产价格重估——资产重估理论之五.md,d44fc7c7d9fb0a1df960865a792bd67ffe6e65e9f4d2c5dd2ff22349755af142
072-c002,072,货币政策扩张与资产价格重估——资产重估理论之五,资本市场与金融风险,2012-07-13,2,928,278,072-c001,072-c003,02_markdown_articles/072_2012-07-13_货币政策扩张与资产价格重估——资产重估理论之五.md,d144ecfc9f4215970a7dc894b34a86aec516026c12597c9e86596010198c4c9c
072-c003,072,货币政策扩张与资产价格重估——资产重估理论之五,资本市场与金融风险,2012-07-13,3,1588,268,072-c002,072-c004,02_markdown_articles/072_2012-07-13_货币政策扩张与资产价格重估——资产重估理论之五.md,5dbb2eeff0878ff0ed1333217f6675999e3f7750e90073573391cfeb992628f9
072-c004,072,货币政策扩张与资产价格重估——资产重估理论之五,资本市场与金融风险,2012-07-13,4,729,279,072-c003,072-c005,02_markdown_articles/072_2012-07-13_货币政策扩张与资产价格重估——资产重估理论之五.md,0db7c48d97cc24bb88023f241edb098272ffb55ec4099b1c672ba6536337c8cd
072-c005,072,货币政策扩张与资产价格重估——资产重估理论之五,资本市场与金融风险,2012-07-13,5,893,273,072-c004,,02_markdown_articles/072_2012-07-13_货币政策扩张与资产价格重估——资产重估理论之五.md,dc3c7648bad1b43080a4568f7b9bda0436132699c1014405dec963aa4c1046c0
073-c001,073,影子银行和壳价值,资本市场与金融风险,2013-01-23,1,213,0,,,02_markdown_articles/073_2013-01-23_影子银行和壳价值.md,40a9940c02181c55d98e785d16e370b81f80fe7425edfd694205665c5fc08e82
074-c001,074,关于近期货币市场利率飙升影响的看法,资本市场与金融风险,2013-06-23,1,362,0,,074-c002,02_markdown_articles/074_2013-06-23_关于近期货币市场利率飙升影响的看法.md,579ec1d6f33cdb425c412943cb282429e1b5e86f46ce24d2f5c8eda8d85bc20a
074-c002,074,关于近期货币市场利率飙升影响的看法,资本市场与金融风险,2013-06-23,2,1501,283,074-c001,074-c003,02_markdown_articles/074_2013-06-23_关于近期货币市场利率飙升影响的看法.md,31fa4944647ce8959b159348f0f8ac9398b86c56a90e468fe018bdd7d4b38210
074-c003,074,关于近期货币市场利率飙升影响的看法,资本市场与金融风险,2013-06-23,3,975,270,074-c002,,02_markdown_articles/074_2013-06-23_关于近期货币市场利率飙升影响的看法.md,23a75dd57008aeec107c5be0499c4bbff5748ba535d6c2e10e7362f3f0d1d0d3
075-c001,075,债务危机有多远？,资本市场与金融风险,2014-01-12,1,1205,0,,075-c002,02_markdown_articles/075_2014-01-12_债务危机有多远.md,5fe9f1ad157c1427781d87656a79a06419362d200fde0221eed555f7e21312aa
075-c002,075,债务危机有多远？,资本市场与金融风险,2014-01-12,2,658,267,075-c001,075-c003,02_markdown_articles/075_2014-01-12_债务危机有多远.md,2243f857b04e39edc65f4dbfb2c2b41b8c59e7db99645d2c1f59f742b01b0ae4
075-c003,075,债务危机有多远？,资本市场与金融风险,2014-01-12,3,670,261,075-c002,075-c004,02_markdown_articles/075_2014-01-12_债务危机有多远.md,42e8a7ee085074841f3647de8ad98f43924fd3157fe961c182795800c2275c82
075-c004,075,债务危机有多远？,资本市场与金融风险,2014-01-12,4,1033,286,075-c003,075-c005,02_markdown_articles/075_2014-01-12_债务危机有多远.md,1592cb57b878320b74a696a041ceb77e18bd35e1c23030331caec161298d7814
075-c005,075,债务危机有多远？,资本市场与金融风险,2014-01-12,5,1294,280,075-c004,075-c006,02_markdown_articles/075_2014-01-12_债务危机有多远.md,7542e82233c988a1622dc0b08ea68451695c2390e6102a20be3ed03a63369168
075-c006,075,债务危机有多远？,资本市场与金融风险,2014-01-12,6,634,280,075-c005,075-c007,02_markdown_articles/075_2014-01-12_债务危机有多远.md,2a94e771441ba7fd36069958b494b9f599bf78be8f33d2ac0d5bd3a0e24ebd86
075-c007,075,债务危机有多远？,资本市场与金融风险,2014-01-12,7,853,284,075-c006,075-c008,02_markdown_articles/075_2014-01-12_债务危机有多远.md,6d2b332d0c88696d3c88fe3bfed5c677e0519d40d94215366dca307492c330e1
075-c008,075,债务危机有多远？,资本市场与金融风险,2014-01-12,8,966,280,075-c007,075-c009,02_markdown_articles/075_2014-01-12_债务危机有多远.md,011b0eb131a3f1cd3bcb0d5efeee6d1dddd449af0ca2c96ec9fa93f6c9c57e31
075-c009,075,债务危机有多远？,资本市场与金融风险,2014-01-12,9,625,274,075-c008,075-c010,02_markdown_articles/075_2014-01-12_债务危机有多远.md,8d0606266b3304d95f0b364cb09065c533a9e47b80819958bae80e86bf2da445
075-c010,075,债务危机有多远？,资本市场与金融风险,2014-01-12,10,756,272,075-c009,075-c011,02_markdown_articles/075_2014-01-12_债务危机有多远.md,7cc7b819a45192be1a46f1bf471084bf5001ea9888e2f871bee8314af9dc2962
075-c011,075,债务危机有多远？,资本市场与金融风险,2014-01-12,11,1505,271,075-c010,075-c012,02_markdown_articles/075_2014-01-12_债务危机有多远.md,dc9225c7daa8f3f777fb03a4883e656b0f05c65290fa1d97ff8531d441321b11
075-c012,075,债务危机有多远？,资本市场与金融风险,2014-01-12,12,929,284,075-c011,075-c013,02_markdown_articles/075_2014-01-12_债务危机有多远.md,ec6f52745143158a654b26403ca7dde0fab2f7877a7cf7745779a780a8f3bd5b
075-c013,075,债务危机有多远？,资本市场与金融风险,2014-01-12,13,774,266,075-c012,075-c014,02_markdown_articles/075_2014-01-12_债务危机有多远.md,7679ebc40c15960fdfe11bc60eb6453d770bad26e00d9f3fd8528a48e26ed662
075-c014,075,债务危机有多远？,资本市场与金融风险,2014-01-12,14,1667,275,075-c013,,02_markdown_articles/075_2014-01-12_债务危机有多远.md,1ad81e0ab1b6113216498466d57cc351d941f2a12ad4360a43bcccc33ba992fc
076-c001,076,星星之火,资本市场与金融风险,2014-01-23,1,422,0,,076-c002,02_markdown_articles/076_2014-01-23_星星之火.md,f416d198f71f594d28b1cd777316e98ba7be6145b0aabe86b04b562e4ba5ee23
076-c002,076,星星之火,资本市场与金融风险,2014-01-23,2,910,282,076-c001,076-c003,02_markdown_articles/076_2014-01-23_星星之火.md,2bc773da27b8898fc12481a35153e3357c5ae9509cebb8d31c44fc768c2d2700
076-c003,076,星星之火,资本市场与金融风险,2014-01-23,3,934,268,076-c002,076-c004,02_markdown_articles/076_2014-01-23_星星之火.md,5fc7683623da80c72715d4d21f86059cc917a764b66b004bb2ef67267114c46d
076-c004,076,星星之火,资本市场与金融风险,2014-01-23,4,724,269,076-c003,076-c005,02_markdown_articles/076_2014-01-23_星星之火.md,2b1f95cfe89752752821ca0643ba66327e7185f06074e66b9da43af0e8d85fba
076-c005,076,星星之火,资本市场与金融风险,2014-01-23,5,821,285,076-c004,076-c006,02_markdown_articles/076_2014-01-23_星星之火.md,f9e541a445969b0f35504afb1b01bd61f7f16f37b2b89d684fa257dcb72ee155
076-c006,076,星星之火,资本市场与金融风险,2014-01-23,6,1489,279,076-c005,076-c007,02_markdown_articles/076_2014-01-23_星星之火.md,3cba80a5ce84bebfca906fdf91b68034b196fb1484e30685300e76c26473c469
076-c007,076,星星之火,资本市场与金融风险,2014-01-23,7,677,279,076-c006,076-c008,02_markdown_articles/076_2014-01-23_星星之火.md,2ab5c77dcbf69ef4284171f31d8a7450f28f2be2e59981aa693de88898ce3d9c
076-c008,076,星星之火,资本市场与金融风险,2014-01-23,8,730,270,076-c007,076-c009,02_markdown_articles/076_2014-01-23_星星之火.md,814c91aaa3143e4d38b8abc3af0b5712df001da65be19959880ff72203dde4c9
076-c009,076,星星之火,资本市场与金融风险,2014-01-23,9,685,272,076-c008,076-c010,02_markdown_articles/076_2014-01-23_星星之火.md,8dc048323dc187538a04780db26ea0d539915560dc52eec9717b5eb6bf49ef34
076-c010,076,星星之火,资本市场与金融风险,2014-01-23,10,646,261,076-c009,076-c011,02_markdown_articles/076_2014-01-23_星星之火.md,fdfcaa2c6d2850ddd3a5e9cf9583521ec0a237012f5e1f838c08d8d79fd9fff7
076-c011,076,星星之火,资本市场与金融风险,2014-01-23,11,684,273,076-c010,076-c012,02_markdown_articles/076_2014-01-23_星星之火.md,ac95ab5e8956016442356e5ff2bbd47e6f7c67e5da241d14e89328c6b9908fa7
076-c012,076,星星之火,资本市场与金融风险,2014-01-23,12,662,284,076-c011,076-c013,02_markdown_articles/076_2014-01-23_星星之火.md,6338972bb4cc5a547942afa0d5f311ef773ec4c5a34675a55372725032529806
076-c013,076,星星之火,资本市场与金融风险,2014-01-23,13,1414,270,076-c012,,02_markdown_articles/076_2014-01-23_星星之火.md,e1a3fc9c116e7f0abb3a4ccd5da343e980dfe33bfa614b8d5b5fd82755a81b63
077-c001,077,中国经济和资产价格,资本市场与金融风险,2014-05-17,1,1335,0,,077-c002,02_markdown_articles/077_2014-05-17_中国经济和资产价格.md,0bb80ca41c246fdb18457791216ceda378c24844d8952b60cad526e07cdfc3a5
077-c002,077,中国经济和资产价格,资本市场与金融风险,2014-05-17,2,1428,277,077-c001,,02_markdown_articles/077_2014-05-17_中国经济和资产价格.md,0d7a842b461c3999e1ea4545aaffa0a4968532ceb17945459a44fc391bf1a757
078-c001,078,牛市有多远,资本市场与金融风险,2014-08-06,1,428,0,,078-c002,02_markdown_articles/078_2014-08-06_牛市有多远.md,42396095a7e458eee539ad968e2c2461da6101e286509a3f135eb4b47fcf477f
078-c002,078,牛市有多远,资本市场与金融风险,2014-08-06,2,1527,282,078-c001,078-c003,02_markdown_articles/078_2014-08-06_牛市有多远.md,004cbb75085efca236be7afc8300df4f99e034004a4fe3f6fc53a47ae705b16c
078-c003,078,牛市有多远,资本市场与金融风险,2014-08-06,3,630,268,078-c002,078-c004,02_markdown_articles/078_2014-08-06_牛市有多远.md,218689898facd0155c8aca0c795d35ead740e8572c05b285190573d1405bd9a8
078-c004,078,牛市有多远,资本市场与金融风险,2014-08-06,4,1409,279,078-c003,,02_markdown_articles/078_2014-08-06_牛市有多远.md,f3862a3dbbff42da1823cb5eb1cc66201969ffc1a80e9681b340c177e4a5587a
079-c001,079,见龙在田,资本市场与金融风险,2014-12-25,1,442,0,,079-c002,02_markdown_articles/079_2014-12-25_见龙在田.md,9a18273da63c8a6640a8d419de65766ea14e2e70983f0398879e710228682d7c
079-c002,079,见龙在田,资本市场与金融风险,2014-12-25,2,644,284,079-c001,079-c003,02_markdown_articles/079_2014-12-25_见龙在田.md,1a1ba86ed03818e1ac30615a95deb40ff26f3fa0a073a92045063f744c6918e4
079-c003,079,见龙在田,资本市场与金融风险,2014-12-25,3,805,268,079-c002,079-c004,02_markdown_articles/079_2014-12-25_见龙在田.md,2adb0f29a2e22e6c2bcb28ae4d12f43eb860ced07ada3d00d85050616403f147
079-c004,079,见龙在田,资本市场与金融风险,2014-12-25,4,711,271,079-c003,079-c005,02_markdown_articles/079_2014-12-25_见龙在田.md,60cde180ff88ef4748ffa65758f8968b372ed6604b7dbacd1eaa3e38a0745770
079-c005,079,见龙在田,资本市场与金融风险,2014-12-25,5,684,282,079-c004,079-c006,02_markdown_articles/079_2014-12-25_见龙在田.md,3df8652345f40c855a67c0b623a7c6b5f20fb8c683b890982b3f48ae488b915e
079-c006,079,见龙在田,资本市场与金融风险,2014-12-25,6,658,285,079-c005,079-c007,02_markdown_articles/079_2014-12-25_见龙在田.md,ff3a4243c08dc488e05841cfc63e578ef9403e0173edc1108f8f7c10dd9f02b7
079-c007,079,见龙在田,资本市场与金融风险,2014-12-25,7,1553,285,079-c006,079-c008,02_markdown_articles/079_2014-12-25_见龙在田.md,585715a998cb625088f78dc4c6318599aa6adc66f9e071854fc4a0f0c4116aa3
079-c008,079,见龙在田,资本市场与金融风险,2014-12-25,8,910,275,079-c007,079-c009,02_markdown_articles/079_2014-12-25_见龙在田.md,25ea6b784039264e75633156190492a0b929c6d52ec5f0aa678c23b4ce859dd8
079-c009,079,见龙在田,资本市场与金融风险,2014-12-25,9,1287,274,079-c008,079-c010,02_markdown_articles/079_2014-12-25_见龙在田.md,1fc664fbe9e3ba3c1cd2c052e3a8ec98a0529a53c924e99f6ae5f6fa8da98687
079-c010,079,见龙在田,资本市场与金融风险,2014-12-25,10,858,261,079-c009,079-c011,02_markdown_articles/079_2014-12-25_见龙在田.md,e0e06d069062fe88957ebec1448c1653dfaa9ed24c6f8acb871eafa30b62a4a3
079-c011,079,见龙在田,资本市场与金融风险,2014-12-25,11,649,277,079-c010,079-c012,02_markdown_articles/079_2014-12-25_见龙在田.md,c085f6dbfa392a246813957ef7cb691b1d7f012fbb083c41d5b66ad4a7963a53
079-c012,079,见龙在田,资本市场与金融风险,2014-12-25,12,804,288,079-c011,079-c013,02_markdown_articles/079_2014-12-25_见龙在田.md,c42a844d3e9a2ba37fe655c83b8ce18e6c8217b5973c7f3fd8ecc184a0f259a9
079-c013,079,见龙在田,资本市场与金融风险,2014-12-25,13,917,280,079-c012,079-c014,02_markdown_articles/079_2014-12-25_见龙在田.md,a4d290427bd8ff88c3244deb7845aad813222569fd6e294546b5f2203314d941
079-c014,079,见龙在田,资本市场与金融风险,2014-12-25,14,996,288,079-c013,079-c015,02_markdown_articles/079_2014-12-25_见龙在田.md,d7a1fb03bdf0de3f760a28023a565732f743821caf1cbe886509c3bfdfdbf076
079-c015,079,见龙在田,资本市场与金融风险,2014-12-25,15,894,270,079-c014,079-c016,02_markdown_articles/079_2014-12-25_见龙在田.md,4e793a4b9fb6d839496e3288c5023388aa1539bf9c67747ea461d62be68f3182
079-c016,079,见龙在田,资本市场与金融风险,2014-12-25,16,683,276,079-c015,079-c017,02_markdown_articles/079_2014-12-25_见龙在田.md,11da901bc3eb74e6b01536363b8c2ab675dd585d8831c7b0bc6b036adadbbc33
079-c017,079,见龙在田,资本市场与金融风险,2014-12-25,17,847,270,079-c016,079-c018,02_markdown_articles/079_2014-12-25_见龙在田.md,7a37080690f6b4121e9506446eb6c8d7d4830784235ee1f678acabb5cb59524e
079-c018,079,见龙在田,资本市场与金融风险,2014-12-25,18,759,279,079-c017,079-c019,02_markdown_articles/079_2014-12-25_见龙在田.md,5f9449c38d74807a6f5268f701a4bf89cb81129475d805b6cc5bf2b84f04d1c9
079-c019,079,见龙在田,资本市场与金融风险,2014-12-25,19,707,271,079-c018,079-c020,02_markdown_articles/079_2014-12-25_见龙在田.md,449862cb8d06af2dc7ef81ab1580b93bea48f12a546bc03e46c79d676aa6f433
079-c020,079,见龙在田,资本市场与金融风险,2014-12-25,20,1547,266,079-c019,079-c021,02_markdown_articles/079_2014-12-25_见龙在田.md,aa720de29d4bd057d128185b50f8de821c158525e15f4f4f0cf3d058e517cd74
079-c021,079,见龙在田,资本市场与金融风险,2014-12-25,21,731,287,079-c020,079-c022,02_markdown_articles/079_2014-12-25_见龙在田.md,f6fc5fef1c8bec66a67a96b68aa64cd697dd9c372a15c4bb9c234700088ae3ab
079-c022,079,见龙在田,资本市场与金融风险,2014-12-25,22,1439,266,079-c021,079-c023,02_markdown_articles/079_2014-12-25_见龙在田.md,d440c82fc076bf62dc80515c43addb772f748432e3adf10c5220eadefa4a3f97
079-c023,079,见龙在田,资本市场与金融风险,2014-12-25,23,673,266,079-c022,079-c024,02_markdown_articles/079_2014-12-25_见龙在田.md,7ad3c7c990a9f42d9b0ac0f7cacae67293bfae820bca265f1e80e023d9e363a8
079-c024,079,见龙在田,资本市场与金融风险,2014-12-25,24,1539,270,079-c023,079-c025,02_markdown_articles/079_2014-12-25_见龙在田.md,0c50c95b5300ab495aee162a2ca380078273c3a6e530b481d3e371e29dc35fd3
079-c025,079,见龙在田,资本市场与金融风险,2014-12-25,25,649,279,079-c024,079-c026,02_markdown_articles/079_2014-12-25_见龙在田.md,f2f8b66403030199fcb20a4fbd21d09d7ffe1242a87ba29d6ddf3089e79cf2d1
079-c026,079,见龙在田,资本市场与金融风险,2014-12-25,26,977,268,079-c025,,02_markdown_articles/079_2014-12-25_见龙在田.md,3847b5c103688e0882f76b37e32cd43fb51f4090682175c23b157c6114acee85
080-c001,080,资本市场向何处去,资本市场与金融风险,2015-06-01,1,1386,0,,080-c002,02_markdown_articles/080_2015-06-01_资本市场向何处去.md,f3113b53af2c6b679db16154b028dbfe289f6cbb0eab341ebf9f497447cd2ba0
080-c002,080,资本市场向何处去,资本市场与金融风险,2015-06-01,2,1505,274,080-c001,080-c003,02_markdown_articles/080_2015-06-01_资本市场向何处去.md,438a72dd0c64e8bf4eb766c227a439f6d20c97b38f9932953cd7dfb5c8192eda
080-c003,080,资本市场向何处去,资本市场与金融风险,2015-06-01,3,1637,264,080-c002,,02_markdown_articles/080_2015-06-01_资本市场向何处去.md,9026923ca836109b8f90a3e6cd16589aaae5ed9156b09fda81ae12c79bea456c
081-c001,081,日乾夕惕,资本市场与金融风险,2015-07-02,1,385,0,,081-c002,02_markdown_articles/081_2015-07-02_日乾夕惕.md,f989932e1505e1ce12db57ba8a418ce618cc3acc72c2cb99543e4d9136b56ab0
081-c002,081,日乾夕惕,资本市场与金融风险,2015-07-02,2,1059,275,081-c001,081-c003,02_markdown_articles/081_2015-07-02_日乾夕惕.md,b14b895fd376d4873b3d0859722382beae5862b06b01b17296bf8ac86c29c3df
081-c003,081,日乾夕惕,资本市场与金融风险,2015-07-02,3,1005,280,081-c002,081-c004,02_markdown_articles/081_2015-07-02_日乾夕惕.md,f33f53d1ede47fd951d48a5edccbd8a56ceb610912db582e6a6364a5ece81f33
081-c004,081,日乾夕惕,资本市场与金融风险,2015-07-02,4,703,275,081-c003,081-c005,02_markdown_articles/081_2015-07-02_日乾夕惕.md,8178c2cea0f0822d4b2068ee8ff05fbcb9354a5a94e1a3b929d8631627c618be
081-c005,081,日乾夕惕,资本市场与金融风险,2015-07-02,5,1464,269,081-c004,081-c006,02_markdown_articles/081_2015-07-02_日乾夕惕.md,036e771335d8b0585b6518f9caadbff0e21c5d54f95d76fc71cbf5718bc0ccb9
081-c006,081,日乾夕惕,资本市场与金融风险,2015-07-02,6,708,283,081-c005,081-c007,02_markdown_articles/081_2015-07-02_日乾夕惕.md,e27a7c188c7e82fb2fcd440c24784e89b7c093a9d4c856121ebca1508b9b83a7
081-c007,081,日乾夕惕,资本市场与金融风险,2015-07-02,7,682,279,081-c006,081-c008,02_markdown_articles/081_2015-07-02_日乾夕惕.md,723a3bd6dd1b33da66848593c28cc2e2b1ae7209e2dd5db92134da752ef32ae8
081-c008,081,日乾夕惕,资本市场与金融风险,2015-07-02,8,677,275,081-c007,081-c009,02_markdown_articles/081_2015-07-02_日乾夕惕.md,9317095c8f6423a462d878e8670062573331a81d23baed39c9648b26e13bae38
081-c009,081,日乾夕惕,资本市场与金融风险,2015-07-02,9,634,268,081-c008,081-c010,02_markdown_articles/081_2015-07-02_日乾夕惕.md,eeaeb243748f0aba4f0ac83957674b855a919cca339cf4dca37baf221a2b1220
081-c010,081,日乾夕惕,资本市场与金融风险,2015-07-02,10,625,266,081-c009,081-c011,02_markdown_articles/081_2015-07-02_日乾夕惕.md,7e478c278aba1eb9b909c7fcfa7b46fc23cb8671ebd3a1d2226f28efd0ee1ce5
081-c011,081,日乾夕惕,资本市场与金融风险,2015-07-02,11,790,276,081-c010,081-c012,02_markdown_articles/081_2015-07-02_日乾夕惕.md,16e3920f00961f41b393d02d51b6438db128404e929bc748181fea586b54ddca
081-c012,081,日乾夕惕,资本市场与金融风险,2015-07-02,12,674,286,081-c011,081-c013,02_markdown_articles/081_2015-07-02_日乾夕惕.md,d426c8d06bf1cfae9d06f3a2c6e5a7ab404c03066da4561ecd046b6fe53790c2
081-c013,081,日乾夕惕,资本市场与金融风险,2015-07-02,13,865,263,081-c012,081-c014,02_markdown_articles/081_2015-07-02_日乾夕惕.md,6f06c1761d0a87b8e1c93a17b4c48696f9887b9acbf8e74ba5e2181b277307c6
081-c014,081,日乾夕惕,资本市场与金融风险,2015-07-02,14,673,283,081-c013,081-c015,02_markdown_articles/081_2015-07-02_日乾夕惕.md,b77b88b84e5d9c7c525b99dd78c9b1d29c4d279546b1673a0d0310b0dd1af865
081-c015,081,日乾夕惕,资本市场与金融风险,2015-07-02,15,628,270,081-c014,081-c016,02_markdown_articles/081_2015-07-02_日乾夕惕.md,5f4d6c40f54819b177d02245f1bda5bc0d41969840c61d48ed14f1e1113e3ae9
081-c016,081,日乾夕惕,资本市场与金融风险,2015-07-02,16,790,264,081-c015,081-c017,02_markdown_articles/081_2015-07-02_日乾夕惕.md,faedfb7c7e506a34943e592bc0d8dbe4b886f15c354af7c65bd426efc1c80e0b
081-c017,081,日乾夕惕,资本市场与金融风险,2015-07-02,17,712,280,081-c016,081-c018,02_markdown_articles/081_2015-07-02_日乾夕惕.md,e35cd1aa72edc2478b7351e459d9d72b69c89be3acb703a2e00948792d4eded8
081-c018,081,日乾夕惕,资本市场与金融风险,2015-07-02,18,852,261,081-c017,081-c019,02_markdown_articles/081_2015-07-02_日乾夕惕.md,794c82f4f039af090a24a2daec44d069d41acc35690693c125763029c7306d52
081-c019,081,日乾夕惕,资本市场与金融风险,2015-07-02,19,627,271,081-c018,081-c020,02_markdown_articles/081_2015-07-02_日乾夕惕.md,869249fe1338b149154482f73e6e1e9bdf17ac4164a4a983549c67998ca53e8d
081-c020,081,日乾夕惕,资本市场与金融风险,2015-07-02,20,657,264,081-c019,081-c021,02_markdown_articles/081_2015-07-02_日乾夕惕.md,ae274ae08892db0045890a04d8a1760ef51028191dd7ed0199dfd7b86b0a3cf1
081-c021,081,日乾夕惕,资本市场与金融风险,2015-07-02,21,989,282,081-c020,081-c022,02_markdown_articles/081_2015-07-02_日乾夕惕.md,c5e6f02f4b2136c2728e41b0bbc5096057b50ede2a17129a280bd8421437aeb5
081-c022,081,日乾夕惕,资本市场与金融风险,2015-07-02,22,654,285,081-c021,081-c023,02_markdown_articles/081_2015-07-02_日乾夕惕.md,4b5e3684ae819169b166776263e8dcf01f2aabf2ffce351b2606d3d72f1e24e5
081-c023,081,日乾夕惕,资本市场与金融风险,2015-07-02,23,1473,269,081-c022,081-c024,02_markdown_articles/081_2015-07-02_日乾夕惕.md,35df78a6471d7d3f5e4ced943716068e15437972c11a7456f35315d06dd9b40b
081-c024,081,日乾夕惕,资本市场与金融风险,2015-07-02,24,627,267,081-c023,081-c025,02_markdown_articles/081_2015-07-02_日乾夕惕.md,4cdcce64b478fc149bc15388b83b814dde52ef0c313f30b5f658c20ca00814dd
081-c025,081,日乾夕惕,资本市场与金融风险,2015-07-02,25,1051,267,081-c024,,02_markdown_articles/081_2015-07-02_日乾夕惕.md,a823c9fa5084767e7d357c5d30e2761c8cc50eca925e7f046d674d2ea79914c7
082-c001,082,关于股灾、杠杆与流动性的反思,资本市场与金融风险,2015-07-24,1,1200,0,,082-c002,02_markdown_articles/082_2015-07-24_关于股灾、杠杆与流动性的反思.md,b6baee809e4366457430d423bc533b8716049730ce9cde7e25ffd4dbf963c829
082-c002,082,关于股灾、杠杆与流动性的反思,资本市场与金融风险,2015-07-24,2,1543,281,082-c001,082-c003,02_markdown_articles/082_2015-07-24_关于股灾、杠杆与流动性的反思.md,d98dc93bc3b91b783c9e14aefb04bac7e1b68dc0591c4253e1523c4d3cf069e3
082-c003,082,关于股灾、杠杆与流动性的反思,资本市场与金融风险,2015-07-24,3,731,280,082-c002,082-c004,02_markdown_articles/082_2015-07-24_关于股灾、杠杆与流动性的反思.md,e254dec92452495de7a6d63833f41a9772f3955a36c619ed4b7c7fd8c4030fe9
082-c004,082,关于股灾、杠杆与流动性的反思,资本市场与金融风险,2015-07-24,4,868,279,082-c003,082-c005,02_markdown_articles/082_2015-07-24_关于股灾、杠杆与流动性的反思.md,c9f52bc4e40bc41f319827b936900a476bd7ac044bb9792bbbbbbdccea08a7d2
082-c005,082,关于股灾、杠杆与流动性的反思,资本市场与金融风险,2015-07-24,5,714,287,082-c004,082-c006,02_markdown_articles/082_2015-07-24_关于股灾、杠杆与流动性的反思.md,9eba82f9b1272a51d2ae414652e79b10e67d6e0c2d01fc492460f2344eccb155
082-c006,082,关于股灾、杠杆与流动性的反思,资本市场与金融风险,2015-07-24,6,888,266,082-c005,,02_markdown_articles/082_2015-07-24_关于股灾、杠杆与流动性的反思.md,6a12d3c7c5f6bb5ae667dd95c104d82f51eeec40da4d8288e33139e87d9457f9
083-c001,083,股市震荡之后值得深思的三个问题,资本市场与金融风险,2015-08-09,1,530,0,,083-c002,02_markdown_articles/083_2015-08-09_股市震荡之后值得深思的三个问题.md,2be7b99fa7ecdfc4a81557d29f56db3b587981f3473cd481d5c02cede0590211
083-c002,083,股市震荡之后值得深思的三个问题,资本市场与金融风险,2015-08-09,2,1577,276,083-c001,083-c003,02_markdown_articles/083_2015-08-09_股市震荡之后值得深思的三个问题.md,dfb4cb9313e61bf6f29114ed92d60e986382b5238d06dee77d27fdc22b0eda99
083-c003,083,股市震荡之后值得深思的三个问题,资本市场与金融风险,2015-08-09,3,801,263,083-c002,083-c004,02_markdown_articles/083_2015-08-09_股市震荡之后值得深思的三个问题.md,50863374e85f212f88708f0f9e393c33ee9d68b8c928311115c4de2dd4a8add7
083-c004,083,股市震荡之后值得深思的三个问题,资本市场与金融风险,2015-08-09,4,1644,270,083-c003,,02_markdown_articles/083_2015-08-09_股市震荡之后值得深思的三个问题.md,0c1e8a36a1ce26eed17254031c8255048710769b8b609c36b85bbf73f4a625bb
084-c001,084,关于股灾与资本市场制度建设的讨论（上）,资本市场与金融风险,2015-08-15,1,1197,0,,084-c002,02_markdown_articles/084_2015-08-15_关于股灾与资本市场制度建设的讨论(上).md,5454441b532d54cb0aa8d42bb6005086ed9d48e23c0be90902467ed635c0e3c0
084-c002,084,关于股灾与资本市场制度建设的讨论（上）,资本市场与金融风险,2015-08-15,2,685,274,084-c001,084-c003,02_markdown_articles/084_2015-08-15_关于股灾与资本市场制度建设的讨论(上).md,2edd98d00c725a1b8f1691f5c575078e73c578d773850dc6a939036fbf15be2c
084-c003,084,关于股灾与资本市场制度建设的讨论（上）,资本市场与金融风险,2015-08-15,3,655,284,084-c002,084-c004,02_markdown_articles/084_2015-08-15_关于股灾与资本市场制度建设的讨论(上).md,757e4b1c3c4f943bfad50bdf31d904243a44e9c4a85185be55573a3145f47c2d
084-c004,084,关于股灾与资本市场制度建设的讨论（上）,资本市场与金融风险,2015-08-15,4,1564,268,084-c003,084-c005,02_markdown_articles/084_2015-08-15_关于股灾与资本市场制度建设的讨论(上).md,8a472ddec43cd723cc5e30a31262de24cd41c4e4d84b86ff24d68d7a89ba1d2a
084-c005,084,关于股灾与资本市场制度建设的讨论（上）,资本市场与金融风险,2015-08-15,5,1100,277,084-c004,084-c006,02_markdown_articles/084_2015-08-15_关于股灾与资本市场制度建设的讨论(上).md,96d77bb5e35949253ef8250a4182990bdffe0920e73271d2742586a676086976
084-c006,084,关于股灾与资本市场制度建设的讨论（上）,资本市场与金融风险,2015-08-15,6,741,284,084-c005,084-c007,02_markdown_articles/084_2015-08-15_关于股灾与资本市场制度建设的讨论(上).md,ae6c1f47736a2d8192d54b292657d8d0ef244469aea4b5046f9d3ba2d3b63a45
084-c007,084,关于股灾与资本市场制度建设的讨论（上）,资本市场与金融风险,2015-08-15,7,746,267,084-c006,084-c008,02_markdown_articles/084_2015-08-15_关于股灾与资本市场制度建设的讨论(上).md,cbde0fa84a4938a7541afc9d456bd4868170c1fe5af48ac7ebfa99a3aa72f97c
084-c008,084,关于股灾与资本市场制度建设的讨论（上）,资本市场与金融风险,2015-08-15,8,1721,262,084-c007,084-c009,02_markdown_articles/084_2015-08-15_关于股灾与资本市场制度建设的讨论(上).md,01042d24cddc42a73faac94aa0398d351d3be4bb043dee1b5fc0f7a9a9c764ab
084-c009,084,关于股灾与资本市场制度建设的讨论（上）,资本市场与金融风险,2015-08-15,9,1069,283,084-c008,084-c010,02_markdown_articles/084_2015-08-15_关于股灾与资本市场制度建设的讨论(上).md,ed88f8549a8154a40bd8f376da874b8a7f3bb269ee414d6606c2e1d190dbf4d1
084-c010,084,关于股灾与资本市场制度建设的讨论（上）,资本市场与金融风险,2015-08-15,10,1310,275,084-c009,084-c011,02_markdown_articles/084_2015-08-15_关于股灾与资本市场制度建设的讨论(上).md,9d2eb7965b1545127aa7e5f65bc125b5080ea28e2a3fa8ae322ca5525108a42a
084-c011,084,关于股灾与资本市场制度建设的讨论（上）,资本市场与金融风险,2015-08-15,11,1479,274,084-c010,084-c012,02_markdown_articles/084_2015-08-15_关于股灾与资本市场制度建设的讨论(上).md,040db0e5a33d5a4000a4d850c289bbd3946b902ad0a10d1885b263bc56ffa06f
084-c012,084,关于股灾与资本市场制度建设的讨论（上）,资本市场与金融风险,2015-08-15,12,761,268,084-c011,084-c013,02_markdown_articles/084_2015-08-15_关于股灾与资本市场制度建设的讨论(上).md,0687ea5e886d284524ba265c1a7747a9044992fd360da83bc14e91a2afd4e043
084-c013,084,关于股灾与资本市场制度建设的讨论（上）,资本市场与金融风险,2015-08-15,13,1016,268,084-c012,084-c014,02_markdown_articles/084_2015-08-15_关于股灾与资本市场制度建设的讨论(上).md,c8bffe0fe778219bf89b85abf829d570dac192e1a4270930cac2b114b126e170
084-c014,084,关于股灾与资本市场制度建设的讨论（上）,资本市场与金融风险,2015-08-15,14,1586,280,084-c013,084-c015,02_markdown_articles/084_2015-08-15_关于股灾与资本市场制度建设的讨论(上).md,902abc625f85651dc8dccd0e384d6159fefc1ff361a64042044f230f62b064b9
084-c015,084,关于股灾与资本市场制度建设的讨论（上）,资本市场与金融风险,2015-08-15,15,1493,277,084-c014,084-c016,02_markdown_articles/084_2015-08-15_关于股灾与资本市场制度建设的讨论(上).md,01a76c5841a6426ae5b84b86667a55d7641309f008ee2423082ed5ebdd4eb452
084-c016,084,关于股灾与资本市场制度建设的讨论（上）,资本市场与金融风险,2015-08-15,16,1624,273,084-c015,084-c017,02_markdown_articles/084_2015-08-15_关于股灾与资本市场制度建设的讨论(上).md,cb685122be9ac10c9b278a60751b7694098c90e676c9da8f42141ec423fb74b3
084-c017,084,关于股灾与资本市场制度建设的讨论（上）,资本市场与金融风险,2015-08-15,17,439,266,084-c016,,02_markdown_articles/084_2015-08-15_关于股灾与资本市场制度建设的讨论(上).md,7bc5c9add873352c89f736685ec50e7b5d2aed66dbe782ff4fa6f073318aa04e
085-c001,085,守正待时,资本市场与金融风险,2016-07-07,1,380,0,,085-c002,02_markdown_articles/085_2016-07-07_守正待时.md,0035733d86533c53db48e88cd5d2a4847aaada40e915684bdecb32f124512d03
085-c002,085,守正待时,资本市场与金融风险,2016-07-07,2,1199,273,085-c001,085-c003,02_markdown_articles/085_2016-07-07_守正待时.md,d64137a0ce610fd151423892a6d853de7b43aadb349f2a00393390f3b63c2399
085-c003,085,守正待时,资本市场与金融风险,2016-07-07,3,699,288,085-c002,085-c004,02_markdown_articles/085_2016-07-07_守正待时.md,74e5315924f2e139f5c86e4448e05a0d1cd5708d6790f5a7c8daf9a91058dbf5
085-c004,085,守正待时,资本市场与金融风险,2016-07-07,4,705,262,085-c003,085-c005,02_markdown_articles/085_2016-07-07_守正待时.md,87ff68bea0992475ae0aba7c7636a937207da41872928e390bbeed1cc310e337
085-c005,085,守正待时,资本市场与金融风险,2016-07-07,5,1540,262,085-c004,085-c006,02_markdown_articles/085_2016-07-07_守正待时.md,e301356704112deb344c5cc77523a77b6cca602061039223f49b68417a5b57fb
085-c006,085,守正待时,资本市场与金融风险,2016-07-07,6,642,287,085-c005,085-c007,02_markdown_articles/085_2016-07-07_守正待时.md,201b5337260a894eebf53a464a3a86ba5a23b414ee5c43e1fe227507bbb745b8
085-c007,085,守正待时,资本市场与金融风险,2016-07-07,7,1486,271,085-c006,085-c008,02_markdown_articles/085_2016-07-07_守正待时.md,89cc45f6b4de71f7b6058368335e265cb1d95bfb4c0da1bee5ca2076ba70559e
085-c008,085,守正待时,资本市场与金融风险,2016-07-07,8,727,282,085-c007,085-c009,02_markdown_articles/085_2016-07-07_守正待时.md,b89a2fdf71a680c49987d680a3f77dd37d5f7584d4729c5bcb86b2ebf8bcf7e6
085-c009,085,守正待时,资本市场与金融风险,2016-07-07,9,816,277,085-c008,085-c010,02_markdown_articles/085_2016-07-07_守正待时.md,22985f5b7f8c6acc5f2c5feae7bfc5a6589c24afee93ac65eeb11e9c6435b912
085-c010,085,守正待时,资本市场与金融风险,2016-07-07,10,1399,273,085-c009,085-c011,02_markdown_articles/085_2016-07-07_守正待时.md,6fbf9ea7094aaecca1efe49147290fff01ffd75ac8954dbef9cc6f999656250e
085-c011,085,守正待时,资本市场与金融风险,2016-07-07,11,1246,283,085-c010,085-c012,02_markdown_articles/085_2016-07-07_守正待时.md,68d264924344e5febc08fc53425a98ea0534c015a64b5fbcbf98c0dafac4a8ab
085-c012,085,守正待时,资本市场与金融风险,2016-07-07,12,682,267,085-c011,085-c013,02_markdown_articles/085_2016-07-07_守正待时.md,01bfc442f42b9f396c4be4ceddcd8c24c94a2a9effb952da9578ad4b574b0048
085-c013,085,守正待时,资本市场与金融风险,2016-07-07,13,1147,270,085-c012,085-c014,02_markdown_articles/085_2016-07-07_守正待时.md,82a1c0b0ae4bb759edb3f062c3b78e54b5935bb899f2e8599c5531926b2fdf1b
085-c014,085,守正待时,资本市场与金融风险,2016-07-07,14,722,266,085-c013,085-c015,02_markdown_articles/085_2016-07-07_守正待时.md,c7f8a29d92240a0b9aa3c5c3c085acbac4c334c43bb234c84c558206799cf7c8
085-c015,085,守正待时,资本市场与金融风险,2016-07-07,15,884,236,085-c014,085-c016,02_markdown_articles/085_2016-07-07_守正待时.md,ebe2a9dd9e6699e4d845f9faae35b250ea2c4a81bd3a5a6740ae5ef84cd7ccd8
085-c016,085,守正待时,资本市场与金融风险,2016-07-07,16,1501,279,085-c015,085-c017,02_markdown_articles/085_2016-07-07_守正待时.md,5a5ac163dd2632c19eb0fc3b7180d584ce91951081ef54dea001d90ff746d5bb
085-c017,085,守正待时,资本市场与金融风险,2016-07-07,17,657,266,085-c016,085-c018,02_markdown_articles/085_2016-07-07_守正待时.md,8bd421964bdbe28f18940f15feb672ee774b6b311480de516293d5a5e566f76e
085-c018,085,守正待时,资本市场与金融风险,2016-07-07,18,1515,271,085-c017,085-c019,02_markdown_articles/085_2016-07-07_守正待时.md,ad169f0318e44363a71094377919d4abb6ca53b019a9edc116ffdab1ac6ed2ca
085-c019,085,守正待时,资本市场与金融风险,2016-07-07,19,718,271,085-c018,,02_markdown_articles/085_2016-07-07_守正待时.md,5a8fadb2d13592efe95406248fe478cdeca1c7158e7643bd6f5dab81a13c16ae
086-c001,086,商品价格和PPI环比显著走弱 流动性趋紧牵制估值水平,资本市场与金融风险,2017-04-27,1,915,0,,,02_markdown_articles/086_2017-04-27_商品价格和PPI环比显著走弱_流动性趋紧牵制估值水平.md,d3c9af09d81fe8227f02facdf44426013f5ead6cec6325c72049f7d18f370ac0
087-c001,087,中国影子银行体系的兴起和变迁,资本市场与金融风险,2017-07-03,1,381,0,,087-c002,02_markdown_articles/087_2017-07-03_中国影子银行体系的兴起和变迁.md,958cb8a3ce0386cbdf2fc1fa010880c5e37d88ea86182d645e9a5eda25e0f3ba
087-c002,087,中国影子银行体系的兴起和变迁,资本市场与金融风险,2017-07-03,2,679,260,087-c001,087-c003,02_markdown_articles/087_2017-07-03_中国影子银行体系的兴起和变迁.md,a647883291545099064fa43bb611bdfd14a7bef158886742f4c70f3eb8751c8b
087-c003,087,中国影子银行体系的兴起和变迁,资本市场与金融风险,2017-07-03,3,1039,280,087-c002,087-c004,02_markdown_articles/087_2017-07-03_中国影子银行体系的兴起和变迁.md,992d00211ae386beb9604798ec29a4f47cf819b19fb614203f30f9470965bf6f
087-c004,087,中国影子银行体系的兴起和变迁,资本市场与金融风险,2017-07-03,4,1249,267,087-c003,087-c005,02_markdown_articles/087_2017-07-03_中国影子银行体系的兴起和变迁.md,aee49b80a3a7a5ad6e6468510df39bdb13a3441eb5edc7cd276d70e73c4bc76e
087-c005,087,中国影子银行体系的兴起和变迁,资本市场与金融风险,2017-07-03,5,1428,274,087-c004,087-c006,02_markdown_articles/087_2017-07-03_中国影子银行体系的兴起和变迁.md,5550cd58b47a947d8c1c723af18ca4e09634224a75a7141cefc04c9b80fbd4e7
087-c006,087,中国影子银行体系的兴起和变迁,资本市场与金融风险,2017-07-03,6,858,275,087-c005,,02_markdown_articles/087_2017-07-03_中国影子银行体系的兴起和变迁.md,253fa5c672179d5240f4bc843a3ea612786035a5658ae13d327d0292581a5f98
088-c001,088,金融机构到了河那边 金融监管还在河里,资本市场与金融风险,2017-09-18,1,1207,0,,088-c002,02_markdown_articles/088_2017-09-18_金融机构到了河那边_金融监管还在河里.md,3cde0b74c194ad2722445df1b1c84edd40f5450f020e433aaf6ba5665112fc74
088-c002,088,金融机构到了河那边 金融监管还在河里,资本市场与金融风险,2017-09-18,2,1674,282,088-c001,088-c003,02_markdown_articles/088_2017-09-18_金融机构到了河那边_金融监管还在河里.md,4273f1b33a6c781fb467be129652c8203893b87ebdc18032862b219846314a5e
088-c003,088,金融机构到了河那边 金融监管还在河里,资本市场与金融风险,2017-09-18,3,1514,266,088-c002,088-c004,02_markdown_articles/088_2017-09-18_金融机构到了河那边_金融监管还在河里.md,780982d97f153b85a1b02f6646613bfd75361ae51cfe1c354e9b332dcb587b2e
088-c004,088,金融机构到了河那边 金融监管还在河里,资本市场与金融风险,2017-09-18,4,1195,271,088-c003,,02_markdown_articles/088_2017-09-18_金融机构到了河那边_金融监管还在河里.md,418bc3e4733e48260a5738ca855ca4d4d1bf19cbd8250134e9450c17652fb59a
089-c001,089,经济动能维持韧性 市场风险偏好提升,资本市场与金融风险,2018-01-25,1,393,0,,089-c002,02_markdown_articles/089_2018-01-25_经济动能维持韧性_市场风险偏好提升.md,bf72918d11d414b6d179a64d912c3da1a65a93cab388b135442a5590254662ff
089-c002,089,经济动能维持韧性 市场风险偏好提升,资本市场与金融风险,2018-01-25,2,663,283,089-c001,089-c003,02_markdown_articles/089_2018-01-25_经济动能维持韧性_市场风险偏好提升.md,083a6e733788573c5c8bb64a6764e73067fe232ac94fe2d1a17c47e0a8c8381e
089-c003,089,经济动能维持韧性 市场风险偏好提升,资本市场与金融风险,2018-01-25,3,787,261,089-c002,089-c004,02_markdown_articles/089_2018-01-25_经济动能维持韧性_市场风险偏好提升.md,3d8fe689ea484088322e070c1652e38f98e19c43198f70ba6d8ce6180ae56c7c
089-c004,089,经济动能维持韧性 市场风险偏好提升,资本市场与金融风险,2018-01-25,4,885,265,089-c003,089-c005,02_markdown_articles/089_2018-01-25_经济动能维持韧性_市场风险偏好提升.md,4423fe4d8dcaf64b34bfaa5fa532c1b549d819104e9fb871e079946a138e453e
089-c005,089,经济动能维持韧性 市场风险偏好提升,资本市场与金融风险,2018-01-25,5,851,288,089-c004,089-c006,02_markdown_articles/089_2018-01-25_经济动能维持韧性_市场风险偏好提升.md,8bee472d37d0ba9f46936345aa54f9f6dcbbb003e0e18965e7b2c7944b3cfeaf
089-c006,089,经济动能维持韧性 市场风险偏好提升,资本市场与金融风险,2018-01-25,6,763,287,089-c005,089-c007,02_markdown_articles/089_2018-01-25_经济动能维持韧性_市场风险偏好提升.md,041d08f5417f0fb5c5df5a2077b710952042874b96b6ef32eb95383f5a798c3f
089-c007,089,经济动能维持韧性 市场风险偏好提升,资本市场与金融风险,2018-01-25,7,634,274,089-c006,089-c008,02_markdown_articles/089_2018-01-25_经济动能维持韧性_市场风险偏好提升.md,b3a306ceb08fcb14871d9d00d5ef83e5db4e1ff11000798b463e3a0fdbc0f0ce
089-c008,089,经济动能维持韧性 市场风险偏好提升,资本市场与金融风险,2018-01-25,8,992,286,089-c007,,02_markdown_articles/089_2018-01-25_经济动能维持韧性_市场风险偏好提升.md,b6dc014043af78d2dfdd0200d06972ad7b1604e2a4e6913a23d7dcd991f6dca0
090-c001,090,金融危机以后 中国企业资产负债率趋势下降,资本市场与金融风险,2018-03-20,1,1498,0,,090-c002,02_markdown_articles/090_2018-03-20_金融危机以后_中国企业资产负债率趋势下降.md,a1eaa284aa36008d004ac19fe0b108f03a6e6667da7019286b82ce6598cf6c68
090-c002,090,金融危机以后 中国企业资产负债率趋势下降,资本市场与金融风险,2018-03-20,2,1509,283,090-c001,090-c003,02_markdown_articles/090_2018-03-20_金融危机以后_中国企业资产负债率趋势下降.md,15e735acb68f9105e7f1557e7ce5cd1519813f89b3ae917ea164ad405741a7a2
090-c003,090,金融危机以后 中国企业资产负债率趋势下降,资本市场与金融风险,2018-03-20,3,1376,264,090-c002,090-c004,02_markdown_articles/090_2018-03-20_金融危机以后_中国企业资产负债率趋势下降.md,b1710ecdc460a0d53919589a216a57a719a556aba0824966c4beb259f442b5f9
090-c004,090,金融危机以后 中国企业资产负债率趋势下降,资本市场与金融风险,2018-03-20,4,877,263,090-c003,,02_markdown_articles/090_2018-03-20_金融危机以后_中国企业资产负债率趋势下降.md,b40c23feebedc2b45c933e1d6fa7122813895e11e60ea0e4ff9a9aa26f9f0b0a
091-c001,091,中国企业部门杠杆率之谜,资本市场与金融风险,2018-05-28,1,1368,0,,091-c002,02_markdown_articles/091_2018-05-28_中国企业部门杠杆率之谜.md,a65f3bb45506a01787a194ec8ef4826d37437b254a224e5e69edfce32fba48ed
091-c002,091,中国企业部门杠杆率之谜,资本市场与金融风险,2018-05-28,2,1369,266,091-c001,,02_markdown_articles/091_2018-05-28_中国企业部门杠杆率之谜.md,beefff4e79bb2be23b770ea5f38c49068883654da67fc9ff46e81a98323c1d6d
092-c001,092,去杠杆之争,资本市场与金融风险,2018-05-31,1,413,0,,092-c002,02_markdown_articles/092_2018-05-31_去杠杆之争.md,688b8c01a42a7eadced2ade28c1cf462436be142181209a6254a46d6a99e4323
092-c002,092,去杠杆之争,资本市场与金融风险,2018-05-31,2,694,272,092-c001,092-c003,02_markdown_articles/092_2018-05-31_去杠杆之争.md,c3b2f02f866c7d8c5f866eaabd28b1fa42c865f30cc2903b3689875f5637045e
092-c003,092,去杠杆之争,资本市场与金融风险,2018-05-31,3,1487,261,092-c002,092-c004,02_markdown_articles/092_2018-05-31_去杠杆之争.md,328a3fe45d4f0f9d40224484f1f699224229ffb9d6b82728269834780ca9261f
092-c004,092,去杠杆之争,资本市场与金融风险,2018-05-31,4,729,266,092-c003,092-c005,02_markdown_articles/092_2018-05-31_去杠杆之争.md,6f52f9872e404e0b43c4a01eaf4e8559bb0975bb292cdbade15fff846191be59
092-c005,092,去杠杆之争,资本市场与金融风险,2018-05-31,5,1096,270,092-c004,092-c006,02_markdown_articles/092_2018-05-31_去杠杆之争.md,cc6c1c773db05cd889b690b1603b9d18efae2839b323daa74eef47fa4624a591
092-c006,092,去杠杆之争,资本市场与金融风险,2018-05-31,6,1494,280,092-c005,092-c007,02_markdown_articles/092_2018-05-31_去杠杆之争.md,c2d7d6b8504c0b99b4d03c16e1eb5c39a6ea91df34bc20603f8fcbca89138e00
092-c007,092,去杠杆之争,资本市场与金融风险,2018-05-31,7,660,277,092-c006,092-c008,02_markdown_articles/092_2018-05-31_去杠杆之争.md,8699b1b0fbf96f0ee38e87b3b6aaffee9af82db8950a8ee0ff08f2ba81be5abe
092-c008,092,去杠杆之争,资本市场与金融风险,2018-05-31,8,1532,286,092-c007,092-c009,02_markdown_articles/092_2018-05-31_去杠杆之争.md,bb17961de0ec5ec5c7aae6470ed83fc41a56f0622a95d25c3c2bcaa07a73c465
092-c009,092,去杠杆之争,资本市场与金融风险,2018-05-31,9,832,282,092-c008,092-c010,02_markdown_articles/092_2018-05-31_去杠杆之争.md,0d415b28be807854053a29fc4f5822511bb4c2c949218368e6fc3488c93a0010
092-c010,092,去杠杆之争,资本市场与金融风险,2018-05-31,10,759,266,092-c009,092-c011,02_markdown_articles/092_2018-05-31_去杠杆之争.md,6adeb4f1d5d8983a87ccb24d4794cd4ae32e2c5200966f410f6e4ace03a30d37
092-c011,092,去杠杆之争,资本市场与金融风险,2018-05-31,11,770,279,092-c010,,02_markdown_articles/092_2018-05-31_去杠杆之争.md,910f731aad5e0c47aaebc88394301318c31ee03d90fee781b858c717d2b7ccfb
093-c001,093,防范金融危机的三个重要问题——预警可行性、传导机制与政策干预,资本市场与金融风险,2018-12-28,1,1304,0,,093-c002,02_markdown_articles/093_2018-12-28_防范金融危机的三个重要问题——预警可行性、传导机制与政策干预.md,88197dd233825f5215160abff55ebda9bafdef0d6c81cdcf51bea50d209c3925
093-c002,093,防范金融危机的三个重要问题——预警可行性、传导机制与政策干预,资本市场与金融风险,2018-12-28,2,1617,268,093-c001,093-c003,02_markdown_articles/093_2018-12-28_防范金融危机的三个重要问题——预警可行性、传导机制与政策干预.md,49ca0d9cb2599c465f3be57a9f6c9e72fa1eadf4c63e82d9d88b54a79d0869f4
093-c003,093,防范金融危机的三个重要问题——预警可行性、传导机制与政策干预,资本市场与金融风险,2018-12-28,3,1562,286,093-c002,093-c004,02_markdown_articles/093_2018-12-28_防范金融危机的三个重要问题——预警可行性、传导机制与政策干预.md,4ad4e4b3ab40693feeb2f9d804c8f90ead4fd79001062e9578c760aeb2db6dfd
093-c004,093,防范金融危机的三个重要问题——预警可行性、传导机制与政策干预,资本市场与金融风险,2018-12-28,4,1526,280,093-c003,093-c005,02_markdown_articles/093_2018-12-28_防范金融危机的三个重要问题——预警可行性、传导机制与政策干预.md,0f688ccc565c1f04579f4351a3c7940b70e64d091997c58ac576d68742d0e98b
093-c005,093,防范金融危机的三个重要问题——预警可行性、传导机制与政策干预,资本市场与金融风险,2018-12-28,5,858,267,093-c004,,02_markdown_articles/093_2018-12-28_防范金融危机的三个重要问题——预警可行性、传导机制与政策干预.md,1d62408ab48f6273146579d6825835935f58b6064b505fd6877582a021087ccb
094-c001,094,青山遮不住 毕竟东流去,资本市场与金融风险,2020-09-14,1,404,0,,094-c002,02_markdown_articles/094_2020-09-14_青山遮不住_毕竟东流去.md,392a42b0871aadd5510949c0bd68de5d119e5ba1daf07e2431564ac343cac491
094-c002,094,青山遮不住 毕竟东流去,资本市场与金融风险,2020-09-14,2,666,285,094-c001,094-c003,02_markdown_articles/094_2020-09-14_青山遮不住_毕竟东流去.md,d3913756a949e83e9c414a0e93f6d1795f8ff0851265606b3191300b305ff4cb
094-c003,094,青山遮不住 毕竟东流去,资本市场与金融风险,2020-09-14,3,1464,263,094-c002,094-c004,02_markdown_articles/094_2020-09-14_青山遮不住_毕竟东流去.md,5737c619698e27b7bf8a2bf4627366a2a955632f90de15005a70b9d73e8f7892
094-c004,094,青山遮不住 毕竟东流去,资本市场与金融风险,2020-09-14,4,823,277,094-c003,094-c005,02_markdown_articles/094_2020-09-14_青山遮不住_毕竟东流去.md,16fccd84c972dbb3f87da65c4bb03fe214f6da0214b9ccb22371ee7047d64892
094-c005,094,青山遮不住 毕竟东流去,资本市场与金融风险,2020-09-14,5,1527,280,094-c004,094-c006,02_markdown_articles/094_2020-09-14_青山遮不住_毕竟东流去.md,b4da46dadb137f54c33c79cec9e523156a3a8fb85de0c4b3050f03c04e73c183
094-c006,094,青山遮不住 毕竟东流去,资本市场与金融风险,2020-09-14,6,677,270,094-c005,094-c007,02_markdown_articles/094_2020-09-14_青山遮不住_毕竟东流去.md,8dc4012986e28a60c23089a5898f2bb45b344283fb67cb5bbfb523876bea3eb9
094-c007,094,青山遮不住 毕竟东流去,资本市场与金融风险,2020-09-14,7,1470,262,094-c006,094-c008,02_markdown_articles/094_2020-09-14_青山遮不住_毕竟东流去.md,dc64fbf60b58def24bbfe895e74e0dbd697d42c5faca04b34b5a56e72d16134e
094-c008,094,青山遮不住 毕竟东流去,资本市场与金融风险,2020-09-14,8,729,258,094-c007,094-c009,02_markdown_articles/094_2020-09-14_青山遮不住_毕竟东流去.md,6ea215d271d5bfef4b3e1cb19a59f632e322d787e2fedbb7b82b89c939332ed3
094-c009,094,青山遮不住 毕竟东流去,资本市场与金融风险,2020-09-14,9,1296,264,094-c008,,02_markdown_articles/094_2020-09-14_青山遮不住_毕竟东流去.md,1edd55757d55a406715359a015a7a5e70f26a0e17317c59ec65ded970bae112d
095-c001,095,2020年末的信用债风波是一个重要转折点,资本市场与金融风险,2021-01-17,1,1343,0,,095-c002,02_markdown_articles/095_2021-01-17_2020年末的信用债风波是一个重要转折点.md,ec2a92d478cdfb0dfa3309c3ff9da998af3dba34d196afdf67a6391eea58754b
095-c002,095,2020年末的信用债风波是一个重要转折点,资本市场与金融风险,2021-01-17,2,642,272,095-c001,,02_markdown_articles/095_2021-01-17_2020年末的信用债风波是一个重要转折点.md,5f512f62ef299e38653857ec9d8c0701e5173e6f25016c3c5515d1d809359c44
096-c001,096,关于当前经济和市场形势的几点看法,资本市场与金融风险,2022-02-07,1,1204,0,,096-c002,02_markdown_articles/096_2022-02-07_关于当前经济和市场形势的几点看法.md,a663fe1356ed76b9d38e468152d84bfa70e6ccc96d3c4356cb9e8744d63d9f9a
096-c002,096,关于当前经济和市场形势的几点看法,资本市场与金融风险,2022-02-07,2,1347,264,096-c001,,02_markdown_articles/096_2022-02-07_关于当前经济和市场形势的几点看法.md,ec413188c7c000aa06738b6a607af69658c96393564792b222991988d46b1acd
097-c001,097,中国影子银行兴起及其风险,资本市场与金融风险,,1,370,0,,097-c002,02_markdown_articles/097_中国影子银行兴起及其风险.md,fb530f763c7c7d0ba9fce81b00250a1ae4c22ba98214081ca7c6b8f896a0c33e
097-c002,097,中国影子银行兴起及其风险,资本市场与金融风险,,2,625,275,097-c001,097-c003,02_markdown_articles/097_中国影子银行兴起及其风险.md,8dd685995450c91b632d327a55c4b0452b13d39a1d7e238c50a54cf745868956
097-c003,097,中国影子银行兴起及其风险,资本市场与金融风险,,3,1136,265,097-c002,097-c004,02_markdown_articles/097_中国影子银行兴起及其风险.md,255d8f6bb466df802c9e9edf89ee4110c7e6a650583560a5b49036e8bb57f82b
097-c004,097,中国影子银行兴起及其风险,资本市场与金融风险,,4,1518,271,097-c003,097-c005,02_markdown_articles/097_中国影子银行兴起及其风险.md,82af22b5b5e250cb4d91be0d782d3b0a89cccf256425523da3ac59de915cc0ef
097-c005,097,中国影子银行兴起及其风险,资本市场与金融风险,,5,656,266,097-c004,097-c006,02_markdown_articles/097_中国影子银行兴起及其风险.md,7bc5a17c1a032b772b80feba442595504599429ca632ae4900fed0fba0752ebb
097-c006,097,中国影子银行兴起及其风险,资本市场与金融风险,,6,1158,273,097-c005,097-c007,02_markdown_articles/097_中国影子银行兴起及其风险.md,4340e95473be17c9db0050b3e2964e3971f9d55e0811282aa2934c6cffd95f1d
097-c007,097,中国影子银行兴起及其风险,资本市场与金融风险,,7,1708,267,097-c006,097-c008,02_markdown_articles/097_中国影子银行兴起及其风险.md,931f679fecae1f0097d978c9021301224b1316a9263f91bfdb9e8a9646d481b1
097-c008,097,中国影子银行兴起及其风险,资本市场与金融风险,,8,1525,282,097-c007,097-c009,02_markdown_articles/097_中国影子银行兴起及其风险.md,837c8cc11c76dc83c60220811ab42cfd16636c6c4a5af7b0f924ab7e228a49c4
097-c009,097,中国影子银行兴起及其风险,资本市场与金融风险,,9,1486,268,097-c008,097-c010,02_markdown_articles/097_中国影子银行兴起及其风险.md,e702f300d14d380c9155951beaed0e3cf5b346cd24d57f5a737c527e4e81dc8c
097-c010,097,中国影子银行兴起及其风险,资本市场与金融风险,,10,1514,282,097-c009,,02_markdown_articles/097_中国影子银行兴起及其风险.md,a1543fe9006c1fe3bb2d6052934b9e19cfaf1cd7fcf48fa43b21010df179203d
098-c001,098,关于股灾与资本市场制度建设的讨论（下）,资本市场与金融风险,,1,1240,0,,098-c002,02_markdown_articles/098_关于股灾与资本市场制度建设的讨论(下).md,410268831645c81b7dce4d37cd19eff854fbff4d86e2306ed9cac8d24ce75c73
098-c002,098,关于股灾与资本市场制度建设的讨论（下）,资本市场与金融风险,,2,1527,270,098-c001,098-c003,02_markdown_articles/098_关于股灾与资本市场制度建设的讨论(下).md,24f2eb7fbad415795fb700ba206d58df13354136d9b9da93192955d0dbe04c2c
098-c003,098,关于股灾与资本市场制度建设的讨论（下）,资本市场与金融风险,,3,1465,268,098-c002,098-c004,02_markdown_articles/098_关于股灾与资本市场制度建设的讨论(下).md,8b24b525b5b09a2c1de7128fcf5dcf1f47dc4c9f2c08469424ec98cb29b84b7f
098-c004,098,关于股灾与资本市场制度建设的讨论（下）,资本市场与金融风险,,4,1544,266,098-c003,098-c005,02_markdown_articles/098_关于股灾与资本市场制度建设的讨论(下).md,8d381f9c560f5e2c85a42ea408005a24f22bd0534fe30c78c7f974ffdd7b0232
098-c005,098,关于股灾与资本市场制度建设的讨论（下）,资本市场与金融风险,,5,1549,268,098-c004,098-c006,02_markdown_articles/098_关于股灾与资本市场制度建设的讨论(下).md,0f72c5e5c3df2553dcc246542f42377c20b9543b8d4e99069309bdbe1eee3904
098-c006,098,关于股灾与资本市场制度建设的讨论（下）,资本市场与金融风险,,6,1530,278,098-c005,098-c007,02_markdown_articles/098_关于股灾与资本市场制度建设的讨论(下).md,a0674a34dc3402d24c00afdc498f61b6cf7327d003a4293f153ed1351e5d8204
098-c007,098,关于股灾与资本市场制度建设的讨论（下）,资本市场与金融风险,,7,1037,272,098-c006,,02_markdown_articles/098_关于股灾与资本市场制度建设的讨论(下).md,f3de3daae1e81ce41dc914eb850e50ad7dc166b843c52dea146044f0136b7f4c
099-c001,099,危机之下的结构调整与未来政策路径选择,房地产、城市化与消费,2009-08-15,1,1245,0,,099-c002,02_markdown_articles/099_2009-08-15_危机之下的结构调整与未来政策路径选择.md,4322f4999549ded90409faeb31d97cc75668c2fbce6c4d1d6a7b8e2037803dfa
099-c002,099,危机之下的结构调整与未来政策路径选择,房地产、城市化与消费,2009-08-15,2,1661,271,099-c001,099-c003,02_markdown_articles/099_2009-08-15_危机之下的结构调整与未来政策路径选择.md,9af85f8b184de74ba4044cd6cd4688bdc78ab6d79d91b26855783a284e87640f
099-c003,099,危机之下的结构调整与未来政策路径选择,房地产、城市化与消费,2009-08-15,3,1540,269,099-c002,099-c004,02_markdown_articles/099_2009-08-15_危机之下的结构调整与未来政策路径选择.md,8619b9e5b5d29e55de76fdecc68c601db7aefd0123728a8108e9634ee528e1c7
099-c004,099,危机之下的结构调整与未来政策路径选择,房地产、城市化与消费,2009-08-15,4,1453,275,099-c003,,02_markdown_articles/099_2009-08-15_危机之下的结构调整与未来政策路径选择.md,9cd2ab36b26f593abf6c8ac4ad8c2a52860fb5892b4b84a897544f8c2f79400c
100-c001,100,房地产复苏和调控,房地产、城市化与消费,2013-03-05,1,402,0,,100-c002,02_markdown_articles/100_2013-03-05_房地产复苏和调控.md,71a51b1b7635d2678929746f62d4962a28f42dee9f43c1d0627039ca704c6436
100-c002,100,房地产复苏和调控,房地产、城市化与消费,2013-03-05,2,733,285,100-c001,100-c003,02_markdown_articles/100_2013-03-05_房地产复苏和调控.md,da7046a3e69c1749d010a25a4f07684b2c7ddf783be542bb5e1b7b887eb0960a
100-c003,100,房地产复苏和调控,房地产、城市化与消费,2013-03-05,3,879,272,100-c002,100-c004,02_markdown_articles/100_2013-03-05_房地产复苏和调控.md,ceac552895730b3f3a246c3586d211bb2101ac0c6cdd5245e28ac5cb0c0c7734
100-c004,100,房地产复苏和调控,房地产、城市化与消费,2013-03-05,4,776,274,100-c003,100-c005,02_markdown_articles/100_2013-03-05_房地产复苏和调控.md,656ecdfad1a0676879dd9a888490aab2912ed7037433ff6c69ab799e7da921b8
100-c005,100,房地产复苏和调控,房地产、城市化与消费,2013-03-05,5,782,277,100-c004,100-c006,02_markdown_articles/100_2013-03-05_房地产复苏和调控.md,ce4baf3b89d52c5be24081fa68a9a105c9a12b75eb2a8d7eb0ec5cf4d7088b29
100-c006,100,房地产复苏和调控,房地产、城市化与消费,2013-03-05,6,1118,273,100-c005,,02_markdown_articles/100_2013-03-05_房地产复苏和调控.md,3b9fbd01953ce07a8359230fca82874c7be5cb2418112f90d7de4024a6221df5
101-c001,101,中国房地产市场正在去泡沫化,房地产、城市化与消费,2014-07-05,1,1203,0,,101-c002,02_markdown_articles/101_2014-07-05_中国房地产市场正在去泡沫化.md,f24d217ea3ca3fcf7202010b3485e6a41e4a003118233d0318c578ddfdf29957
101-c002,101,中国房地产市场正在去泡沫化,房地产、城市化与消费,2014-07-05,2,1670,276,101-c001,101-c003,02_markdown_articles/101_2014-07-05_中国房地产市场正在去泡沫化.md,dd96d775bdde400827f7643c5c266e96de3b237f7a22fdb52372672c73b4eef9
101-c003,101,中国房地产市场正在去泡沫化,房地产、城市化与消费,2014-07-05,3,1743,269,101-c002,,02_markdown_articles/101_2014-07-05_中国房地产市场正在去泡沫化.md,48f73987c3b7f450596cf905dfb63f588fd464c9eeae438acfdcd22918d80b79
102-c001,102,盈虚之有时,房地产、城市化与消费,2014-07-07,1,392,0,,102-c002,02_markdown_articles/102_2014-07-07_盈虚之有时.md,6b6852af133265b33749a44ad5c065f8eff95c46b43e8fe2f78966bdacd3b118
102-c002,102,盈虚之有时,房地产、城市化与消费,2014-07-07,2,639,279,102-c001,102-c003,02_markdown_articles/102_2014-07-07_盈虚之有时.md,4f9329cccffb787a53cd9797f53d68cca86d0e8398fc2ae2326c902185c94cf4
102-c003,102,盈虚之有时,房地产、城市化与消费,2014-07-07,3,649,273,102-c002,102-c004,02_markdown_articles/102_2014-07-07_盈虚之有时.md,00abf245440422f8daea43dd0dc13786c19019f6aeddde3affd1d54942ed3178
102-c004,102,盈虚之有时,房地产、城市化与消费,2014-07-07,4,910,266,102-c003,102-c005,02_markdown_articles/102_2014-07-07_盈虚之有时.md,88096eacd655aa1f767dd2de8ab38f6b50a23fec7ef4c4b0360a9f9ba5b997c9
102-c005,102,盈虚之有时,房地产、城市化与消费,2014-07-07,5,700,276,102-c004,102-c006,02_markdown_articles/102_2014-07-07_盈虚之有时.md,438130d5502b406efd7f0ad22bacba646dc72e114c5b7c5abdf407fad1bfee82
102-c006,102,盈虚之有时,房地产、城市化与消费,2014-07-07,6,683,280,102-c005,102-c007,02_markdown_articles/102_2014-07-07_盈虚之有时.md,df82206d3c4ec6f07973509276b8fc6df7f2227c908af7a8063abd32b466b3aa
102-c007,102,盈虚之有时,房地产、城市化与消费,2014-07-07,7,980,267,102-c006,102-c008,02_markdown_articles/102_2014-07-07_盈虚之有时.md,533f48006b3855c51229ab69c0ac8153c3cd063c8c426bee1f5c2241485f98bd
102-c008,102,盈虚之有时,房地产、城市化与消费,2014-07-07,8,635,281,102-c007,102-c009,02_markdown_articles/102_2014-07-07_盈虚之有时.md,07f88d97f835fdda4df4de0886f75ace3dfe802fb16859be9a893f7f26c87d0b
102-c009,102,盈虚之有时,房地产、城市化与消费,2014-07-07,9,934,261,102-c008,102-c010,02_markdown_articles/102_2014-07-07_盈虚之有时.md,e6bd4102c89a2bdb5b2d354c1ddf484a9534437908faa2b62c79a254798d8c41
102-c010,102,盈虚之有时,房地产、城市化与消费,2014-07-07,10,640,266,102-c009,102-c011,02_markdown_articles/102_2014-07-07_盈虚之有时.md,6a84e022a5b6de537d3c69b7c6fd64b3e0c57dc912e654955e4b2373569e597a
102-c011,102,盈虚之有时,房地产、城市化与消费,2014-07-07,11,642,263,102-c010,102-c012,02_markdown_articles/102_2014-07-07_盈虚之有时.md,e7f1600578fa82d4488680e9ceaa4402f8f101f7df440e40145b1e419df3dd9b
102-c012,102,盈虚之有时,房地产、城市化与消费,2014-07-07,12,1507,282,102-c011,102-c013,02_markdown_articles/102_2014-07-07_盈虚之有时.md,6302677d5bbdb50284547068d3a7969149a88ade3f867cb6f9fe279e671b051e
102-c013,102,盈虚之有时,房地产、城市化与消费,2014-07-07,13,645,269,102-c012,102-c014,02_markdown_articles/102_2014-07-07_盈虚之有时.md,5ddbc77cf65e943b138fce942b8ca406418c83996b61be3cbc334fff9126fc98
102-c014,102,盈虚之有时,房地产、城市化与消费,2014-07-07,14,1562,264,102-c013,102-c015,02_markdown_articles/102_2014-07-07_盈虚之有时.md,4017073d26b19553f7606ee0317c2f004105491c13652a4a37f3a3d2a5837849
102-c015,102,盈虚之有时,房地产、城市化与消费,2014-07-07,15,676,273,102-c014,102-c016,02_markdown_articles/102_2014-07-07_盈虚之有时.md,cff15099ac0d79f492ffd84fd5625c35bc3fd5c384cd128575233d764c4d3c30
102-c016,102,盈虚之有时,房地产、城市化与消费,2014-07-07,16,711,280,102-c015,,02_markdown_articles/102_2014-07-07_盈虚之有时.md,d3cb321262d5091ebb97f18d51be986d5fdd0414275f2dff2b4e63f5374640d2
103-c001,103,房地产市场向何处去？,房地产、城市化与消费,2014-07-24,1,470,0,,103-c002,02_markdown_articles/103_2014-07-24_房地产市场向何处去.md,a41b0079d22fc5c63e6731cc2c2e5173e20ee674001cd313a11981e150fd6808
103-c002,103,房地产市场向何处去？,房地产、城市化与消费,2014-07-24,2,674,274,103-c001,103-c003,02_markdown_articles/103_2014-07-24_房地产市场向何处去.md,074ef5dfe8e80c20b778caa72a8ca670112008153d37c734eb2488ab8f016803
103-c003,103,房地产市场向何处去？,房地产、城市化与消费,2014-07-24,3,724,263,103-c002,103-c004,02_markdown_articles/103_2014-07-24_房地产市场向何处去.md,6208f48b92e2921900d8f46b10118fef2458f2a4245198c4c7a590222671ceb0
103-c004,103,房地产市场向何处去？,房地产、城市化与消费,2014-07-24,4,1481,268,103-c003,103-c005,02_markdown_articles/103_2014-07-24_房地产市场向何处去.md,01567215589ad37914fce9de173d774242513b212b267ca88cb60df2e49daa3e
103-c005,103,房地产市场向何处去？,房地产、城市化与消费,2014-07-24,5,1557,267,103-c004,103-c006,02_markdown_articles/103_2014-07-24_房地产市场向何处去.md,b31385da372206828efdd4b5e354b2389ef461827177917e9d18849e96a1b932
103-c006,103,房地产市场向何处去？,房地产、城市化与消费,2014-07-24,6,971,288,103-c005,,02_markdown_articles/103_2014-07-24_房地产市场向何处去.md,b2358022f792d9181eafd3438f87f978cb0a938c732e7e7cda2d4532c0e11c62
104-c001,104,守望春华,房地产、城市化与消费,2016-12-27,1,438,0,,104-c002,02_markdown_articles/104_2016-12-27_守望春华.md,fa830632daab4fb1381fe3ab61a4572a2deaed292e24b6bca262b2d61fa1d05a
104-c002,104,守望春华,房地产、城市化与消费,2016-12-27,2,1094,284,104-c001,104-c003,02_markdown_articles/104_2016-12-27_守望春华.md,a9853d699a6fcfe5cd8b2dd45c6bbbbf2dc9e5a412e9a1fa4173ca09b1c86af6
104-c003,104,守望春华,房地产、城市化与消费,2016-12-27,3,680,271,104-c002,104-c004,02_markdown_articles/104_2016-12-27_守望春华.md,40e28a613629024c48d59b1ce83bec5ed429c1c72a12ca1a8b29f5d843ace29c
104-c004,104,守望春华,房地产、城市化与消费,2016-12-27,4,653,288,104-c003,104-c005,02_markdown_articles/104_2016-12-27_守望春华.md,690d36f1f6673acb4fd372323f57549926b4a3b8abe062e83e9aadc5a6dabe38
104-c005,104,守望春华,房地产、城市化与消费,2016-12-27,5,1524,286,104-c004,104-c006,02_markdown_articles/104_2016-12-27_守望春华.md,80b001f25c8e8901e62900fa4164e6c49efb91a4254fbc8c0f47571531c31205
104-c006,104,守望春华,房地产、城市化与消费,2016-12-27,6,1521,269,104-c005,104-c007,02_markdown_articles/104_2016-12-27_守望春华.md,8226e8286fb431b6a077b16516b19a7a0ef006c22e5239f98b5d130c1e8f030a
104-c007,104,守望春华,房地产、城市化与消费,2016-12-27,7,1417,280,104-c006,104-c008,02_markdown_articles/104_2016-12-27_守望春华.md,717b95fd98037fc1905764832d93e41f56acf18fc85f45d4ce36931551c93025
104-c008,104,守望春华,房地产、城市化与消费,2016-12-27,8,1504,275,104-c007,104-c009,02_markdown_articles/104_2016-12-27_守望春华.md,4cbb2ec7610e0de41dd9fbbaa21d6622a92601e91debc180aea475cb19431eee
104-c009,104,守望春华,房地产、城市化与消费,2016-12-27,9,1537,280,104-c008,104-c010,02_markdown_articles/104_2016-12-27_守望春华.md,a7e894ba83c47c1a11084d03427aaefee5bd6e87be84c0ea22dde12852647702
104-c010,104,守望春华,房地产、城市化与消费,2016-12-27,10,1506,238,104-c009,104-c011,02_markdown_articles/104_2016-12-27_守望春华.md,e4d3302b157d393b19687c4479c743ce0279dfb0530f9b8b9c2db12fca42481c
104-c011,104,守望春华,房地产、城市化与消费,2016-12-27,11,866,279,104-c010,104-c012,02_markdown_articles/104_2016-12-27_守望春华.md,3935a3b205abf6a144856c4b8712be4be59e52f7453c3088d8dd668f4c2dad97
104-c012,104,守望春华,房地产、城市化与消费,2016-12-27,12,1506,282,104-c011,104-c013,02_markdown_articles/104_2016-12-27_守望春华.md,4f3f1a9b2901762a72419825e3c3f0605053f6b520e1a10d970bce33b2aabbcd
104-c013,104,守望春华,房地产、城市化与消费,2016-12-27,13,1319,269,104-c012,104-c014,02_markdown_articles/104_2016-12-27_守望春华.md,77634757a76f61c7e80f884b9aa70ffb0737627fc6dc1010664d6f924359b339
104-c014,104,守望春华,房地产、城市化与消费,2016-12-27,14,718,280,104-c013,104-c015,02_markdown_articles/104_2016-12-27_守望春华.md,3adad1cc745bec4155ecbe0f592f9aa586f84a17a3e04a45c6936390b510c91d
104-c015,104,守望春华,房地产、城市化与消费,2016-12-27,15,1215,279,104-c014,104-c016,02_markdown_articles/104_2016-12-27_守望春华.md,4733ab2265e53896d2120feb61476130a5f651f0157d146194281440c21c0b0d
104-c016,104,守望春华,房地产、城市化与消费,2016-12-27,16,1533,285,104-c015,104-c017,02_markdown_articles/104_2016-12-27_守望春华.md,82e9466d8f23a28ba10582e5b9fa27dec9d17c58f708c1330ec10a60824089d7
104-c017,104,守望春华,房地产、城市化与消费,2016-12-27,17,1469,277,104-c016,104-c018,02_markdown_articles/104_2016-12-27_守望春华.md,33853374003b3622771832017cf405a6eb5a4df08755048db71221b15077e42a
104-c018,104,守望春华,房地产、城市化与消费,2016-12-27,18,1489,277,104-c017,,02_markdown_articles/104_2016-12-27_守望春华.md,7d0a2d7814ec599daaf0453bb078ea8fa4b6755dca16270938e71ab81db80ce9
105-c001,105,中国的城市化与房地产市场（二）,房地产、城市化与消费,2017-10-24,1,374,0,,105-c002,02_markdown_articles/105_2017-10-24_中国的城市化与房地产市场(二).md,b419498c17eba415e8715f37722ac9a81504c8151210c97cd95ced8f6d156968
105-c002,105,中国的城市化与房地产市场（二）,房地产、城市化与消费,2017-10-24,2,1043,275,105-c001,105-c003,02_markdown_articles/105_2017-10-24_中国的城市化与房地产市场(二).md,addfa065cf316cfdd62a8942731f29005acd91161998c8717cee1f6386ad54ac
105-c003,105,中国的城市化与房地产市场（二）,房地产、城市化与消费,2017-10-24,3,1310,279,105-c002,105-c004,02_markdown_articles/105_2017-10-24_中国的城市化与房地产市场(二).md,218cce3722054397ba7f3a434eb698515b53ae46e4c0db2e99457ef9de260a5f
105-c004,105,中国的城市化与房地产市场（二）,房地产、城市化与消费,2017-10-24,4,1487,265,105-c003,105-c005,02_markdown_articles/105_2017-10-24_中国的城市化与房地产市场(二).md,eec23be0c7bbdd9544c2ef8d947cef1ce3189c1e4ad8d04c494a625f781ffde0
105-c005,105,中国的城市化与房地产市场（二）,房地产、城市化与消费,2017-10-24,5,1722,278,105-c004,105-c006,02_markdown_articles/105_2017-10-24_中国的城市化与房地产市场(二).md,4986dd3b94c24c4264b5e9fbd004645e42c8a8e5a9ca6773f2c5e9b691b6bac2
105-c006,105,中国的城市化与房地产市场（二）,房地产、城市化与消费,2017-10-24,6,1198,264,105-c005,,02_markdown_articles/105_2017-10-24_中国的城市化与房地产市场(二).md,cb0b8117d3fbd2da091387dc1adcdd81adba8c788af56dfd0278de9c369264e1
106-c001,106,中国的城市化与房地产市场（三）,房地产、城市化与消费,2017-10-30,1,374,0,,106-c002,02_markdown_articles/106_2017-10-30_中国的城市化与房地产市场(三).md,23d5530bba6cbe802d64243deb1fbf92868a31b6443c7eb3ab2a07601be96ed7
106-c002,106,中国的城市化与房地产市场（三）,房地产、城市化与消费,2017-10-30,2,1491,273,106-c001,106-c003,02_markdown_articles/106_2017-10-30_中国的城市化与房地产市场(三).md,11fa40cd23393b4082c3435f3aad49cb75644b018ca61b90c44802bb42b6cf97
106-c003,106,中国的城市化与房地产市场（三）,房地产、城市化与消费,2017-10-30,3,1480,271,106-c002,106-c004,02_markdown_articles/106_2017-10-30_中国的城市化与房地产市场(三).md,c32bd13dc60bbd480c9e187bf4fb2265d6d7b39b64fe539b35c4543e5111e50d
106-c004,106,中国的城市化与房地产市场（三）,房地产、城市化与消费,2017-10-30,4,728,287,106-c003,106-c005,02_markdown_articles/106_2017-10-30_中国的城市化与房地产市场(三).md,0cdbe8d451d0567da4e2bc002a84ef59c67f6ee10505d2e6990451eba3c598cd
106-c005,106,中国的城市化与房地产市场（三）,房地产、城市化与消费,2017-10-30,5,816,270,106-c004,,02_markdown_articles/106_2017-10-30_中国的城市化与房地产市场(三).md,03f4355935e8bb6428f4169ed8a7894ead81f090802866b108cf4e142d27347f
107-c001,107,站到拐点，我终于找到了房价上涨的主导性因素！,房地产、城市化与消费,2017-11-04,1,422,0,,107-c002,"02_markdown_articles/107_2017-11-04_站到拐点,我终于找到了房价上涨的主导性因素!.md",113ef57e1e2b96bef691042f292806096952c753f584ec838ba7b40f404252b9
107-c002,107,站到拐点，我终于找到了房价上涨的主导性因素！,房地产、城市化与消费,2017-11-04,2,1492,273,107-c001,107-c003,"02_markdown_articles/107_2017-11-04_站到拐点,我终于找到了房价上涨的主导性因素!.md",997d18ace0ec0965d947d439337c2f1241d05c0b50b47cd1277fa13dbcaeb099
107-c003,107,站到拐点，我终于找到了房价上涨的主导性因素！,房地产、城市化与消费,2017-11-04,3,1569,274,107-c002,107-c004,"02_markdown_articles/107_2017-11-04_站到拐点,我终于找到了房价上涨的主导性因素!.md",06f43f475f969a9883055a1b02e3154752290f2d03cc763f48a388cf9e364977
107-c004,107,站到拐点，我终于找到了房价上涨的主导性因素！,房地产、城市化与消费,2017-11-04,4,1521,280,107-c003,107-c005,"02_markdown_articles/107_2017-11-04_站到拐点,我终于找到了房价上涨的主导性因素!.md",d18d87215699f8fb6889cc1c7b819296975b95dada93d6fd6e79df5ffa752e88
107-c005,107,站到拐点，我终于找到了房价上涨的主导性因素！,房地产、城市化与消费,2017-11-04,5,1487,274,107-c004,107-c006,"02_markdown_articles/107_2017-11-04_站到拐点,我终于找到了房价上涨的主导性因素!.md",bf6256ebb9e0a81cd7b32a732b50e03b38d6b357d31eccb7916ec93b2acf1892
107-c006,107,站到拐点，我终于找到了房价上涨的主导性因素！,房地产、城市化与消费,2017-11-04,6,761,273,107-c005,107-c007,"02_markdown_articles/107_2017-11-04_站到拐点,我终于找到了房价上涨的主导性因素!.md",1323e3134030cc6d0b41cfbc7b13387910330000c009b86cea0ce3db1428c4ad
107-c007,107,站到拐点，我终于找到了房价上涨的主导性因素！,房地产、城市化与消费,2017-11-04,7,1388,279,107-c006,107-c008,"02_markdown_articles/107_2017-11-04_站到拐点,我终于找到了房价上涨的主导性因素!.md",c8698ed122d4143f637b6aa062ff0528061d3cfeb579e504883e684da00050d7
107-c008,107,站到拐点，我终于找到了房价上涨的主导性因素！,房地产、城市化与消费,2017-11-04,8,1511,288,107-c007,107-c009,"02_markdown_articles/107_2017-11-04_站到拐点,我终于找到了房价上涨的主导性因素!.md",6351f3c688ed6623372772290fc285841604b22008e2c167f4f0ab794acbb715
107-c009,107,站到拐点，我终于找到了房价上涨的主导性因素！,房地产、城市化与消费,2017-11-04,9,716,278,107-c008,107-c010,"02_markdown_articles/107_2017-11-04_站到拐点,我终于找到了房价上涨的主导性因素!.md",4c56771ccdba38b1dbef45fa14203ad3c94fefd1d1b22a77cca432a10bf19941
107-c010,107,站到拐点，我终于找到了房价上涨的主导性因素！,房地产、城市化与消费,2017-11-04,10,1524,286,107-c009,107-c011,"02_markdown_articles/107_2017-11-04_站到拐点,我终于找到了房价上涨的主导性因素!.md",effc6206ae3762c05ea25681e795451ccfadce059bb96b99eaeca5ddae689774
107-c011,107,站到拐点，我终于找到了房价上涨的主导性因素！,房地产、城市化与消费,2017-11-04,11,1513,280,107-c010,107-c012,"02_markdown_articles/107_2017-11-04_站到拐点,我终于找到了房价上涨的主导性因素!.md",6d782f513d0df207bcb7698fff7541dd865e00692d57a41c23e1af47d28cd90d
107-c012,107,站到拐点，我终于找到了房价上涨的主导性因素！,房地产、城市化与消费,2017-11-04,12,1540,264,107-c011,107-c013,"02_markdown_articles/107_2017-11-04_站到拐点,我终于找到了房价上涨的主导性因素!.md",630d0cd019dee2edbc8ccf2e537ffa0f7b9ca74cb290e72812aca3aab8a80297
107-c013,107,站到拐点，我终于找到了房价上涨的主导性因素！,房地产、城市化与消费,2017-11-04,13,1310,276,107-c012,,"02_markdown_articles/107_2017-11-04_站到拐点,我终于找到了房价上涨的主导性因素!.md",4bc94bfc1e055054db8400d73f84a51a4dc28a558f947f79a5e99191fdc3dda3
108-c001,108,房地产库存已明显低于长期合理水平,房地产、城市化与消费,2017-11-23,1,1449,0,,108-c002,02_markdown_articles/108_2017-11-23_房地产库存已明显低于长期合理水平.md,4271b763231e4db0b48b0304849d03596dfaddad6cb85bd4034982683211fc59
108-c002,108,房地产库存已明显低于长期合理水平,房地产、城市化与消费,2017-11-23,2,1721,277,108-c001,,02_markdown_articles/108_2017-11-23_房地产库存已明显低于长期合理水平.md,78045a407bee9e653d90053971f6d9c891ca88e38007711dd2ca457ceecf7d5c
109-c001,109,地方政府和少数国企是当前杠杆问题的关键所在,房地产、城市化与消费,2018-01-03,1,1218,0,,109-c002,02_markdown_articles/109_2018-01-03_地方政府和少数国企是当前杠杆问题的关键所在.md,46c7a1801fff3ff6febc6a16ba5bc9dc6e61f2a6d21eb3c5989c0f8be48f3b21
109-c002,109,地方政府和少数国企是当前杠杆问题的关键所在,房地产、城市化与消费,2018-01-03,2,1537,270,109-c001,109-c003,02_markdown_articles/109_2018-01-03_地方政府和少数国企是当前杠杆问题的关键所在.md,5d93270b6f764d20a0d670ef72f784624ae6b791537a5dc08a95f08415ae03b3
109-c003,109,地方政府和少数国企是当前杠杆问题的关键所在,房地产、城市化与消费,2018-01-03,3,1109,272,109-c002,,02_markdown_articles/109_2018-01-03_地方政府和少数国企是当前杠杆问题的关键所在.md,f23c99e100655cb75b73ba659ab212cf1b7b77ea9174e020a74f22d3441fe651
110-c001,110,从供需入手，因地制宜解决房地产问题,房地产、城市化与消费,2018-04-24,1,1207,0,,110-c002,"02_markdown_articles/110_2018-04-24_从供需入手,因地制宜解决房地产问题.md",737d1acaf9c709a3019a5fd117954e99b1fb46957a4ac4fbcaea959c54d3deb9
110-c002,110,从供需入手，因地制宜解决房地产问题,房地产、城市化与消费,2018-04-24,2,1351,278,110-c001,110-c003,"02_markdown_articles/110_2018-04-24_从供需入手,因地制宜解决房地产问题.md",f773e522980cb570e08e65ac0e7b99a59c3090de44b8ed9d2dfd24100a21e50e
110-c003,110,从供需入手，因地制宜解决房地产问题,房地产、城市化与消费,2018-04-24,3,1622,261,110-c002,110-c004,"02_markdown_articles/110_2018-04-24_从供需入手,因地制宜解决房地产问题.md",33c94769ef8f7583a66fd017ff7451840d8d878293609a5803e18d7400dce829
110-c004,110,从供需入手，因地制宜解决房地产问题,房地产、城市化与消费,2018-04-24,4,837,261,110-c003,110-c005,"02_markdown_articles/110_2018-04-24_从供需入手,因地制宜解决房地产问题.md",859f73a223ca1bcb2e2ec524b4beff20b5914d36602984543995c4b88ec425c6
110-c005,110,从供需入手，因地制宜解决房地产问题,房地产、城市化与消费,2018-04-24,5,1483,282,110-c004,110-c006,"02_markdown_articles/110_2018-04-24_从供需入手,因地制宜解决房地产问题.md",43dd7ff0cd95d70af915b3ad55c28e348dc68612c76b7e75467529b5464aafac
110-c006,110,从供需入手，因地制宜解决房地产问题,房地产、城市化与消费,2018-04-24,6,761,271,110-c005,,"02_markdown_articles/110_2018-04-24_从供需入手,因地制宜解决房地产问题.md",d81925d57965528b0c783c4f8bdf798c3b5a91d6678f49abaab472ae08f90b3f
111-c001,111,风物长宜放眼量,房地产、城市化与消费,2021-07-08,1,408,0,,111-c002,02_markdown_articles/111_2021-07-08_风物长宜放眼量.md,2a77befb85506e6ddf267151f8ccc84d3893f97dd78fdfb646dd8479bff7d8a8
111-c002,111,风物长宜放眼量,房地产、城市化与消费,2021-07-08,2,674,261,111-c001,111-c003,02_markdown_articles/111_2021-07-08_风物长宜放眼量.md,2d575a0487dc70686f9f4affe5cd657175adde0ec2816e04f20871db8ef05ab7
111-c003,111,风物长宜放眼量,房地产、城市化与消费,2021-07-08,3,866,262,111-c002,111-c004,02_markdown_articles/111_2021-07-08_风物长宜放眼量.md,e74b109734e711ad2c2a11c6e4d324490ffc5ca2278f8606df07e79688654848
111-c004,111,风物长宜放眼量,房地产、城市化与消费,2021-07-08,4,1576,265,111-c003,111-c005,02_markdown_articles/111_2021-07-08_风物长宜放眼量.md,c7d499fdebd465aaee15465fbd5b9e2f477729c67cbfc88317ce789a4d6542cb
111-c005,111,风物长宜放眼量,房地产、城市化与消费,2021-07-08,5,1532,267,111-c004,111-c006,02_markdown_articles/111_2021-07-08_风物长宜放眼量.md,dfd39a392b16bd701aa70b5ccb5390066c08bd7d53500641a8bf190f9e3e8ff4
111-c006,111,风物长宜放眼量,房地产、城市化与消费,2021-07-08,6,1339,269,111-c005,111-c007,02_markdown_articles/111_2021-07-08_风物长宜放眼量.md,7e70a17dbe4e187db6c6d33fbc61c994bd6ecc925b7cb2fe27e5e1dd369b8263
111-c007,111,风物长宜放眼量,房地产、城市化与消费,2021-07-08,7,1534,272,111-c006,111-c008,02_markdown_articles/111_2021-07-08_风物长宜放眼量.md,8a28c5f702c176edbf6256c7e9e355ad4fe6ded2000003ebe015230cab75904d
111-c008,111,风物长宜放眼量,房地产、城市化与消费,2021-07-08,8,1227,286,111-c007,111-c009,02_markdown_articles/111_2021-07-08_风物长宜放眼量.md,f8aecba2826e737ef7736e3edf0095f771ed7470f2a832a6c19f4ac41d98fead
111-c009,111,风物长宜放眼量,房地产、城市化与消费,2021-07-08,9,1515,274,111-c008,111-c010,02_markdown_articles/111_2021-07-08_风物长宜放眼量.md,0fc332b3ca637e4b38b79a2da9e9abc2fdf32b2fd987a560d438a477e91f6b45
111-c010,111,风物长宜放眼量,房地产、城市化与消费,2021-07-08,10,1542,267,111-c009,111-c011,02_markdown_articles/111_2021-07-08_风物长宜放眼量.md,c71b5ea267b18a60fc1668f24304532cf410cb4f3282ee79f88d7f090ca29169
111-c011,111,风物长宜放眼量,房地产、城市化与消费,2021-07-08,11,1526,264,111-c010,111-c012,02_markdown_articles/111_2021-07-08_风物长宜放眼量.md,c9269b97835be08173cfc46f9dbd55693edaff58f2c4426bd1426b92d70b478e
111-c012,111,风物长宜放眼量,房地产、城市化与消费,2021-07-08,12,1130,273,111-c011,111-c013,02_markdown_articles/111_2021-07-08_风物长宜放眼量.md,ec4e7d9a4347d440b9cb2e6fcd28acab8cdf8d35be1b1dd975a9838b5cc5c253
111-c013,111,风物长宜放眼量,房地产、城市化与消费,2021-07-08,13,1148,280,111-c012,,02_markdown_articles/111_2021-07-08_风物长宜放眼量.md,71bc3a70606132d23268a448a91b422b60af11d79800b7c070d1201fdaa557d0
112-c001,112,沉舟侧畔千帆过,房地产、城市化与消费,2021-12-24,1,396,0,,112-c002,02_markdown_articles/112_2021-12-24_沉舟侧畔千帆过.md,506f0c8dafd282583a7fb1fb3c78c85ace7a087e314dbfe916a74b8868a09f99
112-c002,112,沉舟侧畔千帆过,房地产、城市化与消费,2021-12-24,2,718,281,112-c001,112-c003,02_markdown_articles/112_2021-12-24_沉舟侧畔千帆过.md,49883dca9ee300ea6f07e7a6219d4cfc3aaf0b5e322e35d8a9aa287d27e89829
112-c003,112,沉舟侧畔千帆过,房地产、城市化与消费,2021-12-24,3,1490,280,112-c002,112-c004,02_markdown_articles/112_2021-12-24_沉舟侧畔千帆过.md,fc18a6f05176504cadf04214e943c8868aea41c6960e3f728f4723578b4193ce
112-c004,112,沉舟侧畔千帆过,房地产、城市化与消费,2021-12-24,4,1454,288,112-c003,112-c005,02_markdown_articles/112_2021-12-24_沉舟侧畔千帆过.md,db2bc98166123bbef8a685a34a25afd605f0953103fe72c16f68466668b8c248
112-c005,112,沉舟侧畔千帆过,房地产、城市化与消费,2021-12-24,5,1057,221,112-c004,112-c006,02_markdown_articles/112_2021-12-24_沉舟侧畔千帆过.md,09baac151245a06e2129f8032311073bd4e2fb7ab4d0f1780a0dbde9a28475ee
112-c006,112,沉舟侧畔千帆过,房地产、城市化与消费,2021-12-24,6,695,273,112-c005,112-c007,02_markdown_articles/112_2021-12-24_沉舟侧畔千帆过.md,b2475b5b7222d0daef89b69846cdd7cad0e321b89d1f2b1578a0ab6f33400f64
112-c007,112,沉舟侧畔千帆过,房地产、城市化与消费,2021-12-24,7,1614,266,112-c006,112-c008,02_markdown_articles/112_2021-12-24_沉舟侧畔千帆过.md,ff4c28c1b5a80049b540836fcc708bc4c85f465c9e23c656d378b6293e7aa8ba
112-c008,112,沉舟侧畔千帆过,房地产、城市化与消费,2021-12-24,8,699,288,112-c007,112-c009,02_markdown_articles/112_2021-12-24_沉舟侧畔千帆过.md,df9394545d12eabf3ee269a47e2d48691f243e58c4a3b882720d4d4b036d403e
112-c009,112,沉舟侧畔千帆过,房地产、城市化与消费,2021-12-24,9,652,285,112-c008,112-c010,02_markdown_articles/112_2021-12-24_沉舟侧畔千帆过.md,5944180195671d94643043f0ef7959c484f452ffa1c373c9753c586fb47135e1
112-c010,112,沉舟侧畔千帆过,房地产、城市化与消费,2021-12-24,10,1033,283,112-c009,112-c011,02_markdown_articles/112_2021-12-24_沉舟侧畔千帆过.md,e59115fc19ad2b32fbe7f27d3abb2f7445c52af70cb61c8c59f91a4e7fdbc20f
112-c011,112,沉舟侧畔千帆过,房地产、城市化与消费,2021-12-24,11,751,266,112-c010,112-c012,02_markdown_articles/112_2021-12-24_沉舟侧畔千帆过.md,f5949b421490441ddbd294ead28f266968f9c0485500022f987691c3a37f21bd
112-c012,112,沉舟侧畔千帆过,房地产、城市化与消费,2021-12-24,12,1555,272,112-c011,112-c013,02_markdown_articles/112_2021-12-24_沉舟侧畔千帆过.md,849a083640b0690c3d9fa58282c005dd6310e20b24fd526eaeaf04a8816a5ea6
112-c013,112,沉舟侧畔千帆过,房地产、城市化与消费,2021-12-24,13,1483,278,112-c012,112-c014,02_markdown_articles/112_2021-12-24_沉舟侧畔千帆过.md,885663abda6d021262330dc1274718b2b7abd5bf03f861a77e5803ac2c8ae673
112-c014,112,沉舟侧畔千帆过,房地产、城市化与消费,2021-12-24,14,1484,262,112-c013,112-c015,02_markdown_articles/112_2021-12-24_沉舟侧畔千帆过.md,4c29d46285a5b172048359128fc6840928c84047404819028e1ee0a466eb3497
112-c015,112,沉舟侧畔千帆过,房地产、城市化与消费,2021-12-24,15,643,278,112-c014,112-c016,02_markdown_articles/112_2021-12-24_沉舟侧畔千帆过.md,7231d48f96c83f6e92b200627109549781d2da144f853f66282f788ac374c5e5
112-c016,112,沉舟侧畔千帆过,房地产、城市化与消费,2021-12-24,16,1605,269,112-c015,,02_markdown_articles/112_2021-12-24_沉舟侧畔千帆过.md,fb7bfa0db2c35b69dc358d64df1cfc892028445837dad087c5224f500154373e
113-c001,113,2022年市场从何处来、向何处去？,房地产、城市化与消费,2022-09-19,1,1373,0,,113-c002,02_markdown_articles/113_2022-09-19_2022年市场从何处来、向何处去.md,4ef7e7d40a3eac1aa418680e80937925da78657ba444d88dca7fce90c800856e
113-c002,113,2022年市场从何处来、向何处去？,房地产、城市化与消费,2022-09-19,2,1401,281,113-c001,,02_markdown_articles/113_2022-09-19_2022年市场从何处来、向何处去.md,31fd2305dfd22c3e2ecedcf8f63771182a04609da6dd7e1478e53c531db0bdf2
114-c001,114,物转星移又一秋,房地产、城市化与消费,2022-12-18,1,354,0,,114-c002,02_markdown_articles/114_2022-12-18_物转星移又一秋.md,cb07185c6a46da95aa11833963cb7b4ac7f21dff88f77f3fca6407bf61605109
114-c002,114,物转星移又一秋,房地产、城市化与消费,2022-12-18,2,637,279,114-c001,114-c003,02_markdown_articles/114_2022-12-18_物转星移又一秋.md,362c7a7d313807ae428dcefa5d265d6469a28d926d90eb8ee7599c44887fb38f
114-c003,114,物转星移又一秋,房地产、城市化与消费,2022-12-18,3,1352,279,114-c002,114-c004,02_markdown_articles/114_2022-12-18_物转星移又一秋.md,a5f6abec7b587b1128d8a4ce23ba8f922af78bf90932f54e56e6c26783c706aa
114-c004,114,物转星移又一秋,房地产、城市化与消费,2022-12-18,4,1144,284,114-c003,114-c005,02_markdown_articles/114_2022-12-18_物转星移又一秋.md,e7afee92d9ee957a0528a51cfcc016f8736134e11ddaa01c4c2af9d03e1a0185
114-c005,114,物转星移又一秋,房地产、城市化与消费,2022-12-18,5,685,260,114-c004,114-c006,02_markdown_articles/114_2022-12-18_物转星移又一秋.md,99a69dd3a5a33d9bde0cfcc81bd2fda3b623d47f7f9c9701d7b4c82ba95f81aa
114-c006,114,物转星移又一秋,房地产、城市化与消费,2022-12-18,6,907,285,114-c005,114-c007,02_markdown_articles/114_2022-12-18_物转星移又一秋.md,5df060d6d9671b68685b45253fdf6010ebd8beb668cfe9e392d0847c31ea1fb3
114-c007,114,物转星移又一秋,房地产、城市化与消费,2022-12-18,7,1349,282,114-c006,114-c008,02_markdown_articles/114_2022-12-18_物转星移又一秋.md,6ffa18d076a5457931d59d5e8cae98d4181acc35f7af731453f865182c818f02
114-c008,114,物转星移又一秋,房地产、城市化与消费,2022-12-18,8,1045,271,114-c007,114-c009,02_markdown_articles/114_2022-12-18_物转星移又一秋.md,9a41a0927bfc2073561d4eefa55812e678a025d59326650ad14cf5dc396d669b
114-c009,114,物转星移又一秋,房地产、城市化与消费,2022-12-18,9,638,277,114-c008,114-c010,02_markdown_articles/114_2022-12-18_物转星移又一秋.md,16c9b1867ed0299aaf6dea953dfb63956fbe155790923e86d8f79170377eb1be
114-c010,114,物转星移又一秋,房地产、城市化与消费,2022-12-18,10,633,260,114-c009,114-c011,02_markdown_articles/114_2022-12-18_物转星移又一秋.md,b3eb6b88e7976c84d2d809de379fc25d97d18e6fdf1cd56015c19c947e9516e9
114-c011,114,物转星移又一秋,房地产、城市化与消费,2022-12-18,11,821,288,114-c010,114-c012,02_markdown_articles/114_2022-12-18_物转星移又一秋.md,eee79465a3f00a289d10f85beed999738b505dfac7454ad115e8a89df0109bf5
114-c012,114,物转星移又一秋,房地产、城市化与消费,2022-12-18,12,1240,270,114-c011,114-c013,02_markdown_articles/114_2022-12-18_物转星移又一秋.md,83f3ce7692cb7db2942368bb48cf49909c3af4257c89b2b265b435e6351c3408
114-c013,114,物转星移又一秋,房地产、城市化与消费,2022-12-18,13,632,277,114-c012,114-c014,02_markdown_articles/114_2022-12-18_物转星移又一秋.md,625e54f9cea4a8aeafea893920a00ff2c1eac6274951bda71cc0d32265cca2bc
114-c014,114,物转星移又一秋,房地产、城市化与消费,2022-12-18,14,672,262,114-c013,114-c015,02_markdown_articles/114_2022-12-18_物转星移又一秋.md,550643e74a590e6c78c11805e4a30deabb3775700817603c56c83178049c18ed
114-c015,114,物转星移又一秋,房地产、城市化与消费,2022-12-18,15,1117,273,114-c014,114-c016,02_markdown_articles/114_2022-12-18_物转星移又一秋.md,a110b53ce8a7117a4628c99efa29a5dda9e7cc540fbf1741bcbf1f69d03cef8a
114-c016,114,物转星移又一秋,房地产、城市化与消费,2022-12-18,16,1087,275,114-c015,114-c017,02_markdown_articles/114_2022-12-18_物转星移又一秋.md,d474ca72ffbc83b865bf89408a7f5260d82acb820b73994f478e1f2c7e77d7d2
114-c017,114,物转星移又一秋,房地产、城市化与消费,2022-12-18,17,708,273,114-c016,114-c018,02_markdown_articles/114_2022-12-18_物转星移又一秋.md,f2c7127f89fb5f115a0e75bb94b052510d09239a345438cb0e0dcb39ef77cafa
114-c018,114,物转星移又一秋,房地产、城市化与消费,2022-12-18,18,858,285,114-c017,114-c019,02_markdown_articles/114_2022-12-18_物转星移又一秋.md,aae8885e863b98a0fbd5b57ddbd4b0af45fc7f27437f2dc76404130eefceed12
114-c019,114,物转星移又一秋,房地产、城市化与消费,2022-12-18,19,741,266,114-c018,114-c020,02_markdown_articles/114_2022-12-18_物转星移又一秋.md,816084f6c3c7da703cb17240067d277762b010e6cb952540bf127c8479e0ee56
114-c020,114,物转星移又一秋,房地产、城市化与消费,2022-12-18,20,1044,269,114-c019,,02_markdown_articles/114_2022-12-18_物转星移又一秋.md,09b3567d1f4cad740b0d0650cda89ee8bbbb702172fc9fcba879e890f33ed1e7
115-c001,115,宏观经济基本环境分析和对消费变化的思考,房地产、城市化与消费,2023-11-08,1,1264,0,,115-c002,02_markdown_articles/115_2023-11-08_宏观经济基本环境分析和对消费变化的思考.md,f0261c07f1c3e56eb9f4711d9cb1fddbd48d71ca136facf613a2422928910994
115-c002,115,宏观经济基本环境分析和对消费变化的思考,房地产、城市化与消费,2023-11-08,2,1196,262,115-c001,,02_markdown_articles/115_2023-11-08_宏观经济基本环境分析和对消费变化的思考.md,40946fded40f52f359737d8e50eaae2377e6f40419702aa5343bd316f660377f
116-c001,116,道是无晴却有晴,房地产、城市化与消费,2023-12-13,1,378,0,,116-c002,02_markdown_articles/116_2023-12-13_道是无晴却有晴.md,562f5822d3214808a9242520da3c06d90baf628c87135e36ed9d2e54d743fbbe
116-c002,116,道是无晴却有晴,房地产、城市化与消费,2023-12-13,2,787,266,116-c001,116-c003,02_markdown_articles/116_2023-12-13_道是无晴却有晴.md,caceee2cd2db1f0cebe99ef4c4df39f7b494da6eb171fce664142d41b24f907c
116-c003,116,道是无晴却有晴,房地产、城市化与消费,2023-12-13,3,698,280,116-c002,116-c004,02_markdown_articles/116_2023-12-13_道是无晴却有晴.md,9394a3b78f826fcdde893d54e1a6abdcfdacaf221f3c2257e67675268d958cc9
116-c004,116,道是无晴却有晴,房地产、城市化与消费,2023-12-13,4,658,275,116-c003,116-c005,02_markdown_articles/116_2023-12-13_道是无晴却有晴.md,0caffb7fbcfeb5397738f643b46835164cbfce1353b76084b345aea704d5a6fd
116-c005,116,道是无晴却有晴,房地产、城市化与消费,2023-12-13,5,1506,265,116-c004,116-c006,02_markdown_articles/116_2023-12-13_道是无晴却有晴.md,70a501dc780d8968a1ed01750aa9209cac91a74a9c8b3efcf800abf5063efbc0
116-c006,116,道是无晴却有晴,房地产、城市化与消费,2023-12-13,6,785,266,116-c005,116-c007,02_markdown_articles/116_2023-12-13_道是无晴却有晴.md,18ba2a4c3dc747dd8a65c00be33f4c53549a689fde07125789bb7a77b731790d
116-c007,116,道是无晴却有晴,房地产、城市化与消费,2023-12-13,7,1446,264,116-c006,116-c008,02_markdown_articles/116_2023-12-13_道是无晴却有晴.md,ed7968ba400a17fa058d8e040f07816607834f4618c0548d22359db69af9e944
116-c008,116,道是无晴却有晴,房地产、城市化与消费,2023-12-13,8,1495,278,116-c007,116-c009,02_markdown_articles/116_2023-12-13_道是无晴却有晴.md,c991d45b0b35dddfa93796ff785c4fea2176f774225ca21523ce48a805f25c22
116-c009,116,道是无晴却有晴,房地产、城市化与消费,2023-12-13,9,1497,266,116-c008,116-c010,02_markdown_articles/116_2023-12-13_道是无晴却有晴.md,7da71b308a11c5516d0d0abda70e5659110c66772cd89de35e255d4fced4fc56
116-c010,116,道是无晴却有晴,房地产、城市化与消费,2023-12-13,10,1193,276,116-c009,116-c011,02_markdown_articles/116_2023-12-13_道是无晴却有晴.md,c6576196158264f92ac5c1f9fd296fd4d61888febca02c2118ccc7f312fcd855
116-c011,116,道是无晴却有晴,房地产、城市化与消费,2023-12-13,11,1586,271,116-c010,116-c012,02_markdown_articles/116_2023-12-13_道是无晴却有晴.md,e1e335e61446daa1ae9799de7539ff7dd161f6a3e7e7f6b01b3c99b7cdc63664
116-c012,116,道是无晴却有晴,房地产、城市化与消费,2023-12-13,12,652,276,116-c011,116-c013,02_markdown_articles/116_2023-12-13_道是无晴却有晴.md,93afddccbc1ee06bc951c1d0c0a87bf95eab8b06369557ff9616a7785517b5e5
116-c013,116,道是无晴却有晴,房地产、城市化与消费,2023-12-13,13,1520,266,116-c012,116-c014,02_markdown_articles/116_2023-12-13_道是无晴却有晴.md,1b53e926ac72914623ae07ec9b239ea015c04502936cbb305cc2375e6c8a38bf
116-c014,116,道是无晴却有晴,房地产、城市化与消费,2023-12-13,14,859,259,116-c013,,02_markdown_articles/116_2023-12-13_道是无晴却有晴.md,84241979bd3a2f64868251f2758a3e5b2717ef607ee68c2c5d6f1d1136bbe19f
117-c001,117,关于当前房地产市场的几个问题,房地产、城市化与消费,2024-01-30,1,1264,0,,117-c002,02_markdown_articles/117_2024-01-30_关于当前房地产市场的几个问题.md,34037700c4e8e046907400b4b8c13ee719b943226f678f5bc2e84c079726d382
117-c002,117,关于当前房地产市场的几个问题,房地产、城市化与消费,2024-01-30,2,1505,264,117-c001,117-c003,02_markdown_articles/117_2024-01-30_关于当前房地产市场的几个问题.md,9614b9e32816e0a6aa5e4dae830adacf97cbed33a13b8f3e657069a4a2bee72a
117-c003,117,关于当前房地产市场的几个问题,房地产、城市化与消费,2024-01-30,3,1564,266,117-c002,117-c004,02_markdown_articles/117_2024-01-30_关于当前房地产市场的几个问题.md,dfb475202319dacf8b18b5ff880c1cc97a7212a5c15f9644eb6ffed0cdfd54ac
117-c004,117,关于当前房地产市场的几个问题,房地产、城市化与消费,2024-01-30,4,884,268,117-c003,,02_markdown_articles/117_2024-01-30_关于当前房地产市场的几个问题.md,5059b4e1a5fa08e8aa860ae4b58079958aab234f02ff2649c4e77b09d9ced030
118-c001,118,奋楫逐浪天地宽,房地产、城市化与消费,2024-05-31,1,642,0,,118-c002,02_markdown_articles/118_2024-05-31_奋楫逐浪天地宽.md,72a2c2884bfe33f1c1d34c4abe5793ae110ec522578206c55f473c56f02bf1b8
118-c002,118,奋楫逐浪天地宽,房地产、城市化与消费,2024-05-31,2,1524,263,118-c001,118-c003,02_markdown_articles/118_2024-05-31_奋楫逐浪天地宽.md,c50bca7fd9b6888cca1ebb5b83e8a7429bef0c9a5e07c39c4039848cd0caa4c6
118-c003,118,奋楫逐浪天地宽,房地产、城市化与消费,2024-05-31,3,1550,273,118-c002,118-c004,02_markdown_articles/118_2024-05-31_奋楫逐浪天地宽.md,9727ef23cc51cec5e2e18fc45d2bb8495b5c40b57157a561f20fecfa550ba866
118-c004,118,奋楫逐浪天地宽,房地产、城市化与消费,2024-05-31,4,1531,283,118-c003,118-c005,02_markdown_articles/118_2024-05-31_奋楫逐浪天地宽.md,5abcc35ed696b69e0a979641c62609b320731e24e8fd6988829c1f5d7b075f8f
118-c005,118,奋楫逐浪天地宽,房地产、城市化与消费,2024-05-31,5,1579,279,118-c004,118-c006,02_markdown_articles/118_2024-05-31_奋楫逐浪天地宽.md,98b95501c2728f78707bcf890c24df28347369fbf7695d23cc2edb1d47699ad9
118-c006,118,奋楫逐浪天地宽,房地产、城市化与消费,2024-05-31,6,1470,264,118-c005,118-c007,02_markdown_articles/118_2024-05-31_奋楫逐浪天地宽.md,90829271768c65573ae93cfc9a7f078daf2d467216a263560e62b308cc66e6b0
118-c007,118,奋楫逐浪天地宽,房地产、城市化与消费,2024-05-31,7,673,259,118-c006,118-c008,02_markdown_articles/118_2024-05-31_奋楫逐浪天地宽.md,8a998d9fbd721641610400fa1b1f526f77150385a60dca3de60ebf6a37300cb9
118-c008,118,奋楫逐浪天地宽,房地产、城市化与消费,2024-05-31,8,1493,286,118-c007,118-c009,02_markdown_articles/118_2024-05-31_奋楫逐浪天地宽.md,5c0d575805559fe11e3b71aa37a90d67ed37740debe141444dfd98edcb51ed39
118-c009,118,奋楫逐浪天地宽,房地产、城市化与消费,2024-05-31,9,1036,271,118-c008,118-c010,02_markdown_articles/118_2024-05-31_奋楫逐浪天地宽.md,2ab26cda8f78539c49f3f19bdc9cf102bcb1f2610a7486e5f996d517db726064
118-c010,118,奋楫逐浪天地宽,房地产、城市化与消费,2024-05-31,10,1521,269,118-c009,118-c011,02_markdown_articles/118_2024-05-31_奋楫逐浪天地宽.md,4dcd552e17f589447d48061d6b17d3886ad66b76651c94fc8e683596b5bd4702
118-c011,118,奋楫逐浪天地宽,房地产、城市化与消费,2024-05-31,11,1584,271,118-c010,118-c012,02_markdown_articles/118_2024-05-31_奋楫逐浪天地宽.md,b961e2f69a486c5c8dd14e739a04716b755abe7d59ae910239d872cf2c7554b1
118-c012,118,奋楫逐浪天地宽,房地产、城市化与消费,2024-05-31,12,1019,271,118-c011,118-c013,02_markdown_articles/118_2024-05-31_奋楫逐浪天地宽.md,e5db83c0452b7e6d5f4dc6a4aa69c8fa9955ce27381e73a3dde6cf1e9362a1de
118-c013,118,奋楫逐浪天地宽,房地产、城市化与消费,2024-05-31,13,839,264,118-c012,,02_markdown_articles/118_2024-05-31_奋楫逐浪天地宽.md,2a5609202a7b7c3f7a3fa41df657b05c3027b486d7ba6ababfefb646ecafa1f8
119-c001,119,房地产市场正在经历三方面调整，供应侧措施更重要,房地产、城市化与消费,2024-09-15,1,1255,0,,119-c002,"02_markdown_articles/119_2024-09-15_房地产市场正在经历三方面调整,供应侧措施更重要.md",8cca5e296a6bc1c6fb56a8612e6db3c80ecd1f9f115db7d332d51ee0aad74198
119-c002,119,房地产市场正在经历三方面调整，供应侧措施更重要,房地产、城市化与消费,2024-09-15,2,1124,264,119-c001,,"02_markdown_articles/119_2024-09-15_房地产市场正在经历三方面调整,供应侧措施更重要.md",7ae20c56cb3a875b29250026a18375e912f0e079aa59ea0fb84c64cd9f4ad521
120-c001,120,产业结构转型与消费驱动转型,房地产、城市化与消费,2024-09-30,1,1302,0,,120-c002,02_markdown_articles/120_2024-09-30_产业结构转型与消费驱动转型.md,5ca3d16cf2d197c60cd1801afff224dcf9187706c482067e8a90dfaf610af6de
120-c002,120,产业结构转型与消费驱动转型,房地产、城市化与消费,2024-09-30,2,1486,274,120-c001,120-c003,02_markdown_articles/120_2024-09-30_产业结构转型与消费驱动转型.md,f3bdf82b15b6b489a0e6f762cbb9519dcd50c159c285b257195240af3fa3cbc0
120-c003,120,产业结构转型与消费驱动转型,房地产、城市化与消费,2024-09-30,3,1533,262,120-c002,120-c004,02_markdown_articles/120_2024-09-30_产业结构转型与消费驱动转型.md,5b2b2b32d87bb7d34a12dbe3ce9aa155e6b34c23c61a2e56371e7ea55fc67dec
120-c004,120,产业结构转型与消费驱动转型,房地产、城市化与消费,2024-09-30,4,1359,276,120-c003,,02_markdown_articles/120_2024-09-30_产业结构转型与消费驱动转型.md,99d66bba2b0ef06b92b9b9186f25ec1624236fc3b5cfac80b3e5b3c6ee5ec396
121-c001,121,关于促进房地产市场止跌回稳，加快建立房地产业务新模式的几点思考,房地产、城市化与消费,2024-10-22,1,355,0,,121-c002,"02_markdown_articles/121_2024-10-22_关于促进房地产市场止跌回稳,加快建立房地产业务新模式的几点思考.md",5b197cbb77430e7ea72d2911a43d7b51cfe8116e133c9daa6c509f03699b2546
121-c002,121,关于促进房地产市场止跌回稳，加快建立房地产业务新模式的几点思考,房地产、城市化与消费,2024-10-22,2,1509,270,121-c001,121-c003,"02_markdown_articles/121_2024-10-22_关于促进房地产市场止跌回稳,加快建立房地产业务新模式的几点思考.md",309531f662fc8907551639c5162c2de9cc879ce6a4e39bb65b4d77566d004989
121-c003,121,关于促进房地产市场止跌回稳，加快建立房地产业务新模式的几点思考,房地产、城市化与消费,2024-10-22,3,626,267,121-c002,121-c004,"02_markdown_articles/121_2024-10-22_关于促进房地产市场止跌回稳,加快建立房地产业务新模式的几点思考.md",8104badd0ed19e892cbc373d6b2c2df992a822f41df9e4fbdb4b7ab402ffbba1
121-c004,121,关于促进房地产市场止跌回稳，加快建立房地产业务新模式的几点思考,房地产、城市化与消费,2024-10-22,4,1317,251,121-c003,121-c005,"02_markdown_articles/121_2024-10-22_关于促进房地产市场止跌回稳,加快建立房地产业务新模式的几点思考.md",6c5bb263e4ffc03564afb873556b2fef8dbb1a741995aa3083ffd0891056e269
121-c005,121,关于促进房地产市场止跌回稳，加快建立房地产业务新模式的几点思考,房地产、城市化与消费,2024-10-22,5,818,270,121-c004,,"02_markdown_articles/121_2024-10-22_关于促进房地产市场止跌回稳,加快建立房地产业务新模式的几点思考.md",d2f3feef60b1a46bbd68d23fb4d6046eb4a9a72393bc0b5b187b4df176e9832d
122-c001,122,产业升级：星星之火悄然孕育,产业、产能与能源转型,2010-06-07,1,1286,0,,122-c002,02_markdown_articles/122_2010-06-07_产业升级_星星之火悄然孕育.md,0162259f109bf6897c02330ba425fa4a14afdfe21124942652768ef80c14f6b1
122-c002,122,产业升级：星星之火悄然孕育,产业、产能与能源转型,2010-06-07,2,636,277,122-c001,,02_markdown_articles/122_2010-06-07_产业升级_星星之火悄然孕育.md,a309df0acee3d352bfefb134b8ecf19b36c4b6423530f505ec2fd949d9f6c534
123-c001,123,短周期工业品价格的“蜜月期”快结束了吗？,产业、产能与能源转型,2016-09-02,1,360,0,,123-c002,02_markdown_articles/123_2016-09-02_短周期工业品价格的“蜜月期”快结束了吗.md,3a88cc959b5f30400a2c6ab78a685bf9c84fd7ddb72df27b7738517557de44f2
123-c002,123,短周期工业品价格的“蜜月期”快结束了吗？,产业、产能与能源转型,2016-09-02,2,675,285,123-c001,123-c003,02_markdown_articles/123_2016-09-02_短周期工业品价格的“蜜月期”快结束了吗.md,e4d593c6b42b540f5eafeff98ee2c2e181f26ecaf204ae4bcf27ebcb6ba014e3
123-c003,123,短周期工业品价格的“蜜月期”快结束了吗？,产业、产能与能源转型,2016-09-02,3,901,263,123-c002,123-c004,02_markdown_articles/123_2016-09-02_短周期工业品价格的“蜜月期”快结束了吗.md,36ca43e2479ec48d9c39445444aa111a5ce2da5d05fd6f63154a10a00138a103
123-c004,123,短周期工业品价格的“蜜月期”快结束了吗？,产业、产能与能源转型,2016-09-02,4,1048,264,123-c003,123-c005,02_markdown_articles/123_2016-09-02_短周期工业品价格的“蜜月期”快结束了吗.md,fa05ac8378ab301b1eda694c1530de0e9d0db6253b815a203848311be9b057fc
123-c005,123,短周期工业品价格的“蜜月期”快结束了吗？,产业、产能与能源转型,2016-09-02,5,755,266,123-c004,,02_markdown_articles/123_2016-09-02_短周期工业品价格的“蜜月期”快结束了吗.md,d3b3ec9e5a056c61b2f935ac2736eeeb22c66ec568ced2c0d5e3508ac9f93cec
124-c001,124,雾霾从哪里来？,产业、产能与能源转型,2016-12-20,1,1268,0,,124-c002,02_markdown_articles/124_2016-12-20_雾霾从哪里来.md,a070c4d4bc0921b634a79820216a57f8488d3c6f97bc4715be2532f9bf98a124
124-c002,124,雾霾从哪里来？,产业、产能与能源转型,2016-12-20,2,803,268,124-c001,,02_markdown_articles/124_2016-12-20_雾霾从哪里来.md,77597aa523502b800174c55b597a5b57f2f66c360ef84ea928737401360193af
125-c001,125,僵尸企业特别多的行业都是国有资本集中的行业,产业、产能与能源转型,2017-04-12,1,1248,0,,125-c002,02_markdown_articles/125_2017-04-12_僵尸企业特别多的行业都是国有资本集中的行业.md,1cf78e4c6ed1c30ef43be4fa58a354faa0fbe1f055544f7552d420b8bd990964
125-c002,125,僵尸企业特别多的行业都是国有资本集中的行业,产业、产能与能源转型,2017-04-12,2,1543,276,125-c001,,02_markdown_articles/125_2017-04-12_僵尸企业特别多的行业都是国有资本集中的行业.md,f46e8939e3297605c5a69e2399097c17598891aaee02000fbd2f7c5d56390054
126-c001,126,观察经济结构变化的三个维度,产业、产能与能源转型,2017-11-25,1,1328,0,,126-c002,02_markdown_articles/126_2017-11-25_观察经济结构变化的三个维度.md,6fefda04e719bf286fa59904dcce13ab620650b2c6a05b9b42ddd0146b2fa99f
126-c002,126,观察经济结构变化的三个维度,产业、产能与能源转型,2017-11-25,2,1580,270,126-c001,,02_markdown_articles/126_2017-11-25_观察经济结构变化的三个维度.md,c455cdfb56bd28ccd92dadbf002c5dcaecd815029dff85ff3d34c8e8015346d5
127-c001,127,走进新时代,产业、产能与能源转型,2017-12-31,1,471,0,,127-c002,02_markdown_articles/127_2017-12-31_走进新时代.md,d849f933f4d173d3c25163a1b89e79a9926a1311eb940db9993a467fca32338e
127-c002,127,走进新时代,产业、产能与能源转型,2017-12-31,2,673,274,127-c001,127-c003,02_markdown_articles/127_2017-12-31_走进新时代.md,a42441658d3a384a7cc9d73944d20664ad9035aeed781596a52db683b88726b0
127-c003,127,走进新时代,产业、产能与能源转型,2017-12-31,3,1476,263,127-c002,127-c004,02_markdown_articles/127_2017-12-31_走进新时代.md,27ac4ff0185d58ad5fd9065e0df02d820c13ad5f27242d7935f15ae084b45b68
127-c004,127,走进新时代,产业、产能与能源转型,2017-12-31,4,1029,263,127-c003,127-c005,02_markdown_articles/127_2017-12-31_走进新时代.md,6b95d8c485024d14c97d2eaef083dd2d25278ac4d4d60d65559b1917b6783edf
127-c005,127,走进新时代,产业、产能与能源转型,2017-12-31,5,1416,268,127-c004,127-c006,02_markdown_articles/127_2017-12-31_走进新时代.md,efed29402d96fd6f79e8da164be6ca04701e47e69a19af03d9553c2e84b416a1
127-c006,127,走进新时代,产业、产能与能源转型,2017-12-31,6,1158,282,127-c005,127-c007,02_markdown_articles/127_2017-12-31_走进新时代.md,ba9de0c81d1a8bb813a759a721616cc5fca2838519aec3de9f094f6baa411f87
127-c007,127,走进新时代,产业、产能与能源转型,2017-12-31,7,1279,284,127-c006,127-c008,02_markdown_articles/127_2017-12-31_走进新时代.md,98476ccac34e04c67f6720d7706927ee1723a522cced7acfe922db10381e6427
127-c008,127,走进新时代,产业、产能与能源转型,2017-12-31,8,1268,288,127-c007,127-c009,02_markdown_articles/127_2017-12-31_走进新时代.md,f8f9cf04db86e3fff3712805bea147e80fed7015c911bc3fe1e837d6a0b80689
127-c009,127,走进新时代,产业、产能与能源转型,2017-12-31,9,626,275,127-c008,127-c010,02_markdown_articles/127_2017-12-31_走进新时代.md,3b460aab2a6a958e3d17e08f5a158e21cf5de70568d218fec896fa147ae0633e
127-c010,127,走进新时代,产业、产能与能源转型,2017-12-31,10,773,270,127-c009,127-c011,02_markdown_articles/127_2017-12-31_走进新时代.md,a74c444d260933f3f9e7fc0e8dd225681396d320a04d9b932e3692a3cafec67c
127-c011,127,走进新时代,产业、产能与能源转型,2017-12-31,11,1470,269,127-c010,127-c012,02_markdown_articles/127_2017-12-31_走进新时代.md,630e7bfb7bae5c7313588388c269dcbd6c87d0bb401ddf6b596279956a108358
127-c012,127,走进新时代,产业、产能与能源转型,2017-12-31,12,768,282,127-c011,127-c013,02_markdown_articles/127_2017-12-31_走进新时代.md,48642e5ec1d3340dcbe68a0df4721ee3fc67963347a1918c633a49ff249a4661
127-c013,127,走进新时代,产业、产能与能源转型,2017-12-31,13,832,277,127-c012,127-c014,02_markdown_articles/127_2017-12-31_走进新时代.md,2b03db3654c497aaf07927529052691ae1b2759fa805db4f36a742f390d02cd8
127-c014,127,走进新时代,产业、产能与能源转型,2017-12-31,14,653,286,127-c013,127-c015,02_markdown_articles/127_2017-12-31_走进新时代.md,11336994a06be3253374c9bb96bb46621bb03a3db1c7a80f816f5f583b08c0bb
127-c015,127,走进新时代,产业、产能与能源转型,2017-12-31,15,871,284,127-c014,127-c016,02_markdown_articles/127_2017-12-31_走进新时代.md,58604d4489853fb9081de23be13f5254bc6aceb4794c0e363471a2c2d622d75e
127-c016,127,走进新时代,产业、产能与能源转型,2017-12-31,16,1520,288,127-c015,127-c017,02_markdown_articles/127_2017-12-31_走进新时代.md,7cb141cdddce7bac300f49e1aa29598f34884c28a60bcecc0f7cca4866fd7dab
127-c017,127,走进新时代,产业、产能与能源转型,2017-12-31,17,646,266,127-c016,127-c018,02_markdown_articles/127_2017-12-31_走进新时代.md,aae6ac7d3a45018288d5f626e5b205e4f9d817380aad9b287145a1dc51d2a77f
127-c018,127,走进新时代,产业、产能与能源转型,2017-12-31,18,1172,282,127-c017,127-c019,02_markdown_articles/127_2017-12-31_走进新时代.md,e7db6e4d77ae5fba77bcb57634779fba75f4ae173aa2f2fe8a30200b9c181d6d
127-c019,127,走进新时代,产业、产能与能源转型,2017-12-31,19,682,267,127-c018,127-c020,02_markdown_articles/127_2017-12-31_走进新时代.md,0ea53464ec6e3922c31bb5509b74346fa11a18147ac9027c5d3522cd517855eb
127-c020,127,走进新时代,产业、产能与能源转型,2017-12-31,20,1147,270,127-c019,127-c021,02_markdown_articles/127_2017-12-31_走进新时代.md,811496dbe74a2839f8d89458c061210e4a100a1c93eeed3f3f6a510f4135264a
127-c021,127,走进新时代,产业、产能与能源转型,2017-12-31,21,722,266,127-c020,127-c022,02_markdown_articles/127_2017-12-31_走进新时代.md,c7f8a29d92240a0b9aa3c5c3c085acbac4c334c43bb234c84c558206799cf7c8
127-c022,127,走进新时代,产业、产能与能源转型,2017-12-31,22,884,236,127-c021,,02_markdown_articles/127_2017-12-31_走进新时代.md,314fa0672a35593f50e2ea89d009165a2c29d07d7eaa1eb55bfdc4807a49c268
128-c001,128,怎样看待中美国债利率倒挂？鲍威尔“转鸽”后续如何？,产业、产能与能源转型,2018-12-04,1,1208,0,,128-c002,02_markdown_articles/128_2018-12-04_怎样看待中美国债利率倒挂_鲍威尔“转鸽”后续如何.md,1eb6f42224806fa76860e6970414e1642980397cfe8eecc5461d30a13bd19f28
128-c002,128,怎样看待中美国债利率倒挂？鲍威尔“转鸽”后续如何？,产业、产能与能源转型,2018-12-04,2,1535,279,128-c001,128-c003,02_markdown_articles/128_2018-12-04_怎样看待中美国债利率倒挂_鲍威尔“转鸽”后续如何.md,8a086a69a46faea9121b62d8dfbec883ca39ec0da371faa386456db30c5d8d25
128-c003,128,怎样看待中美国债利率倒挂？鲍威尔“转鸽”后续如何？,产业、产能与能源转型,2018-12-04,3,806,279,128-c002,,02_markdown_articles/128_2018-12-04_怎样看待中美国债利率倒挂_鲍威尔“转鸽”后续如何.md,10de523f96b50df841cc4c8f2e1164a4b32d733b7d1ad98cc6e49f383ff45e25
129-c001,129,反者道之动,产业、产能与能源转型,2018-12-11,1,353,0,,129-c002,02_markdown_articles/129_2018-12-11_反者道之动.md,6f23bdaee2f07d8f528f65dfcf554849c29a830f71770d41adb7bc4ad59cf663
129-c002,129,反者道之动,产业、产能与能源转型,2018-12-11,2,681,280,129-c001,129-c003,02_markdown_articles/129_2018-12-11_反者道之动.md,268066677017b72fab1832844e24e210ee4be4072aa96d5c1867256ba20fadaf
129-c003,129,反者道之动,产业、产能与能源转型,2018-12-11,3,718,288,129-c002,129-c004,02_markdown_articles/129_2018-12-11_反者道之动.md,70cc15308b6dc3a186bacf41db63a86452d79b9eea5d5187c5e54d0bb5ad8833
129-c004,129,反者道之动,产业、产能与能源转型,2018-12-11,4,1604,270,129-c003,129-c005,02_markdown_articles/129_2018-12-11_反者道之动.md,7072747b57642e824ebd7337ddffd3c99f1088f0dbea5c46c51b01e6ae3bc222
129-c005,129,反者道之动,产业、产能与能源转型,2018-12-11,5,1490,266,129-c004,129-c006,02_markdown_articles/129_2018-12-11_反者道之动.md,66adb3e81ba7569c1c725663312e594ef81a2446faa8540e810cd6a2adb9f2f9
129-c006,129,反者道之动,产业、产能与能源转型,2018-12-11,6,661,279,129-c005,129-c007,02_markdown_articles/129_2018-12-11_反者道之动.md,5d946678c125fb801d23a6392db4856638f5abfa47b1007ea71e90aa3ef3475e
129-c007,129,反者道之动,产业、产能与能源转型,2018-12-11,7,1556,271,129-c006,129-c008,02_markdown_articles/129_2018-12-11_反者道之动.md,6a1f50866990aef153aae17f6bd55e68499beed20828c6616e479421994c2626
129-c008,129,反者道之动,产业、产能与能源转型,2018-12-11,8,1267,283,129-c007,129-c009,02_markdown_articles/129_2018-12-11_反者道之动.md,116efe98c14a6dd4d190de66ba667107a74acd54eb5fd0e516350e93ba9001a3
129-c009,129,反者道之动,产业、产能与能源转型,2018-12-11,9,1534,287,129-c008,129-c010,02_markdown_articles/129_2018-12-11_反者道之动.md,6c8b1d0666cfaaeb132ba2ad26d62fb37f5da8ff140900f25ce7d1f62230dab3
129-c010,129,反者道之动,产业、产能与能源转型,2018-12-11,10,642,273,129-c009,129-c011,02_markdown_articles/129_2018-12-11_反者道之动.md,6efde4edee16f5b0d87f0365aa05e1beb1a2addfe548f0787d73cad43cebe125
129-c011,129,反者道之动,产业、产能与能源转型,2018-12-11,11,657,276,129-c010,129-c012,02_markdown_articles/129_2018-12-11_反者道之动.md,6a394715acd9c7e099a4c75f1472e8368ac3d804f8061879c927c0119b6a93f3
129-c012,129,反者道之动,产业、产能与能源转型,2018-12-11,12,1244,275,129-c011,,02_markdown_articles/129_2018-12-11_反者道之动.md,44452c9faae4f8d4bc84dc38f6992d6dda47038e641cb462db123a4d195bf08b
130-c001,130,大宗商品价格上涨的原因、趋势及政策应对,产业、产能与能源转型,2021-05-27,1,1226,0,,130-c002,02_markdown_articles/130_2021-05-27_大宗商品价格上涨的原因、趋势及政策应对.md,98d7b0de56985e96ebd466d6c9a3fd327932a5211a60f3f0c35c6b4cfc59a236
130-c002,130,大宗商品价格上涨的原因、趋势及政策应对,产业、产能与能源转型,2021-05-27,2,1588,264,130-c001,130-c003,02_markdown_articles/130_2021-05-27_大宗商品价格上涨的原因、趋势及政策应对.md,695e62cc3cbb673e2139fe6e9ca23c2094f5381d9d0f756ac9033e67b2d918c3
130-c003,130,大宗商品价格上涨的原因、趋势及政策应对,产业、产能与能源转型,2021-05-27,3,1499,270,130-c002,130-c004,02_markdown_articles/130_2021-05-27_大宗商品价格上涨的原因、趋势及政策应对.md,7dd5b225fb07abe8d9354d789afaa36fd7def861c5abbcb07e354ae3851af46d
130-c004,130,大宗商品价格上涨的原因、趋势及政策应对,产业、产能与能源转型,2021-05-27,4,1704,288,130-c003,,02_markdown_articles/130_2021-05-27_大宗商品价格上涨的原因、趋势及政策应对.md,5c692c001f22fed235b022452348fc40aba9538a84daa3dceec3fb4e0440ecea
131-c001,131,碳中和与双循环,产业、产能与能源转型,2021-06-23,1,1292,0,,131-c002,02_markdown_articles/131_2021-06-23_碳中和与双循环.md,dc6000e808d39111417f8afe78c42bccd95acabc6dbf167187b82ce90755569d
131-c002,131,碳中和与双循环,产业、产能与能源转型,2021-06-23,2,636,279,131-c001,131-c003,02_markdown_articles/131_2021-06-23_碳中和与双循环.md,d9e873a0f12c0620ef00bfa731b88a1001b211cbfbdeda76372fa8696eb7582d
131-c003,131,碳中和与双循环,产业、产能与能源转型,2021-06-23,3,1218,276,131-c002,,02_markdown_articles/131_2021-06-23_碳中和与双循环.md,69fa1dc2de373e45d1ca2ce6a3e0864a42124f94d242daf47f9706110caabd3c
132-c001,132,能源短缺与碳达峰,产业、产能与能源转型,2021-11-19,1,1226,0,,132-c002,02_markdown_articles/132_2021-11-19_能源短缺与碳达峰.md,a7e24c46d7e8b3cdc9a5c288c1367e33622f8a259bbad0e6e86c9f4626fb58fd
132-c002,132,能源短缺与碳达峰,产业、产能与能源转型,2021-11-19,2,1570,275,132-c001,132-c003,02_markdown_articles/132_2021-11-19_能源短缺与碳达峰.md,15bb3666e43bcf1ec2a2ea285fbf9f1a39fb9dc110a08075372b0cfb0f6cfd8a
132-c003,132,能源短缺与碳达峰,产业、产能与能源转型,2021-11-19,3,1145,283,132-c002,,02_markdown_articles/132_2021-11-19_能源短缺与碳达峰.md,04d4eaeee6a127a32148d2f5d0b84a4a3fbd37976b1aca1eb357d0c70e729b14
133-c001,133,“产能过剩”问题观察：历史规律、现实背景与应对策略,产业、产能与能源转型,2024-06-14,1,412,0,,133-c002,02_markdown_articles/133_2024-06-14_“产能过剩”问题观察_历史规律、现实背景与应对策略.md,25800e9151be143f10815c1a6d41b9f1f0a94a4cb79e6c28d2fd7089bc18bd44
133-c002,133,“产能过剩”问题观察：历史规律、现实背景与应对策略,产业、产能与能源转型,2024-06-14,2,1211,267,133-c001,133-c003,02_markdown_articles/133_2024-06-14_“产能过剩”问题观察_历史规律、现实背景与应对策略.md,aced6c671d1d68bb521329e2d3c26b56b7b4ec5854460a96699650df2cf42003
133-c003,133,“产能过剩”问题观察：历史规律、现实背景与应对策略,产业、产能与能源转型,2024-06-14,3,1300,274,133-c002,133-c004,02_markdown_articles/133_2024-06-14_“产能过剩”问题观察_历史规律、现实背景与应对策略.md,0f18b0c6602c9b33a26663e3e77982d0a3c178dde08cb8085359b94a0777eede
133-c004,133,“产能过剩”问题观察：历史规律、现实背景与应对策略,产业、产能与能源转型,2024-06-14,4,998,284,133-c003,,02_markdown_articles/133_2024-06-14_“产能过剩”问题观察_历史规律、现实背景与应对策略.md,bebc4ad8da6a0bbd2678d6e08c886c8d42c1643f1f3ba66ac6ff2d0276ff46f3
134-c001,134,贸易盈余趋势性下降的前因后果,贸易、国际收支与全球经济,2010-04-12,1,1284,0,,134-c002,02_markdown_articles/134_2010-04-12_贸易盈余趋势性下降的前因后果.md,32c72ae35ca163da6318b31d2f4a4a6cfa8ad2f3a86f2f435ec87b2c066d462c
134-c002,134,贸易盈余趋势性下降的前因后果,贸易、国际收支与全球经济,2010-04-12,2,1698,274,134-c001,134-c003,02_markdown_articles/134_2010-04-12_贸易盈余趋势性下降的前因后果.md,e46506cc79790e09e5b03269a4bfb67de5c5ecc48be671e73e2c5554e1320730
134-c003,134,贸易盈余趋势性下降的前因后果,贸易、国际收支与全球经济,2010-04-12,3,1543,277,134-c002,134-c004,02_markdown_articles/134_2010-04-12_贸易盈余趋势性下降的前因后果.md,7609f6592f7333327c8048537fd20a036b07172b800b25c9b43dcfb2999189f5
134-c004,134,贸易盈余趋势性下降的前因后果,贸易、国际收支与全球经济,2010-04-12,4,548,268,134-c003,,02_markdown_articles/134_2010-04-12_贸易盈余趋势性下降的前因后果.md,67fb4f51e24fa708ff39b6f732ec7fb38cfed8ab3d6fe038de510b76b4e3a87b
135-c001,135,一个基于国际收支变化的分析框架——产能周期理论概述之二,贸易、国际收支与全球经济,2012-01-10,1,435,0,,135-c002,02_markdown_articles/135_2012-01-10_一个基于国际收支变化的分析框架——产能周期理论概述之二.md,51008cbf70d44acbcdc99344e6c3413c9af7410c3554c2dbe04fa25d3883d8ff
135-c002,135,一个基于国际收支变化的分析框架——产能周期理论概述之二,贸易、国际收支与全球经济,2012-01-10,2,1298,281,135-c001,135-c003,02_markdown_articles/135_2012-01-10_一个基于国际收支变化的分析框架——产能周期理论概述之二.md,eae95f160ad56e85d68398890c17b086e6d47f8ac2790e9841692e70e366a8c9
135-c003,135,一个基于国际收支变化的分析框架——产能周期理论概述之二,贸易、国际收支与全球经济,2012-01-10,3,644,272,135-c002,135-c004,02_markdown_articles/135_2012-01-10_一个基于国际收支变化的分析框架——产能周期理论概述之二.md,83d236f9509537f2e5ac2921e69991d8fd2e5fa38761afc2384b195d057bf46e
135-c004,135,一个基于国际收支变化的分析框架——产能周期理论概述之二,贸易、国际收支与全球经济,2012-01-10,4,659,273,135-c003,135-c005,02_markdown_articles/135_2012-01-10_一个基于国际收支变化的分析框架——产能周期理论概述之二.md,ab4f0779a61255c0700db225c0912316d055899ed93469598117bf5e59c16457
135-c005,135,一个基于国际收支变化的分析框架——产能周期理论概述之二,贸易、国际收支与全球经济,2012-01-10,5,847,272,135-c004,,02_markdown_articles/135_2012-01-10_一个基于国际收支变化的分析框架——产能周期理论概述之二.md,a603448a2f86dc9234974e22b130b4f89dceb4a4fd7123695c9bcbdfa3b183de
136-c001,136,总供求平衡与国际收支波动,贸易、国际收支与全球经济,2012-06-21,1,123,0,,,02_markdown_articles/136_2012-06-21_总供求平衡与国际收支波动.md,5ee59b6975b4f222bb3402dd7acdb5a6c65aa15feb49258f92c0d595a398e9f7
137-c001,137,供给侧也有“三驾马车”,贸易、国际收支与全球经济,2015-11-27,1,943,0,,,02_markdown_articles/137_2015-11-27_供给侧也有“三驾马车”.md,93b69fa4da614c136fd36cc582f9a9541aca6d872013fe9c25fffdc584f2ab07
138-c001,138,进口大幅增长 经济数据积极,贸易、国际收支与全球经济,2017-03-14,1,374,0,,138-c002,02_markdown_articles/138_2017-03-14_进口大幅增长_经济数据积极.md,42cd4aada0bde5184211c012a901c9dcb68aed80f874db1b3a7a83dceede4a65
138-c002,138,进口大幅增长 经济数据积极,贸易、国际收支与全球经济,2017-03-14,2,639,273,138-c001,138-c003,02_markdown_articles/138_2017-03-14_进口大幅增长_经济数据积极.md,a797d0bf2d3f8ca78ea12f7ce35da9fb975f232649068320e047f4fc890ea726
138-c003,138,进口大幅增长 经济数据积极,贸易、国际收支与全球经济,2017-03-14,3,1215,279,138-c002,138-c004,02_markdown_articles/138_2017-03-14_进口大幅增长_经济数据积极.md,62a9e12de9124487f0f4b12265a351320479081e62353451566e67329a8d094a
138-c004,138,进口大幅增长 经济数据积极,贸易、国际收支与全球经济,2017-03-14,4,636,274,138-c003,138-c005,02_markdown_articles/138_2017-03-14_进口大幅增长_经济数据积极.md,5c24f222cd7535e50f9be19f923f7beb4230f9e13f6d6820127d9842287ccf7b
138-c005,138,进口大幅增长 经济数据积极,贸易、国际收支与全球经济,2017-03-14,5,636,276,138-c004,138-c006,02_markdown_articles/138_2017-03-14_进口大幅增长_经济数据积极.md,c1e26fb92a98a6f24d4324bb5374c9ce866b475ddd1983f4fb50fce0d6e640a0
138-c006,138,进口大幅增长 经济数据积极,贸易、国际收支与全球经济,2017-03-14,6,664,282,138-c005,138-c007,02_markdown_articles/138_2017-03-14_进口大幅增长_经济数据积极.md,1b25dbffee71225fa433f3fa2bdefe821ab042adeeb91e52f5e21340df3ade99
138-c007,138,进口大幅增长 经济数据积极,贸易、国际收支与全球经济,2017-03-14,7,650,268,138-c006,,02_markdown_articles/138_2017-03-14_进口大幅增长_经济数据积极.md,312ca9bed0b8390970126082e10f6160e6b3fe477f8094a1b1618775a29b306d
139-c001,139,中美关系已进入修昔底德陷阱,贸易、国际收支与全球经济,2018-03-21,1,1344,0,,139-c002,02_markdown_articles/139_2018-03-21_中美关系已进入修昔底德陷阱.md,a36c9ef8822eb67c96942aa0238fbd44c0be24ae6782b72b3997df1d9e39973e
139-c002,139,中美关系已进入修昔底德陷阱,贸易、国际收支与全球经济,2018-03-21,2,1504,264,139-c001,139-c003,02_markdown_articles/139_2018-03-21_中美关系已进入修昔底德陷阱.md,53eaaa7d18549182c57a33795f45726a12362d57efb725a337629f0c7d200339
139-c003,139,中美关系已进入修昔底德陷阱,贸易、国际收支与全球经济,2018-03-21,3,1137,279,139-c002,,02_markdown_articles/139_2018-03-21_中美关系已进入修昔底德陷阱.md,cb173a348a907cc40b35d81c703a0568556dcccf44f5b9bb4a749af32eb10641
140-c001,140,中美贸易战的走向,贸易、国际收支与全球经济,2018-06-21,1,1137,0,,,02_markdown_articles/140_2018-06-21_中美贸易战的走向.md,b5ba5925086b2221709d892f99eafea49d9b9f542d3a070cf001baa75511a91c
141-c001,141,经济下行风险累积,贸易、国际收支与全球经济,2018-07-31,1,394,0,,141-c002,02_markdown_articles/141_2018-07-31_经济下行风险累积.md,c1f0a0a6ef87c2682098ee7d4f4210e4fcf7513145bdf5ac1fb0f89c5f201705
141-c002,141,经济下行风险累积,贸易、国际收支与全球经济,2018-07-31,2,800,284,141-c001,141-c003,02_markdown_articles/141_2018-07-31_经济下行风险累积.md,90f1c1158625481ba2814eb60f411966421a4b39980317e8e9addd93869169aa
141-c003,141,经济下行风险累积,贸易、国际收支与全球经济,2018-07-31,3,651,288,141-c002,141-c004,02_markdown_articles/141_2018-07-31_经济下行风险累积.md,7ea96b7623ea99891d79e33fec1f23c2a028a448056f3a7bd8fe72638d10881f
141-c004,141,经济下行风险累积,贸易、国际收支与全球经济,2018-07-31,4,1752,270,141-c003,,02_markdown_articles/141_2018-07-31_经济下行风险累积.md,52905aa3faa7a69a79b87a394cb100d812e6f96ce61c531e086e26df04192b2b
142-c001,142,中美贸易战影响如何？,贸易、国际收支与全球经济,2018-09-30,1,1490,0,,142-c002,02_markdown_articles/142_2018-09-30_中美贸易战影响如何.md,3d07ff851b65db7a96518492f20e7160b1ed043623aac7519ad6024bf02932d1
142-c002,142,中美贸易战影响如何？,贸易、国际收支与全球经济,2018-09-30,2,1750,261,142-c001,142-c003,02_markdown_articles/142_2018-09-30_中美贸易战影响如何.md,88588e30cbaeb7ea4cb201e6f55174de1292ee733c438347fc1e28dcd83762b5
142-c003,142,中美贸易战影响如何？,贸易、国际收支与全球经济,2018-09-30,3,1478,276,142-c002,142-c004,02_markdown_articles/142_2018-09-30_中美贸易战影响如何.md,c216d165f3396aa0be726e4165fbf230a61f0640a2714a182abf935e83077ff6
142-c004,142,中美贸易战影响如何？,贸易、国际收支与全球经济,2018-09-30,4,1638,281,142-c003,,02_markdown_articles/142_2018-09-30_中美贸易战影响如何.md,dbe09ca27791067f5185b30069546d01e94a01a7440625ea1d7e8380fa67b2da
143-c001,143,外需走弱内需疲软，水泥强势值得关注,贸易、国际收支与全球经济,2018-11-22,1,1369,0,,143-c002,"02_markdown_articles/143_2018-11-22_外需走弱内需疲软,水泥强势值得关注.md",6e3db4a93732ce34f3c2c954829900d5698302f9146c874ebe4ddb04342ae57a
143-c002,143,外需走弱内需疲软，水泥强势值得关注,贸易、国际收支与全球经济,2018-11-22,2,1744,268,143-c001,,"02_markdown_articles/143_2018-11-22_外需走弱内需疲软,水泥强势值得关注.md",9b0efcdba10174e534a0ee029fad0ec280ad6d5f823c99260ca35dc53efa64d3
144-c001,144,进出口走势不容乐观，托底政策将持续出台,贸易、国际收支与全球经济,2019-01-15,1,798,0,,,"02_markdown_articles/144_2019-01-15_进出口走势不容乐观,托底政策将持续出台.md",3d285f01fae5c210f8a64e951135341eef21073a2d6b959323de49abf81bb565
145-c001,145,静水深流,贸易、国际收支与全球经济,2019-05-29,1,362,0,,145-c002,02_markdown_articles/145_2019-05-29_静水深流.md,0d65a48bc5d42e41b5bafe2982f10b5e4759a2a03be274bc57096ce64ce803c0
145-c002,145,静水深流,贸易、国际收支与全球经济,2019-05-29,2,710,286,145-c001,145-c003,02_markdown_articles/145_2019-05-29_静水深流.md,5fafadc4d247f9720a077202b3ca45cac1a5d96f55b780d42df9935a18f292c8
145-c003,145,静水深流,贸易、国际收支与全球经济,2019-05-29,3,1477,272,145-c002,145-c004,02_markdown_articles/145_2019-05-29_静水深流.md,1370f5e014b17e4a78cb58a40d89be130e205aa5f41d89fd400b19d80b002366
145-c004,145,静水深流,贸易、国际收支与全球经济,2019-05-29,4,1378,262,145-c003,145-c005,02_markdown_articles/145_2019-05-29_静水深流.md,bee4b7c8c6cbc88062be02356cba814d2943923cde0d64fe66587a6b43443599
145-c005,145,静水深流,贸易、国际收支与全球经济,2019-05-29,5,1585,278,145-c004,145-c006,02_markdown_articles/145_2019-05-29_静水深流.md,8ebf0af8d1807570db87482c8d9b320422c44672130205e0baa57fe7be83fd29
145-c006,145,静水深流,贸易、国际收支与全球经济,2019-05-29,6,671,274,145-c005,145-c007,02_markdown_articles/145_2019-05-29_静水深流.md,4c001301d97242647d1979c1e0550dc6712ef5e35e14c099cfd0077c01d5acc1
145-c007,145,静水深流,贸易、国际收支与全球经济,2019-05-29,7,1515,280,145-c006,145-c008,02_markdown_articles/145_2019-05-29_静水深流.md,46f0c2c9959f54c9948f42d007ffe284e210945fae5ac6a877d2318c98b5e08c
145-c008,145,静水深流,贸易、国际收支与全球经济,2019-05-29,8,1535,264,145-c007,145-c009,02_markdown_articles/145_2019-05-29_静水深流.md,4c2821d9008e20c4f8132b112876d1625d6a5c632d57b67ba24f038358b74aeb
145-c009,145,静水深流,贸易、国际收支与全球经济,2019-05-29,9,893,287,145-c008,,02_markdown_articles/145_2019-05-29_静水深流.md,005006a5e9687098196db624a95182fab1cb2270c22408c00c32ad8eaf591d93
146-c001,146,贸易战对实体经济的影响如何,贸易、国际收支与全球经济,2019-08-23,1,1241,0,,,02_markdown_articles/146_2019-08-23_贸易战对实体经济的影响如何.md,c0ed2dc61bbaf23697f660114b259e7c3f85a219a04f9aac79d7ed4e08a2391f
147-c001,147,让历史照亮未来,贸易、国际收支与全球经济,2019-11-10,1,1231,0,,147-c002,02_markdown_articles/147_2019-11-10_让历史照亮未来.md,4eb202f398b61251c2c2a55e6897536394056d08b06683264d2d6cf277cad5f6
147-c002,147,让历史照亮未来,贸易、国际收支与全球经济,2019-11-10,2,728,267,147-c001,,02_markdown_articles/147_2019-11-10_让历史照亮未来.md,827189880d1eb3afe00abc11733967a4f4b0f2ea0237cd98b48708c9fe62e624
148-c001,148,吹尽狂沙始到金,贸易、国际收支与全球经济,2022-07-02,1,411,0,,148-c002,02_markdown_articles/148_2022-07-02_吹尽狂沙始到金.md,694099da34b0683bf8de48a09293ac19dd0d39ade1ee0fa99b75ebf93af53b0e
148-c002,148,吹尽狂沙始到金,贸易、国际收支与全球经济,2022-07-02,2,671,262,148-c001,148-c003,02_markdown_articles/148_2022-07-02_吹尽狂沙始到金.md,2ab890fc58a525f70ea3efd7ad9b9647cce6d64d55489a1c17ce515a7e8b6a82
148-c003,148,吹尽狂沙始到金,贸易、国际收支与全球经济,2022-07-02,3,1024,285,148-c002,148-c004,02_markdown_articles/148_2022-07-02_吹尽狂沙始到金.md,01eadfb8de588f00f53c377dd2d11c50fcfcd2a8c1339a9ffaa41652b1247481
148-c004,148,吹尽狂沙始到金,贸易、国际收支与全球经济,2022-07-02,4,693,261,148-c003,148-c005,02_markdown_articles/148_2022-07-02_吹尽狂沙始到金.md,43ad17ad59134b77f3f0f846d6c203af5d52448034a8acef6dd5f02aef5bfe2b
148-c005,148,吹尽狂沙始到金,贸易、国际收支与全球经济,2022-07-02,5,1137,262,148-c004,148-c006,02_markdown_articles/148_2022-07-02_吹尽狂沙始到金.md,700da8ac701c62f0659edab363e2fe01db28588da40e2166b250b47ec4d5dec1
148-c006,148,吹尽狂沙始到金,贸易、国际收支与全球经济,2022-07-02,6,1529,282,148-c005,148-c007,02_markdown_articles/148_2022-07-02_吹尽狂沙始到金.md,4d5f9a7f64bc266881907db62db208019ae9b61571e9edec14e39be53b8cdef3
148-c007,148,吹尽狂沙始到金,贸易、国际收支与全球经济,2022-07-02,7,1105,278,148-c006,148-c008,02_markdown_articles/148_2022-07-02_吹尽狂沙始到金.md,615da638a29de56eabdee6ed65c59f2252ee79e280b23469ab1dc4eecec9e4d6
148-c008,148,吹尽狂沙始到金,贸易、国际收支与全球经济,2022-07-02,8,1153,262,148-c007,148-c009,02_markdown_articles/148_2022-07-02_吹尽狂沙始到金.md,a26bf1a88c50762ac3e2f0d34c8298480bdd8dabc5c23570d9af0bfe35666220
148-c009,148,吹尽狂沙始到金,贸易、国际收支与全球经济,2022-07-02,9,818,284,148-c008,148-c010,02_markdown_articles/148_2022-07-02_吹尽狂沙始到金.md,93a32d03af397e3b07e1856b70f220e0aa2a014013440500cbc875d1e24221d6
148-c010,148,吹尽狂沙始到金,贸易、国际收支与全球经济,2022-07-02,10,1717,275,148-c009,148-c011,02_markdown_articles/148_2022-07-02_吹尽狂沙始到金.md,41f34d0fb03510ff6e0056fc6f6cd0625a741df4c386a50c41e0e97811682be2
148-c011,148,吹尽狂沙始到金,贸易、国际收支与全球经济,2022-07-02,11,1644,285,148-c010,148-c012,02_markdown_articles/148_2022-07-02_吹尽狂沙始到金.md,7db2764511fae09c7bf619e1bb3a1687b533f4ec52c20537499cdd67224cc0ff
148-c012,148,吹尽狂沙始到金,贸易、国际收支与全球经济,2022-07-02,12,1475,269,148-c011,148-c013,02_markdown_articles/148_2022-07-02_吹尽狂沙始到金.md,36ad406486de9eb68187f7d8752ae812874a49f28cc707e777cd231f4be5b631
148-c013,148,吹尽狂沙始到金,贸易、国际收支与全球经济,2022-07-02,13,1449,282,148-c012,148-c014,02_markdown_articles/148_2022-07-02_吹尽狂沙始到金.md,c4cff6a63d8eb25d38cd6354e9470b2c9e229724a701076f2c889643fd45c2af
148-c014,148,吹尽狂沙始到金,贸易、国际收支与全球经济,2022-07-02,14,1007,288,148-c013,148-c015,02_markdown_articles/148_2022-07-02_吹尽狂沙始到金.md,7f7afbdbd273f7288be0292701fe45bd1e4420aa37bbd1c035e611b4b805f765
148-c015,148,吹尽狂沙始到金,贸易、国际收支与全球经济,2022-07-02,15,499,86,148-c014,148-c016,02_markdown_articles/148_2022-07-02_吹尽狂沙始到金.md,0be633a162c4cc6e6b958b7ef823c81896e6decc22f6ac0df1c4f4c51f1c3c1e
148-c016,148,吹尽狂沙始到金,贸易、国际收支与全球经济,2022-07-02,16,621,271,148-c015,148-c017,02_markdown_articles/148_2022-07-02_吹尽狂沙始到金.md,30ce634dff07f1d431ff9473f9ead69650cd782151a0bb9f16d42a8696f30e7b
148-c017,148,吹尽狂沙始到金,贸易、国际收支与全球经济,2022-07-02,17,650,233,148-c016,148-c018,02_markdown_articles/148_2022-07-02_吹尽狂沙始到金.md,9eefcee875c9f3e7fef215b941eaa337e256b4c7ce593b9eb91570c1712335ac
148-c018,148,吹尽狂沙始到金,贸易、国际收支与全球经济,2022-07-02,18,652,262,148-c017,148-c019,02_markdown_articles/148_2022-07-02_吹尽狂沙始到金.md,1b661beef0c7a18372e6bd0f66682e667aacba67de487518dcc3790c17407921
148-c019,148,吹尽狂沙始到金,贸易、国际收支与全球经济,2022-07-02,19,678,269,148-c018,148-c020,02_markdown_articles/148_2022-07-02_吹尽狂沙始到金.md,cef3584e2ad6ac430dca2aa5ba30b7c281bc4a88ebf3382a90837d1d299ab3a7
148-c020,148,吹尽狂沙始到金,贸易、国际收支与全球经济,2022-07-02,20,1744,278,148-c019,148-c021,02_markdown_articles/148_2022-07-02_吹尽狂沙始到金.md,9cc35334a87db647dba6c5364b9154e8fed0f044a8acf237aca53e2ddf5ca252
148-c021,148,吹尽狂沙始到金,贸易、国际收支与全球经济,2022-07-02,21,1508,263,148-c020,148-c022,02_markdown_articles/148_2022-07-02_吹尽狂沙始到金.md,fd9c9d829169c4efe7452d8becebe9374105edcc43b00e62450992e6784cb236
148-c022,148,吹尽狂沙始到金,贸易、国际收支与全球经济,2022-07-02,22,784,279,148-c021,148-c023,02_markdown_articles/148_2022-07-02_吹尽狂沙始到金.md,5df4cf282031bda45113dcb3324de2f3b8a385d4cc217d3f99dd293aaf4b3b20
148-c023,148,吹尽狂沙始到金,贸易、国际收支与全球经济,2022-07-02,23,1282,227,148-c022,148-c024,02_markdown_articles/148_2022-07-02_吹尽狂沙始到金.md,d67f728446cafdda4a68f2c3366ca210c22eced58dd3048c14f4271347aeb330
148-c024,148,吹尽狂沙始到金,贸易、国际收支与全球经济,2022-07-02,24,770,23,148-c023,,02_markdown_articles/148_2022-07-02_吹尽狂沙始到金.md,b4d987005fd519e2f8f313aa56cd08cf5055a16365bb34a201b8783a1ed0026f
149-c001,149,美国利率顶部依稀在望，全球经济或将步入衰退,贸易、国际收支与全球经济,2022-11-21,1,1317,0,,149-c002,"02_markdown_articles/149_2022-11-21_美国利率顶部依稀在望,全球经济或将步入衰退.md",51ffa9589a6807be09517edbfdfb717afaf86e3a1cc52a6104ba3a672c8b5007
149-c002,149,美国利率顶部依稀在望，全球经济或将步入衰退,贸易、国际收支与全球经济,2022-11-21,2,600,268,149-c001,,"02_markdown_articles/149_2022-11-21_美国利率顶部依稀在望,全球经济或将步入衰退.md",edad5c2f6898e87690da990c72c7a6d088c17a15799e5e78bc25586456f9c9e8
150-c001,150,贸易失衡的趋势性与周期性分析,贸易、国际收支与全球经济,2024-07-25,1,1317,0,,150-c002,02_markdown_articles/150_2024-07-25_贸易失衡的趋势性与周期性分析.md,2ec6d806467057e5397b8c37afbee4757acda7e123d170a932839f104fe21c91
150-c002,150,贸易失衡的趋势性与周期性分析,贸易、国际收支与全球经济,2024-07-25,2,1566,271,150-c001,150-c003,02_markdown_articles/150_2024-07-25_贸易失衡的趋势性与周期性分析.md,1f914ba056494e9362958d58129ad770bf05f87ec0bb382f6b9f7eb570b0c904
150-c003,150,贸易失衡的趋势性与周期性分析,贸易、国际收支与全球经济,2024-07-25,3,591,268,150-c002,,02_markdown_articles/150_2024-07-25_贸易失衡的趋势性与周期性分析.md,f226148ffc01d93e2ac0d5d5f8849921d8c353e2cca70670349b7da9888ba785
151-c001,151,落实国资划转社保决策宜早不宜迟,财政、疫情及宏观应对,2019-09-28,1,1479,0,,,02_markdown_articles/151_2019-09-28_落实国资划转社保决策宜早不宜迟.md,b302d143e171584785af667c713342ec701538b669f0bd85302ae6f292147fc8
152-c001,152,新冠肺炎疫情对全球金融市场和国内实体经济的影响,财政、疫情及宏观应对,2020-02-29,1,1295,0,,152-c002,02_markdown_articles/152_2020-02-29_新冠肺炎疫情对全球金融市场和国内实体经济的影响.md,739dd22ec32e67d7b318f03833d1e6d4e70fad758cb8410868fdaca7bfcadef2
152-c002,152,新冠肺炎疫情对全球金融市场和国内实体经济的影响,财政、疫情及宏观应对,2020-02-29,2,1493,276,152-c001,152-c003,02_markdown_articles/152_2020-02-29_新冠肺炎疫情对全球金融市场和国内实体经济的影响.md,62be45f7c269c5be463448cf70805398f1bdebd98451c291896260c330808044
152-c003,152,新冠肺炎疫情对全球金融市场和国内实体经济的影响,财政、疫情及宏观应对,2020-02-29,3,1503,277,152-c002,152-c004,02_markdown_articles/152_2020-02-29_新冠肺炎疫情对全球金融市场和国内实体经济的影响.md,0473e516cf60f0b0f65450c01538654fb87391207a9508207090baa08368f8c2
152-c004,152,新冠肺炎疫情对全球金融市场和国内实体经济的影响,财政、疫情及宏观应对,2020-02-29,4,1505,273,152-c003,152-c005,02_markdown_articles/152_2020-02-29_新冠肺炎疫情对全球金融市场和国内实体经济的影响.md,e7c123e5426cc4e98650ffb0a4f6bb23c6fd4f273781a364de7c890feb77dbdf
152-c005,152,新冠肺炎疫情对全球金融市场和国内实体经济的影响,财政、疫情及宏观应对,2020-02-29,5,1600,263,152-c004,152-c006,02_markdown_articles/152_2020-02-29_新冠肺炎疫情对全球金融市场和国内实体经济的影响.md,b50f95b3739f0c0138804dd744f932175acc0e5c03d1399d080a577f06143298
152-c006,152,新冠肺炎疫情对全球金融市场和国内实体经济的影响,财政、疫情及宏观应对,2020-02-29,6,1545,264,152-c005,,02_markdown_articles/152_2020-02-29_新冠肺炎疫情对全球金融市场和国内实体经济的影响.md,8d25a72d8d8bd2d99f825b193a855fab3ec46269b92516eeb30ea84bb4afda83
153-c001,153,新冠疫情下的全球金融动荡,财政、疫情及宏观应对,2020-03-17,1,1305,0,,153-c002,02_markdown_articles/153_2020-03-17_新冠疫情下的全球金融动荡.md,166343bbf395c2029ce60bb5b75ebd3c39ce96b0d5d8e30e32f44326cb3244eb
153-c002,153,新冠疫情下的全球金融动荡,财政、疫情及宏观应对,2020-03-17,2,1560,276,153-c001,153-c003,02_markdown_articles/153_2020-03-17_新冠疫情下的全球金融动荡.md,0ca7ae162e6690e6279069cda5ee517bfa14a56d7ed79cc55318cebc71e2d976
153-c003,153,新冠疫情下的全球金融动荡,财政、疫情及宏观应对,2020-03-17,3,1500,275,153-c002,153-c004,02_markdown_articles/153_2020-03-17_新冠疫情下的全球金融动荡.md,9f9b0e5a8662e42839684a79861d1a189d9e09276666d479b45766d9a2eec240
153-c004,153,新冠疫情下的全球金融动荡,财政、疫情及宏观应对,2020-03-17,4,1059,272,153-c003,,02_markdown_articles/153_2020-03-17_新冠疫情下的全球金融动荡.md,6aee4bb043e31df267631781fbb181027c7cda5dbcec44f8f836252e5af376f4
154-c001,154,新冠疫情常态化如何影响经济运行——微观机理、数值估计与政策应对,财政、疫情及宏观应对,2020-06-14,1,1221,0,,154-c002,02_markdown_articles/154_2020-06-14_新冠疫情常态化如何影响经济运行——微观机理、数值估计与政策应对.md,fd6bb3f410e669c0713870b38a58eda02d17eef0dfaa0a21f96b7966916300fa
154-c002,154,新冠疫情常态化如何影响经济运行——微观机理、数值估计与政策应对,财政、疫情及宏观应对,2020-06-14,2,1540,265,154-c001,154-c003,02_markdown_articles/154_2020-06-14_新冠疫情常态化如何影响经济运行——微观机理、数值估计与政策应对.md,c6dff20eeaf4ae9e42dd902577b7ba3bcb1b84997be20c3dd3175a01acaeab2d
154-c003,154,新冠疫情常态化如何影响经济运行——微观机理、数值估计与政策应对,财政、疫情及宏观应对,2020-06-14,3,1515,275,154-c002,154-c004,02_markdown_articles/154_2020-06-14_新冠疫情常态化如何影响经济运行——微观机理、数值估计与政策应对.md,cc44da92f2343b996a10e923396253ad9788c9ba77e1c203e9a3420423cfa537
154-c004,154,新冠疫情常态化如何影响经济运行——微观机理、数值估计与政策应对,财政、疫情及宏观应对,2020-06-14,4,1507,266,154-c003,154-c005,02_markdown_articles/154_2020-06-14_新冠疫情常态化如何影响经济运行——微观机理、数值估计与政策应对.md,b8498cdef538b30ac6e535138bd27cfd46ae50f8387bcf3a02daadf15a98578a
154-c005,154,新冠疫情常态化如何影响经济运行——微观机理、数值估计与政策应对,财政、疫情及宏观应对,2020-06-14,5,869,278,154-c004,,02_markdown_articles/154_2020-06-14_新冠疫情常态化如何影响经济运行——微观机理、数值估计与政策应对.md,a5ea06cf24d56b7b5eadcb44e1fcce1891f8fff29e71093960c9ae3519cee139
155-c001,155,变局之中开新局,财政、疫情及宏观应对,2020-07-01,1,412,0,,155-c002,02_markdown_articles/155_2020-07-01_变局之中开新局.md,92ef646620b0d0491c15b8c21f9fd360e890857ec787a6b1e9327b935873793c
155-c002,155,变局之中开新局,财政、疫情及宏观应对,2020-07-01,2,676,264,155-c001,155-c003,02_markdown_articles/155_2020-07-01_变局之中开新局.md,5dfd0b68029e9d71cbc0b52271123bdbc97db44f27e42ba71011786968a4ce41
155-c003,155,变局之中开新局,财政、疫情及宏观应对,2020-07-01,3,1513,278,155-c002,155-c004,02_markdown_articles/155_2020-07-01_变局之中开新局.md,8f91bc0576eac315cfcf55e14c089c1399f6ea57699f59fcd9879452db2e1898
155-c004,155,变局之中开新局,财政、疫情及宏观应对,2020-07-01,4,1546,281,155-c003,155-c005,02_markdown_articles/155_2020-07-01_变局之中开新局.md,ad625f20126a8977cc52c6e9c56397a6e88852490d8e4fe997c9aa97a90b76f5
155-c005,155,变局之中开新局,财政、疫情及宏观应对,2020-07-01,5,682,263,155-c004,155-c006,02_markdown_articles/155_2020-07-01_变局之中开新局.md,e3f6ea98e265cb96c2914fbd81abbab8350c68e98f473ea81ef23aa4b60e4b7c
155-c006,155,变局之中开新局,财政、疫情及宏观应对,2020-07-01,6,1510,278,155-c005,155-c007,02_markdown_articles/155_2020-07-01_变局之中开新局.md,9466bbc69be105f223e4f6af07e11ee7366a36d62a0876df9e40b46b6edc076e
155-c007,155,变局之中开新局,财政、疫情及宏观应对,2020-07-01,7,640,267,155-c006,155-c008,02_markdown_articles/155_2020-07-01_变局之中开新局.md,f309aae60b757ff9d1bf957f1e84a117943fb351cd47c4bfa9bc2252d5c5b64c
155-c008,155,变局之中开新局,财政、疫情及宏观应对,2020-07-01,8,1497,266,155-c007,155-c009,02_markdown_articles/155_2020-07-01_变局之中开新局.md,02a54849d1387f0ddb67db985648bcb640c242907752fded80fc9641f67e39e7
155-c009,155,变局之中开新局,财政、疫情及宏观应对,2020-07-01,9,1593,272,155-c008,155-c010,02_markdown_articles/155_2020-07-01_变局之中开新局.md,72ad8e576aa53a35300547dc105fd8a83f4865fd1f45c03b9420827a10e0d8c9
155-c010,155,变局之中开新局,财政、疫情及宏观应对,2020-07-01,10,1440,282,155-c009,,02_markdown_articles/155_2020-07-01_变局之中开新局.md,8d4368319eda7e57712f27a339841df1c48280dd0f7dfe2b00620fee0b6fee35
156-c001,156,后疫情时代的经济与市场,财政、疫情及宏观应对,2020-07-09,1,407,0,,156-c002,02_markdown_articles/156_2020-07-09_后疫情时代的经济与市场.md,02b86a734509b6273cd51944543f01ff6cb18ac7d4caeb78b4f401ec6a2e1e09
156-c002,156,后疫情时代的经济与市场,财政、疫情及宏观应对,2020-07-09,2,1458,282,156-c001,156-c003,02_markdown_articles/156_2020-07-09_后疫情时代的经济与市场.md,fdd5592d2e6f6d3a0b0d3d7998a7deeceada01f43092f60e401bbe440a5ea953
156-c003,156,后疫情时代的经济与市场,财政、疫情及宏观应对,2020-07-09,3,666,276,156-c002,156-c004,02_markdown_articles/156_2020-07-09_后疫情时代的经济与市场.md,1071b452025d8b05c9e8293256c853d5ce6c44bcfe37b25a7dec70deb1074218
156-c004,156,后疫情时代的经济与市场,财政、疫情及宏观应对,2020-07-09,4,1134,283,156-c003,156-c005,02_markdown_articles/156_2020-07-09_后疫情时代的经济与市场.md,e0ddd8cb0e6b1e250055c804ec8f59a99ab43fc0861c9d07a1396075438a110d
156-c005,156,后疫情时代的经济与市场,财政、疫情及宏观应对,2020-07-09,5,961,271,156-c004,156-c006,02_markdown_articles/156_2020-07-09_后疫情时代的经济与市场.md,aab2fc802c028a26fdff6651e345f101d5bc25a4dca8abf22056f51908beeec9
156-c006,156,后疫情时代的经济与市场,财政、疫情及宏观应对,2020-07-09,6,920,271,156-c005,,02_markdown_articles/156_2020-07-09_后疫情时代的经济与市场.md,508e3f78421f85c4386cee09f509603607e47753a9a6dd18e96a9c665af1f098
157-c001,157,经济恢复现分化，政策干预需更有针对性,财政、疫情及宏观应对,2020-07-24,1,1273,0,,157-c002,"02_markdown_articles/157_2020-07-24_经济恢复现分化,政策干预需更有针对性.md",fa46aaa371eb300bdcd7e500f1b660f4662b6ee33a4ee658b2afa368872a1c59
157-c002,157,经济恢复现分化，政策干预需更有针对性,财政、疫情及宏观应对,2020-07-24,2,1703,268,157-c001,,"02_markdown_articles/157_2020-07-24_经济恢复现分化,政策干预需更有针对性.md",6cb102e17592427e1abf8fc0bc1d7617de768fc321d9e168b4b2c4216ff3c42b
158-c001,158,守得云开见月明,财政、疫情及宏观应对,2021-01-14,1,363,0,,158-c002,02_markdown_articles/158_2021-01-14_守得云开见月明.md,7fe56ea16d1fc9dedfe4dbae8253f718fc954f7e598606c1b08fae7b36d351af
158-c002,158,守得云开见月明,财政、疫情及宏观应对,2021-01-14,2,1650,284,158-c001,158-c003,02_markdown_articles/158_2021-01-14_守得云开见月明.md,5daf76e5fcbeb68e72225dcc196c10503ee2ad0de9e8924330982380db09b7e1
158-c003,158,守得云开见月明,财政、疫情及宏观应对,2021-01-14,3,1526,279,158-c002,158-c004,02_markdown_articles/158_2021-01-14_守得云开见月明.md,d3a061cd6a6d9e9d030c1c3e8c0f71d4ec2f721f90690089b0cf78a9dbe21b41
158-c004,158,守得云开见月明,财政、疫情及宏观应对,2021-01-14,4,681,276,158-c003,158-c005,02_markdown_articles/158_2021-01-14_守得云开见月明.md,7cd9dbe18cbecd8a2273c659b9aae6d1a440d0997201c23e0589684743a2c328
158-c005,158,守得云开见月明,财政、疫情及宏观应对,2021-01-14,5,1579,269,158-c004,158-c006,02_markdown_articles/158_2021-01-14_守得云开见月明.md,8d65cdba27f5c2d16553d39989df80b75a8c5d80d22aafe7bffbea580a267558
158-c006,158,守得云开见月明,财政、疫情及宏观应对,2021-01-14,6,1571,271,158-c005,158-c007,02_markdown_articles/158_2021-01-14_守得云开见月明.md,946d3d9ba055f502660ab8ea134c809b53cb14fe87fe66db68f93cccd5d6ce75
158-c007,158,守得云开见月明,财政、疫情及宏观应对,2021-01-14,7,647,287,158-c006,158-c008,02_markdown_articles/158_2021-01-14_守得云开见月明.md,552e586ad1d221afff5f2bb3c1a4ff4a546e100d6eecf18f887a95ae1845e829
158-c008,158,守得云开见月明,财政、疫情及宏观应对,2021-01-14,8,1585,286,158-c007,158-c009,02_markdown_articles/158_2021-01-14_守得云开见月明.md,c8f5202d10b6fccf82233f20c2d42140d9ff36d02041c427f4bd3bc0ea4807e4
158-c009,158,守得云开见月明,财政、疫情及宏观应对,2021-01-14,9,1676,264,158-c008,158-c010,02_markdown_articles/158_2021-01-14_守得云开见月明.md,67b39673a9579eb033998b09c214640c0574eb30840e634a0b1606883e69e495
158-c010,158,守得云开见月明,财政、疫情及宏观应对,2021-01-14,10,1555,278,158-c009,158-c011,02_markdown_articles/158_2021-01-14_守得云开见月明.md,26c277f8a2b32dc69420c7d4672eff7fb7dade892e90bce326d8ef1d55f3fb33
158-c011,158,守得云开见月明,财政、疫情及宏观应对,2021-01-14,11,751,278,158-c010,,02_markdown_articles/158_2021-01-14_守得云开见月明.md,cf8278990aae8e801983488d720340e1afc401f9ab3e8a7ce714db2d7805c199
159-c001,159,疫情下经济恢复的几个特征事实,财政、疫情及宏观应对,2021-04-29,1,417,0,,159-c002,02_markdown_articles/159_2021-04-29_疫情下经济恢复的几个特征事实.md,95f688bff488ab0f90cb32814f16ff854b02762ccfe143c330f9310b2961c439
159-c002,159,疫情下经济恢复的几个特征事实,财政、疫情及宏观应对,2021-04-29,2,1510,272,159-c001,159-c003,02_markdown_articles/159_2021-04-29_疫情下经济恢复的几个特征事实.md,a4df856326820b39ef4d887d20dd4f9db8337f0f0f8a742ada7db9ab376f7004
159-c003,159,疫情下经济恢复的几个特征事实,财政、疫情及宏观应对,2021-04-29,3,695,264,159-c002,159-c004,02_markdown_articles/159_2021-04-29_疫情下经济恢复的几个特征事实.md,116daf5ba54ea94e7d59f67306bd681d88ac8c7d11db54254696d8998044539c
159-c004,159,疫情下经济恢复的几个特征事实,财政、疫情及宏观应对,2021-04-29,4,1618,281,159-c003,159-c005,02_markdown_articles/159_2021-04-29_疫情下经济恢复的几个特征事实.md,5089fa0ec66e5f5179754ef3e794ccd8559244f519f85164ff68555c34a7d0f7
159-c005,159,疫情下经济恢复的几个特征事实,财政、疫情及宏观应对,2021-04-29,5,893,274,159-c004,159-c006,02_markdown_articles/159_2021-04-29_疫情下经济恢复的几个特征事实.md,b9cc6befb71700a33e6ffed3d1aa9583207227ef4054ac1f5f25d0dbc4f0a0b6
159-c006,159,疫情下经济恢复的几个特征事实,财政、疫情及宏观应对,2021-04-29,6,1472,261,159-c005,159-c007,02_markdown_articles/159_2021-04-29_疫情下经济恢复的几个特征事实.md,feed517c55a4e80c71fcb0b203d4e140375d3310ae8a39b9996b7a4e645cf4e2
159-c007,159,疫情下经济恢复的几个特征事实,财政、疫情及宏观应对,2021-04-29,7,1415,278,159-c006,,02_markdown_articles/159_2021-04-29_疫情下经济恢复的几个特征事实.md,7aa942bc5a81f85153a7acbf7acaaa03c4db86ed361033f53a3a811d813eca18
160-c001,160,定向补贴是降低疤痕效应最有效方法,财政、疫情及宏观应对,2022-12-10,1,1298,0,,160-c002,02_markdown_articles/160_2022-12-10_定向补贴是降低疤痕效应最有效方法.md,04a2f3c74607d18c4dd16f8b891bc5702637e19a1df471381bb1f9154648a600
160-c002,160,定向补贴是降低疤痕效应最有效方法,财政、疫情及宏观应对,2022-12-10,2,1491,278,160-c001,160-c003,02_markdown_articles/160_2022-12-10_定向补贴是降低疤痕效应最有效方法.md,b74ae1c00fdd838359b82e297a70bfa12f23779fc66116e8cdbc0d95b1930852
160-c003,160,定向补贴是降低疤痕效应最有效方法,财政、疫情及宏观应对,2022-12-10,3,698,275,160-c002,,02_markdown_articles/160_2022-12-10_定向补贴是降低疤痕效应最有效方法.md,30e93c4096f7b42d01d0e853d675e7ee5f9cdb48234e9d6b8b701a057fdc9429
