id,title,category,content_type,date,date_precision,minutes,file,source_file,source_epub,source_epub_sha256,non_ws_chars,cjk_chars,image_count,image_alts,excerpt,legacy_v3_ids,update_status,source_body_sha256,markdown_file_sha256,markdown_body_cjk_similarity,heading_count_source,table_count_source,chart_table_count_source
001,“远见杯”排名之我见,成长、追忆与评论,commentary,2011-12-12,day,4,02_markdown_articles/001_2011-12-12_“远见杯”排名之我见.md,OEBPS/text/article-001-commentary-2011-12-12-deggh2.xhtml,高善文文集V4.0.epub,d84eb38d989588b66ec63d0dce528f94564ecd444f043f7c46dfd21c12dc4366,2549,2290,0,,作为客观性较强的宏观经济评比活动，“远见杯”是由宋国青教授设计并发起、《证券市场周刊》主办的评比游戏。参加者提前一个季度提交预测数据，主办方根据最终统计局发布数据计算参加者预测误差，累计误差最小者胜出。多年参加此游戏...,012,retained_exact,3e525c84713560b681a1b81d05af43c39e67ae1e2f51abb09e9c34f6077b43c5,59a66a1baaa255b66010c370c84edfdefb7c840541897404f1ea4db9df821255,1.00000000,0,0,0
002,送别父亲,成长、追忆与评论,essay,2012-09-16,day,3,02_markdown_articles/002_2012-09-16_送别父亲.md,OEBPS/text/article-002-essay-2012-09-16-1w3ulz.xhtml,高善文文集V4.0.epub,d84eb38d989588b66ec63d0dce528f94564ecd444f043f7c46dfd21c12dc4366,1444,1227,0,,2012 年 9 月 8 日清晨 7 时 50 分许，我正在西藏林芝地区静谧的尼洋河谷中乘车行进，手间突然传来急促的电话声。太原的大哥在电话里平静而简短地告诉我，由于心力衰竭，父亲在几分钟前辞别人世。放下电话，我的头...,001,retained_exact,50a792a02101e0af14df980f0dc70c788009ce4ab1c8a55de6f88ca6a46b57e9,712c5024ea39e82077757300da2dd0fe415e9601a9fcb2a89801063e2c997ffd,1.00000000,0,0,0
003,关于逻辑、经济、政策、市场等,成长、追忆与评论,essay,2013-08-13,day,6,02_markdown_articles/003_2013-08-13_关于逻辑、经济、政策、市场等.md,OEBPS/text/article-003-essay-2013-08-13-1u7u3gz.xhtml,高善文文集V4.0.epub,d84eb38d989588b66ec63d0dce528f94564ecd444f043f7c46dfd21c12dc4366,4076,3655,0,,8月8日腾讯微访谈全纪录---关于逻辑、经济、政策、市场等,002,retained_exact,27829388691ad972278ba4b3f9b95983cc2c84e2948e28059a3d70c8ba3f70a0,1a5260854985c6dcc766ec3351d1fe6c8ee66286e419336bd919b8a047a63b7d,1.00000000,0,0,0
004,回望青春 感恩母校,成长、追忆与评论,essay,2018-07-10,day,3,02_markdown_articles/004_2018-07-10_回望青春_感恩母校.md,OEBPS/text/article-004-essay-2018-07-10-2r7slu.xhtml,高善文文集V4.0.epub,d84eb38d989588b66ec63d0dce528f94564ecd444f043f7c46dfd21c12dc4366,1469,1283,0,,编者注：本文为高善文博士在临汾一中高163班（1985-1988）毕业三十周年纪念聚会暨向母校赠送文化碑石仪式上的即席演讲。,003,retained_exact,64223993aef332cf567f768c3ef68f68511c16756a9bb510603db27206c0c8fb,93172b915d11619a8695a2324ff3caa14f795ee49a1497f1892d1ec09f88c2dc,1.00000000,0,0,0
005,高中生活二三事,成长、追忆与评论,essay,2018-07-20,day,5,02_markdown_articles/005_2018-07-20_高中生活二三事.md,OEBPS/text/article-005-essay-undated-gaozhong-life.xhtml,高善文文集V4.0.epub,d84eb38d989588b66ec63d0dce528f94564ecd444f043f7c46dfd21c12dc4366,3443,3019,0,,我小时候在农村长大，家里穷，常有衣食之忧。由于交通闭塞，对外面的世界很憧憬，却没有机会去看一看。,004,retained_exact,58b220745a0e0bca5154a3277725d309bcc78fba02ae178299cd99f9b8b3c4f1,56840392c21fd2df393f9dfbcb5ba7bbd4da29209cbb33f6ce836b6c6259f162,1.00000000,4,0,0
006,时光的刻痕,成长、追忆与评论,essay,2018-07-26,day,10,02_markdown_articles/006_2018-07-26_时光的刻痕.md,OEBPS/text/article-006-essay-2018-07-26-1tkzb2j.xhtml,高善文文集V4.0.epub,d84eb38d989588b66ec63d0dce528f94564ecd444f043f7c46dfd21c12dc4366,6718,5965,0,,按语：今年是中国改革开放40周年。中国金融40人论坛组织“四十人看四十年”的系列活动，进行纪念。应其约请，并在编辑人员的反复催促下，我撰写此文，作为相关纪念书稿的一个部分。,005,retained_exact,5e1bf29f99c7d33b091c3edaddbb7d0cb266ed46860d8d4b169a65dc029541e9,50669bcc09159e212f3861471d7ebe7d3c81d4b477f2004ecf85fcdf4a930753,1.00000000,5,0,0
007,关于北京大学秦宛顺靳云汇奖学基金的问答,成长、追忆与评论,essay,2020-12-18,day,2,02_markdown_articles/007_2020-12-18_关于北京大学秦宛顺靳云汇奖学基金的问答.md,OEBPS/text/article-007-essay-2020-12-18-ffqqho.xhtml,高善文文集V4.0.epub,d84eb38d989588b66ec63d0dce528f94564ecd444f043f7c46dfd21c12dc4366,749,662,0,,编者按：近日，王国斌兄和我发起成立北京大学秦宛顺靳云汇奖学基金一事引起一些关注，为此，我们就此奖学金的一些背景情况进行了整理和介绍，供大家参阅。,006,retained_exact,47d1b3aca170517ecda83b8016850b6e5f65b8596817af689250ee8cd9318416,b88119fd33f5e15f0e5dc98d74fb9258f3d8ef1aa1bb34240215bcfe13cdc4ca,1.00000000,2,0,0
008,悼词——李勇先生,成长、追忆与评论,essay,2021-10-01,day,3,02_markdown_articles/008_2021-10-01_悼词——李勇先生.md,OEBPS/text/article-008-essay-2021-10-01-14j3a6w.xhtml,高善文文集V4.0.epub,d84eb38d989588b66ec63d0dce528f94564ecd444f043f7c46dfd21c12dc4366,1973,1704,0,,编者按：2021年9月27日，高善文博士的挚友，安信证券副总裁李勇先生因病辞世。根据李勇生前的嘱托，高善文博士在告别会上代表生前友好致悼词。现将悼词全文推送，以寄托共同的哀思。,007,retained_exact,d191d540c85e303421135421900ef26de320db41fbd314ceb5b6b1ad092b9c4f,2bad750e42117de08fc3c63d8d0597f0aef49487f7593381148c95e39784e48d,1.00000000,0,0,0
009,岁月如歌,成长、追忆与评论,essay,2021-10-11,day,3,02_markdown_articles/009_2021-10-11_岁月如歌.md,OEBPS/text/article-009-essay-2021-10-11-13nbyr5.xhtml,高善文文集V4.0.epub,d84eb38d989588b66ec63d0dce528f94564ecd444f043f7c46dfd21c12dc4366,1514,1303,0,,1997 年中，亚洲金融危机呼啸来袭，外围市场动荡不安，中国经济遭遇重大冲击。刚上班不久的我对形势十分好奇和迷惑，适逢有派驻国际组织的高级官员回国公干，单位组织相关讲座，请他来主讲，我们都去旁听。他的讲座激情澎湃，洋...,008,retained_exact,94cbd217ae948f95cf9c5603e72f766616b928cec57672ba37adcbf738f00818,7a85a9e3a0048dcfc69df28888eea6ec15f5e7c47a99c767126203650119fbb7,1.00000000,0,0,0
010,《投资中国》书评,成长、追忆与评论,essay,2022-07-22,day,5,02_markdown_articles/010_2022-07-22_《投资中国》书评.md,OEBPS/text/article-010-essay-2022-07-22-1qni7fh.xhtml,高善文文集V4.0.epub,d84eb38d989588b66ec63d0dce528f94564ecd444f043f7c46dfd21c12dc4366,2932,2592,0,,王国斌先生新作《投资中国》的问世，激发了投资界很多人士的阅读热情以及思想共鸣。我们将摘选一些特色书评以飨读者。,009,retained_exact,379bac315596fe92fa837dceb999d66d805bd997624b99aeeaf021dbac14382c,9d9093748136662672f594c54b371eede38b71267a8d822b80814ed2894828a9,1.00000000,0,0,0
011,送别母亲,成长、追忆与评论,essay,2024-02-18,day,3,02_markdown_articles/011_2024-02-18_送别母亲.md,OEBPS/text/article-011-essay-2024-02-18-1ifohxo.xhtml,高善文文集V4.0.epub,d84eb38d989588b66ec63d0dce528f94564ecd444f043f7c46dfd21c12dc4366,1959,1709,0,,今天，我们怀着十分悲伤的心情送别我的母亲，共同缅怀她勤劳节俭的一生，铭记她为养育我们姐弟六人而付出的艰辛和牺牲，感恩她用自己的善良和热情温暖了身边的每一个人，祝愿她在天堂之上与父亲顺利会合，希望他们的在天之灵能够用慈...,010,retained_exact,ae530027daacd2f8cd7fba0dbc20752dd98909e3a13c2cbbd9eda6fab7c23df6,69fe2f0a9ac03a5241e71e2c76c062a1c4a8f0b413231f1901f05538d3f6f616,1.00000000,0,0,0
012,《金钱永不眠》书评,成长、追忆与评论,commentary,,unknown,2,02_markdown_articles/012_《金钱永不眠》书评.md,OEBPS/text/article-012-commentary-undated-12935ru.xhtml,高善文文集V4.0.epub,d84eb38d989588b66ec63d0dce528f94564ecd444f043f7c46dfd21c12dc4366,1240,1112,0,,评《金钱永不眠-资本世界的暗流涌动和金融逻辑》,017,retained_revised,365d01af33b1e2230901a97fedef71e03bf92c441de3cc5576467cd155e230af,881c568c009ed1092c2bd0bd164b8d828f375b2e900f24c58056fd71c6cb09ff,1.00000000,0,0,0
013,一块金币引发的思考,代表作与研究方法,analysis,2009-09-09,day,4,02_markdown_articles/013_2009-09-09_一块金币引发的思考.md,OEBPS/text/article-013-analysis-2009-09-09-cf40-193.xhtml,高善文文集V4.0.epub,d84eb38d989588b66ec63d0dce528f94564ecd444f043f7c46dfd21c12dc4366,2698,2183,5,图1：彩金币的价格（元） | 图2：剔除黄金价格的影响后彩金币的价格（元） | 图3：指数化后的剔除了黄金价格影响的彩金币的价格与股指 | 图4：指数化后的剔除了黄金价格影响的彩金币的价格与股指 | 图5：“贵妃醉酒”与“群英会”的价格（元）,本文考察了彩金币“贵妃醉酒”的价格走势，发现彩金币价格的变化与股票市场在拐点和趋势上都十分类似，与其它类资产的表现也存在一定的相关性。而且，指数化的剔除黄金价格后的“贵妃醉酒”彩金币价格与股票市场的指数涨落的幅度也非...,,new_in_v4,7faf1333dcb868b8b865fb788fde038bd0c2d87b6cc19f5aef24f03659d51830,577d5d2d0af7d021f55cdaa824d2d20fef532160a91bc214ad729cac170548e2,1.00000000,0,0,0
014,三十年未有之变局——中国潜在增速的趋势转折,代表作与研究方法,representative,2010-10-12,day,10,02_markdown_articles/014_2010-10-12_三十年未有之变局——中国潜在增速的趋势转折.md,OEBPS/text/article-014-representative-2010-10-12-1b8qs6i.xhtml,高善文文集V4.0.epub,d84eb38d989588b66ec63d0dce528f94564ecd444f043f7c46dfd21c12dc4366,6857,6000,0,,这是作者与同事在2010年10月份撰写的一篇研究报告，主要讨论2011-2020年中国经济潜在增速的变化，以及由此对政策当局带来的挑战和潜在的市场影响。5年以后回头来看，这篇报告的基本想法似乎得到了或者正在得到验证。...,019,retained_exact,31a27b47dfa4966ed7648efcfc11655180caa25ff05ac03e1ca851b913cf95f9,75f1df5cad5d21e0d2045c9959b168a7e8c0308ca8dffa467435eec39ff28173,1.00000000,14,0,0
015,光线是可以弯曲的–关于研究方法的一些体悟和浅见,代表作与研究方法,representative,2011-04-27,day,18,02_markdown_articles/015_2011-04-27_光线是可以弯曲的–关于研究方法的一些体悟和浅见.md,OEBPS/text/article-015-representative-2011-04-27-e2sypg.xhtml,高善文文集V4.0.epub,d84eb38d989588b66ec63d0dce528f94564ecd444f043f7c46dfd21c12dc4366,12171,10916,0,,正确的方法有助于使我们更好地理解市场运行的内在逻辑，从而降低预测失败的概率。我们通过十个小故事，来讲述对研究方法的一些想法和体会。,020,retained_exact,74e5ec2ec3bb2dbca4b567e56d18e797ed80ed882e9a1ffe79a0d7b56617e2c8,7af9f81c65035b10ef1580708c06ec652c7038c766c11c9e904da54a756d51c1,1.00000000,1,0,0
016,中国经济是否经过了刘易斯拐点？,代表作与研究方法,analysis,2011-11-25,day,10,02_markdown_articles/016_2011-11-25_中国经济是否经过了刘易斯拐点.md,OEBPS/text/article-016-analysis-2011-11-25-z31s07.xhtml,高善文文集V4.0.epub,d84eb38d989588b66ec63d0dce528f94564ecd444f043f7c46dfd21c12dc4366,6666,5764,0,,本文首先回顾了刘易斯拐点的概念，然后从理论上寻找经济走过刘易斯拐点的判别方法。中国的刘易斯拐点，正如暗物质一样，直接处理这个问题非常困难，比如我们很难观察到劳动力供应曲线的变化；我们缺乏工资和就业宏观层面可靠的统计数...,027,retained_exact,eb3178d94d2281a632f0323d0517d83f27119c3bc37db1940a0f716ee38bbee9,23b57b12e61ca0f1e290d09ea2380fb0571d104dcb92fa439372359752cfb85e,1.00000000,15,0,0
017,《经济运行的逻辑》前言,代表作与研究方法,analysis,2012-12-30,day,4,02_markdown_articles/017_2012-12-30_《经济运行的逻辑》前言.md,OEBPS/text/article-017-analysis-2012-12-30-1fltqdh.xhtml,高善文文集V4.0.epub,d84eb38d989588b66ec63d0dce528f94564ecd444f043f7c46dfd21c12dc4366,2473,2292,0,,承蒙中国金融40人论坛的王海明秘书长一再催请，我将过去从事市场研究期间的一些想法进行了整理，并付梓印刷，以供对中国经济和资本市场有一些兴趣的人士参考和批评。,035,retained_exact,d557db2193c7f94c4823c1995aa409258237d0d2bbeddcef74aa027458dd62d6,3abe3efccdd1baca7ad2b7c0643e41b178b14fe3ccb44b671a33208f7e6feb5d,1.00000000,0,0,0
018,经济数据背后的逻辑,代表作与研究方法,analysis,2013-10-26,day,7,02_markdown_articles/018_2013-10-26_经济数据背后的逻辑.md,OEBPS/text/article-018-analysis-2013-10-26-cf40-1458.xhtml,高善文文集V4.0.epub,d84eb38d989588b66ec63d0dce528f94564ecd444f043f7c46dfd21c12dc4366,4636,4027,13,图1 可贸易部门的供给与需求 | 图2供应释放对可贸易部门的影响 | 图3 贸易盈余占比上升 | 图4 排除内需萎缩：国内总产出扩张 | 图5 观察外需：发达与新兴工业产出同比 | 图6 观察外需：可贸易品价格 | 图7 观察外需：中国出口额和出口量同比 | 图8 观察汇率：人民币有效汇率指数 | 图9总供应释放相关证据：核心CPI低位运行 | 图10 城镇就业增速上升 | 图11城镇单位平均工资指数 | 图12 资本存量上升的原因 | 图13贸易盈余占比（%）,提要：无论是经济的总供给变化、总需求变化，还是国际环境的变化，均可对总产出、经常账户盈余和价格水平产生同步影响。基于此，文章的模型有三个收入变量：经济总供给、经济总需求和外部需求。这三个变量的变化会引起价格、总产出和...,,new_in_v4,6d275269f6b72806d101ff3ccd85647136a66a949b353cf495d515a71a83b6fb,cd119407408e0952bd9acc746fa7ee465702c9ecacb405dc7f89288268301eb2,1.00000000,0,0,0
019,市场预测的可能与不可能,代表作与研究方法,analysis,2014-09-18,day,5,02_markdown_articles/019_2014-09-18_市场预测的可能与不可能.md,OEBPS/text/article-019-analysis-2014-09-18-z3ob9o.xhtml,高善文文集V4.0.epub,d84eb38d989588b66ec63d0dce528f94564ecd444f043f7c46dfd21c12dc4366,3015,2743,0,,2012年夏初，有位清华大学的研究生写信给我，谈到他在实习期间从事市场研究过程中的一些困惑，希望我能够提一些建议。以己昏昏，使人昭昭，这显然是我难以胜任的工作，并且还有误人子弟的风险。但想来想去，借这个机会谈一点我的...,051,retained_exact,da57fbd3a9cff9d590f97c513bf5b59aeba146a89c3e613e05853d457aba93b8,fd24d831683b78c267bfab40b37dc946f027c18b714f3954c4603a7f00422256,1.00000000,0,0,0
020,中美贸易摩擦深处的忧虑,代表作与研究方法,representative,2018-07-31,day,18,02_markdown_articles/020_2018-07-31_中美贸易摩擦深处的忧虑.md,OEBPS/text/article-020-representative-2018-07-31-lrxbyg.xhtml,高善文文集V4.0.epub,d84eb38d989588b66ec63d0dce528f94564ecd444f043f7c46dfd21c12dc4366,12351,11156,0,,随着中国经济实力和综合国力的提升，世界经济无可避免地正在进入G2格局，这对目前的全球经济治理体系形成重大挑战，中美之间的摩擦和潜在冲突由此势所难免。,089;090,consolidated_from_v3,9b41abd58c529ae4e9909755770505973bbe7fd334990a474b786b19d488af9b,f5bca79e89435f578b4d4dd67b63dbbbf28567a5f4ca341de26821e23b3be25c,1.00000000,5,0,0
021,通胀趋势与风险分析,周期、通胀与人口,analysis,2009-09-29,day,9,02_markdown_articles/021_2009-09-29_通胀趋势与风险分析.md,OEBPS/text/article-021-analysis-2009-09-29-cf40-203.xhtml,高善文文集V4.0.epub,d84eb38d989588b66ec63d0dce528f94564ecd444f043f7c46dfd21c12dc4366,5848,5007,4,文章图表 | 文章图表 | 文章图表 | 文章图表,大概在十几年前，我就试图比较系统地考察中国通胀问题，当时花了很多精力，但始终一头雾水，不得要领。后来因为工作的原因，特别是过去六七年，几乎每年、每个季度都会面临对这个问题的分析和判断。在这个过程中，我逐步积累和形成了...,,new_in_v4,ef19148a7772cc6bc813b6d6156bb9f0fe6f98bf4c84cdd3db99fbcf898244a6,611d3288d0dc6634ce447f259d1a8bbcda21da4021cd977b342e0a8f62493479,1.00000000,0,0,0
022,上升的地平线——刘易斯拐点与通胀裂口,周期、通胀与人口,analysis,2010-09-02,day,18,02_markdown_articles/022_2010-09-02_上升的地平线——刘易斯拐点与通胀裂口.md,OEBPS/text/article-022-analysis-2010-09-02-cf40-435.xhtml,高善文文集V4.0.epub,d84eb38d989588b66ec63d0dce528f94564ecd444f043f7c46dfd21c12dc4366,11441,9289,33,图 1：日本实际工资指数同比（%） | 图 2：日本的 PPI 和 CPI（%） | 图 3：日本 CPI 分类同比变化（%） | 图 4：日本 CPI 鲜菜和个人护理（%） | 图 5：CPI、PPI 和 CPI 食品的定基数（1993=100） | 图 6：中国三种粮食平均单位产量的成本趋势（1990=100） | 图 7：CPI 和 CPI 家庭服务及加工维修服务费同比变化（%） | 图 8：中国种粮单位劳动动力机会成本（元/日） | 图 9：中国不同劳动力密集农产品的累计涨幅（2000 年-2007 年） | 图 10：中国不同劳动力密集农产品的生产者价格潜在涨幅 | 图 11：中国过去二十年的 CPI 和 PPI 的变化（%） | 图 12：发电设备平均利用小时 | 图 13：中国过去十年的 CPI 和 PPI 的变化（%） | 图 14：CPI 鲜菜的两年复合同比增长率（%） | 图 15：CPI 粮食的两年复合同比增长率（%） | 图 16：韩国实际工资指数同比（%） | 图 17：韩国的 PPI 和 CPI（%） | 图 18：韩国的 CPI 食品和 CPI 非食品（%） | 图 19：台湾实际工资指数同比（%） | 图 20：台湾的 WPI 和分类 CPI（%） | 图 21：日本各部门通胀和生产效率进步（1961 年-1992 年） | 图 22：美国各部门通胀和生产效率进步（1962 年-1991 年） | 图 23：中国不同劳动力密集农产品的累计涨幅（2000 年-2007 年） | 公式 | 公式 | 公式 | 公式 | 图 23：中国不同劳动力密集农产品的累计涨幅（2000 年-2007 年） | 公式 | 图 23：中国不同劳动力密集农产品的累计涨幅（2000 年-2007 年） | 公式 | 公式 | 图 24：中国不同劳动力密集农产品的生产者价格潜在涨幅,未来几年中国CPI波动的中轴水平将出现系统性抬升，从过去十年2%的均值 水平上升到 3-4%。由于同期 PPI 的波动中轴大体稳定，CPI 与 PPI 之间将形成明 显的通货膨胀裂口。,,new_in_v4,576e7f79571ee012d009f418636ddbfd9670dc231efac9ee14d5020408ad92d3,a6efa9759b2d931bc8f9c79955f1bb430c2d4d02344d29235491148d08824d8a,1.00000000,0,0,0
023,2011看波段,周期、通胀与人口,analysis,2011-01-31,day,3,02_markdown_articles/023_2011-01-31_2011看波段.md,OEBPS/text/article-023-analysis-2011-01-31-cf40-574.xhtml,高善文文集V4.0.epub,d84eb38d989588b66ec63d0dce528f94564ecd444f043f7c46dfd21c12dc4366,1438,1243,0,,2011年很难是一个单边上涨的牛市，一季度、四季度的表现将好于二季度、三季度,,new_in_v4,b2e98f5bc60a36e0d4698a49923513c06e123b170ec4ea25badb0b41df56420e,1bb16f68ee44102c6a2ca94dde7efaf11caa7cd7da56ec3665701af2868606f5,1.00000000,0,0,0
024,掀开货币的面纱之二– 产出缺口与通货膨胀,周期、通胀与人口,analysis,2011-06-08,day,7,02_markdown_articles/024_2011-06-08_掀开货币的面纱之二–_产出缺口与通货膨胀.md,OEBPS/text/article-024-analysis-2011-06-08-nl9vt9.xhtml,高善文文集V4.0.epub,d84eb38d989588b66ec63d0dce528f94564ecd444f043f7c46dfd21c12dc4366,4628,4138,0,,在“面纱”系列一中我们已经看到用货币供应量来预测短期通货膨胀可能会有很大问题。在本文中作者分析了另一流行的通胀预测思路，即产出缺口方法。 利用这一方法预测中国通货膨胀形势，缺乏严密理论基础的，实践风险很大。我们在此感...,022,retained_exact,811129cd3e173e1a320102a3ce9174687c15f012d156332756fbdf0fad2dfc6a,e8790fab51dc158477af3db2f3c205abfce144530aa7b6e0b0253552c1d70944,1.00000000,6,0,0
025,通货膨胀的理解框架,周期、通胀与人口,analysis,2011-06-17,day,7,02_markdown_articles/025_2011-06-17_通货膨胀的理解框架.md,OEBPS/text/article-025-analysis-2011-06-17-1mbdi65.xhtml,高善文文集V4.0.epub,d84eb38d989588b66ec63d0dce528f94564ecd444f043f7c46dfd21c12dc4366,4464,3972,0,,在货币面纱系列中我们已经看到，无论是使用货币总量方法还是产出缺口方法来预测中国的中短期通货膨胀，在理论基础上和实践操作中恐怕都是有一些问题的。作者在本文中对中国通货膨胀的理解框架进行了进一步的思考。我们对通货膨胀的看...,023,retained_exact,7bcf1004ac9eff3987f572b2943b30066fd4d558d6686a0aafb5a29b175cb805,b3b5ea2d8168b12a4b7594d0759d54e740496e4ead90a727f05da5e124c68b4d,1.00000000,5,0,0
026,潮水退去,周期、通胀与人口,analysis,2011-07-14,day,17,02_markdown_articles/026_2011-07-14_潮水退去.md,OEBPS/text/article-026-analysis-2011-07-14-cf40-694.xhtml,高善文文集V4.0.epub,d84eb38d989588b66ec63d0dce528f94564ecd444f043f7c46dfd21c12dc4366,11701,10159,23,图1：CPI 增速预测（%） | 图2：猪粮比 | 图3：中美PPI 同比增速（%） | 图4：全球工业同比增速与中国规模以上工业同比增速 | 图5：OECD 工业同比增速与中国规模以上工业同比增速（%） | 图6：全球工业指数季度环比增速（%，季调） | 图7：OECD 工业指数季度环比增速（%，季调） | 图8：中国不同劳动力密集农产品的累计涨幅（2000 年-2007 年） | 图9：中国不同劳动力密集农产品的累计涨幅（1990 年-2000 年） | 图10：城乡月度CPI 蔬菜价格增速差（%，农村-城市） | 图11：城乡社会消费品零售增速差（县-城市，%） | 图12：加权平均利率绝对值（%） | 图13：加权贷款利率较基准利率上浮（%） | 图14：第二产业名义增速与GDP 名义增速（%） | 图15：社会融资总量同比增速与贷款增速（%） | 图16：社会融资总量同比增速II（%） | 图17：贸易盈余占名义GDP 比例（季度，%） | 图18：名义和实际贸易盈余占比（%） | 图19：工业企业利润率（%） | 图20：工业企业下游利润率（%） | 图21：工业企业中游利润率（%） | 图22：工业企业上游利润率（%） | 图23：工业企业上、中、下游增加值占比图,本轮通货膨胀的潮水可能正在退去。我们预计通货膨胀的高点将在最近一两个月出现，随后通胀将波动下行，并在明年2季度下降到3%甚至更低的水平。,,new_in_v4,0b93a455bc1b5bcb3c167db9c90906f9094985c3544f8ee7935048f0cbbcfde8,e325b75e07f797a30b049a6dda181c9ffac1c1f8fe10f90f4c176802d5f5f7a4,1.00000000,0,0,0
027,货币与通胀长期关系的简要回顾,周期、通胀与人口,analysis,2011-08-19,day,8,02_markdown_articles/027_2011-08-19_货币与通胀长期关系的简要回顾.md,OEBPS/text/article-027-analysis-2011-08-19-cf40-740.xhtml,高善文文集V4.0.epub,d84eb38d989588b66ec63d0dce528f94564ecd444f043f7c46dfd21c12dc4366,4701,3943,6,图1：货币供应量增速与通货膨胀率 | 图2：货币供应量增速与通货膨胀率 | 图2：货币供应量增速与通货膨胀率 | 公式 | 图2：货币供应量增速与通货膨胀率 | 公式,货币主义一般认为在长期内货币与通胀之间存在稳定和紧密的联系；在一些研究中，有些学者进一步认为货币供应甚至在短期内都可以提供关于经济增长和通货膨胀的可靠预测。本系列以文献调查为基础，结合必要的经验数据，回顾和总结了货币...,,new_in_v4,f4eb7d4b74d7bb1fe5e8ba0a1dccaadaecd893ff6266eae7d12b5cb7a80732d9,4d1810e84246c695be731b4205ecc0846495dc8cf3e5a58df15afd190a1cee50,1.00000000,0,0,0
028,掀开货币的面纱之三-中国的通货膨胀与货币供应,周期、通胀与人口,analysis,2011-08-22,day,14,02_markdown_articles/028_2011-08-22_掀开货币的面纱之三-中国的通货膨胀与货币供应.md,OEBPS/text/article-028-analysis-2011-08-22-1aj4ecp.xhtml,高善文文集V4.0.epub,d84eb38d989588b66ec63d0dce528f94564ecd444f043f7c46dfd21c12dc4366,9488,8481,0,,在掀开货币的面纱系列前两篇报告中我们提到，利用货币供应量和产出缺口预测中国的通货膨胀存在理论和实践上的困难。因此需要进一步分析影响中国通货膨胀的更为核心的因素。,024,retained_exact,6c117325d110345521609cd33a466112d046696f937d69dd4a7d0f91969ee6af,64c03d571752b846b8688891e05a29a00585291b54500957ef8488fed251187c,1.00000000,5,0,0
029,新经济周期的是与非,周期、通胀与人口,analysis,2011-08-29,day,7,02_markdown_articles/029_2011-08-29_新经济周期的是与非.md,OEBPS/text/article-029-analysis-2011-08-29-1tp9faf.xhtml,高善文文集V4.0.epub,d84eb38d989588b66ec63d0dce528f94564ecd444f043f7c46dfd21c12dc4366,4438,4056,0,,引言：美欧金融市场再起风云，全球经济恢复一波三折，中国政府刺激力竭难继，内需增长局谜云诡。新周期—假说还是传说？未来支持经济的因素何在？市场风险何在？本文讨论新周期的是与非、兼评全球金融动荡对中国经济和市场的影响。,025,retained_exact,b3a1235f216f41cca7ca5f68a48a57e8b75912754707824c9129688470b77e7a,ea7a4612e1d4fbb3019b6150bfd5157698795243e534cdc4e58e1f99923b1e12,1.00000000,5,0,0
030,通胀是股市的“情敌”,周期、通胀与人口,analysis,2011-09-13,day,5,02_markdown_articles/030_2011-09-13_通胀是股市的“情敌”.md,OEBPS/text/article-030-analysis-2011-09-13-hpt5hk.xhtml,高善文文集V4.0.epub,d84eb38d989588b66ec63d0dce528f94564ecd444f043f7c46dfd21c12dc4366,3034,2651,0,,近期市场对通货膨胀和股市之间的关系探讨很多，其中很多立足于美国经济金融史的现成结论，可能并不适用于中国。中国通胀与股市之间的关系复杂并且有趣，可以简单地概括为“情敌”关系，即开始时是“情人”，相互扶持，后期则变成“敌...,026,retained_exact,26ed2e4c52ac094ec7368f39b7168dd5cb8292d4eefcbdf4c635acb202dc1f87,519ea8c74745ed96bd2bd77c34aaf2e4a64dc1e61a16e59ddc4bf207557ab62b,1.00000000,0,0,0
031,固本培元,周期、通胀与人口,analysis,2012-06-29,day,14,02_markdown_articles/031_2012-06-29_固本培元.md,OEBPS/text/article-031-analysis-2012-06-29-ydl9ff.xhtml,高善文文集V4.0.epub,d84eb38d989588b66ec63d0dce528f94564ecd444f043f7c46dfd21c12dc4366,9428,8427,0,,在中长期跨度内，比如未来2-3年时间里，我们认为实体经济将经历U型调整。目前我们处于U型左侧正在形成底部的位置，左侧底部有望在今年2-3季度之间达到。,033,retained_exact,52c1c29fe3505277a8e594179a846a994fafb286f4c91f6cbab34d2e073390b9,ebb1a5a826509fdaad110559760e34929a4fbe102c0949acab4d37e82492c2ee,1.00000000,27,0,0
032,总量扩张政策难解结构性失业问题,周期、通胀与人口,analysis,2014-04-20,day,9,02_markdown_articles/032_2014-04-20_总量扩张政策难解结构性失业问题.md,OEBPS/text/article-032-analysis-2014-04-20-cf40-1619.xhtml,高善文文集V4.0.epub,d84eb38d989588b66ec63d0dce528f94564ecd444f043f7c46dfd21c12dc4366,5825,5016,11,图1 经济增速与城镇就业增速 | 图2 经济增速与城镇就业增速散点图 | 图3 经济增速与城镇职工平均工资实际增速 | 图4 经济增速与城镇职工平均工资实际增速散点图 | 图5外出农民工月均工资名义增速 | 图6 求人倍率：按年龄 | 图7求人倍率：按学历 | 图8 城镇就业增速与适龄劳动人口增速 | 图 9 城镇就业渗透率的变化 | 图 9 城镇就业渗透率的变化 | 图10 GDP实际城镇就业渗透率的变化,提要：经济增长分别和城镇就业增速、工资增长之间存在非常紧密的联系。目前中国劳动力市场存在结构性问题，按年龄来分组，有一定工作经验的劳动力极其短缺，而45岁以上人群出现严重供过于求；从学历来看，对职高、技校和中专毕业生...,,new_in_v4,c430166080a526550c74382432e6572ae178606c514069ce4cbf66e3e0641d6e,0cb239ed3ee2c30ea70cbf634024338cfcfd5d7be972b12216cf245df9b34259,1.00000000,0,0,0
033,经济增长与城镇新增就业,周期、通胀与人口,analysis,2014-05-08,day,8,02_markdown_articles/033_2014-05-08_经济增长与城镇新增就业.md,OEBPS/text/article-033-analysis-2014-05-08-133h92r.xhtml,高善文文集V4.0.epub,d84eb38d989588b66ec63d0dce528f94564ecd444f043f7c46dfd21c12dc4366,3053,2639,6,图1：GDP 实际增速与城镇就业人口存量增速，% | 图2：GDP 实际增速与城镇单位职工平均工资实际增速，% | 图3：GDP 实际增速与城镇单位职工平均工资实际增速，% | 图4：按年龄分组人才市场求人倍率 | 图5：按学历分组人才市场求人倍率 | 图6：中国适龄劳动人口数量，15-64 岁,政府稳增长的一个重要考虑，甚至最为重要的考虑是保就业。,047,retained_exact,2a4ade7890b2db9d0ce124cdea866e524244de7af92d70d41ec8d8724fc21ff3,17dbb2219ba5938a1810c0cd2fcd0bcbc29d271b0ada91652ed28316cae5d357,1.00000000,0,6,6
034,上升的地平线,周期、通胀与人口,analysis,2015-05-15,day,2,02_markdown_articles/034_2015-05-15_上升的地平线.md,OEBPS/text/article-034-analysis-2015-05-15-cf40-1953.xhtml,高善文文集V4.0.epub,d84eb38d989588b66ec63d0dce528f94564ecd444f043f7c46dfd21c12dc4366,929,808,0,,这是我们在2010年9月撰写的一篇研究报告，主要讨论中国低端劳动力市场的情况及其长期影响。,,new_in_v4,6c238fcedcc2c654571e006a4c7931255e9a537e8d9055939b2f7a305b239c46,9863b4667421d75604b9febdbf4200ce4d495876a4851242e92feb877da7ef2c,1.00000000,0,0,0
035,反思2016年的两种经济现象,周期、通胀与人口,analysis,2017-02-27,day,5,02_markdown_articles/035_2017-02-27_反思2016年的两种经济现象.md,OEBPS/text/article-035-analysis-2017-02-27-cf40-2467.xhtml,高善文文集V4.0.epub,d84eb38d989588b66ec63d0dce528f94564ecd444f043f7c46dfd21c12dc4366,3369,2982,0,,我个人觉得经济政策，包括面向政策的经济形势分析报告，一定要立足于预测。因为政策产生效果需要时间，经济形势报告一定是落脚在政策建议上，所以必须有预测。这是与学术研究非常重要的差异。,,new_in_v4,9d570c3f5cf150a9f7ede756e2f19784b480fc2ca80c50c89a502bb41aa37d87,ecbb44d4321f2d2802c4b3aff051cb3f1107956e33edfe0e1b05373b9f73fa81,1.00000000,0,0,0
036,年内经济前高后低 中长期景气前景仍值得期待,周期、通胀与人口,analysis,2017-07-12,day,5,02_markdown_articles/036_2017-07-12_年内经济前高后低_中长期景气前景仍值得期待.md,OEBPS/text/article-036-analysis-2017-07-12-1s0j49i.xhtml,高善文文集V4.0.epub,d84eb38d989588b66ec63d0dce528f94564ecd444f043f7c46dfd21c12dc4366,3420,2998,0,,——《大浪淘沙》2017年中期策略会报告（三）,073,retained_exact,a47187482fd11d96d70b89634457202873247cf8be68139b84a1d70d5544ccbe,19f80d1430b09b7c0c599fd570b44e391bc9c867026d33128bf1ef0cd69c9b01,1.00000000,3,0,0
037,关于经济周期的一些看法,周期、通胀与人口,analysis,2017-09-07,day,5,02_markdown_articles/037_2017-09-07_关于经济周期的一些看法.md,OEBPS/text/article-037-analysis-2017-09-07-cf40-2628.xhtml,高善文文集V4.0.epub,d84eb38d989588b66ec63d0dce528f94564ecd444f043f7c46dfd21c12dc4366,2888,2637,0,,在当下的财经媒体上，关于周期的讨论十分热闹；在一些社交媒体中，各方观点针锋相对，隔空交手，场面颇为火爆。一些看热闹的吃瓜群众调侃说，经济的周期姑且不论，分析员的情绪肯定是有周期的，显然这并非指由于女分析员生理周期变化...,,new_in_v4,e120e405866176ad941fee10e192618330b7fbed7d0c0c5d785d0db417cb2739,a2e3c2877e477fc464df4cec149ea479fbd87576919dbc11e3d4b902cc1cceb8,1.00000000,0,0,0
038,知止不殆,周期、通胀与人口,analysis,2019-12-08,day,38,02_markdown_articles/038_2019-12-08_知止不殆.md,OEBPS/text/article-038-analysis-2019-12-08-1c9smie.xhtml,高善文文集V4.0.epub,d84eb38d989588b66ec63d0dce528f94564ecd444f043f7c46dfd21c12dc4366,24339,20636,63,图1：转型中的实际GDP 增速，% | 图2：转型中的人均耗电，千瓦时/年 | 图3：转型中的城市化率，% | 图4：转型中非农就业占适龄劳动人口比，% | 图5：转型开始后8 年出口份额累积提升比例，% | 图6：转型中制造业实际工资指数 | 图7：转型中制造业实际工资指数（汇率调整） | 图8：转型中人均汽车保有量，辆/人 | 图9：转型中人均汽车保有量（基年调整），辆/人 | 图10：转型中投资率，% | 图11：转型开始后投资率的下降，% | 图12：转型中杠杆率，% | 图13：转型开始后8 年杠杆率的累积提升率，% | 图14：转型开始后8 年杠杆率的累积提升率，% | 图15：发债企业ROE：民企-国企，% | 图16：AA 级发债企业ROE：民企-国企，% | 图17：发债的上市和未上市国企、民企ROE，% | 图18：3 年期AA 级企业发债利率：民企-国企，% | 图19：1 年期AA+级企业发债利率：民企-国企，% | 图20：1 年期AA+级信用债二级市场收益率：民企-国企，% | 图21：产业债利差：民企-中央国企，BP | 图22：产业债利差：民企-地方国企，BP | 图23：ROE<10%分位数的企业的ROE 均值：民企-国企，% | 图24：ROE<3%的企业的ROE 均值：民企-国企，% | 图25：ROE<0 的企业的ROE 均值：民企-国企，% | 图26：企业的现金流：民企-国企，% | 图27：ROE<10%分位数的企业的现金流：民企-国企，% | 图28：上市公司PE 值：民企-国企 | 图29：上市公司PB 值：民企-国企 | 图30：PE 与ROE：民企-国企 | 图31：PB 与ROE：民企-国企 | 图32：规上工业企业资产负债率：民企V.S.国企，% | 图33：各风格板块上市公司资产负债率：民企V.S.国企，% | 图34：全球出口名义和实际同比，% | 图35：中国出口同比和对美出口同比，% | 图36：名义和实际贸易盈余/GDP，% | 图37：全社会固定政策投资同比，% | 图38：基础设施投资当季同比，% | 图39：狭义和广义地方政府债务余额同比，% | 图40：城投平台有息负债余额同比，% | 图41：制造业投资：出口依赖度高V.S.低，% | 图42：限产组和对照组工业增加值同比，% | 图43：限产组和对照组工业增加值同比，% | 图44：商品房非合意存货，千平方米 | 图45：房地产销售面积和新开工面积同比，% | 图表 | 图表 | 图表 | http://s4.sinaimg.cn/mw690/002jf5rkgy6QV0VPTjBd3&690 | http://s14.sinaimg.cn/mw690/002jf5rkgy6QV0X7NmJfd&690 | http://s8.sinaimg.cn/mw690/002jf5rkgy6QV0Z1SWbf7&690 | http://s4.sinaimg.cn/mw690/002jf5rkgy6QV11g0x5b3&690 | http://s12.sinaimg.cn/mw690/002jf5rkgy6QV11snqP2b&690 | 图表 | 图表 | 图表 | 图表 | 图表 | http://s1.sinaimg.cn/mw690/002jf5rkgy6QV1jciisb0&690 | http://s13.sinaimg.cn/mw690/002jf5rkgy6QV1kGYNeec&690 | http://s10.sinaimg.cn/mw690/002jf5rkgy6QV1mkHxLb9&690 | http://s16.sinaimg.cn/mw690/002jf5rkgy6QV1nj7BR3f&690 | http://s11.sinaimg.cn/mw690/002jf5rkgy6QV1p6s7Uda&690,在中国经济转型的回顾和评价部分，我们强调，过去8年中国的经济转型，与转型时期的日本、韩国和中国台湾相比，在经济增长率、城市化率、出口和制造业竞争力等指标上，中国的表现都是正常，甚至比较出色的。但同时也要看到，我国经济...,093,retained_exact,1d65b23f1be970868a60feb5d768507991a36a4046118193fd78992acdb3dcb5,4a2cf208c0d1d177e844b253c61b544ac6ea1dfca9bcc24ab153a9f03c4fec4e,1.00000000,0,48,45
039,观察一季度经济数据的三个维度,周期、通胀与人口,analysis,2020-05-03,day,9,02_markdown_articles/039_2020-05-03_观察一季度经济数据的三个维度.md,OEBPS/text/article-039-analysis-2020-05-03-cf40-3357.xhtml,高善文文集V4.0.epub,d84eb38d989588b66ec63d0dce528f94564ecd444f043f7c46dfd21c12dc4366,6184,5612,9,图1：金融海啸和新冠疫情对经济增速的影响 | 图2：金融海啸和新冠疫情对工业增加值的影响 | 图3：金融海啸和新冠疫情对PPI的影响 | 图4：金融海啸和新冠疫情对非食品CPI的影响 | 图5：金融海啸和新冠疫情对CPI的影响 | 图6：新冠疫情对线上、线下消费总量的影响 | 图7：新冠疫情对线上食品、日用品、服装消费的影响 | 图8：新冠疫情对日用品消费的影响 | 图9：金融海啸和新冠疫情对家庭服务及加工维修服务的影响,以2020年第一季度经济数据为基础，从经济增速的角度来看，疫情冲击下的经济增速下滑幅度是金融海啸的四倍。,,new_in_v4,c512cce0a12df7802e154629e69b70c54f5bd75295b15f428bb32c11386d4a3c,e9f4be7ab839739ec95635643ff7f631e70f86bfc58fae749e28f4cc20006701,1.00000000,0,0,0
040,关于中国通货膨胀形成机制的几点观察,周期、通胀与人口,analysis,2022-11-14,day,15,02_markdown_articles/040_2022-11-14_关于中国通货膨胀形成机制的几点观察.md,OEBPS/text/article-040-analysis-2022-11-14-1x1gha2.xhtml,高善文文集V4.0.epub,d84eb38d989588b66ec63d0dce528f94564ecd444f043f7c46dfd21c12dc4366,8500,6949,24,图1：中美PPI 同比，% | 图2：CPI 和核心CPI，% | 图表 | 图3：中国PPI 和CPI 食品分项当季同比，% | 图4：农产品和生产资料价格指数同比，% | 图5：农产品资料价格和农村人均农业纯收入同比，% | 图6：各类食品价格对第二产业GDP 缩减指数的相关系数，% | 图7：各类食品价格对第二产业GDP 缩减指数的弹性，% | 图8：中国PPI 和CPI 食品分项当季同比，% | 图9：各类食品价格对第二产业GDP 缩减指数的相关系数，% | 图10：各类食品价格对第二产业GDP 缩减指数的弹性，% | 图表 | 图表 | 图11：农民工月均工资和城镇就业工资比例，元，% | 图12：总体和分产业劳动生产效率年均增长率，% | 图13：2013-2019 年产出缺口与核心CPI，% | 图14：全国居民恩格尔系数，% | 图15：各经济体CPI 中食品烟酒分项权重，% | 图16：农村居民支出中非现金占比，% | 图17：城镇和农村居民消费中非现金支出比率，% | 图18：农村居民当年新增银行存款占总储蓄比重，% | 图19：不同规模生猪饲养户数 | 图20：生猪生产成本：规模养殖/散养，% | 图表,本文基于作者2022年10月份在北大汇丰商学院的演讲整理形成，主要讨论了1980年以来中国通货膨胀形成机制的两次重大结构性变化，分析了这些变化发生的宏观背景和微观机理，并对当前通货膨胀形成过程的新特点进行了探讨。,101;102,consolidated_from_v3,6e4e5170b36f07bdb66d82ef002f598d29c4285d50cee0f125554686fab7cdb5,1b7a85a185dbe1c0c2784a041f71244a1aebe9274701d0c07239f4de96af7c9b,1.00000000,0,22,20
041,顺势而为,周期、通胀与人口,analysis,2023-06-13,day,18,02_markdown_articles/041_2023-06-13_顺势而为.md,OEBPS/text/article-041-analysis-2023-06-13-1h21gmn.xhtml,高善文文集V4.0.epub,d84eb38d989588b66ec63d0dce528f94564ecd444f043f7c46dfd21c12dc4366,10489,9119,23,图1：MSCI 发达市场指数，点 | 图2：各发达经济体股价指数，点 | 图3：发达国家国债收益率，% | 图4：发达国家核心CPI 同比，% | 图5：MSCI 新兴市场指数，点 | 图6：发展中国家股价指数，点 | 图7：新兴经济体美元债收益率和本币债收益率，% | 图8：发展中国家国债收益率，% | 图9：发展中国家核心CPI 同比，% | 图10：放开后正常状态发达国家GDP 环比折年率，% | 图11：放开后正常状态发展中国家GDP 环比折年率，% | 图12：发达国家超额储蓄率，% | 图13：部分国家财政补贴力度与储蓄率偏离度，% | 图14：不同阶段家庭消费支出同比差值-GDP 同比差值，% | 图15：各国老龄人口劳动参与率2022 年较2019 年变化，% | 图16：美国绿卡发放人数，万人 | 图17：核心CPI 差值与55 岁以上人口劳动参与率差值，% | 图18：中国居民超额储蓄率，% | 图19：外出务工劳动力人数同比，% | 图20：外出务工劳动力工资月均收入同比，% | 图21：沪深300 与申万房地产指数 | 图22：不同阶段申万房地产相对沪深300 差额跌幅，% | 图23：A 股民营和国有房地产企业指数,过去三年疫情对发达和新兴经济体的中长期影响差异巨大。对发达国家而言，疫情后居民部门超额储蓄快速释放、劳动参与率下降。在这两股力量的交互作用下，发达经济体普遍经历了通胀中枢的上升和经济预期的改善，这些影响在股票、债券、...,104,retained_exact,fb43c91b7c10fcddbf181b0927171a29c03067cc101a1527dd813ab2749b3abc,27217edfe6a952d8afc9f850921a73b8cfd13e79f017e1f183582908dde43a73,1.00000000,0,23,23
042,针对当前中国经济问题的几点观察,周期、通胀与人口,analysis,2023-07-26,day,7,02_markdown_articles/042_2023-07-26_针对当前中国经济问题的几点观察.md,OEBPS/text/article-042-analysis-2023-07-26-cf40-4507.xhtml,高善文文集V4.0.epub,d84eb38d989588b66ec63d0dce528f94564ecd444f043f7c46dfd21c12dc4366,4494,4071,0,,朱鹤、张斌和郭凯的演讲从不同侧面描绘了关于当前经济运行的丰富图景，并围绕最主要的政策争论进行了深入客观且全面的阐述，其对当前经济的观察、思考和判断，丰富和深化了我们对当下经济问题和政策选择的理解，有助于我们在更好地认...,,new_in_v4,ca7cc3821fc76d06775c8bf28993f24ca96f0f80d54263bd1edeec454b3066c5,2af53d034cf87c0f7610c3b7cdf5d0b44799a54bca4f6194b492ccdd4cc96f1b,1.00000000,0,0,0
043,稳住阵脚，徐图进取,流动性、利率与汇率,analysis,2010-11-11,day,3,"02_markdown_articles/043_2010-11-11_稳住阵脚,徐图进取.md",OEBPS/text/article-043-analysis-2010-11-11-cf40-497.xhtml,高善文文集V4.0.epub,d84eb38d989588b66ec63d0dce528f94564ecd444f043f7c46dfd21c12dc4366,1448,1306,0,,从三季度数据来看，经济增速已经从二季度的快速下降中稳住阵脚，出现了一些温和恢复的迹象。这一过程在未来一两个季度内可能仍将持续，但经济重拾强劲的上升势头可能尚需时日。毕竟房地产市场仍有很多压力需要逐步消除；财政政策，尤...,,new_in_v4,2b024516257b194214a3f3ff2d362bbbab8139e84c9480c2a10cd528ec8a5a40,8305d34bc2d53e247638b968dbb7b163f392a7fced1f66e884cdd85c59107135,1.00000000,0,0,0
044,人民币国际化―――问题与思考,流动性、利率与汇率,analysis,2011-05-24,day,12,02_markdown_articles/044_2011-05-24_人民币国际化―――问题与思考.md,OEBPS/text/article-044-analysis-2011-05-24-pk1kfh.xhtml,高善文文集V4.0.epub,d84eb38d989588b66ec63d0dce528f94564ecd444f043f7c46dfd21c12dc4366,8097,7387,0,,随着“国际板”渐行渐近，人民币国际化的讨论再度兴起。人民币距离国际储备货币还有多远？人民币国际化的利益何在？作者在本文中就人民币国际化的相关问题进行了思考。全文如下：,021,retained_exact,4288511d0ec2f389262daf87499c3ec0f1dcae70a3c986c245883993c0cccbd8,2feff0e35acecbf59b8fdd9b7fc6369b7921a33886ffd476096f59c354aed2ac,1.00000000,6,0,0
045,内需显著下降，流动性趋近拐点,流动性、利率与汇率,analysis,2012-02-20,day,4,"02_markdown_articles/045_2012-02-20_内需显著下降,流动性趋近拐点.md",OEBPS/text/article-045-analysis-2012-02-20-1fnty3l.xhtml,高善文文集V4.0.epub,d84eb38d989588b66ec63d0dce528f94564ecd444f043f7c46dfd21c12dc4366,2768,2503,0,,（本文为2012年2月13日电话会议讨论内容）,032,retained_exact,459d2bca10176613733065e055727255be5b92534ea56756d75a3d6044a99164,944f0b7982e6a2c6f4794def79389b3fd57092d72ec6488b8db4074df07fca08,1.00000000,5,0,0
046,短期内尾部风险下降，长期内尾部风险上升,流动性、利率与汇率,analysis,2013-06-26,day,1,"02_markdown_articles/046_2013-06-26_短期内尾部风险下降,长期内尾部风险上升.md",OEBPS/text/article-046-analysis-2013-06-26-1lqkujw.xhtml,高善文文集V4.0.epub,d84eb38d989588b66ec63d0dce528f94564ecd444f043f7c46dfd21c12dc4366,627,576,0,,随着央行调整政策立场，我们之前提出的在紧缩性货币政策条件下的三波冲击也将受到一定影响。基本的看法是：第一波得到控制；第二波还在发酵，破坏性可能会小一些；第三波还会发生，但程度有所缓和。长期来看，经济结构性问题如不解决...,040,retained_exact,610fb9d2a7a20f4e2dae54d250e1ef2260c8abb26bc784b6ecd3193b0d2c2c53,95c33795e85357ae2198dcd80c2e28ae029ff549ffdc5fc2d53f651938316f6c,1.00000000,0,0,0
047,潮起潮落,流动性、利率与汇率,analysis,2013-07-12,day,18,02_markdown_articles/047_2013-07-12_潮起潮落.md,OEBPS/text/article-047-analysis-2013-07-12-drn2d1.xhtml,高善文文集V4.0.epub,d84eb38d989588b66ec63d0dce528f94564ecd444f043f7c46dfd21c12dc4366,10173,8438,36,图1：房地产开发投资增速（%） | 图2：政府基础设施建设投资增速（%） | 图3：建筑业产出增速（%） | 图4：水泥产量增速（%） | 图5：用电量增速（%） | 图6：钢材产量增速（%） | 图7：限额以上餐饮服务业收入增速（%） | 图8：住宿餐饮业产出增速（%） | 图9：批发零售业业产出增速（%） | 图10：原煤产量增速（%） | 图11：铁矿石产量增速（%） | 图12：煤炭净进口占消费量的比例（%） | 图13：煤炭开采和洗选业利润增速（%） | 图14：煤炭开采和洗选业投资增速（%） | 图15：中美工业品价格波动（%） | 图16：中国出口波动（MA3，%） | 图17：贸易盈余表现（亿美元） | 图18：OECD 工业环比（MA3，%） | 图19：新兴经济体工业环比（MA3，%） | 图20：OECD 工业产出（MA3，%） | 图21：新兴经济体工业产出（MA3，%） | 图22：发达经济体与新兴经济体的比较（MA3，%） | 图23：PPI 环比（%） | 图24：新兴市场的汇率、股指和债券OAS | 图25：非金融A 股ROE | 图26：制造业投资增速（%） | 图27：欧洲同业拆借利差（%） | 图28：其他存款性公司国外净资产（十亿人民币） | 图29：外汇占款投放（亿人民币） | 图30：资本流入（亿人民币） | 图31：一年期NDF 市场人民币升值预期（%） | 图32：中国和十大新兴经济体兑美元汇率指数（2010 年1 月=100） | 图33：国债收益率（%，10 年期对应右轴） | 图34：银行间中短期票据收益率（%） | 图35：一般贷款加权利率与票据融资加权利率（右轴）（%） | 图36：贷款增速与社会融资规模增速（%）,本文首先讨论实体经济。金融危机以后，发达国家量化宽松政策，犹如一次次电击，带来了全球工业生产活动显著的脉冲式波动；也给过去几年中国的经济和市场运行，带来了很多完全基于国内因素难以理解的特征。,041;107,consolidated_from_v3,e31d607016f15141cca837b65cf3863f714927c9d81a7f970db20919a28a8de1,d8b59925ff87eaceca8c66faa9a12e641232ab6e1377dddef36e6aed2ecf1a19,1.00000000,12,36,36
048,债券之殇,流动性、利率与汇率,analysis,2013-12-13,day,13,02_markdown_articles/048_2013-12-13_债券之殇.md,OEBPS/text/article-048-analysis-2013-12-13-1j8ud9w.xhtml,高善文文集V4.0.epub,d84eb38d989588b66ec63d0dce528f94564ecd444f043f7c46dfd21c12dc4366,8927,8214,0,,对于此轮债券市场的“熊市”，我们从三个方面进行讨论：第一、实体经济过剩储蓄的收缩；第二、全球经济的恢复和货币政策预期的变化；第三、商业银行资产负债表的调整。,042,retained_exact,15377e15f5aad8f3c84c05ebe224a16a8f3813f027e484b7e97ea17066f6db20,3de6c8c5cfc577e57c8f211dd423b6e32b200f2570de2a3c507b1a33095f24d9,1.00000000,8,0,0
049,IPO注册制和利率市场化改革的代价,流动性、利率与汇率,analysis,2013-12-25,day,3,02_markdown_articles/049_2013-12-25_IPO注册制和利率市场化改革的代价.md,OEBPS/text/article-049-analysis-2013-12-25-1sc4a6v.xhtml,高善文文集V4.0.epub,d84eb38d989588b66ec63d0dce528f94564ecd444f043f7c46dfd21c12dc4366,1555,1314,0,,12月6日高善文博士出席21世纪经济报道主办的2013年资本创新年会并发表主题演讲，讨论IPO注册制和利率市场化改革的代价。以下为主办方对发言内容的整理报道。,043,retained_exact,3378992ab27b8fa72b97a98c2059908e97620cc218697bab3d0b92dc5468e55c,79114f50401e4bf828027fe55c9df8ac8cd8a9f3f5e4a309ec1466c30b97a3a3,1.00000000,0,0,0
050,利率市场化与余额宝的兴起,流动性、利率与汇率,analysis,2014-04-21,day,18,02_markdown_articles/050_2014-04-21_利率市场化与余额宝的兴起.md,OEBPS/text/article-050-analysis-2014-04-21-1w4964r.xhtml,高善文文集V4.0.epub,d84eb38d989588b66ec63d0dce528f94564ecd444f043f7c46dfd21c12dc4366,12336,10849,0,,本文第一部分介绍利率市场化改革进程与利率市场化现状，以贷款利率放开、存款利率管制为前提，构建利率市场化模型，作为对现实条件下中国银行体系运作的近似，分析存款利率管制放开对存贷款利率以及银行利差造成的影响。我们发现其他...,046,retained_exact,2069a442d495f02391a3e2da095328d7eb34fd16ca77c14f0f1c41954c209b1a,b892af641e91961c504f307c55590ac38d73c644c62b9e97258f9aad26c4332d,1.00000000,8,0,0
051,小制度 大问题,流动性、利率与汇率,commentary,2014-06-17,day,10,02_markdown_articles/051_2014-06-17_小制度_大问题.md,OEBPS/text/article-051-commentary-2014-06-17-1s84v5m.xhtml,高善文文集V4.0.epub,d84eb38d989588b66ec63d0dce528f94564ecd444f043f7c46dfd21c12dc4366,5024,4588,4,图1：2003年以来的外汇占款余额同比增速（%） | 图2：3个月、6个月保本理财产品与同期限银行定存利差（%） | 图3：61个月大额协议存款与同期限银行定存利差（%） | 图4：银行间债券收益率（%）,本文讨论存贷比约束这一看似不起眼的法律条款在金融领域产生的一系列广泛的影响和严重的扭曲，是高善文博士为《清华金融评论》6月刊“影子银行风险与监管”专题撰写的评论文章。全文如下，供大家参阅。,013,retained_revised,bdefa019e56c3d8ed5d3e9e3c3a7c0738dc1db151d57ef2c33902d2c51959ab3,4183f679e53c0e703b529f3b0e9c934f7f010f5d1ccdc4de17e47ac16e23ef53,1.00000000,0,4,4
052,汇率贬值出其不意，股市维稳增添变数,流动性、利率与汇率,analysis,2015-08-12,day,4,"02_markdown_articles/052_2015-08-12_汇率贬值出其不意,股市维稳增添变数.md",OEBPS/text/article-052-analysis-2015-08-12-nxtdhp.xhtml,高善文文集V4.0.epub,d84eb38d989588b66ec63d0dce528f94564ecd444f043f7c46dfd21c12dc4366,759,638,3,图1：中国的境外美元主权债CDS 费率 | 图2：中国的境外美元主权债CDS 费率 | 图3：银行间10 年期国债到期收益率（%）,昨天（2015年8月11日）上午，人民银行调整了汇率中间价的形成方式，并借此实现了汇率的一次性贬值，今日开盘以来，现汇汇率继续贬值。,056,retained_exact,60876283fc9ec2004d2c6dfc3154de22ba5884efa41e8eef8dee79d522869d27,c559c27f1d97d290086bd6da1c5b53da951f20c9f6d56c9e342631295ff94f65,1.00000000,0,3,3
053,人民币汇率向何处去？,流动性、利率与汇率,analysis,2015-10-23,day,22,02_markdown_articles/053_2015-10-23_人民币汇率向何处去.md,OEBPS/text/article-053-analysis-2015-10-23-1a7mblf.xhtml,高善文文集V4.0.epub,d84eb38d989588b66ec63d0dce528f94564ecd444f043f7c46dfd21c12dc4366,13461,11720,14,图1：2015 年8 月11 日-10 月23 日人民币汇率走势 | 图2：2015 年8 月11 日-10 月23 日A 股走势 | 图3：2015 年8 月11 日-10 月23 日全球股市走势 | 图4：金融机构和中央银行新增外汇占款占GDP 比（%） | 图5：经常账户与商品贸易顺差占GDP 比（%） | 图6：2014 年经常项目细分情况（%） | 图7：商务部口径：FDI 与ODI 占GDP 比（%） | 图8：国际收支平衡表口径：FDI 与ODI 占GDP 比（%） | 图9：美元指数 | 图10：2014 年各国货物进出口总额（万亿美元） | 图11：2014 年各国服务进出口总额（万亿美元） | 图12：2014 年各国货物和服务进出口总额（万亿美元） | 图13：制造业增加值（亿美元） | 图14：制造业增加值，PPP 衡量2005 年不变价（亿国际元）,2015年8月11日上午，人民银行宣布调整人民币兑美元中间价形成方式。按照新的形成方式，当日中间价出现了一定幅度的贬值。,057,retained_exact,a089b5ceaa9ac8cd6f83739481ba682f0ea712708a89a1481189e0b759256afc,5e5d5a37833ab8ee1082053976e0018a53c7fd5c133bf194c0e84ceadd2cc912,1.00000000,0,14,14
054,含章可贞,流动性、利率与汇率,analysis,2015-12-16,day,23,02_markdown_articles/054_2015-12-16_含章可贞.md,OEBPS/text/article-054-analysis-2015-12-16-9ey7c3.xhtml,高善文文集V4.0.epub,d84eb38d989588b66ec63d0dce528f94564ecd444f043f7c46dfd21c12dc4366,14105,11415,38,图1：农民工工资及增速（元/天，%） | 图2：衣着加工服务费同比（%） | 图3：家庭服务与加工维修服务同比（%） | 图4：个人服务同比（%） | 图5：车辆使用与维修服务同比（%） | 图6：中国全口径外债余额（亿元，%） | 图7：BIS 外债统计：中国国债券余额及同比（按发行人国别区分） | 图8：城镇单位分行业职工平均工资（元/年） | 图9：农民工主要就业行业年工资（元/年） | 图10：国际农产品指数和原油价格 | 图11：小麦价格国内外比较（元/吨） | 图12：大米国内外比较（元/吨） | 图13：玉米国内外比较（元/吨） | 图14：经常账户与商品贸易顺差占GDP 比（%） | 图15：2014 年经常项目细项顺差（亿美元） | 图16：商务部：FDI、ODI 占GDP 比（%） | 图17：国际收支平衡表：FDI、ODI 占GDP 比（%） | 图18：国际收支基础差额占GDP 比（%） | 图19：证券投资与其他投资差额之和占GDP 比（%） | 图20：外汇占款口径资本流入占GDP 比（%） | 图21：NDF 市场人民币一年内升值预期（%） | 图22：对华出口占总出口比与汇率调整幅度散点图 | 图23：中国潜在GDP 增速，% | 图24：制造业增加值/服务业增加值的国际经验 | 图25：中国第三产业占GDP 比重 | 图26：中国和高收入国家第三产业行业占GDP 比重 | 图27：较发达国家占比差异较大的行业 | 图28：第三产业中“其他行业”增速，% | 图29：“其他行业”中细分行业占第三产业比重 | 图30：废弃资源综合利用业增速，% | 图31：计算机、通信和电子设备制造业增速，%% | 图32：工业增加值同比增速，% | 图33：广义财政支出 | 图34：发达经济体制造业PMI | 图35：中国进出口数量季度同比增速，% | 图36：OECD 综合领先指标 | 图37：上市房地产企业销售利润率 | 图38：商品房销售面积当季同比增速，%,未来5年，我们认为通货膨胀的中枢水平会从此前的3.2%下降到1%。主要考虑农民工工资涨速将大幅放缓，国际能源和粮食市场转入明显熊市，国内粮食市场开始进入长期的调整格局，合并使得一般消费物价的涨速将大幅下降。,059,retained_exact,b5586c379d6bd680b0990a1bde074725c7aea78a5dd1b8320c07fa5fde13eb61,50183fd343398f8b299bcfd9d6835210fa50164a4f8b371eef4f1742fb5b8e5a,1.00000000,7,40,38
055,展望2016年中国经济可能面临的风险,流动性、利率与汇率,analysis,2016-01-23,day,5,02_markdown_articles/055_2016-01-23_展望2016年中国经济可能面临的风险.md,OEBPS/text/article-055-analysis-2016-01-23-cf40-2217.xhtml,高善文文集V4.0.epub,d84eb38d989588b66ec63d0dce528f94564ecd444f043f7c46dfd21c12dc4366,3163,2546,9,图1 中国出口量实际同比，% | 图2 全球出口实际增速，% | 图3 中国和全球出口量增速，% | 图4 对华进口变化和人民币汇率 | 图5 广义财政支出同比 | 图6 一般公共财政支出和其他支出同比 | 图7 上市房地产企业存货水平 | 图8 新开工与销售面积之差 | 图9 房地产存货水平,提要：继续关注汇率高估、财政收缩和房地产去库存三方面因素对2016年经济增长的不利影响。首先，人民币汇率高估对出口活动形成的抑制，加剧了经济困难。811以来，人民币有所贬值，但高估问题还没有完全解决。第二，2014年...,,new_in_v4,01118239c6504b984310adb49f06b750e798e8190947865f52c33cd0e9473a14,80c8e9ea4acec77d497e94bcd85861bfe42ad1028da47ec21d6e46244ba41258,1.00000000,0,0,0
056,货币剪刀差背后的秘密,流动性、利率与汇率,analysis,2016-08-11,day,13,02_markdown_articles/056_2016-08-11_货币剪刀差背后的秘密.md,OEBPS/text/article-056-analysis-2016-08-11-1xw3jws.xhtml,高善文文集V4.0.epub,d84eb38d989588b66ec63d0dce528f94564ecd444f043f7c46dfd21c12dc4366,6184,4988,12,图1：M1 同比增速劲升（%） | 图2：准货币细项（企事业单位定期存款、住户存款、其他存款）同比 | 图3：M1 与M2 增速的背离 | 图4：企业活期存款和居民活期存款同步增长 | 图5：M1 同比与GDP 名义同比（%） | 图6：证券市场交易结算资金余额 | 图7：商品房销售额当季同比（%） | 图8：银行定期（3 个月）与活期存款利率差（%） | 图9：理财预期收益率与定存利率的差（%） | 图10：银行理财产品余额及同比增速 | 图11：债券和公募基金份额 | 图12：资本流入占名义GDP 的比重（%）,过去一年多，实体部门活期存款增速攀升、定期存款增速回落、M1与M2增速差显著扩大并接近历史最高水平，引起各方普遍的关注和讨论。,061,retained_exact,c65954a70e8c078aca4f66387c19a36bb41660c3561361334fee6933d58ed041,c4dfd9e4aa3faf0e0a5348995fef62fcc889074a091452610c6e440945050acb,1.00000000,0,13,12
057,做空成本攀升 离岸人民币短线走强,流动性、利率与汇率,analysis,2017-01-10,day,4,02_markdown_articles/057_2017-01-10_做空成本攀升_离岸人民币短线走强.md,OEBPS/text/article-057-analysis-2017-01-10-oi5ohh.xhtml,高善文文集V4.0.epub,d84eb38d989588b66ec63d0dce528f94564ecd444f043f7c46dfd21c12dc4366,2515,2118,0,,离岸人民币供应持续收紧，做空人民币成本攀升，致使1月4-5日香港离岸人民币对美元大涨。短期之内，离岸做空情绪或有缓解，但中期之内，考虑到美国经济动能和就业市场稳健，考虑到更积极财政政策和更快节奏加息的可能性，强势美元...,065,retained_exact,c5df160c25abbfd15fbbdd61ed6411493d396def702f7a20e91a5a69302597a0,39c30d3a242e5bc6841cd2f027765b70b51f3a5445452ddfdf7ac0ff3797d8ae,1.00000000,5,0,0
058,政策利率上调 货币政策趋紧,流动性、利率与汇率,analysis,2017-02-08,day,5,02_markdown_articles/058_2017-02-08_政策利率上调_货币政策趋紧.md,OEBPS/text/article-058-analysis-2017-02-08-ped4oo.xhtml,高善文文集V4.0.epub,d84eb38d989588b66ec63d0dce528f94564ecd444f043f7c46dfd21c12dc4366,3380,2791,0,,从近期中央银行的一系列政策操作和对外表态来看，货币政策正在逐步收紧，其目的在于纠正2015年以来货币政策在操作上过于宽松的局面，促进防泡沫、去杠杆等重要目标。短期回购等政策利率的目标水平尚不清晰，一个猜测是，政策当局...,066,retained_exact,4793563b2ea2dba4508dd1199e9289d5787704b1bd8b65aef6cbb5c5a8476800,f37311892ad82f5c1bbe5f124a12d9917a3b5b2c386195e5361d742b63ab5431,1.00000000,5,0,0
059,影子体系资金从“脱实向虚”到“脱虚向实”,流动性、利率与汇率,analysis,2017-07-10,day,9,02_markdown_articles/059_2017-07-10_影子体系资金从“脱实向虚”到“脱虚向实”.md,OEBPS/text/article-059-analysis-2017-07-10-1wa6qd7.xhtml,高善文文集V4.0.epub,d84eb38d989588b66ec63d0dce528f94564ecd444f043f7c46dfd21c12dc4366,5724,4977,0,,——《大浪淘沙》2017年中期策略会报告（二）,072,retained_exact,7a306694b4ee80680d7e0bc6f4103d902f714e1878405c9fbbbfae079e08a838,6494ba718a6386a2f4344927f7a1aeed610e4431df21a6e5a220429177657487,1.00000000,8,0,0
060,金融去杠杆对实体经济的冲击,流动性、利率与汇率,analysis,2017-07-29,day,8,02_markdown_articles/060_2017-07-29_金融去杠杆对实体经济的冲击.md,OEBPS/text/article-060-analysis-2017-07-29-cf40-2593.xhtml,高善文文集V4.0.epub,d84eb38d989588b66ec63d0dce528f94564ecd444f043f7c46dfd21c12dc4366,5089,4335,14,图1 银行间质押式回购利率：7天（MA5） | 图2 银行间债券到期收益率：国开债和AA+中票 | 图3 票据直贴利率（%） | 图4 金融机构加权贷款利率（%） | 图5 新增社融占GDP的比重 | 图6 社会融资规模余额同比（%） | 图7 工业增加值当月同比（%） | 图8 民间固定资产投资当季同比（%） | 图9 实际进出口同比（%） | 图10 钢材产量同比（%） | 图11 水泥产量同比（%） | 图12 房地产开发投资当季同比（%） | 图13 基础设施建设类投资当季同比（%） | 图14 公共财政支出与政府性基金支出同比（%）,与金融去杠杆相联系的银行间市场利率大幅上升对实体经济的影响，是前期市场关注的一个热点问题。对这一问题的研究以银行间债券市场利率的大幅上升在金融市场的全面扩散为起点，以其对实体经济的需求变化及对工业生产所可能产生的影响...,,new_in_v4,088bb5e854aa53690e0c517594c63293bf08f0a733e3e73b20d6acc3f26361b2,bae78324dc81614792481197f762b1d97a9e55ae4f2baad71dcb820d8e8c98e6,1.00000000,0,0,0
061,供应受限量跌价升 旺季需求有待检验,流动性、利率与汇率,analysis,2017-09-21,day,6,02_markdown_articles/061_2017-09-21_供应受限量跌价升_旺季需求有待检验.md,OEBPS/text/article-061-analysis-2017-09-21-1x1xhed.xhtml,高善文文集V4.0.epub,d84eb38d989588b66ec63d0dce528f94564ecd444f043f7c46dfd21c12dc4366,3775,3309,0,,8月工增同比6%，较7月回落0.4个百分点，低于市场普遍预期，采掘和公用事业是主要拖累，制造业增速大体持平。,075,retained_exact,0a5e50f1b3a24c87349620f8fe73ff7efb0e2e2ab7b573f099654139f425fbea,c4dc9dd49ba87af4dcad3ce3f7b7713a886762791dbfcc8bd5ccc0eb4883eea2,1.00000000,4,0,0
062,我对“将央行发行货币视为股权”这一理论的思考,流动性、利率与汇率,analysis,2017-11-16,day,3,02_markdown_articles/062_2017-11-16_我对“将央行发行货币视为股权”这一理论的思考.md,OEBPS/text/article-062-analysis-2017-11-16-cf40-2675.xhtml,高善文文集V4.0.epub,d84eb38d989588b66ec63d0dce528f94564ecd444f043f7c46dfd21c12dc4366,1634,1482,0,,把货币看成权益而不是看成负债，跟传统的观点相比毫无疑问是一种非常与众不同且具有启发性的想法。从公司金融的角度去提出基本框架和分析思路，去观察国家的资本结构，似乎也是顺理成章的。以下是我的思考：,,new_in_v4,a0d822dd9d250272287282ebac414ced462886b9e4e47009beb23d23f7ca0464,5b8de715134ab2572ecaacc601f1396cade3730d5eb59bf7e788d040314051de,1.00000000,0,0,0
063,真正的汇率市场化是最安全的堤坝,流动性、利率与汇率,analysis,2018-03-07,day,4,02_markdown_articles/063_2018-03-07_真正的汇率市场化是最安全的堤坝.md,OEBPS/text/article-063-analysis-2018-03-07-cf40-2760.xhtml,高善文文集V4.0.epub,d84eb38d989588b66ec63d0dce528f94564ecd444f043f7c46dfd21c12dc4366,2430,2206,0,,尽管在一些时候外汇储备不发生变动，央行看上去不对外汇市场交易做任何干预，但并不意味着央行对外汇市场不产生影响。央行拥有海量外汇储备，可以发行货币，还可以随时改变交易规则和管理制度，同时还能看透交易商的底牌，堪称外汇交...,,new_in_v4,12f6913aff6455bc51b1f7a25ec24943decde7b184a12d276fc2cbb34bf30ba7,de68880e26151ae29702102b7db0e1f1f199488ee38f4e0e987921390387c63e,1.00000000,0,0,0
064,出台救济政策比刺激政策更为紧迫,流动性、利率与汇率,analysis,2020-04-05,day,5,02_markdown_articles/064_2020-04-05_出台救济政策比刺激政策更为紧迫.md,OEBPS/text/article-064-analysis-2020-04-05-cf40-3328.xhtml,高善文文集V4.0.epub,d84eb38d989588b66ec63d0dce528f94564ecd444f043f7c46dfd21c12dc4366,3092,2813,0,,我主要围绕疫情导致的美元流动性危机及中国不同应对措施的得失利弊补充一些想法。,,new_in_v4,30a450f5e09508e851f78bd91940b87b84ca794f425d1b26064e30b9f3203585,ba07408b99b908671686ccb05d2ee808e19e5b57857355437fa599ff8c12e620,1.00000000,0,0,0
065,分析人民币汇率要避免的几个误区,流动性、利率与汇率,analysis,2020-11-07,day,3,02_markdown_articles/065_2020-11-07_分析人民币汇率要避免的几个误区.md,OEBPS/text/article-065-analysis-2020-11-07-cf40-3610.xhtml,高善文文集V4.0.epub,d84eb38d989588b66ec63d0dce528f94564ecd444f043f7c46dfd21c12dc4366,1634,1474,0,,最近一两个月，人民币汇率波动引起密切关注。对于汇率分析，我提几点建议。,,new_in_v4,f7652863fc588a646042a9ac9a2239e62d3d4b279bdd83371c93afd1fc2351c2,47e9488c27a293200bdf1a8c73e2738e19c8155e9c1a5569ed13d45486c2f403,1.00000000,0,0,0
066,走向2035的中国经济,流动性、利率与汇率,analysis,2021-02-10,day,10,02_markdown_articles/066_2021-02-10_走向2035的中国经济.md,OEBPS/text/article-066-analysis-2021-02-10-cf40-3694.xhtml,高善文文集V4.0.epub,d84eb38d989588b66ec63d0dce528f94564ecd444f043f7c46dfd21c12dc4366,6336,5445,8,图1：转型中的实际GDP增速（%） | 图2 高收入国家人均国民收入门槛（美元） | 图3 高收入标准推测值 | 图3 高收入标准推测值 | 图4 各宗教文化经济体　GDP潜在实际增速（HP滤波） | 图5 转型中的实际有效汇率 | 图6 转型中的制造业实际工资 | 图7 转型中的实际有效汇率\*制造业实际工资,之所以选择展望2035年的中国经济，一个重要的原因在于我国正处于21世纪第三个十年的起点上，而21世纪第三个十年对中国的改革开放和经济社会发展都具有极其重要的转折性意义。这种意义主要体现在以下三个方面：,,new_in_v4,e7a3b9beb97885867428144e0e38557e169445270637701e0a608e560184376a,4f1204b9a6532ded10d71a738d9136470935f1b69e6b89bcf817760b4dcb7922,1.00000000,0,0,0
067,当前金融市场调整或于7月前结束　短期波动背后的若干事实值得注意,流动性、利率与汇率,analysis,2021-03-10,day,7,02_markdown_articles/067_2021-03-10_当前金融市场调整或于7月前结束_短期波动背后的若干事实值得注意.md,OEBPS/text/article-067-analysis-2021-03-10-cf40-3709.xhtml,高善文文集V4.0.epub,d84eb38d989588b66ec63d0dce528f94564ecd444f043f7c46dfd21c12dc4366,4664,4181,0,,我想补充的第一个事实是，美债收益率的上升并非独立现象，而是在全球主要经济体长端债券收益率普遍上升的背景下出现的。,,new_in_v4,74f5b621651a2cd7d06eb957327b38c5964cea3310fca3cd2a2329927c02e466,207705f690127725a579f27925c53b54734099c1f2d166ec868a2a1f52b9652c,1.00000000,0,0,0
068,对近期经济金融形势的观察与研判,流动性、利率与汇率,analysis,2022-05-31,day,4,02_markdown_articles/068_2022-05-31_对近期经济金融形势的观察与研判.md,OEBPS/text/article-068-analysis-2022-05-31-cf40-4048.xhtml,高善文文集V4.0.epub,d84eb38d989588b66ec63d0dce528f94564ecd444f043f7c46dfd21c12dc4366,2465,2185,0,,首先分享下我对全球长期国债利率、各国汇率、主要权益市场指数的观察，并重点分析我国金融市场在过去几个月的表现。,,new_in_v4,7621fdf86ea01e6f534c1e5789ccde899414296170b0e5ba8c34e3cdb076c1b4,6bf3b9ad148822eda5070468ae9c7ebf6160b0d3a1b18f5ef2f1fa3800d3e5ce,1.00000000,0,0,0
069,事情正在起变化,资本市场与金融风险,analysis,2010-12-14,day,3,02_markdown_articles/069_2010-12-14_事情正在起变化.md,OEBPS/text/article-069-analysis-2010-12-14-cf40-525.xhtml,高善文文集V4.0.epub,d84eb38d989588b66ec63d0dce528f94564ecd444f043f7c46dfd21c12dc4366,1424,1265,0,,信贷紧缩预期同样压制了股票估值的上行空间，未来会有结构性的机会，但出现趋势性行情的概率较低。,,new_in_v4,3ebabb75360edd27a83c22b5ee1108a5336f4db70c496ea537e1c104da917df8,a7e6c0fad4cd76cd628fa643a19c08fbd9adccf3b12ef7bab196905fe282aa53,1.00000000,0,0,0
070,资产重估理论概述之三：资产配置优化——实体经济与金融市场的共同调整,资本市场与金融风险,analysis,2011-12-08,day,4,02_markdown_articles/070_2011-12-08_资产重估理论概述之三_资产配置优化——实体经济与金融市场的共同调整.md,OEBPS/text/article-070-analysis-2011-12-08-w0p4t8.xhtml,高善文文集V4.0.epub,d84eb38d989588b66ec63d0dce528f94564ecd444f043f7c46dfd21c12dc4366,2727,2502,0,,资产配置优化：实体经济与金融市场的共同调整,028,retained_exact,0744aa0dd4d8020123a836126035d8d7f6626545aac32665e6ad50ca182abd41,9a947128b07e2d24057d3be9dfd0f40bb2d27bf10f3250089ce1a54e8cc9c599,1.00000000,3,0,0
071,向死而生,资本市场与金融风险,analysis,2011-12-15,day,16,02_markdown_articles/071_2011-12-15_向死而生.md,OEBPS/text/article-071-analysis-2011-12-15-1bxk9k7.xhtml,高善文文集V4.0.epub,d84eb38d989588b66ec63d0dce528f94564ecd444f043f7c46dfd21c12dc4366,9197,8114,17,图1：OECD 工业生产和综合领先指标同比（%） | 图2：中国出口名义和实际增速（%） | 图3：中国和美国生产者价格同比（%） | 图4：中国外汇占款月度增量（亿人民币） | 图5：中国房地产开发投资同比（%） | 图6：中国粗钢和水泥产量同比（%） | 图7：名义和实际社会消费品零售增速季度同比（%） | 图8：电力、铁路和公路投资同比（%） | 图9：制造业固定资产投资同比（%） | 图10：东部和中西部地区工业增速（%） | 图11：分行业固定资产投资增速的比较（%） | 图12：金融机构人民币贷款加权平均利率（%） | 图13：加权贷款利率较基准利率上浮 | 图14：十年期国债收益率（月均，%） | 图15：票据直贴利率：6 个月（日度，%） | 图16：中国短期和中长期贷款增速（%） | 图17：名义GDP 增速（季度，%）,欧债危机和全球经济的减速、房地产投资的快速下降、企业盈利的恶化，以及短期内的存货调整正在推动经济较快下行。在1-2年的跨度内，可以支持经济逐步稳定下来的因素包括：政府基建投资的重新上升（主要是在建和续建项目），消费企...,030,retained_exact,4765b9c1f7a6141a39dea5dfe368227618aacd16f6194272f8f3d96cb65ba82a,9c95162a09d2d09eb203edafe6656c781a170d42ca67dad17a38bcd2c269eb4d,1.00000000,0,17,17
072,货币政策扩张与资产价格重估——资产重估理论之五,资本市场与金融风险,analysis,2012-07-13,day,6,02_markdown_articles/072_2012-07-13_货币政策扩张与资产价格重估——资产重估理论之五.md,OEBPS/text/article-072-analysis-2012-07-13-t5sgzj.xhtml,高善文文集V4.0.epub,d84eb38d989588b66ec63d0dce528f94564ecd444f043f7c46dfd21c12dc4366,3549,3084,0,,在资产重估理论之四中，我们以2005-2007年期间的案例为基础，讨论了实体经济领域的总供应扩张在大类资产市场上形成的影响，并与期间的经验证据进行了比对。本文以2009年年初到2010年年中的案例为基础，兼顾其他一些...,034,retained_exact,0c03cb837c683018ff98b7b4da571bd52cc3b67c489e6264374770f5293b826f,46691075b6684386b416e2444aeb232cb31c02491494f9b553364c96cb07f4e3,1.00000000,3,0,0
073,影子银行和壳价值,资本市场与金融风险,analysis,2013-01-23,day,1,02_markdown_articles/073_2013-01-23_影子银行和壳价值.md,OEBPS/text/article-073-analysis-2013-01-23-cf40-1182.xhtml,高善文文集V4.0.epub,d84eb38d989588b66ec63d0dce528f94564ecd444f043f7c46dfd21c12dc4366,213,199,0,,摘要：外汇占款投放趋势性下降到非常低的水平，再加上对商业银行存贷比等监管约束的加强，这两方面的因素在过去两年里同时发生，系统性地抑制了中国银行体系的货币供应能力。这一方面造成了中国利率波动中枢的普遍抬升；另一方面也刺...,,new_in_v4,f1939e789e2315f5664891812a33ce56850e22c4df2c06d2bd944f22e394186b,799877ef7187508813597477784c2d70f95ac9a288a822bb8c066ffe9584e141,1.00000000,0,0,0
074,关于近期货币市场利率飙升影响的看法,资本市场与金融风险,analysis,2013-06-23,day,6,02_markdown_articles/074_2013-06-23_关于近期货币市场利率飙升影响的看法.md,OEBPS/text/article-074-analysis-2013-06-23-1ffp2x3.xhtml,高善文文集V4.0.epub,d84eb38d989588b66ec63d0dce528f94564ecd444f043f7c46dfd21c12dc4366,2401,2215,0,,我们认为近期银行间市场短期利率大幅度飙升的影响可以概括为三波冲击。第一波冲击是银行间资金的极度紧张，这在过去一周已经发生，未来还会持续一段时间，但最坏的时候可能已经过去。第二波是影子银行体系面临的冲击，表现为票据和理...,038;039,consolidated_from_v3,4384674b7045c238f85e715c2fb135199ea9fc0a911774debe24d4ec23a26920,f036ce52360a972c3a761ada4f063a97556f47686eb536a8e6bf84c5c558d511,1.00000000,0,0,0
075,债务危机有多远？,资本市场与金融风险,analysis,2014-01-12,day,15,02_markdown_articles/075_2014-01-12_债务危机有多远.md,OEBPS/text/article-075-analysis-2014-01-12-1olyata.xhtml,高善文文集V4.0.epub,d84eb38d989588b66ec63d0dce528f94564ecd444f043f7c46dfd21c12dc4366,10166,8387,0,,2013年6月银行间爆发了异常严重的钱荒，10月债券收益率出现第二轮大幅度的抬升。市场重新开始关心，债务问题有多严重，在利率不断走高的环境下，我们距离一场债务危机有多远？,044,retained_exact,4a0838157679cada0efead833529344e25deea0fa0f2b1b7f2ef8fe114c6fa98,b44d956c5c9dcb2c2eb13b20282773ba74697ac997c832255c54651b1615be34,1.00000000,6,0,0
076,星星之火,资本市场与金融风险,analysis,2014-01-23,day,11,02_markdown_articles/076_2014-01-23_星星之火.md,OEBPS/text/article-076-analysis-2014-01-23-19q2ojg.xhtml,高善文文集V4.0.epub,d84eb38d989588b66ec63d0dce528f94564ecd444f043f7c46dfd21c12dc4366,7666,6798,0,,星星之火有两个方面的含义：长期内新的希望正在孕育，星星之火依稀在远处闪耀；但在短期从经济到市场仍然存在着较多的困难、问题和风险。我们也许正在接近一个长期黑暗隧道的尽头，但是仍然需要再多等待一点时间。,045,retained_exact,f4e2f50e75ff20b566a88c3b48e6d45ad0b107d600c2d97d14d6782438832c6e,afd87138e8f23c607017f1ed367cdc788343d6b3e6e6755519528e62fc14b26d,1.00000000,14,0,0
077,中国经济和资产价格,资本市场与金融风险,analysis,2014-05-17,day,4,02_markdown_articles/077_2014-05-17_中国经济和资产价格.md,OEBPS/text/article-077-analysis-2014-05-17-cf40-1666.xhtml,高善文文集V4.0.epub,d84eb38d989588b66ec63d0dce528f94564ecd444f043f7c46dfd21c12dc4366,2486,2155,0,,"提要：2007年后中国经济处在波动下行的趋势之中,企业盈利能力目前也处于低位。除了受全球经济低迷的影响之外，2008年后的过度刺激和经济过热的后遗症也是抑制中国经济增长的重要原因。",,new_in_v4,97505d557432291854758ca99a85dd2fdd8b931d2d1e7cb2e4e37105aeef943f,410528e4d078c72025ae2a77a89a65d4ae318e66acbd9d3016a1dd4a7fbaf75c,1.00000000,0,0,0
078,牛市有多远,资本市场与金融风险,analysis,2014-08-06,day,8,02_markdown_articles/078_2014-08-06_牛市有多远.md,OEBPS/text/article-078-analysis-2014-08-06-8obrb8.xhtml,高善文文集V4.0.epub,d84eb38d989588b66ec63d0dce528f94564ecd444f043f7c46dfd21c12dc4366,3186,2893,0,,本文是我们8月6日宏观电话视频会议的记录全文，主要内容包括：,050,retained_exact,199c1d496209e74fbf9fcba9632c8adc1d854167d7ed9c928708da026152ebba,fb05859834044f2e218f39ef4b2abed2bda79d2e3bd3e269c0dd116aeee174ad,1.00000000,0,0,0
079,见龙在田,资本市场与金融风险,analysis,2014-12-25,day,26,02_markdown_articles/079_2014-12-25_见龙在田.md,OEBPS/text/article-079-analysis-2014-12-25-16gb0ew.xhtml,高善文文集V4.0.epub,d84eb38d989588b66ec63d0dce528f94564ecd444f043f7c46dfd21c12dc4366,15858,13753,20,图表 | 图表 | 图表 | 图1：工业增加值当月同比（%） | 图2：中国PPI 和调整后的PPI 环比（%） | 图3：上市公司销售净利率（%） | 图4：上市公司销售净利率（%） | 图5：30 大中城市商品房销售面积（万平方米） | 图6：商品房销售面积和房地产开发投资当季同比（%） | 图7：财政支出同比增速MA3（%） | 图8：标普(扣除通胀)和大宗商品涨幅，% | 图9：5年期中票与同期限国开债利差，% | 图10：加权贷款利率，% | 图11：贷款类信托预期收益率，% | 图12：个人住房贷款加权平均利率，% | 图13：银行理财预期收益率，1周和2周（%） | 图14：银行保本理财预期收益率，% | 图15：1年和5年的国开债，% | 图16：贷款与其他融资余额同比，% | 图17：恒生AH股溢价指数，%,本文首先回顾了过去一年多以来我们对经济和市场的看法及其演变，即在2013年底我们认为市场接近黑暗隧道的尽头，但可能还有最后一跌，到今年6月份认为市场可能面临着熊去牛来的转折，再到8月初进一步提出“三级火箭”的比喻来描...,052;053,consolidated_from_v3,75a3197e9036dc932055a270162ba8f1930ef178a5dabea6f23e934c5ed15809,e382a44c71d42c1329d6a7cc241881797debda8613000ab15eae97bd95ad1349,1.00000000,18,19,17
080,资本市场向何处去,资本市场与金融风险,analysis,2015-06-01,day,6,02_markdown_articles/080_2015-06-01_资本市场向何处去.md,OEBPS/text/article-080-analysis-2015-06-01-1hir3om.xhtml,高善文文集V4.0.epub,d84eb38d989588b66ec63d0dce528f94564ecd444f043f7c46dfd21c12dc4366,3989,3511,0,,根据 2015 年 5 月 20 日晚演讲内容整理,054,retained_revised,d70aa5d7536cb7ce703dbb00716c48c329c3cc56641699a88d9284de9c2cb58a,b59701a09fa552ca63c4d391ef4b7b7019adc990fca5e91f01cd4402d0817a32,1.00000000,0,0,0
081,日乾夕惕,资本市场与金融风险,analysis,2015-07-02,day,22,02_markdown_articles/081_2015-07-02_日乾夕惕.md,OEBPS/text/article-081-analysis-2015-07-02-1i64yjn.xhtml,高善文文集V4.0.epub,d84eb38d989588b66ec63d0dce528f94564ecd444f043f7c46dfd21c12dc4366,13126,11406,22,图1：恒生AH 溢价指数（%） | 图2：AH 溢价-整体AH 股（%） | 图3：AH 溢价-金融石油石化以外的其他股票（%） | 图4：沪港通资金流向：北上资金减去南下资金，周度频率（亿人民币） | 图5：孟买指数 | 图6：印度五年期主权债CDS 费率（BP） | 图7：印度卢比对美元vs 新兴市场汇率指数（2012 年1 月1 日=100） | 图8：印度的资本流动（百万美元） | 图9：印度的经济增长（%） | 图10：三中全会决议公布后的人民币汇率 | 图11：三中全会决议公布后的中国主权债5 年期CDS 费率（BP） | 图12：中国主权债5 年期CDS 费率（BP） | 图13：季度热钱占GDP 比例（TTM） | 图14：中证全指 | 图15：加权贷款利率（%） | 图16：融资买入占市场成交额比重（%） | 图17：融资融券利率费率（%） | 图18：分级A 平均约定收益率和隐含收益率 | 图19：分级基金份额及占全部基金份额比重（亿，%） | 图20：广义财政支出增速（%） | 图21：餐饮收入同比增速与社会消费品零售同比增速（%） | 图22：住宿餐饮业和其他服务业工资增速（%）,本文根据作者在6月25日安信证券半年度策略会上的演讲整理形成，补充了数据和图表，并根据最新的市场变化所暴露出来的问题调整和完善了有关部分的内容。,055,retained_exact,7b943c4e7fe41c023947c4a9cea7b4620462a1088eb1c61af77d7905eb7aabcf,1e38c8cf20835f6a40344ecbcf7c152b0c02a9afc1a0af7a88abe71c03ade6de,1.00000000,22,22,22
082,关于股灾、杠杆与流动性的反思,资本市场与金融风险,commentary,2015-07-24,day,7,02_markdown_articles/082_2015-07-24_关于股灾、杠杆与流动性的反思.md,OEBPS/text/article-082-commentary-2015-07-24-2he5hh.xhtml,高善文文集V4.0.epub,d84eb38d989588b66ec63d0dce528f94564ecd444f043f7c46dfd21c12dc4366,4503,3765,0,,随着股灾逐步平息下来，人们的注意力开始转向对事情的反思，以亡羊补牢，吸取教训。客观地说，造成这次股灾的原因十分复杂，但杠杆与流动性无疑是其中非常关键的问题。,014,retained_exact,0e2e306da20d85fa894ab65fb3e68644734b813cfb755db188a3d941de493918,6e483d1fca3f8ade8e01b3c1572d0ee9ddf661c5d6eae8a87aeff22b36f9ec93,1.00000000,0,1,0
083,股市震荡之后值得深思的三个问题,资本市场与金融风险,commentary,2015-08-09,day,6,02_markdown_articles/083_2015-08-09_股市震荡之后值得深思的三个问题.md,OEBPS/text/article-083-commentary-2015-08-09-1lqohk2.xhtml,高善文文集V4.0.epub,d84eb38d989588b66ec63d0dce528f94564ecd444f043f7c46dfd21c12dc4366,3812,3483,0,,提要：在信息技术时代，以银行为中介的融资体系与技术发展越来越不兼容，中国需要一个以市场化为导向的高度发达的资本市场。发达的资本市场需要具备两个核心要素，政府对市场奉行自由放任的管理理念以及契约至上的精神，而中国当前则...,015,retained_exact,3db9de2b448b9904297e152c6cd67ab9f84a4b39940b35c49cf0f9c098b54b3f,86ba68b1ae0485706cf504d60195aab6caf7769f0587710e895979b12f16b671,1.00000000,0,0,0
084,关于股灾与资本市场制度建设的讨论（上）,资本市场与金融风险,commentary,2015-08-15,day,22,02_markdown_articles/084_2015-08-15_关于股灾与资本市场制度建设的讨论(上).md,OEBPS/text/article-084-commentary-2015-08-15-okmyr0.xhtml,高善文文集V4.0.epub,d84eb38d989588b66ec63d0dce528f94564ecd444f043f7c46dfd21c12dc4366,14860,13074,0,,2015年8月15日上午，根据北京大学金融校友联合会的提议和安排，在北京大学上海金融家俱乐部的组织下，我们召开了股灾与资本市场制度建设的讨论会，数十名在金融领域工作的各地北大校友齐聚上海，进行了热情和踊跃的发言，高善...,016,retained_exact,7b920f6cd9c2969a6cd0ff6d7eac78c38ed37dad25ba50fb8c41b2951ee4690c,ba1e39dd587ed77ccab96743b8957855a63962355e86c68f36310b0d39237ed8,1.00000000,0,0,0
085,守正待时,资本市场与金融风险,analysis,2016-07-07,day,23,02_markdown_articles/085_2016-07-07_守正待时.md,OEBPS/text/article-085-analysis-2016-07-07-12hogiu.xhtml,高善文文集V4.0.epub,d84eb38d989588b66ec63d0dce528f94564ecd444f043f7c46dfd21c12dc4366,13240,11391,21,图1：受反腐冲击城市和无冲击城市定基房价差 | 图2：受反腐冲击城市和无冲击城市房地产销售滚动增速差，% | 图3：受反腐冲击城市和无冲击城市房地产新开工滚动增速差，% | 图4：受反腐冲击城市和无冲击城市土地购置面积滚动同比，% | 图5：受反腐冲击城市和无冲击城市居民可支配收入增速差，% | 图6：受反腐冲击城市和无冲击城市小学在校生增速，% | 图7：普通小学在校生人数增速，% | 图8：全国小学适龄入学人口数，千人 | 图9：房地产销售和新开工增速当季同比增速，% | 图10：房地产存货变化情况，千平方米 | 图11：产能过剩行业分类 | 图12：产能过剩行业地理分布 | 图13：国有比重高的行业ROA 下降更加明显 | 图14：周期上升时ROA 越高，近期ROA 降幅越大 | 图15：PPI 环比增速，% | 图16：新增表外融资占新增广义社融的比重（%） | 图17：银行理财资金投向 | 图18：新增理财资金占M2 之比（%） | 图19：理财产品预期回报率（%） | 图20：理财产品预期回报率与同期限定存、同业拆借利率的差（%） | 图21：信用利差（5 年AA+与5 年国开利差，%）,考虑到反腐败对政府行为的影响，我们将中国的二线城市分为两组，一组是重要官员牵涉腐败指控而落马的城市，对比组为没有出现这类冲击的城市。总体而言，数据显示2014年初以来前组城市的房价涨幅相对在显著加快。数据分析表明，由...,060,retained_exact,89559e89826b9afe79f209f671888980a4c1fcdf2f0fb4ec7cf0c33fdbd34a31,93ed8c7f321548683719c1b7ecf20638fd28449457a046980cdb361df123e24c,1.00000000,6,25,21
086,商品价格和PPI环比显著走弱 流动性趋紧牵制估值水平,资本市场与金融风险,analysis,2017-04-27,day,2,02_markdown_articles/086_2017-04-27_商品价格和PPI环比显著走弱_流动性趋紧牵制估值水平.md,OEBPS/text/article-086-analysis-2017-04-27-ljvbla.xhtml,高善文文集V4.0.epub,d84eb38d989588b66ec63d0dce528f94564ecd444f043f7c46dfd21c12dc4366,915,808,0,,2017年4月26日，安信证券在上海举办机构投资者宏观交流会，高善文博士发表主题演讲。会后微信和网络媒体上流传各种版本速记，其中错讹之处很多，为避免误解，特发此观点摘要，供大家批评和参考。演讲全文将在未来适当时间另行...,069,retained_exact,dbd5caae9b1b7276cc26b1da8fe5fc6e40c94d4624d9860cad68bb7ddc2b62aa,7c43c764dd0d9dbe0f0cc7bb9d54033d42283f7cc67be22fa730fc524ae860e7,1.00000000,0,0,0
087,中国影子银行体系的兴起和变迁,资本市场与金融风险,analysis,2017-07-03,day,7,02_markdown_articles/087_2017-07-03_中国影子银行体系的兴起和变迁.md,OEBPS/text/article-087-analysis-2017-07-03-147gkay.xhtml,高善文文集V4.0.epub,d84eb38d989588b66ec63d0dce528f94564ecd444f043f7c46dfd21c12dc4366,4379,3726,0,,——《大浪淘沙》2017年中期策略策略会报告（一）,071,retained_exact,cb465a7e61a19d38547a943fb3672d0ebd5964bae805873c607e3f065656b72a,0f1553cf635c54d65cf7a84c0d7fbe9073fbedcbc91763effa7313f0a8cd9d39,1.00000000,5,0,0
088,金融机构到了河那边 金融监管还在河里,资本市场与金融风险,analysis,2017-09-18,day,7,02_markdown_articles/088_2017-09-18_金融机构到了河那边_金融监管还在河里.md,OEBPS/text/article-088-analysis-2017-09-18-16oiu69.xhtml,高善文文集V4.0.epub,d84eb38d989588b66ec63d0dce528f94564ecd444f043f7c46dfd21c12dc4366,4771,4355,0,,“2017金融街论坛”于9月14日-9月15日举行。安信证券首席经济学家、中国首席经济学家论坛理事高善文出席并演讲。,074,retained_exact,c3ed5b3cf0acbc6809c54e1189acf86196e2d6dbe624bf6f23cb102ca167aae7,14ee697e171caa76a0425a0b52b4864f098368b419018c975b2f19a4a3ff105c,1.00000000,0,0,0
089,经济动能维持韧性 市场风险偏好提升,资本市场与金融风险,analysis,2018-01-25,day,6,02_markdown_articles/089_2018-01-25_经济动能维持韧性_市场风险偏好提升.md,OEBPS/text/article-089-analysis-2018-01-25-jhc4vh.xhtml,高善文文集V4.0.epub,d84eb38d989588b66ec63d0dce528f94564ecd444f043f7c46dfd21c12dc4366,4146,3329,0,,尽管有供改和环保限产影响，以及房地产基建边际走弱的拖累，2017年中国GDP增速仍录得6.9%，较上年反弹0.2个百分点。中国出口增速的显著回升，在其中发挥了最为关键的作用。,082,retained_exact,3892a95103d4bf319a560b3601f26228e187ee2dec44f865952f8599c0901ffc,caccbed94eec9a8412ab9a13482d8a2c8b2a3711bb9be1beaa376e89f1438d80,1.00000000,8,0,0
090,金融危机以后 中国企业资产负债率趋势下降,资本市场与金融风险,analysis,2018-03-20,day,7,02_markdown_articles/090_2018-03-20_金融危机以后_中国企业资产负债率趋势下降.md,OEBPS/text/article-090-analysis-2018-03-20-10gutlg.xhtml,高善文文集V4.0.epub,d84eb38d989588b66ec63d0dce528f94564ecd444f043f7c46dfd21c12dc4366,4450,4042,0,,2018年3月17日，上海浦山新金融发展基金会在沪召开浦山基金会第二届年会，主题为“金融危机10周年回顾与未来金融风险展望”。安信证券首席经济学家、中国首席经济学家论坛理事高善文参会并以“中国企业部门杠杆率”为题发表...,083,retained_exact,fd7c824b80bd6867ab9108bb23807ff380f65bb00e758ab5ed7df5fcb0042553,344fac6a710bfb57a5933dcf6ef7ad20aa5f59dd89b468ec33766cd924034837,1.00000000,0,0,0
091,中国企业部门杠杆率之谜,资本市场与金融风险,analysis,2018-05-28,day,4,02_markdown_articles/091_2018-05-28_中国企业部门杠杆率之谜.md,OEBPS/text/article-091-analysis-2018-05-28-wginz7.xhtml,高善文文集V4.0.epub,d84eb38d989588b66ec63d0dce528f94564ecd444f043f7c46dfd21c12dc4366,2471,2219,0,,中国企业部门杠杆率在微观层面可以从资产负债率和资产周转率两个指标进行分析。本文从这两个角度分析企业部门杠杆率之谜，结果显示：负债率上升集中在国有部门，但2015年后出现下降，未来如果进一步推动国有企业去杠杆和市场化经...,085,retained_exact,0947b90fa19455b70ff1010ab26946e1e69762a07293473048c95b3f9dad7ee6,7af451d7d525e36f03d64111fdc1e1db6b5ade79480ab96315f76d4c569018fb,1.00000000,0,0,0
092,去杠杆之争,资本市场与金融风险,analysis,2018-05-31,day,14,02_markdown_articles/092_2018-05-31_去杠杆之争.md,OEBPS/text/article-092-analysis-2018-05-31-vmlmi0.xhtml,高善文文集V4.0.epub,d84eb38d989588b66ec63d0dce528f94564ecd444f043f7c46dfd21c12dc4366,7383,6343,39,图1：非金融企业部门杠杆率，% | 图2：各国非金融企业部门杠杆率比较，% | 图3：居民部门杠杆率，% | 图4：各国居民部门杠杆率比较，% | 图5：中央政府和地方政府杠杆率，% | 图6：各国政府部门杠杆率比较，% | 图7：城投企业杠杆率，% | 图8：全部非金融国有企业资产负债率，% | 图9：规上工业企业资产负债率 | 图10：非金融上市公司资产负债率 | 图11：各风格板块上市公司资产负债率 | 图12：全部非金融国有企业资产周转率 | 图13：规上工业企业资产周转率 | 图14：非金融上市公司资产周转率 | 图15：规上工业企业净资产同比与制造业投资同比，% | 图16：政府部门债务性收入同比增速，% | 图17：全国房地产非合意库存测算，千平方米 | 图18：制造业投资和民间投资当季同比，% | 图19：GDP 季度同比和工业增加值季度同比，% | 图20：金融机构人民币贷款加权平均利率，% | 图21：非证券投资类信托收益率，% | 图22：资本流动占GDP 比重，% | 图23：人民币汇率指数 | 图24：出口实际同比增速，% | 图25：全球出口实际同比，% | 图26：规上工业企业非流动资产增速，% | 图27：上市工业企业固定资产+在建工程同比，% | 图28：非贷款社融余额同比增速，% | 图29：金融机构人民币贷款加权平均利率，% | 图30：非证券投资类信托收益率，% | 图31：人民币汇率指数 | 图32：信用利差：央企、地方国企和民企，BP | 图33：民企信用利差-央企信用利差，BP | 图34：城投债信用利差，BP | 图35：中国5 年期主权债CDS 费率 | (1) 设定生产函数 | (2) 资产周转率 | (3) 资产周转率增速 | (4) 资产周转率提升需要满足,2018年5月31日，我们在成都举行的安信证券中期策略会上，以《去杠杆之殇》为主题做了主旨演讲，引起了不少的关注和许多的批评意见，这多少是出乎所料的。,086;088,consolidated_from_v3,e4a3ec261b56d182d391790173322f2aad1fb67866093f9b631eb43769ba47b8,bff0d31ef55790f04ad0e9da295c4540884a1cf7a450564862c5f9d8825f494d,1.00000000,0,35,35
093,防范金融危机的三个重要问题——预警可行性、传导机制与政策干预,资本市场与金融风险,analysis,2018-12-28,day,9,02_markdown_articles/093_2018-12-28_防范金融危机的三个重要问题——预警可行性、传导机制与政策干预.md,OEBPS/text/article-093-analysis-2018-12-28-cf40-3013.xhtml,高善文文集V4.0.epub,d84eb38d989588b66ec63d0dce528f94564ecd444f043f7c46dfd21c12dc4366,5766,5203,0,,防范系统性金融危机，具有重大的理论意义、现实意义和政策意义。学界的许多研究通过大量的理论推导、实证分析和数值模拟，对上述问题进行了较为系统的研究，提出了很多具有启发性的观点，落脚在中国的政策建议也值得深思。作为市场参...,,new_in_v4,baeb71dc5ce6e17297de532f96928207ed47be32e70138569bdff3741ce5b27f,f781aab588869aa94dad8d69b98bd448dceff8cabe6cb5e9923fec182941f68c,1.00000000,0,0,0
094,青山遮不住 毕竟东流去,资本市场与金融风险,analysis,2020-09-14,day,14,02_markdown_articles/094_2020-09-14_青山遮不住_毕竟东流去.md,OEBPS/text/article-094-analysis-2020-09-14-6m3pis.xhtml,高善文文集V4.0.epub,d84eb38d989588b66ec63d0dce528f94564ecd444f043f7c46dfd21c12dc4366,6704,5683,17,图1：上证综指、沪深300 和沪深300（除金融）指数，点 | 图2：沪深300 全收益指数，点 | 图3：沪深300（除金融）ROE，% | 图4：银行 ROE，% | 图5：制造业投资和工业名义同比，% | 图6：中国出口的国际份额，% | 图7：人民币实际有效汇率指数，点 | 图8：中国出口的国际份额（剔除原油），% | 图9：CFETS 人民币汇率指数，点 | 图10：中国和美国PPI 同比，% | 图11：PPI 同比真实值和拟合值，% | 图12：农村外出务工劳动力人数，万人 | 图13：CPI 衣着、居住、生活用品及服务同比，% | 图14：CPI 交通和通信、教育文化和娱乐、医疗保健，% | 图15：金融机构贷款加权利率：一般贷款 vs 住房贷款，% | 图16：商品房销售面积同比，% | 图17：70 城二手房房价环比，%,在长期资本市场部分，我们观察到，2016年至今，以沪深300指数为代表的权益市场开启了一轮持续时间较长、幅度较大的上涨。这轮上涨背后的宏观原因可能在于，尽管过去5年中国经济总体上继续减速，但龙头公司的盈利能力出现显著...,096,retained_exact,382f108b6d352d2d6b3902aad2022ed5f345a704b7c9debdc0d94e4ca7e45afd,abca51cce21d97a4171be44eb633bad1af6fc7dda22b691d79968f85f911b708,1.00000000,0,17,17
095,2020年末的信用债风波是一个重要转折点,资本市场与金融风险,analysis,2021-01-17,day,3,02_markdown_articles/095_2021-01-17_2020年末的信用债风波是一个重要转折点.md,OEBPS/text/article-095-analysis-2021-01-17-cf40-3672.xhtml,高善文文集V4.0.epub,d84eb38d989588b66ec63d0dce528f94564ecd444f043f7c46dfd21c12dc4366,1713,1563,0,,中国信用债市场2020年最后几个月发生了有趣的变化，长期来看对中国经济有深远影响。简单而言，河南的一只蝴蝶扇动了一下翅膀，甘肃、青海的企业捂着胸口倒在地上。,,new_in_v4,2407b24a242a0f45eeecb43839c8565f16c2a2a4bd3715c33793c503d22ce587,27e266f30ddfba95da393762e28ee2af79c5272c5136254f6d1fffc76e0e98f4,1.00000000,0,0,0
096,关于当前经济和市场形势的几点看法,资本市场与金融风险,analysis,2022-02-07,day,4,02_markdown_articles/096_2022-02-07_关于当前经济和市场形势的几点看法.md,OEBPS/text/article-096-analysis-2022-02-07-cf40-3958.xhtml,高善文文集V4.0.epub,d84eb38d989588b66ec63d0dce528f94564ecd444f043f7c46dfd21c12dc4366,2287,2071,0,,2021年12月中旬以来，在货币条件明显放松，稳增长政策逐步发力的背景下，中国股票市场连续下行，幅度较大，令许多市场人士颇为错愕。,,new_in_v4,72cef07a28470259a574fa2b32e18f2c8cc3b8cc0b06d7256d7760992537e08e,a95fea06e191395b87f5b110a9321a07fcfa114cd949bf9042e1e09564975484,1.00000000,0,0,0
097,中国影子银行兴起及其风险,资本市场与金融风险,analysis,,unknown,14,02_markdown_articles/097_中国影子银行兴起及其风险.md,OEBPS/text/article-097-analysis-undated-18r006g.xhtml,高善文文集V4.0.epub,d84eb38d989588b66ec63d0dce528f94564ecd444f043f7c46dfd21c12dc4366,9131,6554,8,图1：M2 同比、社会融资规模余额同比、社会融资规模与外汇占款 | 图2：国债收益率（%） | 图3：人民币贷款加权利率（%） | 图4：贷款与法定存款准备金之和占商业银行存款的比例（%） | 图5：银行理财产品发行支数以及3-6 个月保本型理财产品与同期限 | 图6：企业部门短端资金融入增速与短端资金融出增速（%） | 图7：企业部门短端资金净融入/名义GDP | 图8：国债期限利差（10y-1y）（%）,本文认为，商业银行表外融资业务，构成中国影子银行业务的主体。外汇占款投放放缓与商业银行表内贷款扩张受限，抑制了金融体系的货币信用供应能力，是影子银行业务加速兴起的重要宏观背景。以社会融资规模数据为基础，测算影子业务的...,108,retained_exact,2fbe3072d7bcf6e33fd7f366d96346d894262cb74560d85a90439c15b06d7048,ccedc199b2f9c13ff186bbc8f6c0ae028c5bca617dc183c3b0bc221b14488f31,1.00000000,0,9,8
098,关于股灾与资本市场制度建设的讨论（下）,资本市场与金融风险,commentary,,unknown,12,02_markdown_articles/098_关于股灾与资本市场制度建设的讨论(下).md,OEBPS/text/article-098-commentary-undated-1fcf1t3.xhtml,高善文文集V4.0.epub,d84eb38d989588b66ec63d0dce528f94564ecd444f043f7c46dfd21c12dc4366,8273,7206,0,,从我对市场的观察看，那几天恐慌的程度，确实跟09年在美国市场是差不多的。如果政府再不积极入市的话，整个系统肯定是崩盘的，在美国也是。其实我那时候在群里面也说过，政府要救，不一定能够成功，但是起信心的支撑作用。这个信心...,018,retained_exact,c879e5e580b5c003e963d8503027d808c09d678798b9af9c09fdaeb3ae3df9ce,59caf00b1bb9d2d15ddd0f28ef31fa25d3a7c21aff5fe2e94f36edc7b679f768,1.00000000,0,0,0
099,危机之下的结构调整与未来政策路径选择,房地产、城市化与消费,analysis,2009-08-15,day,8,02_markdown_articles/099_2009-08-15_危机之下的结构调整与未来政策路径选择.md,OEBPS/text/article-099-analysis-2009-08-15-cf40-177.xhtml,高善文文集V4.0.epub,d84eb38d989588b66ec63d0dce528f94564ecd444f043f7c46dfd21c12dc4366,5084,4629,0,,去年年底推出的四万亿经济刺激方案集中在投资领域，在当时是不得已而为之的应急之策。出口在当时已经陷入崩溃局面，经济的收缩速度非常快，包括私人部门的投资在很大范围内也在崩溃。而要刺激私人部门的消费，短期之内很难取得明显的...,,new_in_v4,98590c86bf1c1f39d20ae2db876d40d2bae6b4d582eadc70b9381613447ba01d,6fd835e76875e4971ea357f1c09e12cfdac07f465f9c220401a9c9924b77749e,1.00000000,0,0,0
100,房地产复苏和调控,房地产、城市化与消费,analysis,2013-03-05,day,8,02_markdown_articles/100_2013-03-05_房地产复苏和调控.md,OEBPS/text/article-100-analysis-2013-03-05-17b10m7.xhtml,高善文文集V4.0.epub,d84eb38d989588b66ec63d0dce528f94564ecd444f043f7c46dfd21c12dc4366,3193,2732,12,图1：住宅、商业和办公楼销售面积季度增速（%） | 图2：40 城市和其他地区商品房销售面积月度增速（%） | 图3：商品房销售面积季度增速（%） | 图4：金融机构甲醛贷款利率和GDP 增速（%） | 图5：商品房销售面积年度增速（%） | 图6：房地产开发投资资金来源累计同比增速（%） | 图7：商品房销售面积和房地产开发投资季度增速（%） | 图8：35 个城市住宅投资和销售占全国商品房的比例（%） | 图9：40 城市住宅投资对房地产开发投资增速贡献（%） | 图10：一二三线城市二手住宅价格指数同比（%） | 图11：35 城市和其它地区商品房销售增速（%） | 图12：一线城市二手住宅租金收益率（%）,我们观察受政策影响的核心城市住宅市场和其他不受影响的写字楼、商铺和非核心城市，发现调控和非调控市场呈现出较高的同步波动，这说明了宏观条件而非调控政策是房地产大趋势的主导推动力量。,036,retained_exact,2c5ec570584be5351aa2e0ac2fdaf3a5cb6dbf988c60e5c16fa791ef4bcbf6bc,359b71640b45eca5b6050e256929ed5721ee099850df5478d0d3037363fcb38b,1.00000000,0,12,12
101,中国房地产市场正在去泡沫化,房地产、城市化与消费,analysis,2014-07-05,day,6,02_markdown_articles/101_2014-07-05_中国房地产市场正在去泡沫化.md,OEBPS/text/article-101-analysis-2014-07-05-cf40-1691.xhtml,高善文文集V4.0.epub,d84eb38d989588b66ec63d0dce528f94564ecd444f043f7c46dfd21c12dc4366,4073,3458,7,图1 | 图2 | 图3 | 图4 | 图5 | 图6 | 图7,摘要：中国的房地产市场在全球范围内引起了密切的关注。从微观和宏观层面来看，在2007-2011年，中国房地产行业的存货和总资产，相比于营业收入都有大幅度的上升，同时房价也在迅速攀升，这意味着房产市场的泡沫化。但是，2...,,new_in_v4,766926c54a8361e4b6e62284f1d4f01249b6262671c6bda467dda6a487fe9590,537ffba57beaf31cf71fae96372bb6efe198f14d0ef5d21d4a53856048ad045c,1.00000000,0,0,0
102,盈虚之有时,房地产、城市化与消费,analysis,2014-07-07,day,16,02_markdown_articles/102_2014-07-07_盈虚之有时.md,OEBPS/text/article-102-analysis-2014-07-07-1v3ncu2.xhtml,高善文文集V4.0.epub,d84eb38d989588b66ec63d0dce528f94564ecd444f043f7c46dfd21c12dc4366,8585,7412,16,图1：OECD 综合领先指标 | 图2：发达经济体和新兴经济体制造业PMI（%） | 图3：中国进出口实际同比增速 | 图4：中国出口实际同比增速（不包含香港、澳门） | 图5：中国和美国PPI 同比增速 | 图6：PPI 环比增速和工业增加值环比增速（%） | 图7：周期股TTMROE 与PPI | 图8：制造业上市公司投资增速和PPI | 图9：官方制造业固定资产投资增速和调整值 | 图10：上市房地产企业存货水平 | 图11：上市房地产企业总资产水平 | 图12：上市房地产企业ROA 和ROE | 图13：70 大中城市：一二三线城市新建住宅价格定基指数 | 图14：百城：一二三线城市住宅价格定基指数 | 图15：商品房销售面积当季同比增速 | 图16：房屋新开工面积当季同比增速,本文首先讨论中国出口的恢复及其影响。随着全球经济逐步走出金融危机的阴影，中国的出口活动看起来正在进入可维持的恢复过程。这将逐步推升PPI由负转正，带来企业盈利的恢复，并最终引导制造业部门投资活动的恢复。,048,retained_exact,314abb9f68a2018dbff21c2f1a0a72bfe1ca35c5d7dfd82eee253e1a612f103c,2158f5176ec43b2354e4a878ef11b6364fc070d8dde5dbf44f7d68b980ba7e85,1.00000000,8,16,16
103,房地产市场向何处去？,房地产、城市化与消费,analysis,2014-07-24,day,7,02_markdown_articles/103_2014-07-24_房地产市场向何处去.md,OEBPS/text/article-103-analysis-2014-07-24-1yh5fmx.xhtml,高善文文集V4.0.epub,d84eb38d989588b66ec63d0dce528f94564ecd444f043f7c46dfd21c12dc4366,4570,3953,0,,随着越来越多的城市加入放松限购政策的行列，以及6月份单月房地产销售数据的反弹，市场对房地产走向的看法再次出现争论。为此，我们将前期相关房地产市场的研究单列成文，定名为《房地产市场向何处去》，放在博客中供大家参考和批评...,049,retained_exact,60180ac24f0a0898959846067b3d6022cedad65642d1560e7b017bf7429a9ffd,81a182e04b407dbfebe4e607a164f78213a49a5bbae01e79656a02631e086299,1.00000000,5,0,0
104,守望春华,房地产、城市化与消费,analysis,2016-12-27,day,28,02_markdown_articles/104_2016-12-27_守望春华.md,OEBPS/text/article-104-analysis-2016-12-27-auk8v4.xhtml,高善文文集V4.0.epub,d84eb38d989588b66ec63d0dce528f94564ecd444f043f7c46dfd21c12dc4366,16823,14213,39,图1：小学在校生人数增速和房价涨幅，% | 图2：小学在校生人数增速和房价涨幅，% | 图3：二线城市小学在校生人数增速比较 | 图4：两组二线城市住宅销售面积增速差，% | 图5：两组二线城市住宅新开工面积增速差异，% | 图6：居民可支配收入增速对比，% | 图7：教育财政支出和小学生人数增速 | 图8：以小学在校生增速衡量的人口集中涌入的城市 | 图9：城市夜晚灯光亮度 | 图10：城市夜晚灯光亮度 | 图11：城市灯光亮度比较 | 图12：城市灯光密集区域占城市范围比例 | 图13：海港城市圈居住用地占城市建设用地比重(统一按中国口径） | 图14：内陆首都城市圈居住用地占城市建设用地比重(统一按中国口径） | 图15：全球主要城市房价收入比 | 图16：居住用地面积增速和房价涨幅，% | 图17：居住用地面积增速和房价涨幅，%（人均三产GDP 前10 的城市） | 图18：居住用地面积增速和房价涨幅，%（小学在校生人数前10 的城市） | 图19：居住用地面积增速和房价涨幅，%（城市常住人口前10 的城市） | 图20：居住用地面积增速和常住人口的关系 | 图21：二线涨幅靠前城市测算非合意库存量（千平米） | 图22：二线涨幅靠后城市测算非合意库存量（千平米） | 图23：三四线城市测算非合意库存量（千平米） | 图24：上市房地产企业存货/总资产 | 图25：日本房地产投资占GDP 比重，% | 图26：美国房地产投资占GDP 比重，% | 图27：PPI 环比（%） | 图28：规模以上工业企业主营业务收入累计利润率（%） | 图29：上市工业企业主营业务收入累计利润率（%） | 图30：上市工业企业滚动ROA（%） | 图31：宏观杠杆水平的衡量——债务/GDP（%） | 图32：住户部门负债/GDP（%） | 图33：政府部门负债/GDP（%） | 图34：非金融企业部门负债/GDP（%） | 图35：非金融上市企业负债/销售收入（%） | 图36：非金融上市企业资产负债率（%） | 图37：非金融上市企业资产周转率（%） | 图38：非金融上市企业资产周转率和剔除通胀影响的资产周转率（%） | 图39：PPI 定基数（2002 年=100）,在需求层面，小学在校生人数增速对城市之间的房价涨幅差异表现出很好的解释能力。2011-2012年以后，城镇化转向都市化，人口更密集地流向少数大城市和特大城市，部分地导致中国不同城市之间房价出现巨大分化。,064,retained_exact,e53cd473e355f9372fe060af4427b96580ce2f73bb6bb11b30f07e6a71339dd5,1848e43da847797221220d0613a468b0bccf019f7708115087db2e49045b5148,1.00000000,4,39,39
105,中国的城市化与房地产市场（二）,房地产、城市化与消费,analysis,2017-10-24,day,9,02_markdown_articles/105_2017-10-24_中国的城市化与房地产市场(二).md,OEBPS/text/article-105-analysis-2017-10-24-koiumd.xhtml,高善文文集V4.0.epub,d84eb38d989588b66ec63d0dce528f94564ecd444f043f7c46dfd21c12dc4366,5813,5066,0,,2016年底，我们在年度策略会后发布了题为《,076,retained_exact,3d83199c9a00c9e8369e599bca7b848ffe6ae0eadd7cf5b6479ae4e99812fdbd,ae44021b73c150ffca8eb42a53b8529712b2ac9aaf46d950a0c4e81090d4217a,1.00000000,3,0,0
106,中国的城市化与房地产市场（三）,房地产、城市化与消费,analysis,2017-10-30,day,6,02_markdown_articles/106_2017-10-30_中国的城市化与房地产市场(三).md,OEBPS/text/article-106-analysis-2017-10-30-piquit.xhtml,高善文文集V4.0.epub,d84eb38d989588b66ec63d0dce528f94564ecd444f043f7c46dfd21c12dc4366,3799,3296,0,,2016年底，我们在年度策略会后发布了题为《,077,retained_exact,d123decb3ada5c034b48084a94716a40d2f985426fdc5409d46af287ffa3085d,7387d2e66b9148b8d88268774717b85b4f3315190b88d8ee65a70149c45bf2d9,1.00000000,2,0,0
107,站到拐点，我终于找到了房价上涨的主导性因素！,房地产、城市化与消费,analysis,2017-11-04,day,20,"02_markdown_articles/107_2017-11-04_站到拐点,我终于找到了房价上涨的主导性因素!.md",OEBPS/text/article-107-analysis-2017-11-04-py9veu.xhtml,高善文文集V4.0.epub,d84eb38d989588b66ec63d0dce528f94564ecd444f043f7c46dfd21c12dc4366,13497,11755,0,,进入本世纪以来，中国的城市化进程开始加速。在十几年的时间里，数以亿计的人口迁入城市，并定居下来，实现了生活水平的巨大提高，并在这一过程中创造了前所未见的经济繁荣。,078,retained_exact,2832147e1ae3ebc210e5d5a100f7d559bd8f2fb0cc7561afb781a54a1512994b,855b98a6e05b1403e363dce17f9841b6affcb2410e6ae46d398d03d8484a9098,1.00000000,5,0,0
108,房地产库存已明显低于长期合理水平,房地产、城市化与消费,analysis,2017-11-23,day,5,02_markdown_articles/108_2017-11-23_房地产库存已明显低于长期合理水平.md,OEBPS/text/article-108-analysis-2017-11-23-1hgafp2.xhtml,高善文文集V4.0.epub,d84eb38d989588b66ec63d0dce528f94564ecd444f043f7c46dfd21c12dc4366,2893,2592,0,,11月2日上午，安信证券首席经济学家高善文在2017（第十一届）中国钢铁原燃料市场高峰论坛做专题演讲，以下是演讲摘录：,079,retained_exact,c8fbd63c0dd9e86e414e90decf696892c4e3db96b5f98d4240a752ee33038f57,315dcca1de6e20cced7d4e5576fa100accc09415c741f27ed400a37bd193a4f3,1.00000000,0,0,0
109,地方政府和少数国企是当前杠杆问题的关键所在,房地产、城市化与消费,analysis,2018-01-03,day,5,02_markdown_articles/109_2018-01-03_地方政府和少数国企是当前杠杆问题的关键所在.md,OEBPS/text/article-109-analysis-2018-01-03-cf40-2715.xhtml,高善文文集V4.0.epub,d84eb38d989588b66ec63d0dce528f94564ecd444f043f7c46dfd21c12dc4366,3322,3010,0,,从多种指标来看，宏观杠杆指标已经出现明显的改善势头，关键原因在于经济出现了周期性恢复。也要看到，实际上自2014年以后，市场化企业已经在普遍去杠杆，这是市场力量的自发作用。2016年以后，随着经济周期性的改善和GDP...,,new_in_v4,2fedc22d05ec32d78704c44a616fcd76dba4144d4f07ee89c53585d55ad6bdcf,a21d6255efb59efe2ed70d2d48b937ac756ab10bb793115b6c0f768adf40ebfc,1.00000000,0,0,0
110,从供需入手，因地制宜解决房地产问题,房地产、城市化与消费,analysis,2018-04-24,day,9,"02_markdown_articles/110_2018-04-24_从供需入手,因地制宜解决房地产问题.md",OEBPS/text/article-110-analysis-2018-04-24-cf40-2789.xhtml,高善文文集V4.0.epub,d84eb38d989588b66ec63d0dce528f94564ecd444f043f7c46dfd21c12dc4366,5961,5448,0,,300多年以前，伟大的物理学家牛顿曾经参与过我们后来称为“南海泡沫”的投机活动，损失惨重，事后他感慨说：“我可以计算天体的运动，但是无法计算人类的疯狂。”自牛顿去世到现在几百年的时间里，人类在科学知识、计算能力、数据...,,new_in_v4,b5d4f0febbb25e21a213228b365d9c602e54c2ddf83c5e799fcff5742019b8b5,97132df1db107f25ca61a5a5ad6f48b36b344cd8f4b68da4f692fd6063a31d4f,1.00000000,0,0,0
111,风物长宜放眼量,房地产、城市化与消费,analysis,2021-07-08,day,22,02_markdown_articles/111_2021-07-08_风物长宜放眼量.md,OEBPS/text/article-111-analysis-2021-07-08-b3nxx8.xhtml,高善文文集V4.0.epub,d84eb38d989588b66ec63d0dce528f94564ecd444f043f7c46dfd21c12dc4366,12440,10633,27,图1：东亚经济转型中的实际GDP 增速，% | 图2：中国增量资本产出比（ICOR） | 图3：中国增量资本产出比（ICOR，每5 年几何平均） | 图4：东亚经济转型时期：ICOR 对标 （每5 年几何平均） | 图5：东亚经济转型时期：ICOR 对标（5 年几何平均逐年） | 图6：东亚经济转型时期：ICOR 对标（5 年几何平均） | 图7：中国资本报酬率与ICOR 倒数 | 图8：上市公司ROA，% （每5 年平均） | 图9：全国国企及央企总资产报酬率，%（财政部口径，阶段平均） | 图10：工业企业实际ROA：国有和非国有，% （每5 年平均） | 图11：东亚转型时期：1 年期国债名义利率，% （每5 年平均） | 图12：中国转型时期：1 年期国债名义利率，% （每5 年平均） | 图13：东亚转型时期：1 年期国债实际利率，% （每5 年平均） | 图14：中国转型时期：1 年期国债实际利率，% （每5 年平均） | 图15：东亚经济转型时期：名义贷款利率，% （每5 年平均） | 图16：东亚经济转型时期：实际贷款利率，% （每5 年平均） | 图17：中国经济转型时期：实际贷款加权利率，% （每5 年平均） | 图18：东亚经济转型时期：国民储蓄率，%（每5 年平均） | 图19：东亚经济转型时期：国民储蓄率，%（每5 年平均） | 图20：东亚经济转型时期：国民储蓄率，%（20 年平均） | 图21：ICOR 与一年期国债实际利率（每5 年平均） | 图22：ICOR 与名义贷款利率（每5 年平均） | 图23：ICOR 与实际贷款利率（每5 年平均） | 图24：中国贷款、债券和信托：名义利率，% （阶段平均） | 图25：中国贷款、债券和信托：实际利率，% （阶段平均） | 图26：中国经常账户差额:占GDP 比重，%（每5 年平均） | 图27：测算实体企业、广义政府和房地产口径的增量债务占比，%,以资本边际报酬递减这一规律为基础，我们发现日韩以及中国台湾等东亚经济体在转型过程中资本报酬率普遍出现下降，相应的利率中枢也同步下行。但过去10年中国资本报酬率下降的过程中，广谱的利率不降反升、长期背离。,098,retained_exact,63ddceb10a5b2424283e7e07bea8076859b4b52a21d86fc2e94c3adeb5f91a12,36c5b50cbcb8a551eb33026adab962447c81dd0deac78e6ec69ecde6b31739eb,1.00000000,0,28,27
112,沉舟侧畔千帆过,房地产、城市化与消费,analysis,2021-12-24,day,20,02_markdown_articles/112_2021-12-24_沉舟侧畔千帆过.md,OEBPS/text/article-112-analysis-2021-12-24-1ilob08.xhtml,高善文文集V4.0.epub,d84eb38d989588b66ec63d0dce528f94564ecd444f043f7c46dfd21c12dc4366,12132,9407,25,"图1：商品房销售与新增城镇常住、就业人口增速之差（%，5YMA） | 图2：商品房销售与新增城镇常住、就业人口增速之差（%，HP 滤波） | 图3：新增城镇常住、就业人口与商品房销售面积增速（%，5 年平均） | 图4：商品房销售面积真实值与估计值，亿平方米 | 图5：东亚经济转型中的实际GDP 增速，% | 图6：东亚经济体：住宅投资/GDP（%,HP 滤波） | 图7：测算商品房存货周转率，% | 图8：房地产行业销售净利率，% | 图9：人民币实际有效汇率指数 | 图10：中国出口额、工业出口交货值占全球市场的份额，% | 图11：出口交货值分类下的工业增速，% | 图12：出口交货值分类下的工业增加值占比，% | 图13：出口交货值分类下的资本开支/营业收入，% | 图14：出口交货值分类下的资本开支占比，% | 图15：不同营收增速分组的增加值增速，% | 图16：不同营收增速分组的利润总额/增加值，% | 图17：不同营收增速分组的增加值占比，% | 图18：不同营收增速分组的资本开支占比，% | 图19：不同营收增速分组的员工人数占比，% | 图20：上市公司员工分组占比及新增流向，% | 图21：不同营收增速分组下的人均薪酬变化（定基数，以2014 年为100） | 图22：不同营收增速分组的市值占比，% | 图23：不同营收增速分组下的股价变化（以2010 年为100） | 图24：不同营收增速分组下的股价变化（以2009 年为100） | 图25：不同营收增速分组的民营企业市值占比（%）",在房地产方面，我们认为中国房地产市场占经济总量的比重，已经步入长期下滑的过程中。考虑到城镇住房渗透率、以及新增城镇人口等因素，商品房销售面积的历史顶部可能已经出现。由于去杠杆等政策的影响，当前房地产行业进入了剧烈的供...,099,retained_exact,8dcf9f90fc1a9428a37cd59f0740656b0fc7a488b28b2899922e14011645607f,ead261c813d94289b70801aedc9ba0823889abbe2c2758329b4fe7bf3534036f,1.00000000,0,30,25
113,2022年市场从何处来、向何处去？,房地产、城市化与消费,analysis,2022-09-19,day,4,02_markdown_articles/113_2022-09-19_2022年市场从何处来、向何处去.md,OEBPS/text/article-113-analysis-2022-09-19-cf40-4141.xhtml,高善文文集V4.0.epub,d84eb38d989588b66ec63d0dce528f94564ecd444f043f7c46dfd21c12dc4366,2493,2280,0,,2022年的中国资本市场就像一部精彩的惊悚剧，情节跌宕起伏，出人预料，但仔细回味，其展开过程倒也合情合理，让观众欲罢不能。时近深秋，我们该如何回望和反思今年的市场脉络，并从中有所启发呢？,,new_in_v4,895aadf5af0cce0df93f149c3b64a6775e4e569e5edbf8df553f16f8dc50e6de,a8f05d5b000639a747dc17690ff4a3f1de3254659d4ca5c3147490d1d2a5f962,1.00000000,0,0,0
114,物转星移又一秋,房地产、城市化与消费,analysis,2022-12-18,day,20,02_markdown_articles/114_2022-12-18_物转星移又一秋.md,OEBPS/text/article-114-analysis-2022-12-18-373pwx.xhtml,高善文文集V4.0.epub,d84eb38d989588b66ec63d0dce528f94564ecd444f043f7c46dfd21c12dc4366,12336,10597,31,图1：居民户新增广义存贷款轧差/居民部门总收入（4Q，TTM），% | 图2：居民户储蓄率偏离值，% | 图3：测算全国商品房非意愿库存，千平方米 | 图4：日本房地产投资占GDP 比重，% | 图5：美国房地产投资占GDP 比重，% | 图6：中国房地产投资占GDP 比重，% | 图7：新房价格弹性，% | 图8：二手房价格弹性，% | 图9：增长与安全四象限 | 图10：行业相对万得全A 价格指数：国防军工（第一象限） | 图11：行业内国企相对非国企PE：国防军工（第一象限） | 图12：行业内国企相对非国企PB：国防军工（第一象限） | 图13：行业内国企相对非国企价格指数：国防军工（第一象限） | 图14：万得中概股100 指数成分——互联网（第二象限） | 图15：万得中概股100 相对纳斯达克价格指数：互联网（第二象限） | 图16：万得中概股100 指数营业收入增速（固定样本， 第二象限） | 图17：万得中概股100 相对纳斯达克指数市净率变化（第二象限） | 图18：行业相对万得全A 价格指数：家用电器（第三象限） | 图19：行业内国企相对非国企PE：家用电器（第三象限） | 图20：行业内国企相对非国企PB：家用电器（第三象限） | 图21：行业相对万得全A 价格指数：电力设备（第一象限） | 图22：行业内国企相对非国企PE：电力设备（第一象限） | 图23：行业内国企相对非国企PB：电力设备（第一象限） | 图24：行业相对万得全A 价格指数：新能源汽车（第四象限） | 图25：行业内国企相对非国企PE：新能源汽车（第四象限） | 图26：行业内国企相对非国企PB：新能源汽车（第四象限） | 图27：万得“专精特新”概念指数（第四象限） | 图28：行业相对万得全A 价格指数：专精特新（第四象限） | 图29：行业内国企相对非国企PE ：专精特新（第四象限） | 图30：行业内国企相对非国企PB：专精特新（第四象限） | 图31：行业内国企相对非国企价格指数：专精特新（第四象限）,一是过去三年的疫情给经济主体带来了心理性和财务性的疤痕效应，前者影响承担风险的意愿和对未来的预期，后者造成了资产负债表的失衡。疤痕效应的修复与政策干预联系紧密，在自然条件下的修复需要一定时间。,103,retained_exact,abcdd7befefdbe68dac9e1059530e64f266656cc6c9cb6e8822bdaed914fe396,e42705ad2780745cc53ba597e7231625eb9b9daf97428daacb05695f0723b8f5,1.00000000,0,31,31
115,宏观经济基本环境分析和对消费变化的思考,房地产、城市化与消费,analysis,2023-11-08,day,4,02_markdown_articles/115_2023-11-08_宏观经济基本环境分析和对消费变化的思考.md,OEBPS/text/article-115-analysis-2023-11-08-cf40-4594.xhtml,高善文文集V4.0.epub,d84eb38d989588b66ec63d0dce528f94564ecd444f043f7c46dfd21c12dc4366,2200,1985,0,,2019年以前，全球主要经济体二十年间的经济增长趋势非常同步，体现了高速且不断扩大的全球经济深入融合，并具体表现在贸易、金融、投资等诸多领域。疫情之后，各国纷纷放松管控，经济逐步进入恢复阶段。中国也在2022年底全面...,,new_in_v4,ed1f7ccaa1a524f3695c0528424c42df3e86de35ecd444a868a1ff080643d004,dd2469160b0927a3b98c1f42c199d2b4ec7b8576f371709cbef6ff07792990bc,1.00000000,0,0,0
116,道是无晴却有晴,房地产、城市化与消费,analysis,2023-12-13,day,18,02_markdown_articles/116_2023-12-13_道是无晴却有晴.md,OEBPS/text/article-116-analysis-2023-12-13-xmy5dk.xhtml,高善文文集V4.0.epub,d84eb38d989588b66ec63d0dce528f94564ecd444f043f7c46dfd21c12dc4366,11156,9130,37,图1：东北分整体和分能级商品住宅销售面积指数 | 图2：东北分能级房地产投资占GDP 比重，% | 图3：日本房地产投资占GDP 比重，% | 图4：美国房地产投资占GDP 比重，% | 图5：中国房地产投资占GDP 比重，% | 图6：住宅投资占比，% | 图7：住宅投资GDP 占比中位数（2000-2019），% | 图8：分能级城镇人口同比，% | 图9：全国分能级住宅销售面积，亿平米 | 图10：分人口流出率三四线城市住宅销售面积，亿平 | 图11：分人口流出率三四线城市住宅销售面积，千平 | 图12：销售面积变化与户籍人口留存率，% | 图13：全国和分能级商品房销售占比，% | 图14：商品房销售-扣土地购置费后投资占GDP 比重，% | 图15：房地产相关税费占GDP 比重，% | 图16：中国金融业和房地产业增加值和土地费占GDP 比重，% | 图17：东北和分能级商品房销售占比，% | 图18：东北商品房销售-扣土地购置费后投资占GDP 比重，% | 图19：分能级商品房销售情况前后对比，% | 图20：成交土地占地面积，亿平米 | 图21：住宅类成交土地占地面积，亿平米 | 图22：房地产企业土地购置面积，亿平米 | 图23：整体和分能级容积率 | 图24：成交土地规划建筑面积，亿平米 | 图25：成交土地规划建筑面积:住宅用地，亿平米 | 图26：成交住宅规划建筑面积后四年/前四年，% | 图27：分能级城镇人口同比增速，% | 图28：东北分能级城镇人口同比增速，% | 图29：大城市与全国经济增速差值，% | 图30：大城市与全国城镇社零增速差值，% | 图31：大城市与城镇失业率差值，% | 图32：A 股房地产行业经营性现金流偏离，亿元 | 图33：A 股房地产行业投资性现金流偏离，亿元 | 图34：A 股房地产行业筹资性现金流偏离，亿元 | 图35：A 股房地产行业筹资性现金流偏离，% | 图36：港股国有和民营股票 | 图37：港股优质和弱势民企股票,以中国东北、日本、美国的案例为参考，中国房地产投资占GDP比重的长期中枢或许在8%左右，现在房地产投资已经明显低于这一中枢，并可能继续下降。与发达国家住宅投资占比进行比较，中国目前的水平也明显低于国际中位数。,105,retained_exact,e6ac76935eda1d91125e9b821fc99613d1abe3acaaffd163f5f1270484cb0fb9,a925b13a9a388e5dcaa01b0bfb725cf00e2f5e63c8e9ebb8168b51759bafcf34,1.00000000,0,37,37
117,关于当前房地产市场的几个问题,房地产、城市化与消费,analysis,2024-01-30,day,7,02_markdown_articles/117_2024-01-30_关于当前房地产市场的几个问题.md,OEBPS/text/article-117-analysis-2024-01-30-cf40-4657.xhtml,高善文文集V4.0.epub,d84eb38d989588b66ec63d0dce528f94564ecd444f043f7c46dfd21c12dc4366,4421,3725,7,图1 日本房地产投资占GDP比重（%） | 图2 美国房地产投资占GDP比重（%） | 图3 中国房地产投资占GDP比重（%） | 图4 美国二手房销售年化（千套） | 图5 13城新房和二手房成交面积指数 | 图6 克而瑞30城新房和二手房销售面积 | 图7 贝壳25城二手房价格和租金价格指数（%）,过去两年，房地产市场是影响中国经济最为核心的因素，这已成为政府和市场的广泛共识。2024年房地产市场走向如何，目前仍有诸多疑问。过去一段时间，政府有关部门围绕房地产市场进一步推出了一系列政策，所有市场参与者都在密切关...,,new_in_v4,a7894f4895a7d41f400fcaf3f5cab0a5ef6bdd47ad1eb13fee86464b3bf9adf3,e3f3893875e9b22973a34cc15c937f1205fa59e927a17bde4a2674d7f293932f,1.00000000,0,0,0
118,奋楫逐浪天地宽,房地产、城市化与消费,analysis,2024-05-31,day,21,02_markdown_articles/118_2024-05-31_奋楫逐浪天地宽.md,OEBPS/text/article-118-analysis-2024-05-31-w3d19i.xhtml,高善文文集V4.0.epub,d84eb38d989588b66ec63d0dce528f94564ecd444f043f7c46dfd21c12dc4366,12986,11159,24,"图1：贸易盈余/GDP(剔除价格）,% | 图2：名义贸易盈余/GDP，% | 图3：PPI 环比，% | 图4：南华工业品指数 | 图5：高盛商品指数 | 图6：贝壳25 城二手房价格和租金价格指数 | 图7：2023 年二手房价格和租金价格变化，% | 图8：收入预期和房贷利率，% | 图9：大中城市房价收入比和购房难度指数 | 图10：A 股国有和民营房企股价指数 | 图11：港股国有和民营房企股价指数 | 图12：中资美元债与美债利差、高收益债与美债利差，% | 图13：中国资本报酬率与ICOR 倒数，% | 图14：加权贷款利率与国债利差，% | 图15：日本境外投资存量和直接投资存量占资本存量比重，% | 图16：日本海外销售占GDP 比重，% | 图17：境外投资收益占营业盈余比重，% | 图18：境内外直接投资资本回报率对比，% | 图19：日本行业层面出海程度V.S.行业ROA，% | 图20：日本行业层面出海程度V.S.行业净利润率，% | 图21：日本行业层面出海程度V.S.行业ROA，% | 图22：日本行业层面出海程度与行业ROA 双向固定效应回归 | 图23：日本个股：日经内需50 指数V.S.日经外需50 指数 | 图24：日本个股：日经内需50 指数V.S.日经外需50 指数",第一，房地产行业的大幅调整以及由此带来的贸易账户严重失衡，是近几年中国经济的关键特征。在经历基本面恶化和估值修正后，当前房地产市场诸多价格相关指标可能已经进入合理区间，但这并不意味着房价已经完全触底。底部的形成往往具...,106,retained_exact,0a8e39c8f40a9323cfa4d36b429862e52eec3270d6e7199af10980494c5ae9be,5f7bab08bcfd9e800e172e321e25fc42f0665909ac9feca5fa0868d9a2ae5cc7,1.00000000,0,24,24
119,房地产市场正在经历三方面调整，供应侧措施更重要,房地产、城市化与消费,analysis,2024-09-15,day,4,"02_markdown_articles/119_2024-09-15_房地产市场正在经历三方面调整,供应侧措施更重要.md",OEBPS/text/article-119-analysis-2024-09-15-cf40-4826.xhtml,高善文文集V4.0.epub,d84eb38d989588b66ec63d0dce528f94564ecd444f043f7c46dfd21c12dc4366,2117,1965,0,,中国经济总需求不足的局面仍然相对比较突出。总需求进一步减弱的风险，可能是今年三到四季度的主导性风险，当下需要对总需求不足的局面进行诊断，并提出相应的政策建议。,,new_in_v4,8a545da65fdbcd9bc21b9fc6dea4d45c0243c55f14e06da9240f89d2f788a40f,acd89dcbfb8ddd6ec4982bff3eb6587f0294f3f7221385fb2f9b4b1ea0577683,1.00000000,0,0,0
120,产业结构转型与消费驱动转型,房地产、城市化与消费,analysis,2024-09-30,day,7,02_markdown_articles/120_2024-09-30_产业结构转型与消费驱动转型.md,OEBPS/text/article-120-analysis-2024-09-30-cf40-4838.xhtml,高善文文集V4.0.epub,d84eb38d989588b66ec63d0dce528f94564ecd444f043f7c46dfd21c12dc4366,4870,4182,16,图1 上市公司行业分类及数量 | 图2 不同分类行业营业总收入占比 | 图3 不同分类行业总市值占比 | 图4 支持/中性与限制/中性的净利润发展趋势图 | 图5 支持/中性与限制/中性的净利润率发展趋势图 | 图6 相较于中性行业，支持与限制行业员工总数发展情况 | 图7 相较于中性行业，支持与限制行业CAPEX变化情况 | 图8 相较于中性行业，支持与限制行业负债量变化情况 | 图9 相较于中性行业，支持与限制行业所有者权益变化情况 | 图10 相较于中性行业，支持与限制行业PE（市盈率）变化情况 | 图11 相较于中性行业，支持与限制行业PB（市净率）变化情况 | 图12 相较于中性行业，支持与限制行业股价变化情况 | 图13 疫情前各省份社零同比增速与中青年人口数量的关系 | 图14 疫情后各省份社零同比增速与中青年人口数量的关系 | 图15 疫情前人口流入更多（年轻人占比更高）的省份消费增长更快 | 图16 疫情后更多（年轻人占比更高）的省份消费增速更低,近年来，中国经济总体增速偏缓，总需求偏弱。针对这一现状，市场中存在两种不同的观点。一种观点认为，总需求偏弱将引发一系列连锁的负面效应，应采取强有力的刺激政策，以期尽快恢复总供求的平衡和相对温和的通胀水平。,,new_in_v4,036633e7adc3ecdcdde957fe615f35fe93c7d1f36f3ef84e636bdb23cc2c45bf,49947d70122f8569637dad1a14ebaa866dcf446845affe8166df918033d7689b,1.00000000,0,0,0
121,关于促进房地产市场止跌回稳，加快建立房地产业务新模式的几点思考,房地产、城市化与消费,analysis,2024-10-22,day,6,"02_markdown_articles/121_2024-10-22_关于促进房地产市场止跌回稳,加快建立房地产业务新模式的几点思考.md",OEBPS/text/article-121-analysis-2024-10-22-cf40-4853.xhtml,高善文文集V4.0.epub,d84eb38d989588b66ec63d0dce528f94564ecd444f043f7c46dfd21c12dc4366,3667,3409,0,,房地产市场在国民经济中具有举足轻重的影响。过去几年中国房地产市场的深度调整充分暴露了传统的房地产业务模式的严重内在缺陷，对宏观经济的稳定运行和健康发展形成了明显拖累和重大挑战。如何尽快实现房地产市场的止跌回稳，并逐步...,,new_in_v4,1ed04bffeb34b93c5512f2ce1e3be49450b6bd7cade72abebe41585dcb5ef6b6,c83db3099ffa788493fce6f87e356d634d10955adae478404ff36a019d7b7a05,1.00000000,0,0,0
122,产业升级：星星之火悄然孕育,产业、产能与能源转型,analysis,2010-06-07,day,3,02_markdown_articles/122_2010-06-07_产业升级_星星之火悄然孕育.md,OEBPS/text/article-122-analysis-2010-06-07-cf40-354.xhtml,高善文文集V4.0.epub,d84eb38d989588b66ec63d0dce528f94564ecd444f043f7c46dfd21c12dc4366,1645,1465,0,,产业升级本身不完全是一个宏观经济学的研究题目，更大程度上是一个自下而上的研究。自上而下地去研究产业升级，很难讨论得具体、深入。因此，踏踏实实地去研究一些具体的案例，会更生动、更清楚、更有价值。,,new_in_v4,dfff869fdfa83ad911f50e3ba950650e0f065d44b133154bacbf9a09bfbebcc7,825415112a5dc08fd0f4b2055422b3b3a012ee4962c65f19b3d943ae00ab55fc,1.00000000,0,0,0
123,短周期工业品价格的“蜜月期”快结束了吗？,产业、产能与能源转型,analysis,2016-09-02,day,4,02_markdown_articles/123_2016-09-02_短周期工业品价格的“蜜月期”快结束了吗.md,OEBPS/text/article-123-analysis-2016-09-02-1vxpt19.xhtml,高善文文集V4.0.epub,d84eb38d989588b66ec63d0dce528f94564ecd444f043f7c46dfd21c12dc4366,2730,2418,0,,今年以来，一方面是终端需求的脉冲恢复，一方面是供应层面的有效收缩，这使得在经济总体低迷的背景下，工业品价格享受了一段时间难得的“蜜月期”，PPI环比涨幅创下2011年初以来的最高水平。,062,retained_exact,f9b53ff3b69657252b1ca6075dbe9a13fb949887f04dff0e04b20fa443ed5c29,9a6f107876e8c51612959913247b5e26be9fca478d7d1be6296e207f891e3611,1.00000000,4,0,0
124,雾霾从哪里来？,产业、产能与能源转型,analysis,2016-12-20,day,3,02_markdown_articles/124_2016-12-20_雾霾从哪里来.md,OEBPS/text/article-124-analysis-2016-12-20-1nurznx.xhtml,高善文文集V4.0.epub,d84eb38d989588b66ec63d0dce528f94564ecd444f043f7c46dfd21c12dc4366,1803,1575,0,,【按】本文为高善文在鸿儒金融教育基金会和上海金融与法律研究院主办的“镜鉴与前瞻2016”上的演讲。,063,retained_exact,120f4547448e3aa66ab90d8feb86500c0e153cf4e65fcde74c1e9eaa75a2f76d,28504640453be8c074b26312f342bd08d7e7e0af67d961580ff0bf82e2ccb62c,1.00000000,0,0,0
125,僵尸企业特别多的行业都是国有资本集中的行业,产业、产能与能源转型,analysis,2017-04-12,day,4,02_markdown_articles/125_2017-04-12_僵尸企业特别多的行业都是国有资本集中的行业.md,OEBPS/text/article-125-analysis-2017-04-12-fbad43.xhtml,高善文文集V4.0.epub,d84eb38d989588b66ec63d0dce528f94564ecd444f043f7c46dfd21c12dc4366,2515,2253,0,,本文为安信证券首席经济学家高善文4月9日在北大光华管理学院高层管理论坛上的演讲。,068,retained_exact,68fd771e9c167274194c75abf86c0e9b4779f255884f1bad4885616c210201db,54d124f081cbab95443d0f262bfde593b32c8440807ccd2f29534ff2fff8e5c7,1.00000000,0,0,0
126,观察经济结构变化的三个维度,产业、产能与能源转型,analysis,2017-11-25,day,4,02_markdown_articles/126_2017-11-25_观察经济结构变化的三个维度.md,OEBPS/text/article-126-analysis-2017-11-25-cf40-2689.xhtml,高善文文集V4.0.epub,d84eb38d989588b66ec63d0dce528f94564ecd444f043f7c46dfd21c12dc4366,2638,2422,0,,观察中国的经济结构变化，不仅有助于定位中国经济目前所处的发展阶段和进展状况，也有助于识别经济发展中存在的突出问题。基于以上重大意义，观察和研究经济结构的方法视角就格外重要。,,new_in_v4,a74f08fec3ff6c607a8c5018df6269dec4be68e826b908f78a4bd0c12bdfb0a3,f147bd3dbbd62395a0ff3429e57ab9d130d1528a0d3aaaf3fe2c47ed81adb033,1.00000000,0,0,0
127,走进新时代,产业、产能与能源转型,analysis,2017-12-31,day,26,02_markdown_articles/127_2017-12-31_走进新时代.md,OEBPS/text/article-127-analysis-2017-12-31-ngfyo.xhtml,高善文文集V4.0.epub,d84eb38d989588b66ec63d0dce528f94564ecd444f043f7c46dfd21c12dc4366,15294,12861,29,图1：限产行业和非限产行业工业增加值增速，% | 图2：限产行业和非限产行业工业增加值增速，% | 图3：历次经济反弹时，PPI 相对工业增加值的弹性 | 图4：交通运输、仓储和邮政业GDP 增速，% | 图5：固定资产投资季度同比，% | 图6：中国实际出口季度同比增速，% | 图7：全球工业生产同比增速，% | 图8：剔除亚洲新兴国家的全球工业生产增速，% | 图9：发达和新兴市场股票指数 | 图10：贸易盈余占GDP 比重，%（剔除价格，定基数） | 图11：上市房地产企业存货/总资产，% | 图12：全国房地产非合意库存测算，千平方米 | 图13：三四线城市房地产非合意库存，千平方米 | 图14：房地产开发投资同比增速，% | 图15：规上工业企业销售利润率与PPI 同比，% | 图16：上市工业企业销售净利率与PPI 同比，% | 图17：上市工业企业资产周转率 | 图18：规上工业企业总资产、净资产同比与制造业投资同比，% | 图19：规上工业企业总资产、流动资产、非流动资产同比，% | 图20：上市工业企业总资产、固定资产和在建工程同比，% | 图21：大盘指数和小盘指数 | 图22：大盘指数和小盘指数年涨幅，% | 图23：1 年期和10 年期国债到期收益率，% | 图24：M3 与 社融plus 增速比较（%） | 图25：货币信贷增速差与债券净价涨幅散点图2011-2017 | 图26：产能过剩行业分类 | 图27：产能过剩行业地理分布 | 图28：国有比重高的行业ROA 下降更加明显 | 图29：周期上升时ROA 越高，近期ROA 降幅越大,在经济增长部分，我们强调，2016年6月份以来，全球经济转入周期性恢复，这提升了中国的出口，拉动中国经济超过1个百分点的加速；由于同期供给侧改革对经济活动的抑制，中国在增长率层面的改善相对轻微；但这两方面的因素都大幅...,080;081,consolidated_from_v3,92665c57e58dfbd62c8051de3bcb5aae3532144b9d8d6f6a19150c95f0549c97,25fa8c8fe4aad382b2c3889bcf0b3e1aaa070fe1acbefa9010af013ebb19ec11,1.00000000,0,33,29
128,怎样看待中美国债利率倒挂？鲍威尔“转鸽”后续如何？,产业、产能与能源转型,analysis,2018-12-04,day,5,02_markdown_articles/128_2018-12-04_怎样看待中美国债利率倒挂_鲍威尔“转鸽”后续如何.md,OEBPS/text/article-128-analysis-2018-12-04-cf40-2993.xhtml,高善文文集V4.0.epub,d84eb38d989588b66ec63d0dce528f94564ecd444f043f7c46dfd21c12dc4366,2991,2648,7,文章图表 | 文章图表 | 文章图表 | 文章图表 | 文章图表 | 文章图表 | 文章图表,11月制造业PMI录得50，较上月回落0.2个百分点，创两年来新低。分项来看，生产、新订单、进口均出现不同程度下行，新出口订单小幅回升，但仍处于历史低位。高频数据显示高炉开工率、粗钢产量均出现轻微下滑。内外需均处在偏...,,new_in_v4,5d7f4b8c66e25e49b20ae02c2faee37cdc058edf4704fb6b3ac4108d90d1ab1f,60a4c54ffe83b26f194e720ccdcec0a363d3889acb3eeeee52b05b1896579c55,1.00000000,0,0,0
129,反者道之动,产业、产能与能源转型,analysis,2018-12-11,day,17,02_markdown_articles/129_2018-12-11_反者道之动.md,OEBPS/text/article-129-analysis-2018-12-11-172b1d7.xhtml,高善文文集V4.0.epub,d84eb38d989588b66ec63d0dce528f94564ecd444f043f7c46dfd21c12dc4366,9043,7899,26,图1：限产和非限产行业的工业增加值同比，% | 图2：限产行业和对照行业的价格 | 图3：PPI 同比和非限产组工业增速同比 | 图4：贸易盈余/GDP，% | 图5：规上工业企业限产行业和对照行业的销售净利润率，% | 图6：上市工业企业限产行业和对照行业的销售净利润率，% | 图7：限产行业和对照组的制造业投资增速同比，% | 图8：全国房地产非合意库存测算，千平方米 | 图9：三四线房地产非合意库存测算，千平方米 | 图10：房地产新开工增速-销售增速，% | 图11：70 大中城市二手住宅价格环比，% | 图12：城市化率国际比较，% | 图13：非农就业人口/全部劳动力，% | 图14：各国居民部门杠杆率比较，% | 图15：住户部门贷款占收入的比重，% | 图16：住户部门年还本付息额/年可支配收入，% | 图17：城投平台有息负债同比增速，% | 图18：工业企业中国企资产负债率，% | 图19：上市国企资产负债率，% | 图20：非证券投资类信托收益率，% | 图21：人民贷款加权利率，% | 图22：欧洲和美西集装箱运价指数 | 图23：PE 和PB 水平 | 图24：联邦模型下的PE 和PB | 图25：PB 和Forward PE 水平 | 图26：联邦模型下的PB 和Forward PE 水平,在去产能部分，我们强调，过去三年政府的强力政策在产能过剩领域取得了显著成效，今年以来产能过剩行业的盈利处于极高水平。由于经济自身逻辑的展开，行业供求开始向着反面变化，一个重要的迹象是这些领域投资显著上升以及相关行业大...,091,retained_exact,a77975021b30c660f8f110541f4398ae36f06a43a02df4709e9fe07ae08a283a,ebc2c2bb47db13b8438a86cd612c790acc510c2512c22b6a8f5f817f33b85bf8,1.00000000,0,26,26
130,大宗商品价格上涨的原因、趋势及政策应对,产业、产能与能源转型,analysis,2021-05-27,day,8,02_markdown_articles/130_2021-05-27_大宗商品价格上涨的原因、趋势及政策应对.md,OEBPS/text/article-130-analysis-2021-05-27-cf40-3766.xhtml,高善文文集V4.0.epub,d84eb38d989588b66ec63d0dce528f94564ecd444f043f7c46dfd21c12dc4366,5197,4676,0,,最近一段时间以来大宗商品价格的快速上涨引发了广泛的关注、焦虑和不安，金融市场的参与者们也都在密切的追踪并试图全面了解和分析其来龙去脉和影响。在此背景下，对大宗商品的价格上涨进行讨论是非常及时且必要的。,,new_in_v4,e12754a2e2e1a30b3ccdb82cbea5f525a692a351c4e340442b3183815c322fbf,fe4a1965a8a74d13aaee39caad5f37a39993ad4a583494ed3c10b9ea3800e67d,1.00000000,0,0,0
131,碳中和与双循环,产业、产能与能源转型,analysis,2021-06-23,day,4,02_markdown_articles/131_2021-06-23_碳中和与双循环.md,OEBPS/text/article-131-analysis-2021-06-23-cf40-3795.xhtml,高善文文集V4.0.epub,d84eb38d989588b66ec63d0dce528f94564ecd444f043f7c46dfd21c12dc4366,2645,2236,9,图1 疫情以来部分重要商品涨幅 | 图2 商品涨幅与其碳总排放量关系 | 图3 加工制造业弹性系数与碳排放量 | 图3 加工制造业弹性系数与碳排放量 | 图3 加工制造业弹性系数与碳排放量 | 图3 加工制造业弹性系数与碳排放量 | 图4 中国粗钢净出口量占产量比重（2006-2020） | 图5 高品质铁矿石溢价（美元/吨） | 图6 全球螺纹钢价格,最近，为了应对气候变化，中国政府宣布了控制碳排放的目标，承诺在2030年之前碳排放实现达峰，并争取在2060年实现碳中和，进而引发了国内外的广泛关注。作为世界第一大碳排放国，以及处于相对中高速增长的大型经济体，实现上...,,new_in_v4,68852caaf7e3e32601c59de5bf944ad384d447e9d6796267c7950927c84ab626,d3c5993d7a227212a800831f091219329fa06485984cfa3fceca51f9d9fd937c,1.00000000,0,0,0
132,能源短缺与碳达峰,产业、产能与能源转型,analysis,2021-11-19,day,5,02_markdown_articles/132_2021-11-19_能源短缺与碳达峰.md,OEBPS/text/article-132-analysis-2021-11-19-cf40-3908.xhtml,高善文文集V4.0.epub,d84eb38d989588b66ec63d0dce528f94564ecd444f043f7c46dfd21c12dc4366,3385,3029,4,图1 2020年以来中国发电来源分类季度增速，% | 图2 2010-2021年我国工业、第三产业和居民部门用电弹性 | 图3 中国部分省份每吨碳排放所对应的工业增加值，元/吨 | 图4 高耗能行业和其余制造业等每吨碳排放所对应的增加值，元/吨,今年9-10月份，煤炭价格快速上涨，伴随部分地区拉闸限电，引发广泛关注。随后政府部门采取了强有力的干预措施，煤炭市场压力暂时得到显著缓解。但这一事件背后反映的一些结构性问题，值得我们思考和探讨。,,new_in_v4,babf3fe7904c59e1443807612e3975f4e94cbd2bd49094eb029beae65d069f11,c2d028518b07e2cbea10f2e39ed772d29b686b7be41b0e55df8c9b92dd3cee2f,1.00000000,0,0,0
133,“产能过剩”问题观察：历史规律、现实背景与应对策略,产业、产能与能源转型,analysis,2024-06-14,day,5,02_markdown_articles/133_2024-06-14_“产能过剩”问题观察_历史规律、现实背景与应对策略.md,OEBPS/text/article-133-analysis-2024-06-14-cf40-4747.xhtml,高善文文集V4.0.epub,d84eb38d989588b66ec63d0dce528f94564ecd444f043f7c46dfd21c12dc4366,3236,2940,0,,当一个规模极其庞大且有明确预期的新兴行业出现时，在市场力量作用下，严重的产能过剩几乎不可避免。这是因为，市场上没有人知道行业未来的稳定需求处于什么水平，只能不断试错。,,new_in_v4,c66f257de808d5a422234da59b402baaf6064180e65185eaf408421c099614da,4735d895ccb9c878e4bf34e85ce59e45c94dd4e1216134a81fa90c701c35a66e,1.00000000,0,0,0
134,贸易盈余趋势性下降的前因后果,贸易、国际收支与全球经济,analysis,2010-04-12,day,7,02_markdown_articles/134_2010-04-12_贸易盈余趋势性下降的前因后果.md,OEBPS/text/article-134-analysis-2010-04-12-cf40-348.xhtml,高善文文集V4.0.epub,d84eb38d989588b66ec63d0dce528f94564ecd444f043f7c46dfd21c12dc4366,4254,3923,0,,从贸易余额来看，大概从2007年的11月份，贸易盈余就已经呈现下降性趋势，其中最明显的是贸易余额相对于经济的名义总量的下降。这个趋势一直延续到现在，我们预计未来还会再延续一两年的时间，甚至更长。在这个趋势转折刚开始的...,,new_in_v4,a47f5fb092b13ecbc73c4ad56a2debad9edc3fdb3039c80582c2a1d06bf003d1,21437b5b9f55782fc6b1aac5a9687319d8a32847bc625477d6b88ce0ecb5e395,1.00000000,0,0,0
135,一个基于国际收支变化的分析框架——产能周期理论概述之二,贸易、国际收支与全球经济,analysis,2012-01-10,day,5,02_markdown_articles/135_2012-01-10_一个基于国际收支变化的分析框架——产能周期理论概述之二.md,OEBPS/text/article-135-analysis-2012-01-10-fb45zh.xhtml,高善文文集V4.0.epub,d84eb38d989588b66ec63d0dce528f94564ecd444f043f7c46dfd21c12dc4366,2841,2486,0,,本文提出和讨论一个有用的理论框架，用以观察中国经济的总供求波动，并基于此来分析产能周期的基本过程和主要特征。作为起点，我们首先提出这一理论框架的基本假设。这些假设包括：,031,retained_exact,85bc0ab92a33bb3affd0692ade6beec72acefffe6e83bb44e5ed2e104cbca404,dc03342082176cae36d4df6433195377f82656ae9930b603e929a50270e878b4,1.00000000,5,0,0
136,总供求平衡与国际收支波动,贸易、国际收支与全球经济,analysis,2012-06-21,day,1,02_markdown_articles/136_2012-06-21_总供求平衡与国际收支波动.md,OEBPS/text/article-136-analysis-2012-06-21-cf40-1009.xhtml,高善文文集V4.0.epub,d84eb38d989588b66ec63d0dce528f94564ecd444f043f7c46dfd21c12dc4366,123,114,0,,摘要：本文提出和讨论一个有用的理论框架，用以分析中国经济的总供求平衡和国际收支波动。在此框架下，通过观察贸易盈余的波动，并结合国内产出和价格、全球工业部门产出和价格等指标，我们可以把握一段时期内实体经济所受冲击的来源...,,new_in_v4,9d04894a305ce5530815d6d26518888eb39a54f35f8014e968f7e4f8e5e0d7a3,99d0efb2e712cbcd5de7e62d10b39efa1d07ceed945aa4a3f9957498390db57a,1.00000000,0,0,0
137,供给侧也有“三驾马车”,贸易、国际收支与全球经济,analysis,2015-11-27,day,5,02_markdown_articles/137_2015-11-27_供给侧也有“三驾马车”.md,OEBPS/text/article-137-analysis-2015-11-27-mkwijb.xhtml,高善文文集V4.0.epub,d84eb38d989588b66ec63d0dce528f94564ecd444f043f7c46dfd21c12dc4366,943,863,0,,供给和需求，是一个硬币的两个方面。需求是从产品角度看问题；供给是从要素角度看问题。如果说需求侧包括投资、消费和出口三驾马车的话，那么供给侧也有三驾马车，那就是劳动、资本和技术。,058,retained_exact,9ae85d8575bc49c2df5000924286859a9c5a14e431a1cb2d2e189a0004359308,e0f8cc28df8642805dc7008427168d8e0c843e07d30be778feb6e8cecdfebb59,1.00000000,0,0,0
138,进口大幅增长 经济数据积极,贸易、国际收支与全球经济,analysis,2017-03-14,day,5,02_markdown_articles/138_2017-03-14_进口大幅增长_经济数据积极.md,OEBPS/text/article-138-analysis-2017-03-14-agajzn.xhtml,高善文文集V4.0.epub,d84eb38d989588b66ec63d0dce528f94564ecd444f043f7c46dfd21c12dc4366,3460,2904,0,,最新公布的 2 月进出口数据，出口同比 4.2%；进口同比 44.7%；当月贸易逆差 604,067,retained_exact,7351f88b0765267e29ce18c3b13fa9e621b15a2f2f2cd53f8cc002928f3cc68d,59891e4a20f102a4c0fb9dc13456d04542ab72f5b857176b7f92cde213cb796d,1.00000000,7,0,0
139,中美关系已进入修昔底德陷阱,贸易、国际收支与全球经济,analysis,2018-03-21,day,5,02_markdown_articles/139_2018-03-21_中美关系已进入修昔底德陷阱.md,OEBPS/text/article-139-analysis-2018-03-21-1sl5ymg.xhtml,高善文文集V4.0.epub,d84eb38d989588b66ec63d0dce528f94564ecd444f043f7c46dfd21c12dc4366,3445,3099,0,,中美经贸关系近来摩擦不断，矛盾加剧。在这背后，当然有特朗普以重商主义和单边主义为导向的理念和风格的影响，这些影响未必具有长期性。但我们应该看到，在经贸领域对华奉行强硬路线，正在成为美国朝野两党的共识，两国经贸关系的基...,084,retained_exact,b01eb84c1070a7f07d6b8ff114579941e8b6e103bbdb6841e930530cd69a3c72,adaa7a0f58093f4d70aade1340d51df4d5ad6eb683f2f2634ddd9bea9a6f9ca8,1.00000000,0,0,0
140,中美贸易战的走向,贸易、国际收支与全球经济,analysis,2018-06-21,day,2,02_markdown_articles/140_2018-06-21_中美贸易战的走向.md,OEBPS/text/article-140-analysis-2018-06-21-famr7l.xhtml,高善文文集V4.0.epub,d84eb38d989588b66ec63d0dce528f94564ecd444f043f7c46dfd21c12dc4366,1137,1029,0,,2018年4月11日，作者应清华大学时事大讲堂的邀请就中美贸易摩擦发表了演讲。5月10日，以这篇演讲为基础，我们将之润色整理为“中美贸易摩擦深处的忧虑”一文，推送在公众号“高善文经济观察”上，引起了一些阅读的兴趣。,087,retained_exact,2a039da96267cd9391eb0830b29d106ba332fb49d8b5d5ee792eea505ac27421,01867470daabfe63b738610a789ff7c3513b342be1f4db9a8d8d514a28d021c4,1.00000000,0,0,0
141,经济下行风险累积,贸易、国际收支与全球经济,analysis,2018-07-31,day,5,02_markdown_articles/141_2018-07-31_经济下行风险累积.md,OEBPS/text/article-141-analysis-2018-07-31-cf40-2877.xhtml,高善文文集V4.0.epub,d84eb38d989588b66ec63d0dce528f94564ecd444f043f7c46dfd21c12dc4366,2819,2334,7,文章图表 | 文章图表 | 文章图表 | 文章图表 | 文章图表 | 文章图表 | 文章图表,今年二季度，国内GDP实际同比6.7%，较一季度回落0.1个百分点；名义同比9.8%，较一季度回落0.4个百分点。,,new_in_v4,9990e6ff7e5f49f159ab105996e772855a871d742133f79975d69ee3ff7a6e88,2f23f9b52b8f559ed58f0c7d0f26539e63277c75547af583931f25965c7d021e,1.00000000,0,0,0
142,中美贸易战影响如何？,贸易、国际收支与全球经济,analysis,2018-09-30,day,8,02_markdown_articles/142_2018-09-30_中美贸易战影响如何.md,OEBPS/text/article-142-analysis-2018-09-30-cf40-2946.xhtml,高善文文集V4.0.epub,d84eb38d989588b66ec63d0dce528f94564ecd444f043f7c46dfd21c12dc4366,5540,4829,6,图1 年初以来大盘走势与贸易战主要事件 | 图2 中概股指数与纳斯达克指数的走势 | 图3 AH上市的H股指数、标普500和新兴市场指数 | 图4 贸易战影响的回归结果 | 图5 R007和信托收益率 | 图6 人民币汇率指数和主权债CDS,讨论贸易战对金融市场的影响，在定量分析上最大的困难在于，我们无法知道如果没有贸易战，金融市场会是怎样。我们无法做出反事实的检验，所以不能清晰地知道贸易战的影响多大。从我们作为参与者的角度观察，今年以来发生了一系列对金...,,new_in_v4,97a61869f7ae3d3c4468147502934282069a94b74da6199b069ce0491beaaec9,a32d67272385c92b09cc6140aa4f3db0127dbabfb947c02c4cb849355a1bf2f3,1.00000000,0,0,0
143,外需走弱内需疲软，水泥强势值得关注,贸易、国际收支与全球经济,analysis,2018-11-22,day,5,"02_markdown_articles/143_2018-11-22_外需走弱内需疲软,水泥强势值得关注.md",OEBPS/text/article-143-analysis-2018-11-22-cf40-2986.xhtml,高善文文集V4.0.epub,d84eb38d989588b66ec63d0dce528f94564ecd444f043f7c46dfd21c12dc4366,2845,2469,21,文章图表 | 文章图表 | 文章图表 | 文章图表 | 文章图表 | 文章图表 | 文章图表 | 文章图表 | 文章图表 | 文章图表 | 文章图表 | 文章图表 | 文章图表 | 文章图表 | 文章图表 | 文章图表 | 文章图表 | 文章图表 | 文章图表 | 文章图表 | 文章图表,10月工业增加值同比5.9%，从6月以来连续五个月在6%左右，体现经济较为平稳。供改组生产的持续扩大和非供改组的下降形成明显的对冲，目前供改组的工业增速已经高于非供改组的工业增速。,,new_in_v4,705671dc23743837ac688a35f281a705457b8176e6eb0d6ae6e252048b4963ed,204187b6fe8acfa507f04e774ecb47a184e34127e4bcba06b4fd4a7710946b65,1.00000000,0,0,0
144,进出口走势不容乐观，托底政策将持续出台,贸易、国际收支与全球经济,analysis,2019-01-15,day,2,"02_markdown_articles/144_2019-01-15_进出口走势不容乐观,托底政策将持续出台.md",OEBPS/text/article-144-analysis-2019-01-15-cf40-3022.xhtml,高善文文集V4.0.epub,d84eb38d989588b66ec63d0dce528f94564ecd444f043f7c46dfd21c12dc4366,798,624,6,文章图表 | 文章图表 | 文章图表 | 文章图表 | 文章图表 | 文章图表,进出口同比自11月双双下行以来，12月继续大幅下跌。以美元计价，出口同比由10月的14.3%大幅下降至-4.4%，进口同比由10月的-0.4%大幅下降至-27.9%。观察2000年来的外贸数据，进出口增速在近两个月的...,,new_in_v4,47f4722477437438103e5663c35a16fd91eb9edac8617afc6677266b35fee01c,186bdf0dc06b8d666e5d2c179030173fae74a21bca6a1397bf38391892879761,1.00000000,0,0,0
145,静水深流,贸易、国际收支与全球经济,analysis,2019-05-29,day,15,02_markdown_articles/145_2019-05-29_静水深流.md,OEBPS/text/article-145-analysis-2019-05-29-1awyt7m.xhtml,高善文文集V4.0.epub,d84eb38d989588b66ec63d0dce528f94564ecd444f043f7c46dfd21c12dc4366,7717,6534,22,图1：中概股指数真实值和拟合值（截至2018 年8 月末） | 图2：港股指数真实值和拟合值（截至2018 年8 月末） | 图3：中概股指数真实值和拟合值（截至2019 年4 月末） | 图4：港股指数真实值和拟合值（截至2019 年4 月末） | 图5：中概股指数真实值和拟合值（截至2019 年5 月） | 图6：港股指数真实值和拟合值（截至2019 年5 月） | 图7：全球工业同比增速，% | 图8：OECD 综合领先指标 | 图9：全球制造业和服务业PMI，% | 图10：全球出口同比，% | 图11：名义和实际贸易盈余/GDP，% | 图12：全国居民人均可支配收入和社会消费品零售同比，% | 图13：社会消费品零售和商品房销售同比，% | 图14：社会消费品零售和商品房销售同比，% | 图15：社会消费品零售和商品房销售同比变化，% | 图16：住户部门：实物交易中储蓄/可支配收入，% | 图17：住户部门：金融交易中储蓄/可支配收入，% | 图18：理财、住户部门存款余额同比，% | 图19：住户部门:商品房销售额/可支配收入和住宅销售额/可支配收入，% | 图20：住户部门:中长期贷款变化/可支配收入，% | 图21：理财、住户部门存款余额同比，% | 图22：银行理财产品预期收益率，%,本文讨论了三个方面的内容：在贸易战部分，我们估算了贸易战的影响程度，发现去年6月份以来市场开始逐步吸收贸易战的影响。经过接近一年时间的反复，目前贸易战的影响在权益市场可能已经得到比较充分的吸收。投资者似乎认为中美贸易...,092,retained_exact,d020886d8a6dfbaa2e7d4c37ff80019a434e9c93d69aecaf895ddbeaf68434d5,9cb7ed81684e7289b931d000e13dd211b47dc749bd920c9fcb8858765b399df2,1.00000000,0,22,22
146,贸易战对实体经济的影响如何,贸易、国际收支与全球经济,analysis,2019-08-23,day,2,02_markdown_articles/146_2019-08-23_贸易战对实体经济的影响如何.md,OEBPS/text/article-146-analysis-2019-08-23-cf40-3162.xhtml,高善文文集V4.0.epub,d84eb38d989588b66ec63d0dce528f94564ecd444f043f7c46dfd21c12dc4366,1241,1130,3,文章图表 | 文章图表 | 文章图表,随着中美贸易战的常态化，年初以来中国整体的出口增速出现明确下滑，其中中国对美出口下滑显著，而与此同时中国对日本、欧盟、越南、菲律宾的出口逐步上升，合并来看，全球贸易中中国出口的份额保持平稳。,,new_in_v4,05d4e656a20c4a05fbe9f2d2bea6f33b4cfc42e499f3037b7ac8561d331c3ca6,97137b3566f402fdb8dda709e4720a7f2da0368e360c4776d0145327ea6d1a9a,1.00000000,0,0,0
147,让历史照亮未来,贸易、国际收支与全球经济,analysis,2019-11-10,day,3,02_markdown_articles/147_2019-11-10_让历史照亮未来.md,OEBPS/text/article-147-analysis-2019-11-10-cf40-3210.xhtml,高善文文集V4.0.epub,d84eb38d989588b66ec63d0dce528f94564ecd444f043f7c46dfd21c12dc4366,1694,1516,0,,很荣幸在此与大家讨论如此重要而又难解的话题——如何更好地处理中美贸易争端。,,new_in_v4,d64c65445f17f8924e0e45b2b9289a626c54f53e301b092ad8dcc7bad7afc019,594ddbfce3700e3e435b74b0ec8632d5c75e8c3d6e245df6c3d4a0219db3a742,1.00000000,0,0,0
148,吹尽狂沙始到金,贸易、国际收支与全球经济,analysis,2022-07-02,day,28,02_markdown_articles/148_2022-07-02_吹尽狂沙始到金.md,OEBPS/text/article-148-analysis-2022-07-02-q66d6x.xhtml,高善文文集V4.0.epub,d84eb38d989588b66ec63d0dce528f94564ecd444f043f7c46dfd21c12dc4366,17267,12886,9,图1：Wind 全A 和沪深300 指数，点 | 图2：世界银行高收入经济体标准，美元/人 | 图表 | 图3：世界银行高收入经济体标准，美元/人 | 图4：人民币实际有效汇率指数与美元兑人民币汇率 | 图5：东亚经济转型中的实际GDP 增速，% | 图6：算数平均下的增长组名义人均GDP ，美元/人 | 图7：算数平均下的停滞组名义人均GDP ，美元/人 | 图8：各经济体跨过高收入门槛后的长期经济增速与得分，%，分,A股市场的历次大幅下跌，通常是流动性紧缩与盈利预期恶化相互作用的结果。而今年初至4月，在流动性总体平稳的环境下市场出现剧烈下跌。除了一些短期负面冲击因素之外，这一下跌反映出市场对长期经济增长前景的确定性和可见度产生了...,100,retained_exact,0153d3061876caf3a0f15f405301b80a177c03bdc8dada1189ec13338089bee5,692a8de4b7b8f23b1e060281ef87822ef002a4f13a06ce2e64ca778399462eac,1.00000000,0,23,8
149,美国利率顶部依稀在望，全球经济或将步入衰退,贸易、国际收支与全球经济,analysis,2022-11-21,day,3,"02_markdown_articles/149_2022-11-21_美国利率顶部依稀在望,全球经济或将步入衰退.md",OEBPS/text/article-149-analysis-2022-11-21-cf40-4191.xhtml,高善文文集V4.0.epub,d84eb38d989588b66ec63d0dce528f94564ecd444f043f7c46dfd21c12dc4366,1651,1483,0,,从近期的数据变化和金融市场的表现来观察，也许美国通货膨胀已经见顶，或者在非常近的将来就会见顶。在这样的背景下，美联储尽管会继续加息，但是利率的峰值可能依稀在望，也许就在5%-5.25%的区域。这一利率峰值可能会停留一...,,new_in_v4,0f557003d18fe6daf2f25f15b5a14e073b30dbc4dd715771a819228a19dc219f,8db6aaacd8531647e7f6cc86b982afa563524ce72065c0f0524f19000ed04d5f,1.00000000,0,0,0
150,贸易失衡的趋势性与周期性分析,贸易、国际收支与全球经济,analysis,2024-07-25,day,5,02_markdown_articles/150_2024-07-25_贸易失衡的趋势性与周期性分析.md,OEBPS/text/article-150-analysis-2024-07-25-cf40-4777.xhtml,高善文文集V4.0.epub,d84eb38d989588b66ec63d0dce528f94564ecd444f043f7c46dfd21c12dc4366,2937,2610,0,,今年以来，中国贸易失衡的问题开始引起广泛讨论，尤其是该问题与产能过剩相关联，引起了一些国家的不安。,,new_in_v4,b88950f8cf100822783d4d9ee0f28fada0973fe68990987407d8950599f01046,3da845c72c38bb28cab3cbd53d164c665c48dc77281b83a956b249eada8b1e90,1.00000000,0,0,0
151,落实国资划转社保决策宜早不宜迟,财政、疫情及宏观应对,analysis,2019-09-28,day,3,02_markdown_articles/151_2019-09-28_落实国资划转社保决策宜早不宜迟.md,OEBPS/text/article-151-analysis-2019-09-28-cf40-3185.xhtml,高善文文集V4.0.epub,d84eb38d989588b66ec63d0dce528f94564ecd444f043f7c46dfd21c12dc4366,1481,1346,0,,近日相关研究结果显示：2028年，全国社会保障基金将出现收支缺口；2035年，社会保障基金的结余将会耗竭；2050年，社会保障基金的当期缺口将超过十万亿人民币。,,new_in_v4,01ff62d0459be9c7b863339b8686eebfd32567bd753713e73beb1e4be5878fc3,a46140cd49d382093d9bc53e28a54b34bcd5cf3835c79f41dd13c400f237ede2,1.00000000,0,0,0
152,新冠肺炎疫情对全球金融市场和国内实体经济的影响,财政、疫情及宏观应对,analysis,2020-02-29,day,11,02_markdown_articles/152_2020-02-29_新冠肺炎疫情对全球金融市场和国内实体经济的影响.md,OEBPS/text/article-152-analysis-2020-02-29-cf40-3295.xhtml,高善文文集V4.0.epub,d84eb38d989588b66ec63d0dce528f94564ecd444f043f7c46dfd21c12dc4366,7590,6798,20,图1 全国新增确诊病例和新增疑似病例 | 图2 湖北省新增确诊病例 | 图3 武汉封城前后MSCI全球、发达和新兴市场指数表现 | 图4 武汉封城前后美国三大股指表现 | 图5 武汉封城前后美国、欧洲、日本股票指数表现 | 图6 武汉封城前后10年期美国和日本国债收益率表现 | 图7 武汉封城前后10年期美国和德国国债收益率表现 | 图8 武汉封城前后新兴经济体主权债收益率表现 | 图9 武汉封城前后美国BBB级企业债利率和利差表现 | 图10 武汉封城前后美元指数和日元兑美元汇率表现 | 图11 武汉封城前后新兴市场汇率指数表现 | 图12 武汉封城前后高盛商品指数和原油价格表现 | 图13 武汉封城前后黄金价格表现 | 图14 武汉封城前后中国A股市场整体表现 | 图15 武汉封城前后中国10年期国债和国开债收益率表现 | 图16 武汉封城前后人民币汇率表现 | 图17 武汉封城前后南华工业品指数表现 | 图18 2019年和2020年春节前后　全国发送旅客数（单位：万人次） | 图19 2017—2020年春节前后　6大发电集团日均耗煤量（单位：万吨） | 图20 2020年各省规模以上工业企业复工率,新冠肺炎疫情对上至国民经济发展、下至黎民百姓生活都产生了冲击。结合新冠肺炎疫情的发展，我想主要从四个方面做一个探讨：,,new_in_v4,42bf128e56e85b2dc60a5107b2d938c6ff4956dc2c4364ff95da1c7555bc7061,d796038caea0eea43943d77d663378ca2531221cdfe8ed4fba872adbca218154,1.00000000,0,0,0
153,新冠疫情下的全球金融动荡,财政、疫情及宏观应对,analysis,2020-03-17,day,7,02_markdown_articles/153_2020-03-17_新冠疫情下的全球金融动荡.md,OEBPS/text/article-153-analysis-2020-03-17-cf40-3306.xhtml,高善文文集V4.0.epub,d84eb38d989588b66ec63d0dce528f94564ecd444f043f7c46dfd21c12dc4366,4603,4177,0,,现在来看，疫情在中国爆发得最早，同时也控制得最好，目前中国的疫情基本上已经进入打扫战场的阶段。武汉以外的新增病例基本上源于境外输入，武汉病例也快速下降到个位数。看起来再有半个月的时间，国内新增病例可能基本上实现清零。,,new_in_v4,7010366e6949d4ca03858bff8787d90190b1e2aaaf205b0473889800bab67701,1b10c8f1e35d86b767048920d085227a10fd86a36a935fd2239c4a70e127fe3f,1.00000000,0,0,0
154,新冠疫情常态化如何影响经济运行——微观机理、数值估计与政策应对,财政、疫情及宏观应对,analysis,2020-06-14,day,8,02_markdown_articles/154_2020-06-14_新冠疫情常态化如何影响经济运行——微观机理、数值估计与政策应对.md,OEBPS/text/article-154-analysis-2020-06-14-cf40-3494.xhtml,高善文文集V4.0.epub,d84eb38d989588b66ec63d0dce528f94564ecd444f043f7c46dfd21c12dc4366,5572,4983,6,文章图表 | 文章图表 | 文章图表 | 文章图表 | 文章图表 | 文章图表,今年年初爆发的新冠疫情，是过去一百年来最严重的全球性传染病，对全球经济形成了空前的冲击。,,new_in_v4,c7570ae49fd903d128bb52cc1cd6870a2e7775a3e2492fd9b3cfd2288975676c,df21d7c8dc874604848a454e69d4e32d263f925af0834d44704ebac92580481c,1.00000000,0,0,0
155,变局之中开新局,财政、疫情及宏观应对,analysis,2020-07-01,day,17,02_markdown_articles/155_2020-07-01_变局之中开新局.md,OEBPS/text/article-155-analysis-2020-07-01-14dsh8z.xhtml,高善文文集V4.0.epub,d84eb38d989588b66ec63d0dce528f94564ecd444f043f7c46dfd21c12dc4366,8854,7659,25,图1：可选消费：交易金额和恢复程度 | 图2：可选消费：交易金额和恢复程度 | 图3：社零和固定资产投资当月同比，% | 图4：30 大中城市商品房交易面积及恢复度，万平方米、% | 图5：乘用车每周日均零售同比(4WMA)， % | 图6：可选消费：交易金额和恢复程度（13 个样本） | 图7：可选消费：交易金额和恢复程度(22 个样本) | 图8：限额以上必选、可选消费（除石油）当月同比， % | 图9：高频消费数据同比增速， % | 图10：限额以上企业商品零售总额同比， % | 图11：全国餐饮账单数量同比（7DMA）， % | 图12：民航运输人数同比， % | 图13：中端酒店出租率同比， % | 图14：限额以上可选和石油消费当月同比， % | 图15：标普指数、中概股和纳斯达克指数 | 图16：标普500 与餐饮、航空和酒店指数 | 图17：社会消费品零售总额同比：限额以上及以下，% | 图18：CPI 中家庭服务及加工维修服务价格当月同比，% | 图19：自主、合资和豪华汽车当月同比，% | 图20：美国和德国10 年期国债收益率，% | 图21：美国高收益企业债期权调整利差，% | 图22：制造业投资当月同比，% | 图23：民间投资当月同比，% | 图24：美国、日本、德国和意大利股指 | 图25：MSCI 发达和新兴市场指数,在经济恢复部分，我们强调，5月之前，经济回升主要的力量源于交易费用下降带来的均值修复。随着5月疫情相对彻底的控制，交易费用趋近于零、难以进一步下降，经济上行动能显著放缓，并开始转入重建新均衡的过程。这意味着商品销售和...,094,retained_exact,960b779a890993dd9118da23b57663165c50f3684026e0f0047f0f7025fd678b,6811a0be6a1e8374970c34206b281dfd82c34783d354d7df906d7310b4555b5a,1.00000000,0,25,25
156,后疫情时代的经济与市场,财政、疫情及宏观应对,analysis,2020-07-09,day,7,02_markdown_articles/156_2020-07-09_后疫情时代的经济与市场.md,OEBPS/text/article-156-analysis-2020-07-09-1297y42.xhtml,高善文文集V4.0.epub,d84eb38d989588b66ec63d0dce528f94564ecd444f043f7c46dfd21c12dc4366,4235,3774,0,,疫情对经济活动产生了广泛而复杂的影响。尽管感染风险的大幅度下降促成了经济活动的V型反弹，但一些长期的结构性因素逐步凸显，其对经济增长总体上具有偏长期的负面影响，这些变化与政府的应对政策交织在一起，似乎形成了这样的宏观...,095,retained_exact,941a745030876ec937ad55759d2ba56e520c05a5b1c0785e06df4b02e101e29c,9e0175e7f9b808e23c1a0f5e14c800ecd207beefb236b0dd59ef2d72b374fbc2,1.00000000,5,0,0
157,经济恢复现分化，政策干预需更有针对性,财政、疫情及宏观应对,analysis,2020-07-24,day,4,"02_markdown_articles/157_2020-07-24_经济恢复现分化,政策干预需更有针对性.md",OEBPS/text/article-157-analysis-2020-07-24-cf40-3520.xhtml,高善文文集V4.0.epub,d84eb38d989588b66ec63d0dce528f94564ecd444f043f7c46dfd21c12dc4366,2710,2434,6,图1 规模以上工业增加值当月同比（单位：%） | 图2 社会消费品零售名义同比：限额以上V.S.限额以下（单位：%） | 图3 服务业生产指数当月同比（单位：%） | 图4 交易费用楔子示意图 | 图5 可选消费：交易金额和恢复程度（13个样本）（单位：%） | 图6 可选消费：交易金额和恢复程度（22个样本）（单位：%）,第一，从近日披露的二季度经济数据来看，我国工业生产部门经济快速恢复的过程已基本结束，经济活动整体稳定在略低于疫情之前的水平，限额以上社会消费品零售、固定资产投资等领域的数据也都表现出类似的特点。,,new_in_v4,a626feffdccc3f14de63e7bd6603fecaca675263be8548c05d484381aa307e47,85d35374b9a1d395c9b0279cd83db2354c8b986da1087bccc0acab14accd77e1,1.00000000,0,0,0
158,守得云开见月明,财政、疫情及宏观应对,analysis,2021-01-14,day,19,02_markdown_articles/158_2021-01-14_守得云开见月明.md,OEBPS/text/article-158-analysis-2021-01-14-1vn7z1z.xhtml,高善文文集V4.0.epub,d84eb38d989588b66ec63d0dce528f94564ecd444f043f7c46dfd21c12dc4366,10263,8702,18,图1：北京城镇居民储蓄率，% | 图2：中国居民部门储蓄率，% | 图3：2020 年中国居民部门储蓄率偏离度，% | 图4：各国2019 年家庭储蓄率，% | 图5：各国2020 年家庭储蓄率最大偏离度，% | 图6：2020 年储蓄率最大偏离度和2019 年平均储蓄率，% | 图7：城镇和农村储蓄率，% | 图8：居民部门新增人民币存款轧差/居民部门总收入季节性偏离度，% | 图9：剔除趋势后各季度居民购房支出/居民部门总收入的偏离度，% | 图10：基金新增资金估算值/居民收入， % | 图11：居民部门新增贷款/可支配收入季节性偏离度，% | 图12：制造业投资和民间投资当月同比，% | 图13：转型中的实际GDP 增速，% | 图表 | 图14：世界银行高收入标准，美元 | 图15：测算1987 年以前的世界银行高收入标准，美元 | 图16：各宗教文化经济体GDP 潜在实际增速（HP 滤波），% | 图17：各宗教文化经济体GDP 同比实际增速的内部差异程度（标准差/平均值）,本文讨论了两个方面的内容，即新冠疫情下居民预防性储蓄行为的变化，以及面向2035年中国经济的长期增长前景。,097,retained_exact,abb955304b0850dc15466c2975bdae943fb70b808c825bfa4f26b2823136e4fb,4097356cd99e9979d9af3c0c800bc39d196146d929faf608823281d5b2005486,1.00000000,0,20,17
159,疫情下经济恢复的几个特征事实,财政、疫情及宏观应对,analysis,2021-04-29,day,10,02_markdown_articles/159_2021-04-29_疫情下经济恢复的几个特征事实.md,OEBPS/text/article-159-analysis-2021-04-29-cf40-3744.xhtml,高善文文集V4.0.epub,d84eb38d989588b66ec63d0dce528f94564ecd444f043f7c46dfd21c12dc4366,6444,5762,11,图1 美国日本消费实际支出累计同比 | 图2 法国英国消费实际支出累计同比 | 图3 中国居民消费名义支出同比：货物-服务 | 图4 世界居民货物消费增速同比图片 | 图5 全球贸易当月同比 | 图6 全球工业增速同比 | 图7 中国和美国PPT月度同比 | 图8 全球经济回升期间PPI变化的弹性 | 图9 全球经济回升期间PPI变化的弹性 | 图10 各国近两年家庭储蓄率 | 图11 2020年中国居民部门储蓄率偏离度,新冠肺炎疫情是过去100年以来人类社会所遭遇的最严重的流行病冲击，无论是对病毒本身的治疗，还是对经济活动的影响以及政府政策的应对，所有这些因素都存在巨大的不确定性。后来的发展表明，对于其中很多方面，我们最初的认识是非...,,new_in_v4,0743f53573309c8925e6afab93bac376c5915af7d2c8f735efab45c398288f29,e6995a9441f33ebc284c3d92622265119a2dd0328618206a4af62850efeb5163,1.00000000,0,0,0
160,定向补贴是降低疤痕效应最有效方法,财政、疫情及宏观应对,analysis,2022-12-10,day,5,02_markdown_articles/160_2022-12-10_定向补贴是降低疤痕效应最有效方法.md,OEBPS/text/article-160-analysis-2022-12-10-cf40-4313.xhtml,高善文文集V4.0.epub,d84eb38d989588b66ec63d0dce528f94564ecd444f043f7c46dfd21c12dc4366,2930,2687,0,,*提要：**严重的自然灾害和疫情冲击会给经济和社会带来长期的负面影响，这样的效应被称为疤痕效应，从德国易北河洪水的学术研究和现在美国的实际数据来看，及时的救助和补贴能够降低疤痕效应，对于灾后重建有很大的帮助。*,,new_in_v4,e445a0ed22319a23744293f09af472535860dcd2ccd706b1e728bf4bdd8bd48c,60084dd6908f89989c56378dab4670af11ef8487b20ab99302795a765932518f,1.00000000,0,0,0
