article_id,title,image_sequence,source_xhtml,src,resolved_path,exists_in_epub,alt,figure_number,caption,source_note
013,一块金币引发的思考,1,OEBPS/text/article-013-analysis-2009-09-09-cf40-193.xhtml,../images/p8gzpg-001_08a951c72c-84bf32c1-f2b77a4e.jpg,OEBPS/images/p8gzpg-001_08a951c72c-84bf32c1-f2b77a4e.jpg,true,图1：彩金币的价格（元）,,,
013,一块金币引发的思考,2,OEBPS/text/article-013-analysis-2009-09-09-cf40-193.xhtml,../images/143s4fk-002_0df381c6b9-bf38be17-fa9189aa.jpg,OEBPS/images/143s4fk-002_0df381c6b9-bf38be17-fa9189aa.jpg,true,图2：剔除黄金价格的影响后彩金币的价格（元）,,,
013,一块金币引发的思考,3,OEBPS/text/article-013-analysis-2009-09-09-cf40-193.xhtml,../images/h3t16o-003_396e95d2c7-69f352eb-4058265e.jpg,OEBPS/images/h3t16o-003_396e95d2c7-69f352eb-4058265e.jpg,true,图3：指数化后的剔除了黄金价格影响的彩金币的价格与股指,,,
013,一块金币引发的思考,4,OEBPS/text/article-013-analysis-2009-09-09-cf40-193.xhtml,../images/1xpm73x-004_f5ae8566f1-87d61256-e1644962.jpg,OEBPS/images/1xpm73x-004_f5ae8566f1-87d61256-e1644962.jpg,true,图4：指数化后的剔除了黄金价格影响的彩金币的价格与股指,,,
013,一块金币引发的思考,5,OEBPS/text/article-013-analysis-2009-09-09-cf40-193.xhtml,../images/1wyw0u7-005_f2292b2cb2-3be2efa7-416b94ec.jpg,OEBPS/images/1wyw0u7-005_f2292b2cb2-3be2efa7-416b94ec.jpg,true,图5：“贵妃醉酒”与“群英会”的价格（元）,,,
018,经济数据背后的逻辑,1,OEBPS/text/article-018-analysis-2013-10-26-cf40-1458.xhtml,../images/z8pbll-001_b643bbd29c-01928a18-6f0b0b95.jpg,OEBPS/images/z8pbll-001_b643bbd29c-01928a18-6f0b0b95.jpg,true,图1 可贸易部门的供给与需求,,,
018,经济数据背后的逻辑,2,OEBPS/text/article-018-analysis-2013-10-26-cf40-1458.xhtml,../images/1pufd06-002_e750b1225b-7f9bce2a-9a7e76ed.jpg,OEBPS/images/1pufd06-002_e750b1225b-7f9bce2a-9a7e76ed.jpg,true,图2供应释放对可贸易部门的影响,,,
018,经济数据背后的逻辑,3,OEBPS/text/article-018-analysis-2013-10-26-cf40-1458.xhtml,../images/co3w75-003_25d510247c-c727e8ec-0637a88c.jpg,OEBPS/images/co3w75-003_25d510247c-c727e8ec-0637a88c.jpg,true,图3 贸易盈余占比上升,,,
018,经济数据背后的逻辑,4,OEBPS/text/article-018-analysis-2013-10-26-cf40-1458.xhtml,../images/1ijhzvh-004_bb7370786d-71f19fb1-e7d03955.jpg,OEBPS/images/1ijhzvh-004_bb7370786d-71f19fb1-e7d03955.jpg,true,图4 排除内需萎缩：国内总产出扩张,,,
018,经济数据背后的逻辑,5,OEBPS/text/article-018-analysis-2013-10-26-cf40-1458.xhtml,../images/ehz1vu-005_e7a7213194-734657ab-012ac7fa.jpg,OEBPS/images/ehz1vu-005_e7a7213194-734657ab-012ac7fa.jpg,true,图5 观察外需：发达与新兴工业产出同比,,,
018,经济数据背后的逻辑,6,OEBPS/text/article-018-analysis-2013-10-26-cf40-1458.xhtml,../images/1pmnro0-006_ac526ec16c-126d6110-1f25d893.jpg,OEBPS/images/1pmnro0-006_ac526ec16c-126d6110-1f25d893.jpg,true,图6 观察外需：可贸易品价格,,,
018,经济数据背后的逻辑,7,OEBPS/text/article-018-analysis-2013-10-26-cf40-1458.xhtml,../images/d4g0su-007_9ca1c2065f-cf9bbad7-4995c258.jpg,OEBPS/images/d4g0su-007_9ca1c2065f-cf9bbad7-4995c258.jpg,true,图7 观察外需：中国出口额和出口量同比,,,
018,经济数据背后的逻辑,8,OEBPS/text/article-018-analysis-2013-10-26-cf40-1458.xhtml,../images/1w5osoz-008_66aa922454-fd7d7027-3a7f4111.jpg,OEBPS/images/1w5osoz-008_66aa922454-fd7d7027-3a7f4111.jpg,true,图8 观察汇率：人民币有效汇率指数,,,
018,经济数据背后的逻辑,9,OEBPS/text/article-018-analysis-2013-10-26-cf40-1458.xhtml,../images/1futo2w-009_f6dd72cec6-df127d5b-bb8d0992.jpg,OEBPS/images/1futo2w-009_f6dd72cec6-df127d5b-bb8d0992.jpg,true,图9总供应释放相关证据：核心CPI低位运行,,,
018,经济数据背后的逻辑,10,OEBPS/text/article-018-analysis-2013-10-26-cf40-1458.xhtml,../images/8s84of-010_50d19f3ae1-f829bc3f-5ae47b59.jpg,OEBPS/images/8s84of-010_50d19f3ae1-f829bc3f-5ae47b59.jpg,true,图10 城镇就业增速上升,,,
018,经济数据背后的逻辑,11,OEBPS/text/article-018-analysis-2013-10-26-cf40-1458.xhtml,../images/ayj3vn-011_c94ae652f9-66fc4506-96e4fedf.jpg,OEBPS/images/ayj3vn-011_c94ae652f9-66fc4506-96e4fedf.jpg,true,图11城镇单位平均工资指数,,,
018,经济数据背后的逻辑,12,OEBPS/text/article-018-analysis-2013-10-26-cf40-1458.xhtml,../images/10frizi-012_9dbfe5aff2-b12abb73-9465e17e.jpg,OEBPS/images/10frizi-012_9dbfe5aff2-b12abb73-9465e17e.jpg,true,图12 资本存量上升的原因,,,
018,经济数据背后的逻辑,13,OEBPS/text/article-018-analysis-2013-10-26-cf40-1458.xhtml,../images/vem0gn-013_5e31b442d4-e8348d44-ac147355.jpg,OEBPS/images/vem0gn-013_5e31b442d4-e8348d44-ac147355.jpg,true,图13贸易盈余占比（%）,,,
021,通胀趋势与风险分析,1,OEBPS/text/article-021-analysis-2009-09-29-cf40-203.xhtml,../images/16bnmzo-001_58a52cd6cb-3219606c-c7c2b35e.jpg,OEBPS/images/16bnmzo-001_58a52cd6cb-3219606c-c7c2b35e.jpg,true,文章图表,,,
021,通胀趋势与风险分析,2,OEBPS/text/article-021-analysis-2009-09-29-cf40-203.xhtml,../images/75s72h-002_c971984149-e4c64b18-46fe41fd.jpg,OEBPS/images/75s72h-002_c971984149-e4c64b18-46fe41fd.jpg,true,文章图表,,,
021,通胀趋势与风险分析,3,OEBPS/text/article-021-analysis-2009-09-29-cf40-203.xhtml,../images/ykg4yu-003_18150ec20b-84979417-82c21aa2.jpg,OEBPS/images/ykg4yu-003_18150ec20b-84979417-82c21aa2.jpg,true,文章图表,,,
021,通胀趋势与风险分析,4,OEBPS/text/article-021-analysis-2009-09-29-cf40-203.xhtml,../images/1i4devj-004_a7bfa0f918-f36a366f-b44973ff.jpg,OEBPS/images/1i4devj-004_a7bfa0f918-f36a366f-b44973ff.jpg,true,文章图表,,,
022,上升的地平线——刘易斯拐点与通胀裂口,1,OEBPS/text/article-022-analysis-2010-09-02-cf40-435.xhtml,../images/1k8kjmc-001_7a827a6523-6c1d1e38-0cc7c26b.jpg,OEBPS/images/1k8kjmc-001_7a827a6523-6c1d1e38-0cc7c26b.jpg,true,图 1：日本实际工资指数同比（%）,,,
022,上升的地平线——刘易斯拐点与通胀裂口,2,OEBPS/text/article-022-analysis-2010-09-02-cf40-435.xhtml,../images/14nukn0-002_c2e10ebad4-e9dbc231-e6a7e075.jpg,OEBPS/images/14nukn0-002_c2e10ebad4-e9dbc231-e6a7e075.jpg,true,图 2：日本的 PPI 和 CPI（%）,,,
022,上升的地平线——刘易斯拐点与通胀裂口,3,OEBPS/text/article-022-analysis-2010-09-02-cf40-435.xhtml,../images/17lro9s-003_897469eae2-f257813b-ee9effb8.jpg,OEBPS/images/17lro9s-003_897469eae2-f257813b-ee9effb8.jpg,true,图 3：日本 CPI 分类同比变化（%）,,,
022,上升的地平线——刘易斯拐点与通胀裂口,4,OEBPS/text/article-022-analysis-2010-09-02-cf40-435.xhtml,../images/y07oz2-004_53af56cb6b-e33f4d0b-9c530517.jpg,OEBPS/images/y07oz2-004_53af56cb6b-e33f4d0b-9c530517.jpg,true,图 4：日本 CPI 鲜菜和个人护理（%）,,,
022,上升的地平线——刘易斯拐点与通胀裂口,5,OEBPS/text/article-022-analysis-2010-09-02-cf40-435.xhtml,../images/mmh6gx-005_d8be2fe517-604fb45f-7f40079c.jpg,OEBPS/images/mmh6gx-005_d8be2fe517-604fb45f-7f40079c.jpg,true,图 5：CPI、PPI 和 CPI 食品的定基数（1993=100）,,,
022,上升的地平线——刘易斯拐点与通胀裂口,6,OEBPS/text/article-022-analysis-2010-09-02-cf40-435.xhtml,../images/16l98ie-006_63913fa3fa-3c14ce45-3814d073.jpg,OEBPS/images/16l98ie-006_63913fa3fa-3c14ce45-3814d073.jpg,true,图 6：中国三种粮食平均单位产量的成本趋势（1990=100）,,,
022,上升的地平线——刘易斯拐点与通胀裂口,7,OEBPS/text/article-022-analysis-2010-09-02-cf40-435.xhtml,../images/17rg3pn-007_0e8e0fd96d-e9f16a1a-af1350aa.jpg,OEBPS/images/17rg3pn-007_0e8e0fd96d-e9f16a1a-af1350aa.jpg,true,图 7：CPI 和 CPI 家庭服务及加工维修服务费同比变化（%）,,,
022,上升的地平线——刘易斯拐点与通胀裂口,8,OEBPS/text/article-022-analysis-2010-09-02-cf40-435.xhtml,../images/kd0cn3-008_eeb06836f5-f4f778a5-e072c291.jpg,OEBPS/images/kd0cn3-008_eeb06836f5-f4f778a5-e072c291.jpg,true,图 8：中国种粮单位劳动动力机会成本（元/日）,,,
022,上升的地平线——刘易斯拐点与通胀裂口,9,OEBPS/text/article-022-analysis-2010-09-02-cf40-435.xhtml,../images/aem5mn-009_6a1a291fa1-b832bd02-189865cb.jpg,OEBPS/images/aem5mn-009_6a1a291fa1-b832bd02-189865cb.jpg,true,图 9：中国不同劳动力密集农产品的累计涨幅（2000 年-2007 年）,,,
022,上升的地平线——刘易斯拐点与通胀裂口,10,OEBPS/text/article-022-analysis-2010-09-02-cf40-435.xhtml,../images/t944g8-010_ca70e64402-4a3c767f-744ee114.jpg,OEBPS/images/t944g8-010_ca70e64402-4a3c767f-744ee114.jpg,true,图 10：中国不同劳动力密集农产品的生产者价格潜在涨幅,,,
022,上升的地平线——刘易斯拐点与通胀裂口,11,OEBPS/text/article-022-analysis-2010-09-02-cf40-435.xhtml,../images/1v410d0-011_980b80dca4-c56f5b34-6e993a38.jpg,OEBPS/images/1v410d0-011_980b80dca4-c56f5b34-6e993a38.jpg,true,图 11：中国过去二十年的 CPI 和 PPI 的变化（%）,,,
022,上升的地平线——刘易斯拐点与通胀裂口,12,OEBPS/text/article-022-analysis-2010-09-02-cf40-435.xhtml,../images/1q4lqff-012_1fc35f0ff1-a8638a87-ceeac482.jpg,OEBPS/images/1q4lqff-012_1fc35f0ff1-a8638a87-ceeac482.jpg,true,图 12：发电设备平均利用小时,,,
022,上升的地平线——刘易斯拐点与通胀裂口,13,OEBPS/text/article-022-analysis-2010-09-02-cf40-435.xhtml,../images/gi3tia-013_7c79c3bd2c-e9bf60ec-49828f90.jpg,OEBPS/images/gi3tia-013_7c79c3bd2c-e9bf60ec-49828f90.jpg,true,图 13：中国过去十年的 CPI 和 PPI 的变化（%）,,,
022,上升的地平线——刘易斯拐点与通胀裂口,14,OEBPS/text/article-022-analysis-2010-09-02-cf40-435.xhtml,../images/1k8269j-014_33c9cdfc5b-1758076e-0b7de042.jpg,OEBPS/images/1k8269j-014_33c9cdfc5b-1758076e-0b7de042.jpg,true,图 14：CPI 鲜菜的两年复合同比增长率（%）,,,
022,上升的地平线——刘易斯拐点与通胀裂口,15,OEBPS/text/article-022-analysis-2010-09-02-cf40-435.xhtml,../images/1wj3sd2-015_e7f9af31cd-862075a0-4db7d297.jpg,OEBPS/images/1wj3sd2-015_e7f9af31cd-862075a0-4db7d297.jpg,true,图 15：CPI 粮食的两年复合同比增长率（%）,,,
022,上升的地平线——刘易斯拐点与通胀裂口,16,OEBPS/text/article-022-analysis-2010-09-02-cf40-435.xhtml,../images/a8fs40-016_24d3fc0f91-ed937380-ba420bff.jpg,OEBPS/images/a8fs40-016_24d3fc0f91-ed937380-ba420bff.jpg,true,图 16：韩国实际工资指数同比（%）,,,
022,上升的地平线——刘易斯拐点与通胀裂口,17,OEBPS/text/article-022-analysis-2010-09-02-cf40-435.xhtml,../images/18lmdp-017_f703db0301-f3f81961-70819d42.jpg,OEBPS/images/18lmdp-017_f703db0301-f3f81961-70819d42.jpg,true,图 17：韩国的 PPI 和 CPI（%）,,,
022,上升的地平线——刘易斯拐点与通胀裂口,18,OEBPS/text/article-022-analysis-2010-09-02-cf40-435.xhtml,../images/u6wrjo-018_5f601a67bf-f2b163a0-a449daee.jpg,OEBPS/images/u6wrjo-018_5f601a67bf-f2b163a0-a449daee.jpg,true,图 18：韩国的 CPI 食品和 CPI 非食品（%）,,,
022,上升的地平线——刘易斯拐点与通胀裂口,19,OEBPS/text/article-022-analysis-2010-09-02-cf40-435.xhtml,../images/1s5qrkw-019_7b9f899d65-02ba6d04-46f49cdc.jpg,OEBPS/images/1s5qrkw-019_7b9f899d65-02ba6d04-46f49cdc.jpg,true,图 19：台湾实际工资指数同比（%）,,,
022,上升的地平线——刘易斯拐点与通胀裂口,20,OEBPS/text/article-022-analysis-2010-09-02-cf40-435.xhtml,../images/1xxfepb-020_9b02381650-0eb14239-d777ffcc.jpg,OEBPS/images/1xxfepb-020_9b02381650-0eb14239-d777ffcc.jpg,true,图 20：台湾的 WPI 和分类 CPI（%）,,,
022,上升的地平线——刘易斯拐点与通胀裂口,21,OEBPS/text/article-022-analysis-2010-09-02-cf40-435.xhtml,../images/1u7n4mh-021_c14b336cec-77f57a97-19e40947.jpg,OEBPS/images/1u7n4mh-021_c14b336cec-77f57a97-19e40947.jpg,true,图 21：日本各部门通胀和生产效率进步（1961 年-1992 年）,,,
022,上升的地平线——刘易斯拐点与通胀裂口,22,OEBPS/text/article-022-analysis-2010-09-02-cf40-435.xhtml,../images/8hajgk-022_d330f248f3-2f60bdc6-dccdec7d.jpg,OEBPS/images/8hajgk-022_d330f248f3-2f60bdc6-dccdec7d.jpg,true,图 22：美国各部门通胀和生产效率进步（1962 年-1991 年）,,,
022,上升的地平线——刘易斯拐点与通胀裂口,23,OEBPS/text/article-022-analysis-2010-09-02-cf40-435.xhtml,../images/13e6lts-023_0c9e0f5cb1-9897c469-1df2aee5.jpg,OEBPS/images/13e6lts-023_0c9e0f5cb1-9897c469-1df2aee5.jpg,true,图 23：中国不同劳动力密集农产品的累计涨幅（2000 年-2007 年）,,,
022,上升的地平线——刘易斯拐点与通胀裂口,24,OEBPS/text/article-022-analysis-2010-09-02-cf40-435.xhtml,../images/1kj98nv-024_bbfd72cd55-c3830e35-35d05f40.jpg,OEBPS/images/1kj98nv-024_bbfd72cd55-c3830e35-35d05f40.jpg,true,公式,,,
022,上升的地平线——刘易斯拐点与通胀裂口,25,OEBPS/text/article-022-analysis-2010-09-02-cf40-435.xhtml,../images/1o5g2fk-025_9992c34f12-91d7a1d8-07e07d4b.jpg,OEBPS/images/1o5g2fk-025_9992c34f12-91d7a1d8-07e07d4b.jpg,true,公式,,,
022,上升的地平线——刘易斯拐点与通胀裂口,26,OEBPS/text/article-022-analysis-2010-09-02-cf40-435.xhtml,../images/1v7mqjx-026_41db0017a0-33090f3f-6b1aabee.jpg,OEBPS/images/1v7mqjx-026_41db0017a0-33090f3f-6b1aabee.jpg,true,公式,,,
022,上升的地平线——刘易斯拐点与通胀裂口,27,OEBPS/text/article-022-analysis-2010-09-02-cf40-435.xhtml,../images/1mmkohr-027_c09971d7bc-c2cb1233-a0a49c2b.jpg,OEBPS/images/1mmkohr-027_c09971d7bc-c2cb1233-a0a49c2b.jpg,true,公式,,,
022,上升的地平线——刘易斯拐点与通胀裂口,28,OEBPS/text/article-022-analysis-2010-09-02-cf40-435.xhtml,../images/11mqv7y-028_608292ce9a-17003349-2c3d0b41.jpg,OEBPS/images/11mqv7y-028_608292ce9a-17003349-2c3d0b41.jpg,true,图 23：中国不同劳动力密集农产品的累计涨幅（2000 年-2007 年）,,,
022,上升的地平线——刘易斯拐点与通胀裂口,29,OEBPS/text/article-022-analysis-2010-09-02-cf40-435.xhtml,../images/1h9pulf-029_24d5d7c064-26e40ff8-a0a49c2b.jpg,OEBPS/images/1h9pulf-029_24d5d7c064-26e40ff8-a0a49c2b.jpg,true,公式,,,
022,上升的地平线——刘易斯拐点与通胀裂口,30,OEBPS/text/article-022-analysis-2010-09-02-cf40-435.xhtml,../images/1wjiyxg-030_8b76143a42-2fe5b69b-63da71c5.jpg,OEBPS/images/1wjiyxg-030_8b76143a42-2fe5b69b-63da71c5.jpg,true,图 23：中国不同劳动力密集农产品的累计涨幅（2000 年-2007 年）,,,
022,上升的地平线——刘易斯拐点与通胀裂口,31,OEBPS/text/article-022-analysis-2010-09-02-cf40-435.xhtml,../images/9tbpzc-031_18123c8e5e-0694639e-a0a49c2b.jpg,OEBPS/images/9tbpzc-031_18123c8e5e-0694639e-a0a49c2b.jpg,true,公式,,,
022,上升的地平线——刘易斯拐点与通胀裂口,32,OEBPS/text/article-022-analysis-2010-09-02-cf40-435.xhtml,../images/1lf8lkx-032_0474ca039b-8ebf9c93-07e07d4b.jpg,OEBPS/images/1lf8lkx-032_0474ca039b-8ebf9c93-07e07d4b.jpg,true,公式,,,
022,上升的地平线——刘易斯拐点与通胀裂口,33,OEBPS/text/article-022-analysis-2010-09-02-cf40-435.xhtml,../images/8rz9su-033_7362730db1-ad1e78c2-0ccd6e78.jpg,OEBPS/images/8rz9su-033_7362730db1-ad1e78c2-0ccd6e78.jpg,true,图 24：中国不同劳动力密集农产品的生产者价格潜在涨幅,,,
026,潮水退去,1,OEBPS/text/article-026-analysis-2011-07-14-cf40-694.xhtml,../images/33d35y-001_5748458e45-a674aef2-b95aa154.jpg,OEBPS/images/33d35y-001_5748458e45-a674aef2-b95aa154.jpg,true,图1：CPI 增速预测（%）,,,
026,潮水退去,2,OEBPS/text/article-026-analysis-2011-07-14-cf40-694.xhtml,../images/7nynkd-002_3f2b847a04-55fd384e-92f2e691.jpg,OEBPS/images/7nynkd-002_3f2b847a04-55fd384e-92f2e691.jpg,true,图2：猪粮比,,,
026,潮水退去,3,OEBPS/text/article-026-analysis-2011-07-14-cf40-694.xhtml,../images/grmvf7-003_1f0819b076-afc7a6d8-c7f36205.jpg,OEBPS/images/grmvf7-003_1f0819b076-afc7a6d8-c7f36205.jpg,true,图3：中美PPI 同比增速（%）,,,
026,潮水退去,4,OEBPS/text/article-026-analysis-2011-07-14-cf40-694.xhtml,../images/12jredr-004_a0268ec444-febca383-f16200ba.jpg,OEBPS/images/12jredr-004_a0268ec444-febca383-f16200ba.jpg,true,图4：全球工业同比增速与中国规模以上工业同比增速,,,
026,潮水退去,5,OEBPS/text/article-026-analysis-2011-07-14-cf40-694.xhtml,../images/jjtyda-005_0f88b62582-15a82bfd-df3cee74.jpg,OEBPS/images/jjtyda-005_0f88b62582-15a82bfd-df3cee74.jpg,true,图5：OECD 工业同比增速与中国规模以上工业同比增速（%）,,,
026,潮水退去,6,OEBPS/text/article-026-analysis-2011-07-14-cf40-694.xhtml,../images/aczqsm-006_a37b7d3de2-d3025307-c18659ab.jpg,OEBPS/images/aczqsm-006_a37b7d3de2-d3025307-c18659ab.jpg,true,图6：全球工业指数季度环比增速（%，季调）,,,
026,潮水退去,7,OEBPS/text/article-026-analysis-2011-07-14-cf40-694.xhtml,../images/xk5w7a-007_f1065958cf-8a896e11-5505e715.jpg,OEBPS/images/xk5w7a-007_f1065958cf-8a896e11-5505e715.jpg,true,图7：OECD 工业指数季度环比增速（%，季调）,,,
026,潮水退去,8,OEBPS/text/article-026-analysis-2011-07-14-cf40-694.xhtml,../images/179k2nu-008_0bcda52ac7-b4fa3c65-c91d0079.jpg,OEBPS/images/179k2nu-008_0bcda52ac7-b4fa3c65-c91d0079.jpg,true,图8：中国不同劳动力密集农产品的累计涨幅（2000 年-2007 年）,,,
026,潮水退去,9,OEBPS/text/article-026-analysis-2011-07-14-cf40-694.xhtml,../images/6fsxr5-009_19af0cd2b4-a47c58de-5e1d7539.jpg,OEBPS/images/6fsxr5-009_19af0cd2b4-a47c58de-5e1d7539.jpg,true,图9：中国不同劳动力密集农产品的累计涨幅（1990 年-2000 年）,,,
026,潮水退去,10,OEBPS/text/article-026-analysis-2011-07-14-cf40-694.xhtml,../images/2rjq4v-010_b3b9ad744b-4e390883-a6f76d3f.jpg,OEBPS/images/2rjq4v-010_b3b9ad744b-4e390883-a6f76d3f.jpg,true,图10：城乡月度CPI 蔬菜价格增速差（%，农村-城市）,,,
026,潮水退去,11,OEBPS/text/article-026-analysis-2011-07-14-cf40-694.xhtml,../images/1wzmd29-011_81e3863502-64830b4a-65aeaea4.jpg,OEBPS/images/1wzmd29-011_81e3863502-64830b4a-65aeaea4.jpg,true,图11：城乡社会消费品零售增速差（县-城市，%）,,,
026,潮水退去,12,OEBPS/text/article-026-analysis-2011-07-14-cf40-694.xhtml,../images/da5k2z-012_2b0f4a9600-223cd4ab-c49b3322.jpg,OEBPS/images/da5k2z-012_2b0f4a9600-223cd4ab-c49b3322.jpg,true,图12：加权平均利率绝对值（%）,,,
026,潮水退去,13,OEBPS/text/article-026-analysis-2011-07-14-cf40-694.xhtml,../images/js5lj8-013_5cafda6ea4-c4b60c3e-e5011f01.jpg,OEBPS/images/js5lj8-013_5cafda6ea4-c4b60c3e-e5011f01.jpg,true,图13：加权贷款利率较基准利率上浮（%）,,,
026,潮水退去,14,OEBPS/text/article-026-analysis-2011-07-14-cf40-694.xhtml,../images/1lc4snu-014_93cc5afe7a-16961b16-43a0f141.jpg,OEBPS/images/1lc4snu-014_93cc5afe7a-16961b16-43a0f141.jpg,true,图14：第二产业名义增速与GDP 名义增速（%）,,,
026,潮水退去,15,OEBPS/text/article-026-analysis-2011-07-14-cf40-694.xhtml,../images/1yn3v9q-015_2632f7c83b-54eec524-c27de1f5.jpg,OEBPS/images/1yn3v9q-015_2632f7c83b-54eec524-c27de1f5.jpg,true,图15：社会融资总量同比增速与贷款增速（%）,,,
026,潮水退去,16,OEBPS/text/article-026-analysis-2011-07-14-cf40-694.xhtml,../images/gntx7f-016_b626ba95a6-dc1564f0-e02e2d84.jpg,OEBPS/images/gntx7f-016_b626ba95a6-dc1564f0-e02e2d84.jpg,true,图16：社会融资总量同比增速II（%）,,,
026,潮水退去,17,OEBPS/text/article-026-analysis-2011-07-14-cf40-694.xhtml,../images/ag5an2-017_1fc477a91e-33842cd5-5ecf77b3.jpg,OEBPS/images/ag5an2-017_1fc477a91e-33842cd5-5ecf77b3.jpg,true,图17：贸易盈余占名义GDP 比例（季度，%）,,,
026,潮水退去,18,OEBPS/text/article-026-analysis-2011-07-14-cf40-694.xhtml,../images/1irr7u7-018_ddbdfb5c60-69f50b99-2fdf434b.jpg,OEBPS/images/1irr7u7-018_ddbdfb5c60-69f50b99-2fdf434b.jpg,true,图18：名义和实际贸易盈余占比（%）,,,
026,潮水退去,19,OEBPS/text/article-026-analysis-2011-07-14-cf40-694.xhtml,../images/y7aez6-019_15f5be658e-e1734623-a76e85fc.jpg,OEBPS/images/y7aez6-019_15f5be658e-e1734623-a76e85fc.jpg,true,图19：工业企业利润率（%）,,,
026,潮水退去,20,OEBPS/text/article-026-analysis-2011-07-14-cf40-694.xhtml,../images/1b49mly-020_94913520bc-f79cf4df-868ee0c2.jpg,OEBPS/images/1b49mly-020_94913520bc-f79cf4df-868ee0c2.jpg,true,图20：工业企业下游利润率（%）,,,
026,潮水退去,21,OEBPS/text/article-026-analysis-2011-07-14-cf40-694.xhtml,../images/jixu7g-021_dc422b8741-e66229d0-5873714e.jpg,OEBPS/images/jixu7g-021_dc422b8741-e66229d0-5873714e.jpg,true,图21：工业企业中游利润率（%）,,,
026,潮水退去,22,OEBPS/text/article-026-analysis-2011-07-14-cf40-694.xhtml,../images/1oonzur-022_5e69a0c479-8cce1ce1-e1d4e2a5.jpg,OEBPS/images/1oonzur-022_5e69a0c479-8cce1ce1-e1d4e2a5.jpg,true,图22：工业企业上游利润率（%）,,,
026,潮水退去,23,OEBPS/text/article-026-analysis-2011-07-14-cf40-694.xhtml,../images/4xlz94-023_eb17e840c6-c31f564b-1086b25d.jpg,OEBPS/images/4xlz94-023_eb17e840c6-c31f564b-1086b25d.jpg,true,图23：工业企业上、中、下游增加值占比图,,,
027,货币与通胀长期关系的简要回顾,1,OEBPS/text/article-027-analysis-2011-08-19-cf40-740.xhtml,../images/1c46yup-001_a13973b527-fe83121c-eb7a7b54.jpg,OEBPS/images/1c46yup-001_a13973b527-fe83121c-eb7a7b54.jpg,true,图1：货币供应量增速与通货膨胀率,,,
027,货币与通胀长期关系的简要回顾,2,OEBPS/text/article-027-analysis-2011-08-19-cf40-740.xhtml,../images/1yu49cc-002_6174ee76f1-26bfbb72-43dfebd4.jpg,OEBPS/images/1yu49cc-002_6174ee76f1-26bfbb72-43dfebd4.jpg,true,图2：货币供应量增速与通货膨胀率,,,
027,货币与通胀长期关系的简要回顾,3,OEBPS/text/article-027-analysis-2011-08-19-cf40-740.xhtml,../images/11qas72-003_dcc1d551ed-1b28af25-b0ab8e75.jpg,OEBPS/images/11qas72-003_dcc1d551ed-1b28af25-b0ab8e75.jpg,true,图2：货币供应量增速与通货膨胀率,,,
027,货币与通胀长期关系的简要回顾,4,OEBPS/text/article-027-analysis-2011-08-19-cf40-740.xhtml,../images/omncgz-004_8dcd6fd217-da70a777-dfbefda2.jpg,OEBPS/images/omncgz-004_8dcd6fd217-da70a777-dfbefda2.jpg,true,公式,,,
027,货币与通胀长期关系的简要回顾,5,OEBPS/text/article-027-analysis-2011-08-19-cf40-740.xhtml,../images/h0fntu-005_0586d98173-05e5dedc-bb2e1be1.jpg,OEBPS/images/h0fntu-005_0586d98173-05e5dedc-bb2e1be1.jpg,true,图2：货币供应量增速与通货膨胀率,,,
027,货币与通胀长期关系的简要回顾,6,OEBPS/text/article-027-analysis-2011-08-19-cf40-740.xhtml,../images/euia46-006_923469a83e-b4e3a8b7-dfbefda2.jpg,OEBPS/images/euia46-006_923469a83e-b4e3a8b7-dfbefda2.jpg,true,公式,,,
032,总量扩张政策难解结构性失业问题,1,OEBPS/text/article-032-analysis-2014-04-20-cf40-1619.xhtml,../images/ifahrm-001_f458957b3f-05a9cc8f-115cfcb0.jpg,OEBPS/images/ifahrm-001_f458957b3f-05a9cc8f-115cfcb0.jpg,true,图1 经济增速与城镇就业增速,,,
032,总量扩张政策难解结构性失业问题,2,OEBPS/text/article-032-analysis-2014-04-20-cf40-1619.xhtml,../images/goz6xf-002_12ed1ab3c1-01f85a55-4862cdbb.jpg,OEBPS/images/goz6xf-002_12ed1ab3c1-01f85a55-4862cdbb.jpg,true,图2 经济增速与城镇就业增速散点图,,,
032,总量扩张政策难解结构性失业问题,3,OEBPS/text/article-032-analysis-2014-04-20-cf40-1619.xhtml,../images/lbihh3-003_0c7d074e75-b48bbc6c-b6a5010b.jpg,OEBPS/images/lbihh3-003_0c7d074e75-b48bbc6c-b6a5010b.jpg,true,图3 经济增速与城镇职工平均工资实际增速,,,
032,总量扩张政策难解结构性失业问题,4,OEBPS/text/article-032-analysis-2014-04-20-cf40-1619.xhtml,../images/arvvyd-004_d2425b9861-042622ca-dc52195d.jpg,OEBPS/images/arvvyd-004_d2425b9861-042622ca-dc52195d.jpg,true,图4 经济增速与城镇职工平均工资实际增速散点图,,,
032,总量扩张政策难解结构性失业问题,5,OEBPS/text/article-032-analysis-2014-04-20-cf40-1619.xhtml,../images/armwek-005_f9d5d84f18-1c7ee7a3-4215a569.jpg,OEBPS/images/armwek-005_f9d5d84f18-1c7ee7a3-4215a569.jpg,true,图5外出农民工月均工资名义增速,,,
032,总量扩张政策难解结构性失业问题,6,OEBPS/text/article-032-analysis-2014-04-20-cf40-1619.xhtml,../images/1hv59gp-006_17280cc614-1fc91d0d-da3d28f1.jpg,OEBPS/images/1hv59gp-006_17280cc614-1fc91d0d-da3d28f1.jpg,true,图6 求人倍率：按年龄,,,
032,总量扩张政策难解结构性失业问题,7,OEBPS/text/article-032-analysis-2014-04-20-cf40-1619.xhtml,../images/xzqynr-007_ac31f74324-2f4166a6-1d9790e0.jpg,OEBPS/images/xzqynr-007_ac31f74324-2f4166a6-1d9790e0.jpg,true,图7求人倍率：按学历,,,
032,总量扩张政策难解结构性失业问题,8,OEBPS/text/article-032-analysis-2014-04-20-cf40-1619.xhtml,../images/1u97za6-008_48be75d931-336c7c67-0cc3d733.jpg,OEBPS/images/1u97za6-008_48be75d931-336c7c67-0cc3d733.jpg,true,图8 城镇就业增速与适龄劳动人口增速,,,
032,总量扩张政策难解结构性失业问题,9,OEBPS/text/article-032-analysis-2014-04-20-cf40-1619.xhtml,../images/1i3dmh7-009_dc82c8ef3d-8d4daab7-ceafcb5e.jpg,OEBPS/images/1i3dmh7-009_dc82c8ef3d-8d4daab7-ceafcb5e.jpg,true,图 9 城镇就业渗透率的变化,,,
032,总量扩张政策难解结构性失业问题,10,OEBPS/text/article-032-analysis-2014-04-20-cf40-1619.xhtml,../images/1f8cff2-010_eb08f4e142-cb67613b-202c4dde.jpg,OEBPS/images/1f8cff2-010_eb08f4e142-cb67613b-202c4dde.jpg,true,图 9 城镇就业渗透率的变化,,,
032,总量扩张政策难解结构性失业问题,11,OEBPS/text/article-032-analysis-2014-04-20-cf40-1619.xhtml,../images/lmsay-011_3bad7218e7-c7f434a7-ade03c67.jpg,OEBPS/images/lmsay-011_3bad7218e7-c7f434a7-ade03c67.jpg,true,图10 GDP实际城镇就业渗透率的变化,,,
033,经济增长与城镇新增就业,1,OEBPS/text/article-033-analysis-2014-05-08-133h92r.xhtml,../images/chart-01-175177f6-04860bf5.png,OEBPS/images/chart-01-175177f6-04860bf5.png,true,图1：GDP 实际增速与城镇就业人口存量增速，%,1,图1：GDP 实际增速与城镇就业人口存量增速，%,数据来源：统计局，人力资源和社会保障部，安信证券 数据说明：假定2014年经济增速分别为6.5%、7%、7.5%，简单模型下，对应城镇就业增速3.1%、3.2%、3.3%，新增就业人口1217万、1256万、1295万。
033,经济增长与城镇新增就业,2,OEBPS/text/article-033-analysis-2014-05-08-133h92r.xhtml,../images/chart-02-1d9fbb67-01689cf3.png,OEBPS/images/chart-02-1d9fbb67-01689cf3.png,true,图2：GDP 实际增速与城镇单位职工平均工资实际增速，%,2,图2：GDP 实际增速与城镇单位职工平均工资实际增速，%,数据来源：统计局，安信证券
033,经济增长与城镇新增就业,3,OEBPS/text/article-033-analysis-2014-05-08-133h92r.xhtml,../images/chart-03-821fb02a-826c15b3.png,OEBPS/images/chart-03-821fb02a-826c15b3.png,true,图3：GDP 实际增速与城镇单位职工平均工资实际增速，%,3,图3：GDP 实际增速与城镇单位职工平均工资实际增速，%,数据来源：统计局，其他民间调查数据，安信证券 2008年之前与之后数据不可比。2002年之前数据点偏少，此处选取的是年均增速。
033,经济增长与城镇新增就业,4,OEBPS/text/article-033-analysis-2014-05-08-133h92r.xhtml,../images/chart-04-658dd52f-fee353c9.png,OEBPS/images/chart-04-658dd52f-fee353c9.png,true,图4：按年龄分组人才市场求人倍率,4,图4：按年龄分组人才市场求人倍率,数据来源：人力资源和社会保障部，安信证券
033,经济增长与城镇新增就业,5,OEBPS/text/article-033-analysis-2014-05-08-133h92r.xhtml,../images/chart-05-28eee041-f1ccbec6.png,OEBPS/images/chart-05-28eee041-f1ccbec6.png,true,图5：按学历分组人才市场求人倍率,5,图5：按学历分组人才市场求人倍率,数据来源：人力资源和社会保障部，安信证券
033,经济增长与城镇新增就业,6,OEBPS/text/article-033-analysis-2014-05-08-133h92r.xhtml,../images/chart-06-3d78ea68-35e030b3.png,OEBPS/images/chart-06-3d78ea68-35e030b3.png,true,图6：中国适龄劳动人口数量，15-64 岁,6,图6：中国适龄劳动人口数量，15-64 岁,数据来源：联合国，安信证券
038,知止不殆,1,OEBPS/text/article-038-analysis-2019-12-08-1c9smie.xhtml,../images/chart-01-7857f30b-aa5c82c7.png,OEBPS/images/chart-01-7857f30b-aa5c82c7.png,true,图1：转型中的实际GDP 增速，%,1,图1：转型中的实际GDP 增速，%,数据来源：Wind，安信证券 注：日韩台平均是对经济转型相应阶段的日韩台实际GDP增速的算术平均。
038,知止不殆,2,OEBPS/text/article-038-analysis-2019-12-08-1c9smie.xhtml,../images/chart-02-790a8d4c-41ea38c5.png,OEBPS/images/chart-02-790a8d4c-41ea38c5.png,true,图2：转型中的人均耗电，千瓦时/年,2,图2：转型中的人均耗电，千瓦时/年,数据来源：Wind，安信证券
038,知止不殆,3,OEBPS/text/article-038-analysis-2019-12-08-1c9smie.xhtml,../images/chart-03-bbd7bca6-906f7b73.png,OEBPS/images/chart-03-bbd7bca6-906f7b73.png,true,图3：转型中的城市化率，%,3,图3：转型中的城市化率，%,数据来源：Wind，安信证券
038,知止不殆,4,OEBPS/text/article-038-analysis-2019-12-08-1c9smie.xhtml,../images/chart-04-c1a8ae09-bde8ae8a.png,OEBPS/images/chart-04-c1a8ae09-bde8ae8a.png,true,图4：转型中非农就业占适龄劳动人口比，%,4,图4：转型中非农就业占适龄劳动人口比，%,数据来源：Wind，安信证券 注：劳动年龄人口指15-64岁人口；在估算中，我们假设中国每年新增非农就业维持2016-2018年均值，每年新增非农就业598.8万人。
038,知止不殆,5,OEBPS/text/article-038-analysis-2019-12-08-1c9smie.xhtml,../images/chart-05-28b9e597-56774b02.png,OEBPS/images/chart-05-28b9e597-56774b02.png,true,图5：转型开始后8 年出口份额累积提升比例，%,5,图5：转型开始后8 年出口份额累积提升比例，%,数据来源：Wind，安信证券 注：累积提升比例计算方法为：经济体8年内出口提升份额/该经济体转型元年份额。
038,知止不殆,6,OEBPS/text/article-038-analysis-2019-12-08-1c9smie.xhtml,../images/chart-06-5cf8644c-d45a8446.png,OEBPS/images/chart-06-5cf8644c-d45a8446.png,true,图6：转型中制造业实际工资指数,6,图6：转型中制造业实际工资指数,数据来源：CEIC，Wind，安信证券 注：我们将转型元年的制造业实际工资标准化为100。
038,知止不殆,7,OEBPS/text/article-038-analysis-2019-12-08-1c9smie.xhtml,../images/chart-07-7746f102-dd886223.png,OEBPS/images/chart-07-7746f102-dd886223.png,true,图7：转型中制造业实际工资指数（汇率调整）,7,图7：转型中制造业实际工资指数（汇率调整）,数据来源：CEIC，Wind，安信证券 注：我们将制造业名义工资使用本币兑美元汇率进行转化，然后使用美元指数进行调整，计算出汇率调整后的制造业实际工资，最后将转型元年的汇率调整后制造业实际工资标准化为100。
038,知止不殆,8,OEBPS/text/article-038-analysis-2019-12-08-1c9smie.xhtml,../images/chart-08-c215f8f6-5bb21955.png,OEBPS/images/chart-08-c215f8f6-5bb21955.png,true,图8：转型中人均汽车保有量，辆/人,8,图8：转型中人均汽车保有量，辆/人,数据来源：CEIC，Wind，安信证券 注：情景假设的汽车销量基于2018年汽车销量数据，假设汽车使用年限为15年。
038,知止不殆,9,OEBPS/text/article-038-analysis-2019-12-08-1c9smie.xhtml,../images/chart-09-ffbe11ba-e06d1c36.png,OEBPS/images/chart-09-ffbe11ba-e06d1c36.png,true,图9：转型中人均汽车保有量（基年调整），辆/人,9,图9：转型中人均汽车保有量（基年调整），辆/人,数据来源：CEIC，Wind，安信证券 注：考虑到中国的收入差距更大和汽车普及阶段面临更高的汽油价格，此处我们将中国的对比基年后移了4年。
038,知止不殆,10,OEBPS/text/article-038-analysis-2019-12-08-1c9smie.xhtml,../images/chart-10-0c57ee5a-3546caa2.png,OEBPS/images/chart-10-0c57ee5a-3546caa2.png,true,图10：转型中投资率，%,10,图10：转型中投资率，%,数据来源：Wind，安信证券
038,知止不殆,11,OEBPS/text/article-038-analysis-2019-12-08-1c9smie.xhtml,../images/chart-11-413eb08d-3f1ac321.png,OEBPS/images/chart-11-413eb08d-3f1ac321.png,true,图11：转型开始后投资率的下降，%,11,图11：转型开始后投资率的下降，%,数据来源：CEIC，Wind，安信证券 注：投资率的累计下降幅度是指经济转型后，经济体投资率的峰值到下一个平台中枢下降的幅度。
038,知止不殆,12,OEBPS/text/article-038-analysis-2019-12-08-1c9smie.xhtml,../images/chart-12-0a466c39-b511f10b.png,OEBPS/images/chart-12-0a466c39-b511f10b.png,true,图12：转型中杠杆率，%,12,图12：转型中杠杆率，%,数据来源：BIS，安信证券
038,知止不殆,13,OEBPS/text/article-038-analysis-2019-12-08-1c9smie.xhtml,../images/chart-13-17379438-f8d38651.png,OEBPS/images/chart-13-17379438-f8d38651.png,true,图13：转型开始后8 年杠杆率的累积提升率，%,13,图13：转型开始后8 年杠杆率的累积提升率，%,数据来源：BIS，安信证券
038,知止不殆,14,OEBPS/text/article-038-analysis-2019-12-08-1c9smie.xhtml,../images/chart-14-89f035f9-ed92f48e.png,OEBPS/images/chart-14-89f035f9-ed92f48e.png,true,图14：转型开始后8 年杠杆率的累积提升率，%,14,图14：转型开始后8 年杠杆率的累积提升率，%,数据来源：World Bank，安信证券 注：中国未来的人口数据使用CPPS人口预测软件进行估算。
038,知止不殆,15,OEBPS/text/article-038-analysis-2019-12-08-1c9smie.xhtml,../images/chart-15-ad566555-f9f7ddac.png,OEBPS/images/chart-15-ad566555-f9f7ddac.png,true,图15：发债企业ROE：民企-国企，%,15,图15：发债企业ROE：民企-国企，%,数据来源：Wind，安信证券 注：以每年发债企业为样本，剔除城投平台。
038,知止不殆,16,OEBPS/text/article-038-analysis-2019-12-08-1c9smie.xhtml,../images/chart-16-63dcab56-3d77ace2.png,OEBPS/images/chart-16-63dcab56-3d77ace2.png,true,图16：AA 级发债企业ROE：民企-国企，%,16,图16：AA 级发债企业ROE：民企-国企，%,数据来源：Wind，安信证券 注：以每年发债企业为样本，剔除城投平台。
038,知止不殆,17,OEBPS/text/article-038-analysis-2019-12-08-1c9smie.xhtml,../images/chart-17-b2b1c038-ee045ea1.png,OEBPS/images/chart-17-b2b1c038-ee045ea1.png,true,图17：发债的上市和未上市国企、民企ROE，%,17,图17：发债的上市和未上市国企、民企ROE，%,数据来源：Wind，安信证券 注：以2018、2019年发债的公司为样本，剔除城投平台。
038,知止不殆,18,OEBPS/text/article-038-analysis-2019-12-08-1c9smie.xhtml,../images/chart-18-d0cbd4ad-ad9d6b95.png,OEBPS/images/chart-18-d0cbd4ad-ad9d6b95.png,true,图18：3 年期AA 级企业发债利率：民企-国企，%,18,图18：3 年期AA 级企业发债利率：民企-国企，%,数据来源：Wind，安信证券 注：以每年发债企业为样本，剔除城投平台。
038,知止不殆,19,OEBPS/text/article-038-analysis-2019-12-08-1c9smie.xhtml,../images/chart-19-428d35c7-b3c4fbc8.png,OEBPS/images/chart-19-428d35c7-b3c4fbc8.png,true,图19：1 年期AA+级企业发债利率：民企-国企，%,19,图19：1 年期AA+级企业发债利率：民企-国企，%,数据来源：Wind，安信证券 注：以每年发债企业为样本，剔除城投平台。
038,知止不殆,20,OEBPS/text/article-038-analysis-2019-12-08-1c9smie.xhtml,../images/chart-20-ff28899a-c708c6fd.png,OEBPS/images/chart-20-ff28899a-c708c6fd.png,true,图20：1 年期AA+级信用债二级市场收益率：民企-国企，%,20,图20：1 年期AA+级信用债二级市场收益率：民企-国企，%,数据来源：Wind，安信证券 注：以每年年底存量债券为样本，2019年数据截至2019年6月30日。
038,知止不殆,21,OEBPS/text/article-038-analysis-2019-12-08-1c9smie.xhtml,../images/chart-21-c14a1fa9-b9862a30.png,OEBPS/images/chart-21-c14a1fa9-b9862a30.png,true,图21：产业债利差：民企-中央国企，BP,21,图21：产业债利差：民企-中央国企，BP,数据来源：Wind，安信证券
038,知止不殆,22,OEBPS/text/article-038-analysis-2019-12-08-1c9smie.xhtml,../images/chart-22-c2cc72cf-8cae5d1b.png,OEBPS/images/chart-22-c2cc72cf-8cae5d1b.png,true,图22：产业债利差：民企-地方国企，BP,22,图22：产业债利差：民企-地方国企，BP,数据来源：Wind，安信证券
038,知止不殆,23,OEBPS/text/article-038-analysis-2019-12-08-1c9smie.xhtml,../images/chart-23-b20c8b5b-5d4d3be1.png,OEBPS/images/chart-23-b20c8b5b-5d4d3be1.png,true,图23：ROE<10%分位数的企业的ROE 均值：民企-国企，%,23,图23：ROE<10%分位数的企业的ROE 均值：民企-国企，%,数据来源：Wind，安信证券 注：以每年年底存量债券为样本，2019年数据截至2019年6月30日。
038,知止不殆,24,OEBPS/text/article-038-analysis-2019-12-08-1c9smie.xhtml,../images/chart-24-ddfd3fd7-93ffc921.png,OEBPS/images/chart-24-ddfd3fd7-93ffc921.png,true,图24：ROE<3%的企业的ROE 均值：民企-国企，%,24,图24：ROE<3%的企业的ROE 均值：民企-国企，%,数据来源：Wind，安信证券 注：以每年年底存量债券为样本，2019年数据截至2019年6月30日。
038,知止不殆,25,OEBPS/text/article-038-analysis-2019-12-08-1c9smie.xhtml,../images/chart-25-4647671f-371b4565.png,OEBPS/images/chart-25-4647671f-371b4565.png,true,图25：ROE<0 的企业的ROE 均值：民企-国企，%,25,图25：ROE<0 的企业的ROE 均值：民企-国企，%,数据来源：Wind，安信证券 注：以每年年底存量债券为样本，2019年数据截至2019年6月30日。
038,知止不殆,26,OEBPS/text/article-038-analysis-2019-12-08-1c9smie.xhtml,../images/chart-26-b87b6ee0-86ac6e5a.png,OEBPS/images/chart-26-b87b6ee0-86ac6e5a.png,true,图26：企业的现金流：民企-国企，%,26,图26：企业的现金流：民企-国企，%,数据来源：Wind，安信证券 注：以每年年底存量债券为样本，2019年数据截至2019年6月30日。
038,知止不殆,27,OEBPS/text/article-038-analysis-2019-12-08-1c9smie.xhtml,../images/chart-27-4b592478-702cb1c4.png,OEBPS/images/chart-27-4b592478-702cb1c4.png,true,图27：ROE<10%分位数的企业的现金流：民企-国企，%,27,图27：ROE<10%分位数的企业的现金流：民企-国企，%,数据来源：Wind，安信证券 注：以每年年底存量债券为样本，2019年数据截至2019年6月30日。
038,知止不殆,28,OEBPS/text/article-038-analysis-2019-12-08-1c9smie.xhtml,../images/chart-28-770b0e05-d8ec478f.png,OEBPS/images/chart-28-770b0e05-d8ec478f.png,true,图28：上市公司PE 值：民企-国企,28,图28：上市公司PE 值：民企-国企,数据来源：Wind，安信证券 注：以剔除银行石油石化的上市公司为样本。
038,知止不殆,29,OEBPS/text/article-038-analysis-2019-12-08-1c9smie.xhtml,../images/chart-29-b74a9af2-e3a49f93.png,OEBPS/images/chart-29-b74a9af2-e3a49f93.png,true,图29：上市公司PB 值：民企-国企,29,图29：上市公司PB 值：民企-国企,数据来源：Wind，安信证券 注：以剔除银行石油石化的上市公司为样本。
038,知止不殆,30,OEBPS/text/article-038-analysis-2019-12-08-1c9smie.xhtml,../images/chart-30-52448f35-2e7366bf.png,OEBPS/images/chart-30-52448f35-2e7366bf.png,true,图30：PE 与ROE：民企-国企,30,图30：PE 与ROE：民企-国企,数据来源：Wind，安信证券 注1：以剔除银行石油石化的上市公司为样本。考虑到2018年上市公司业绩受到资产减值的影响较大，我们主要研究2010-2017年各行业的PE和ROE的均值。 注2：三个民营企业估值相对低的行业分别为：石油石化、煤炭和有色金属。
038,知止不殆,31,OEBPS/text/article-038-analysis-2019-12-08-1c9smie.xhtml,../images/chart-31-01f8df33-7100e45b.png,OEBPS/images/chart-31-01f8df33-7100e45b.png,true,图31：PB 与ROE：民企-国企,31,图31：PB 与ROE：民企-国企,数据来源：Wind，安信证券 注：以剔除银行石油石化的上市公司为样本。考虑到2018年上市公司业绩受到资产减值的影响较大，我们主要研究2010-2017年各行业的PE和ROE的均值。
038,知止不殆,32,OEBPS/text/article-038-analysis-2019-12-08-1c9smie.xhtml,../images/chart-32-2afb7231-bf74bd34.png,OEBPS/images/chart-32-2afb7231-bf74bd34.png,true,图32：规上工业企业资产负债率：民企V.S.国企，%,32,图32：规上工业企业资产负债率：民企V.S.国企，%,数据来源：Wind，安信证券 注：2019年数据截至2019年6月30日。
038,知止不殆,33,OEBPS/text/article-038-analysis-2019-12-08-1c9smie.xhtml,../images/chart-33-0cce1010-1e874f7a.png,OEBPS/images/chart-33-0cce1010-1e874f7a.png,true,图33：各风格板块上市公司资产负债率：民企V.S.国企，%,33,图33：各风格板块上市公司资产负债率：民企V.S.国企，%,数据来源：Wind，安信证券 注：公司所属风格板块基于2019年分类，未历史追溯。数据截至2019年9月30日。
038,知止不殆,34,OEBPS/text/article-038-analysis-2019-12-08-1c9smie.xhtml,../images/chart-34-4477e89b-4e85413d.png,OEBPS/images/chart-34-4477e89b-4e85413d.png,true,图34：全球出口名义和实际同比，%,34,图34：全球出口名义和实际同比，%,数据来源：Wind，安信证券
038,知止不殆,35,OEBPS/text/article-038-analysis-2019-12-08-1c9smie.xhtml,../images/chart-35-1b413274-530f85c2.png,OEBPS/images/chart-35-1b413274-530f85c2.png,true,图35：中国出口同比和对美出口同比，%,35,图35：中国出口同比和对美出口同比，%,数据来源：Wind，安信证券
038,知止不殆,36,OEBPS/text/article-038-analysis-2019-12-08-1c9smie.xhtml,../images/chart-36-512d04ad-9257fca3.png,OEBPS/images/chart-36-512d04ad-9257fca3.png,true,图36：名义和实际贸易盈余/GDP，%,36,图36：名义和实际贸易盈余/GDP，%,数据来源：Wind，安信证券
038,知止不殆,37,OEBPS/text/article-038-analysis-2019-12-08-1c9smie.xhtml,../images/chart-37-68dbad7b-18cdd56f.png,OEBPS/images/chart-37-68dbad7b-18cdd56f.png,true,图37：全社会固定政策投资同比，%,37,图37：全社会固定政策投资同比，%,数据来源：Wind，安信证券
038,知止不殆,38,OEBPS/text/article-038-analysis-2019-12-08-1c9smie.xhtml,../images/chart-38-ab3b87ab-5050507f.png,OEBPS/images/chart-38-ab3b87ab-5050507f.png,true,图38：基础设施投资当季同比，%,38,图38：基础设施投资当季同比，%,数据来源：Wind，安信证券
038,知止不殆,39,OEBPS/text/article-038-analysis-2019-12-08-1c9smie.xhtml,../images/chart-39-a1fa0613-2e4ea4c8.png,OEBPS/images/chart-39-a1fa0613-2e4ea4c8.png,true,图39：狭义和广义地方政府债务余额同比，%,39,图39：狭义和广义地方政府债务余额同比，%,数据来源：Wind，安信证券 注：此处的地方政府数据来源于国家资产负债表研究中心，仅包含地方政府负有偿还责任的债务，不包含或有债务。
038,知止不殆,40,OEBPS/text/article-038-analysis-2019-12-08-1c9smie.xhtml,../images/chart-40-a24333d6-01405271.png,OEBPS/images/chart-40-a24333d6-01405271.png,true,图40：城投平台有息负债余额同比，%,40,图40：城投平台有息负债余额同比，%,数据来源：Wind，安信证券
038,知止不殆,41,OEBPS/text/article-038-analysis-2019-12-08-1c9smie.xhtml,../images/chart-41-1d230035-f6bc5521.png,OEBPS/images/chart-41-1d230035-f6bc5521.png,true,图41：制造业投资：出口依赖度高V.S.低，%,41,图41：制造业投资：出口依赖度高V.S.低，%,数据来源：Wind，安信证券
038,知止不殆,42,OEBPS/text/article-038-analysis-2019-12-08-1c9smie.xhtml,../images/chart-42-2f75443f-a227649b.png,OEBPS/images/chart-42-2f75443f-a227649b.png,true,图42：限产组和对照组工业增加值同比，%,42,图42：限产组和对照组工业增加值同比，%,数据来源：Wind，安信证券
038,知止不殆,43,OEBPS/text/article-038-analysis-2019-12-08-1c9smie.xhtml,../images/chart-43-73582655-19555ef7.png,OEBPS/images/chart-43-73582655-19555ef7.png,true,图43：限产组和对照组工业增加值同比，%,43,图43：限产组和对照组工业增加值同比，%,数据来源：Wind，安信证券
038,知止不殆,44,OEBPS/text/article-038-analysis-2019-12-08-1c9smie.xhtml,../images/chart-44-1105aae0-dcae3acb.png,OEBPS/images/chart-44-1105aae0-dcae3acb.png,true,图44：商品房非合意存货，千平方米,44,图44：商品房非合意存货，千平方米,数据来源：Wind，安信证券
038,知止不殆,45,OEBPS/text/article-038-analysis-2019-12-08-1c9smie.xhtml,../images/chart-45-03e697a0-b8d81825.png,OEBPS/images/chart-45-03e697a0-b8d81825.png,true,图45：房地产销售面积和新开工面积同比，%,45,图45：房地产销售面积和新开工面积同比，%,数据来源：Wind，安信证券
038,知止不殆,46,OEBPS/text/article-038-analysis-2019-12-08-1c9smie.xhtml,../images/image2-e8880e8b-eab9cd86.png,OEBPS/images/image2-e8880e8b-eab9cd86.png,true,图表,,,
038,知止不殆,47,OEBPS/text/article-038-analysis-2019-12-08-1c9smie.xhtml,../images/image3-09630bf0-246a722e.png,OEBPS/images/image3-09630bf0-246a722e.png,true,图表,,,
038,知止不殆,48,OEBPS/text/article-038-analysis-2019-12-08-1c9smie.xhtml,../images/image4-2f0d22cf-60d37309.png,OEBPS/images/image4-2f0d22cf-60d37309.png,true,图表,,,
038,知止不殆,49,OEBPS/text/article-038-analysis-2019-12-08-1c9smie.xhtml,../images/image5-bb5db21f-bbbb3cb2.png,OEBPS/images/image5-bb5db21f-bbbb3cb2.png,true,http://s4.sinaimg.cn/mw690/002jf5rkgy6QV0VPTjBd3&690,,,
038,知止不殆,50,OEBPS/text/article-038-analysis-2019-12-08-1c9smie.xhtml,../images/image6-2b5f757e-51e0d146.png,OEBPS/images/image6-2b5f757e-51e0d146.png,true,http://s14.sinaimg.cn/mw690/002jf5rkgy6QV0X7NmJfd&690,,,
038,知止不殆,51,OEBPS/text/article-038-analysis-2019-12-08-1c9smie.xhtml,../images/image7-efc2309b-9e71a866.png,OEBPS/images/image7-efc2309b-9e71a866.png,true,http://s8.sinaimg.cn/mw690/002jf5rkgy6QV0Z1SWbf7&690,,,
038,知止不殆,52,OEBPS/text/article-038-analysis-2019-12-08-1c9smie.xhtml,../images/image8-a1cb5936-df032b81.png,OEBPS/images/image8-a1cb5936-df032b81.png,true,http://s4.sinaimg.cn/mw690/002jf5rkgy6QV11g0x5b3&690,,,
038,知止不殆,53,OEBPS/text/article-038-analysis-2019-12-08-1c9smie.xhtml,../images/image9-166dc8d0-53251ce7.png,OEBPS/images/image9-166dc8d0-53251ce7.png,true,http://s12.sinaimg.cn/mw690/002jf5rkgy6QV11snqP2b&690,,,
038,知止不殆,54,OEBPS/text/article-038-analysis-2019-12-08-1c9smie.xhtml,../images/image10-c60dded9-8b08b5b0.png,OEBPS/images/image10-c60dded9-8b08b5b0.png,true,图表,,,
038,知止不殆,55,OEBPS/text/article-038-analysis-2019-12-08-1c9smie.xhtml,../images/image11-a68502c9-e8fe193d.png,OEBPS/images/image11-a68502c9-e8fe193d.png,true,图表,,,
038,知止不殆,56,OEBPS/text/article-038-analysis-2019-12-08-1c9smie.xhtml,../images/image12-b3ea10c2-ae327f24.png,OEBPS/images/image12-b3ea10c2-ae327f24.png,true,图表,,,
038,知止不殆,57,OEBPS/text/article-038-analysis-2019-12-08-1c9smie.xhtml,../images/image13-94135961-9e480c9d.png,OEBPS/images/image13-94135961-9e480c9d.png,true,图表,,,
038,知止不殆,58,OEBPS/text/article-038-analysis-2019-12-08-1c9smie.xhtml,../images/image14-de72233f-7331afa3.png,OEBPS/images/image14-de72233f-7331afa3.png,true,图表,,,
038,知止不殆,59,OEBPS/text/article-038-analysis-2019-12-08-1c9smie.xhtml,../images/image15-ee681df4-03b34c3b.jpeg,OEBPS/images/image15-ee681df4-03b34c3b.jpeg,true,http://s1.sinaimg.cn/mw690/002jf5rkgy6QV1jciisb0&690,,,
038,知止不殆,60,OEBPS/text/article-038-analysis-2019-12-08-1c9smie.xhtml,../images/image16-4217670a-1ece8c17.png,OEBPS/images/image16-4217670a-1ece8c17.png,true,http://s13.sinaimg.cn/mw690/002jf5rkgy6QV1kGYNeec&690,,,
038,知止不殆,61,OEBPS/text/article-038-analysis-2019-12-08-1c9smie.xhtml,../images/image17-f8ccfc77-d6bbf4eb.png,OEBPS/images/image17-f8ccfc77-d6bbf4eb.png,true,http://s10.sinaimg.cn/mw690/002jf5rkgy6QV1mkHxLb9&690,,,
038,知止不殆,62,OEBPS/text/article-038-analysis-2019-12-08-1c9smie.xhtml,../images/image18-097148ff-23f27982.png,OEBPS/images/image18-097148ff-23f27982.png,true,http://s16.sinaimg.cn/mw690/002jf5rkgy6QV1nj7BR3f&690,,,
038,知止不殆,63,OEBPS/text/article-038-analysis-2019-12-08-1c9smie.xhtml,../images/image19-c5fb2d60-8fcdbb4b.png,OEBPS/images/image19-c5fb2d60-8fcdbb4b.png,true,http://s11.sinaimg.cn/mw690/002jf5rkgy6QV1p6s7Uda&690,,,
039,观察一季度经济数据的三个维度,1,OEBPS/text/article-039-analysis-2020-05-03-cf40-3357.xhtml,../images/nuql48-001_d53b622af5-77e07f98-afba3972.jpg,OEBPS/images/nuql48-001_d53b622af5-77e07f98-afba3972.jpg,true,图1：金融海啸和新冠疫情对经济增速的影响,,,
039,观察一季度经济数据的三个维度,2,OEBPS/text/article-039-analysis-2020-05-03-cf40-3357.xhtml,../images/dnb55a-002_5111b4263d-052d341e-ed8e4eaa.jpg,OEBPS/images/dnb55a-002_5111b4263d-052d341e-ed8e4eaa.jpg,true,图2：金融海啸和新冠疫情对工业增加值的影响,,,
039,观察一季度经济数据的三个维度,3,OEBPS/text/article-039-analysis-2020-05-03-cf40-3357.xhtml,../images/139i9c1-003_55798c383b-8ed734f8-3ff61373.jpg,OEBPS/images/139i9c1-003_55798c383b-8ed734f8-3ff61373.jpg,true,图3：金融海啸和新冠疫情对PPI的影响,,,
039,观察一季度经济数据的三个维度,4,OEBPS/text/article-039-analysis-2020-05-03-cf40-3357.xhtml,../images/11tgfbz-004_f1df96c49b-ae33516c-e20c1be5.jpg,OEBPS/images/11tgfbz-004_f1df96c49b-ae33516c-e20c1be5.jpg,true,图4：金融海啸和新冠疫情对非食品CPI的影响,,,
039,观察一季度经济数据的三个维度,5,OEBPS/text/article-039-analysis-2020-05-03-cf40-3357.xhtml,../images/kb3fnu-005_2ee1ec0205-65ce65b6-dad72ee2.jpg,OEBPS/images/kb3fnu-005_2ee1ec0205-65ce65b6-dad72ee2.jpg,true,图5：金融海啸和新冠疫情对CPI的影响,,,
039,观察一季度经济数据的三个维度,6,OEBPS/text/article-039-analysis-2020-05-03-cf40-3357.xhtml,../images/38uint-006_cab9e0b185-0a460f45-a07fc600.jpg,OEBPS/images/38uint-006_cab9e0b185-0a460f45-a07fc600.jpg,true,图6：新冠疫情对线上、线下消费总量的影响,,,
039,观察一季度经济数据的三个维度,7,OEBPS/text/article-039-analysis-2020-05-03-cf40-3357.xhtml,../images/1gn0usw-007_0cc917a307-ef4d5840-23b701b6.jpg,OEBPS/images/1gn0usw-007_0cc917a307-ef4d5840-23b701b6.jpg,true,图7：新冠疫情对线上食品、日用品、服装消费的影响,,,
039,观察一季度经济数据的三个维度,8,OEBPS/text/article-039-analysis-2020-05-03-cf40-3357.xhtml,../images/23swq6-008_2957766401-6afcd43e-ceecf0b7.jpg,OEBPS/images/23swq6-008_2957766401-6afcd43e-ceecf0b7.jpg,true,图8：新冠疫情对日用品消费的影响,,,
039,观察一季度经济数据的三个维度,9,OEBPS/text/article-039-analysis-2020-05-03-cf40-3357.xhtml,../images/10swmw6-009_78819ca960-fe2aa5a2-97f4702a.jpg,OEBPS/images/10swmw6-009_78819ca960-fe2aa5a2-97f4702a.jpg,true,图9：金融海啸和新冠疫情对家庭服务及加工维修服务的影响,,,
040,关于中国通货膨胀形成机制的几点观察,1,OEBPS/text/article-040-analysis-2022-11-14-1x1gha2.xhtml,../images/chart-01-4ef16ac8-168326bb.png,OEBPS/images/chart-01-4ef16ac8-168326bb.png,true,图1：中美PPI 同比，%,1,图1：中美PPI 同比，%,数据来源：Wind，安信证券 中国PPI在1996年前为年度数据，中美PPI在1980-1996年相关系数为-0.2，在1996-2021期间年相关系数为0.92
040,关于中国通货膨胀形成机制的几点观察,2,OEBPS/text/article-040-analysis-2022-11-14-1x1gha2.xhtml,../images/chart-02-4294f69e-9af8f982.png,OEBPS/images/chart-02-4294f69e-9af8f982.png,true,图2：CPI 和核心CPI，%,2,图2：CPI 和核心CPI，%,数据来源：Wind，安信证券； 中国核心CPI从2013年开始公布
040,关于中国通货膨胀形成机制的几点观察,3,OEBPS/text/article-040-analysis-2022-11-14-1x1gha2.xhtml,../images/image1-1184b809-01f649b5.png,OEBPS/images/image1-1184b809-01f649b5.png,true,图表,,,
040,关于中国通货膨胀形成机制的几点观察,4,OEBPS/text/article-040-analysis-2022-11-14-1x1gha2.xhtml,../images/chart-03-0d018cd2-bae00ced.png,OEBPS/images/chart-03-0d018cd2-bae00ced.png,true,图3：中国PPI 和CPI 食品分项当季同比，%,3,图3：中国PPI 和CPI 食品分项当季同比，%,数据来源：Wind，安信证券；
040,关于中国通货膨胀形成机制的几点观察,5,OEBPS/text/article-040-analysis-2022-11-14-1x1gha2.xhtml,../images/chart-04-276b620b-a0c2163e.png,OEBPS/images/chart-04-276b620b-a0c2163e.png,true,图4：农产品和生产资料价格指数同比，%,4,图4：农产品和生产资料价格指数同比，%,数据来源：Wind，安信证券； 注：回归后弹性为1.11，标准差为0.168
040,关于中国通货膨胀形成机制的几点观察,6,OEBPS/text/article-040-analysis-2022-11-14-1x1gha2.xhtml,../images/chart-05-93cd4869-ca4a93ad.png,OEBPS/images/chart-05-93cd4869-ca4a93ad.png,true,图5：农产品资料价格和农村人均农业纯收入同比，%,5,图5：农产品资料价格和农村人均农业纯收入同比，%,数据来源：Wind，安信证券； 注：回归后弹性为1.14，标准差为0.173
040,关于中国通货膨胀形成机制的几点观察,7,OEBPS/text/article-040-analysis-2022-11-14-1x1gha2.xhtml,../images/chart-06-870e481c-06f40a32.png,OEBPS/images/chart-06-870e481c-06f40a32.png,true,图6：各类食品价格对第二产业GDP 缩减指数的相关系数，%,6,图6：各类食品价格对第二产业GDP 缩减指数的相关系数，%,数据来源：Wind，安信证券；
040,关于中国通货膨胀形成机制的几点观察,8,OEBPS/text/article-040-analysis-2022-11-14-1x1gha2.xhtml,../images/chart-07-e9581f12-472685e1.png,OEBPS/images/chart-07-e9581f12-472685e1.png,true,图7：各类食品价格对第二产业GDP 缩减指数的弹性，%,7,图7：各类食品价格对第二产业GDP 缩减指数的弹性，%,数据来源：Wind，安信证券；
040,关于中国通货膨胀形成机制的几点观察,9,OEBPS/text/article-040-analysis-2022-11-14-1x1gha2.xhtml,../images/chart-08-1fb0daca-bae00ced.png,OEBPS/images/chart-08-1fb0daca-bae00ced.png,true,图8：中国PPI 和CPI 食品分项当季同比，%,8,图8：中国PPI 和CPI 食品分项当季同比，%,数据来源：Wind，安信证券； 2012年后，两者相关系数为-0.62
040,关于中国通货膨胀形成机制的几点观察,10,OEBPS/text/article-040-analysis-2022-11-14-1x1gha2.xhtml,../images/chart-09-bf5cf3ff-191e8f3f.png,OEBPS/images/chart-09-bf5cf3ff-191e8f3f.png,true,图9：各类食品价格对第二产业GDP 缩减指数的相关系数，%,9,图9：各类食品价格对第二产业GDP 缩减指数的相关系数，%,数据来源：Wind，安信证券；
040,关于中国通货膨胀形成机制的几点观察,11,OEBPS/text/article-040-analysis-2022-11-14-1x1gha2.xhtml,../images/chart-10-8b8d92b2-8e8310ef.png,OEBPS/images/chart-10-8b8d92b2-8e8310ef.png,true,图10：各类食品价格对第二产业GDP 缩减指数的弹性，%,10,图10：各类食品价格对第二产业GDP 缩减指数的弹性，%,数据来源：Wind，安信证券；
040,关于中国通货膨胀形成机制的几点观察,12,OEBPS/text/article-040-analysis-2022-11-14-1x1gha2.xhtml,../images/image2-01724f0d-eee37469.png,OEBPS/images/image2-01724f0d-eee37469.png,true,图表,,,
040,关于中国通货膨胀形成机制的几点观察,13,OEBPS/text/article-040-analysis-2022-11-14-1x1gha2.xhtml,../images/image3-2302083a-be77fa09.png,OEBPS/images/image3-2302083a-be77fa09.png,true,图表,,,
040,关于中国通货膨胀形成机制的几点观察,14,OEBPS/text/article-040-analysis-2022-11-14-1x1gha2.xhtml,../images/chart-11-6c110335-6bee34b0.png,OEBPS/images/chart-11-6c110335-6bee34b0.png,true,图11：农民工月均工资和城镇就业工资比例，元，%,11,图11：农民工月均工资和城镇就业工资比例，元，%,数据来源：Wind，安信证券；
040,关于中国通货膨胀形成机制的几点观察,15,OEBPS/text/article-040-analysis-2022-11-14-1x1gha2.xhtml,../images/chart-12-468c8b06-cc8eb2fb.png,OEBPS/images/chart-12-468c8b06-cc8eb2fb.png,true,图12：总体和分产业劳动生产效率年均增长率，%,12,图12：总体和分产业劳动生产效率年均增长率，%,数据来源：wind，安信证券 注:劳动生产效率增速使用该产业增加值的实际增速和从业人员增速计算
040,关于中国通货膨胀形成机制的几点观察,16,OEBPS/text/article-040-analysis-2022-11-14-1x1gha2.xhtml,../images/chart-13-7c91a4a2-c6fe7bf6.png,OEBPS/images/chart-13-7c91a4a2-c6fe7bf6.png,true,图13：2013-2019 年产出缺口与核心CPI，%,13,图13：2013-2019 年产出缺口与核心CPI，%,数据来源：wind，安信证券 由于疫情扰动，2020和2021年潜在增速估计较为困难，故略去。t值为5.96.
040,关于中国通货膨胀形成机制的几点观察,17,OEBPS/text/article-040-analysis-2022-11-14-1x1gha2.xhtml,../images/chart-14-f062271e-a22f68d0.png,OEBPS/images/chart-14-f062271e-a22f68d0.png,true,图14：全国居民恩格尔系数，%,14,图14：全国居民恩格尔系数，%,数据来源：Wind，安信证券； 2015年前使用农村和城镇居民恩格尔系数和城镇化率计算，食品分项权重自2006年开始
040,关于中国通货膨胀形成机制的几点观察,18,OEBPS/text/article-040-analysis-2022-11-14-1x1gha2.xhtml,../images/chart-15-71e0a409-2c3c3185.png,OEBPS/images/chart-15-71e0a409-2c3c3185.png,true,图15：各经济体CPI 中食品烟酒分项权重，%,15,图15：各经济体CPI 中食品烟酒分项权重，%,数据来源：Wind，安信证券； 注：部分国家CPI中食品项定义中不含外出就餐，为保持口径一致，调整后加入
040,关于中国通货膨胀形成机制的几点观察,19,OEBPS/text/article-040-analysis-2022-11-14-1x1gha2.xhtml,../images/chart-16-5b905971-73bc5f92.png,OEBPS/images/chart-16-5b905971-73bc5f92.png,true,图16：农村居民支出中非现金占比，%,16,图16：农村居民支出中非现金占比，%,数据来源：Wind，安信证券； 注： 2013年家庭住户调查口径进行调整，生活消费支出口径存在差异，导致现金占比发生变化。
040,关于中国通货膨胀形成机制的几点观察,20,OEBPS/text/article-040-analysis-2022-11-14-1x1gha2.xhtml,../images/chart-17-1f749365-c4d4301d.png,OEBPS/images/chart-17-1f749365-c4d4301d.png,true,图17：城镇和农村居民消费中非现金支出比率，%,17,图17：城镇和农村居民消费中非现金支出比率，%,数据来源：Wind，安信证券；
040,关于中国通货膨胀形成机制的几点观察,21,OEBPS/text/article-040-analysis-2022-11-14-1x1gha2.xhtml,../images/chart-18-58935570-9c4a5049.png,OEBPS/images/chart-18-58935570-9c4a5049.png,true,图18：农村居民当年新增银行存款占总储蓄比重，%,18,图18：农村居民当年新增银行存款占总储蓄比重，%,数据来源：Wind，安信证券；
040,关于中国通货膨胀形成机制的几点观察,22,OEBPS/text/article-040-analysis-2022-11-14-1x1gha2.xhtml,../images/chart-19-925ff1eb-5250930e.png,OEBPS/images/chart-19-925ff1eb-5250930e.png,true,图19：不同规模生猪饲养户数,19,图19：不同规模生猪饲养户数,数据来源：wind，安信证券 ，左轴为对数坐标
040,关于中国通货膨胀形成机制的几点观察,23,OEBPS/text/article-040-analysis-2022-11-14-1x1gha2.xhtml,../images/chart-20-50bd34dd-c21bc8c5.png,OEBPS/images/chart-20-50bd34dd-c21bc8c5.png,true,图20：生猪生产成本：规模养殖/散养，%,20,图20：生猪生产成本：规模养殖/散养，%,数据来源：wind，安信证券
040,关于中国通货膨胀形成机制的几点观察,24,OEBPS/text/article-040-analysis-2022-11-14-1x1gha2.xhtml,../images/image4-e4091822-91365d6b.png,OEBPS/images/image4-e4091822-91365d6b.png,true,图表,,,
041,顺势而为,1,OEBPS/text/article-041-analysis-2023-06-13-1h21gmn.xhtml,../images/chart-01-c5cb0934-89cd639a.png,OEBPS/images/chart-01-c5cb0934-89cd639a.png,true,图1：MSCI 发达市场指数，点,1,,数据来源：Wind，安信证券 2020年1月1日标准化为100
041,顺势而为,2,OEBPS/text/article-041-analysis-2023-06-13-1h21gmn.xhtml,../images/chart-02-df5ef543-ae6e0169.png,OEBPS/images/chart-02-df5ef543-ae6e0169.png,true,图2：各发达经济体股价指数，点,2,,数据来源：Wind，安信证券 2020年1月1日标准化为100
041,顺势而为,3,OEBPS/text/article-041-analysis-2023-06-13-1h21gmn.xhtml,../images/chart-03-ca32a098-1627f67c.png,OEBPS/images/chart-03-ca32a098-1627f67c.png,true,图3：发达国家国债收益率，%,3,,数据来源：Wind，安信证券
041,顺势而为,4,OEBPS/text/article-041-analysis-2023-06-13-1h21gmn.xhtml,../images/chart-04-fd212dea-44f32a4a.png,OEBPS/images/chart-04-fd212dea-44f32a4a.png,true,图4：发达国家核心CPI 同比，%,4,,数据来源： CEIC ，安信证券
041,顺势而为,5,OEBPS/text/article-041-analysis-2023-06-13-1h21gmn.xhtml,../images/chart-05-df55a92a-32aca7b9.png,OEBPS/images/chart-05-df55a92a-32aca7b9.png,true,图5：MSCI 新兴市场指数，点,5,,数据来源：Wind，安信证券 2020年1月1日标准化为100
041,顺势而为,6,OEBPS/text/article-041-analysis-2023-06-13-1h21gmn.xhtml,../images/chart-06-441899b1-52ab167b.png,OEBPS/images/chart-06-441899b1-52ab167b.png,true,图6：发展中国家股价指数，点,6,,数据来源：Wind，安信证券 2020年1月1日标准化为100
041,顺势而为,7,OEBPS/text/article-041-analysis-2023-06-13-1h21gmn.xhtml,../images/chart-07-8f90d8d7-6fe30995.png,OEBPS/images/chart-07-8f90d8d7-6fe30995.png,true,图7：新兴经济体美元债收益率和本币债收益率，%,7,,数据来源：Bloomberg，安信证券
041,顺势而为,8,OEBPS/text/article-041-analysis-2023-06-13-1h21gmn.xhtml,../images/chart-08-d624a5b6-e3aed4c2.png,OEBPS/images/chart-08-d624a5b6-e3aed4c2.png,true,图8：发展中国家国债收益率，%,8,,数据来源：Wind，安信证券
041,顺势而为,9,OEBPS/text/article-041-analysis-2023-06-13-1h21gmn.xhtml,../images/chart-09-d32f04af-cac2af63.png,OEBPS/images/chart-09-d32f04af-cac2af63.png,true,图9：发展中国家核心CPI 同比，%,9,,数据来源： CEIC ，安信证券
041,顺势而为,10,OEBPS/text/article-041-analysis-2023-06-13-1h21gmn.xhtml,../images/chart-10-cfd69d64-b28cc0a7.png,OEBPS/images/chart-10-cfd69d64-b28cc0a7.png,true,图10：放开后正常状态发达国家GDP 环比折年率，%,10,,数据来源：Wind，安信证券 注：基点为疫情前的趋势水平，放开后正常状态为考虑到放开后两个季度内存在基数和积压性需求释放的影响，采用放开后第三季度后的平均值
041,顺势而为,11,OEBPS/text/article-041-analysis-2023-06-13-1h21gmn.xhtml,../images/chart-11-f6778db6-548d596d.png,OEBPS/images/chart-11-f6778db6-548d596d.png,true,图11：放开后正常状态发展中国家GDP 环比折年率，%,11,,数据来源：Wind，安信证券 注：基点为疫情前趋势水平，放开后正常状态为考虑到放开后两个季度内存在基数和积压性需求释放的影响，采用放开后三、四季度平均值
041,顺势而为,12,OEBPS/text/article-041-analysis-2023-06-13-1h21gmn.xhtml,../images/chart-12-612b4de7-8e0755d7.png,OEBPS/images/chart-12-612b4de7-8e0755d7.png,true,图12：发达国家超额储蓄率，%,12,,数据来源：Bloomberg，Wind，安信证券 疫情中正常期定义为疫苗尚未出现，疫情的恐慌出现缓解的20Q4和21Q1期间储蓄率。疫后正常期定义为放开后第三个季度开始
041,顺势而为,13,OEBPS/text/article-041-analysis-2023-06-13-1h21gmn.xhtml,../images/chart-13-e54caded-23790a19.png,OEBPS/images/chart-13-e54caded-23790a19.png,true,图13：部分国家财政补贴力度与储蓄率偏离度，%,13,,数据来源：Bloomberg，日本统计局，安信证券； 注：日本使用工人家庭数据，使用非经常性收入占比作为财政补贴衡量，日本在2014年后储蓄率存在年均上升1.13%，剔除这一趋势。其余国家使用转移性收入，另外储蓄率无趋势。t值为-6.1，P值为0.009财政补贴偏离度使用2020和2021两年转移性支付占收入比重的均值减去2016至2019年均值。储蓄率偏离度使用2022年Q3累计储蓄率减去2016-2019年均值，反应防控放松后的消费倾向。
041,顺势而为,14,OEBPS/text/article-041-analysis-2023-06-13-1h21gmn.xhtml,../images/chart-14-bf05e05a-641607d6.png,OEBPS/images/chart-14-bf05e05a-641607d6.png,true,图14：不同阶段家庭消费支出同比差值-GDP 同比差值，%,14,,数据来源：Wind，CEIC，安信证券 注：中国和越南为消费支出（包含政府消费）
041,顺势而为,15,OEBPS/text/article-041-analysis-2023-06-13-1h21gmn.xhtml,../images/chart-15-78d3ab1c-7a5fc853.png,OEBPS/images/chart-15-78d3ab1c-7a5fc853.png,true,图15：各国老龄人口劳动参与率2022 年较2019 年变化，%,15,,数据来源：CEIC，安信证券 注：老龄人口指代表55岁以上人口
041,顺势而为,16,OEBPS/text/article-041-analysis-2023-06-13-1h21gmn.xhtml,../images/chart-16-c18459a2-557f5dba.png,OEBPS/images/chart-16-c18459a2-557f5dba.png,true,图16：美国绿卡发放人数，万人,16,,数据来源：Wind，安信证券
041,顺势而为,17,OEBPS/text/article-041-analysis-2023-06-13-1h21gmn.xhtml,../images/chart-17-c45aa8c3-7d142b82.png,OEBPS/images/chart-17-c45aa8c3-7d142b82.png,true,图17：核心CPI 差值与55 岁以上人口劳动参与率差值，%,17,,数据来源： CEIC ，Wind，安信证券 P值为0.002，t值为-4.6
041,顺势而为,18,OEBPS/text/article-041-analysis-2023-06-13-1h21gmn.xhtml,../images/chart-18-cd788634-b19464a9.png,OEBPS/images/chart-18-cd788634-b19464a9.png,true,图18：中国居民超额储蓄率，%,18,,数据来源：Wind，安信证券
041,顺势而为,19,OEBPS/text/article-041-analysis-2023-06-13-1h21gmn.xhtml,../images/chart-19-4c813adb-d07a96e8.png,OEBPS/images/chart-19-4c813adb-d07a96e8.png,true,图19：外出务工劳动力人数同比，%,19,,"数据来源：Wind，安信证券 注：2021为两年复合同比,2022年为三年复合同比，2023年Q1为四年复合同比。"
041,顺势而为,20,OEBPS/text/article-041-analysis-2023-06-13-1h21gmn.xhtml,../images/chart-20-3cfecaad-08a44a35.png,OEBPS/images/chart-20-3cfecaad-08a44a35.png,true,图20：外出务工劳动力工资月均收入同比，%,20,,"数据来源：Wind，安信证券 注：2021为两年复合同比,2022年为三年复合同比，2023年Q1为四年复合同比。"
041,顺势而为,21,OEBPS/text/article-041-analysis-2023-06-13-1h21gmn.xhtml,../images/chart-21-b3954a8c-39d57b51.png,OEBPS/images/chart-21-b3954a8c-39d57b51.png,true,图21：沪深300 与申万房地产指数,21,,数据来源：Wind，安信证券 注：以2020年12月31日为基准
041,顺势而为,22,OEBPS/text/article-041-analysis-2023-06-13-1h21gmn.xhtml,../images/chart-22-7c944652-dcc807c3.png,OEBPS/images/chart-22-7c944652-dcc807c3.png,true,图22：不同阶段申万房地产相对沪深300 差额跌幅，%,22,,数据来源：Wind，安信证券 注：以2020年12月31日为基准
041,顺势而为,23,OEBPS/text/article-041-analysis-2023-06-13-1h21gmn.xhtml,../images/chart-23-2d323e42-5593067d.png,OEBPS/images/chart-23-2d323e42-5593067d.png,true,图23：A 股民营和国有房地产企业指数,23,,数据来源：Wind，安信证券 注：以2020年12月31日为基准
047,潮起潮落,1,OEBPS/text/article-047-analysis-2013-07-12-drn2d1.xhtml,../images/chart-01-cd61d80e-0b82503b.png,OEBPS/images/chart-01-cd61d80e-0b82503b.png,true,图1：房地产开发投资增速（%）,1,图1：房地产开发投资增速（%）,数据来源：CEIC，安信证券
047,潮起潮落,2,OEBPS/text/article-047-analysis-2013-07-12-drn2d1.xhtml,../images/chart-02-25fa5d4a-bf3bc009.png,OEBPS/images/chart-02-25fa5d4a-bf3bc009.png,true,图2：政府基础设施建设投资增速（%）,2,图2：政府基础设施建设投资增速（%）,数据来源：CEIC，安信证券 数据说明：交运仓储邮政业、公共设施管理业、电力热力生产供应业投资的加总
047,潮起潮落,3,OEBPS/text/article-047-analysis-2013-07-12-drn2d1.xhtml,../images/chart-03-0886be2e-080cc47f.png,OEBPS/images/chart-03-0886be2e-080cc47f.png,true,图3：建筑业产出增速（%）,3,图3：建筑业产出增速（%）,数据来源：Wind，安信证券
047,潮起潮落,4,OEBPS/text/article-047-analysis-2013-07-12-drn2d1.xhtml,../images/chart-04-6d97d89c-fe382970.png,OEBPS/images/chart-04-6d97d89c-fe382970.png,true,图4：水泥产量增速（%）,4,图4：水泥产量增速（%）,数据来源：Wind，安信证券
047,潮起潮落,5,OEBPS/text/article-047-analysis-2013-07-12-drn2d1.xhtml,../images/chart-05-2334deb7-65e004e2.png,OEBPS/images/chart-05-2334deb7-65e004e2.png,true,图5：用电量增速（%）,5,图5：用电量增速（%）,数据来源：Wind，安信证券
047,潮起潮落,6,OEBPS/text/article-047-analysis-2013-07-12-drn2d1.xhtml,../images/chart-06-bcbb9a3f-6c16d887.png,OEBPS/images/chart-06-bcbb9a3f-6c16d887.png,true,图6：钢材产量增速（%）,6,图6：钢材产量增速（%）,数据来源：Wind，安信证券
047,潮起潮落,7,OEBPS/text/article-047-analysis-2013-07-12-drn2d1.xhtml,../images/chart-07-7278aea0-bdd81ca7.png,OEBPS/images/chart-07-7278aea0-bdd81ca7.png,true,图7：限额以上餐饮服务业收入增速（%）,7,图7：限额以上餐饮服务业收入增速（%）,数据来源：Wind，安信证券
047,潮起潮落,8,OEBPS/text/article-047-analysis-2013-07-12-drn2d1.xhtml,../images/chart-08-bdb129fe-0d85635e.png,OEBPS/images/chart-08-bdb129fe-0d85635e.png,true,图8：住宿餐饮业产出增速（%）,8,图8：住宿餐饮业产出增速（%）,数据来源：Wind，安信证券
047,潮起潮落,9,OEBPS/text/article-047-analysis-2013-07-12-drn2d1.xhtml,../images/chart-09-359e3b27-fa9a208e.png,OEBPS/images/chart-09-359e3b27-fa9a208e.png,true,图9：批发零售业业产出增速（%）,9,图9：批发零售业业产出增速（%）,数据来源：Wind，安信证券
047,潮起潮落,10,OEBPS/text/article-047-analysis-2013-07-12-drn2d1.xhtml,../images/chart-10-a8db20e5-740a477f.png,OEBPS/images/chart-10-a8db20e5-740a477f.png,true,图10：原煤产量增速（%）,10,图10：原煤产量增速（%）,数据来源：Wind，安信证券
047,潮起潮落,11,OEBPS/text/article-047-analysis-2013-07-12-drn2d1.xhtml,../images/chart-11-f45d9fc2-a1d90f6c.png,OEBPS/images/chart-11-f45d9fc2-a1d90f6c.png,true,图11：铁矿石产量增速（%）,11,图11：铁矿石产量增速（%）,数据来源：Wind，安信证券
047,潮起潮落,12,OEBPS/text/article-047-analysis-2013-07-12-drn2d1.xhtml,../images/chart-12-21737715-2102c1ce.png,OEBPS/images/chart-12-21737715-2102c1ce.png,true,图12：煤炭净进口占消费量的比例（%）,12,图12：煤炭净进口占消费量的比例（%）,数据来源：CEIC，安信证券
047,潮起潮落,13,OEBPS/text/article-047-analysis-2013-07-12-drn2d1.xhtml,../images/chart-13-9994b4a2-8d1f3cc9.png,OEBPS/images/chart-13-9994b4a2-8d1f3cc9.png,true,图13：煤炭开采和洗选业利润增速（%）,13,图13：煤炭开采和洗选业利润增速（%）,数据来源：Wind，安信证券
047,潮起潮落,14,OEBPS/text/article-047-analysis-2013-07-12-drn2d1.xhtml,../images/chart-14-8765cdb8-b54f30b9.png,OEBPS/images/chart-14-8765cdb8-b54f30b9.png,true,图14：煤炭开采和洗选业投资增速（%）,14,图14：煤炭开采和洗选业投资增速（%）,数据来源：Wind，安信证券
047,潮起潮落,15,OEBPS/text/article-047-analysis-2013-07-12-drn2d1.xhtml,../images/chart-15-c969514b-29268e58.png,OEBPS/images/chart-15-c969514b-29268e58.png,true,图15：中美工业品价格波动（%）,15,图15：中美工业品价格波动（%）,数据来源：Wind，安信证券
047,潮起潮落,16,OEBPS/text/article-047-analysis-2013-07-12-drn2d1.xhtml,../images/chart-16-af0c5aa5-dbe5952b.png,OEBPS/images/chart-16-af0c5aa5-dbe5952b.png,true,图16：中国出口波动（MA3，%）,16,图16：中国出口波动（MA3，%）,数据来源：Wind，安信证券
047,潮起潮落,17,OEBPS/text/article-047-analysis-2013-07-12-drn2d1.xhtml,../images/chart-17-f9f47097-449aadac.png,OEBPS/images/chart-17-f9f47097-449aadac.png,true,图17：贸易盈余表现（亿美元）,17,图17：贸易盈余表现（亿美元）,数据来源：Wind，安信证券
047,潮起潮落,18,OEBPS/text/article-047-analysis-2013-07-12-drn2d1.xhtml,../images/chart-18-1fc648e6-3c90aee8.png,OEBPS/images/chart-18-1fc648e6-3c90aee8.png,true,图18：OECD 工业环比（MA3，%）,18,图18：OECD 工业环比（MA3，%）,数据来源：Wind，安信证券
047,潮起潮落,19,OEBPS/text/article-047-analysis-2013-07-12-drn2d1.xhtml,../images/chart-19-3ff4a8df-a3194958.png,OEBPS/images/chart-19-3ff4a8df-a3194958.png,true,图19：新兴经济体工业环比（MA3，%）,19,图19：新兴经济体工业环比（MA3，%）,数据来源：CPB，安信证券
047,潮起潮落,20,OEBPS/text/article-047-analysis-2013-07-12-drn2d1.xhtml,../images/chart-20-a7a28234-b4644969.png,OEBPS/images/chart-20-a7a28234-b4644969.png,true,图20：OECD 工业产出（MA3，%）,20,图20：OECD 工业产出（MA3，%）,数据来源：Wind，安信证券
047,潮起潮落,21,OEBPS/text/article-047-analysis-2013-07-12-drn2d1.xhtml,../images/chart-21-4bdec2de-c451ea20.png,OEBPS/images/chart-21-4bdec2de-c451ea20.png,true,图21：新兴经济体工业产出（MA3，%）,21,图21：新兴经济体工业产出（MA3，%）,数据来源：CPB，安信证券 数据说明：数据来源与OECD工业产出不同，需留意可比性。
047,潮起潮落,22,OEBPS/text/article-047-analysis-2013-07-12-drn2d1.xhtml,../images/chart-22-a0cbf509-6c2b359e.png,OEBPS/images/chart-22-a0cbf509-6c2b359e.png,true,图22：发达经济体与新兴经济体的比较（MA3，%）,22,图22：发达经济体与新兴经济体的比较（MA3，%）,数据来源：CPB，安信证券
047,潮起潮落,23,OEBPS/text/article-047-analysis-2013-07-12-drn2d1.xhtml,../images/chart-23-85c805c3-e54d3941.png,OEBPS/images/chart-23-85c805c3-e54d3941.png,true,图23：PPI 环比（%）,23,图23：PPI 环比（%）,数据来源：Wind，安信证券
047,潮起潮落,24,OEBPS/text/article-047-analysis-2013-07-12-drn2d1.xhtml,../images/chart-24-6f3c1225-d67248d2.png,OEBPS/images/chart-24-6f3c1225-d67248d2.png,true,图24：新兴市场的汇率、股指和债券OAS,24,图24：新兴市场的汇率、股指和债券OAS,数据来源：Bloomberg，安信证券
047,潮起潮落,25,OEBPS/text/article-047-analysis-2013-07-12-drn2d1.xhtml,../images/chart-25-606921b2-a857d17e.png,OEBPS/images/chart-25-606921b2-a857d17e.png,true,图25：非金融A 股ROE,25,图25：非金融A 股ROE,数据来源：Wind，安信证券
047,潮起潮落,26,OEBPS/text/article-047-analysis-2013-07-12-drn2d1.xhtml,../images/chart-26-e4357e35-b0e44e62.png,OEBPS/images/chart-26-e4357e35-b0e44e62.png,true,图26：制造业投资增速（%）,26,图26：制造业投资增速（%）,数据来源：Wind，安信证券
047,潮起潮落,27,OEBPS/text/article-047-analysis-2013-07-12-drn2d1.xhtml,../images/chart-27-4610d139-dac29a21.png,OEBPS/images/chart-27-4610d139-dac29a21.png,true,图27：欧洲同业拆借利差（%）,27,图27：欧洲同业拆借利差（%）,数据来源：Wind，安信证券 数据说明：3个月伦敦欧元拆借利率和3个月欧洲公债收益率的差
047,潮起潮落,28,OEBPS/text/article-047-analysis-2013-07-12-drn2d1.xhtml,../images/chart-28-176b9c75-1570202b.png,OEBPS/images/chart-28-176b9c75-1570202b.png,true,图28：其他存款性公司国外净资产（十亿人民币）,28,图28：其他存款性公司国外净资产（十亿人民币）,数据来源：Wind，安信证券
047,潮起潮落,29,OEBPS/text/article-047-analysis-2013-07-12-drn2d1.xhtml,../images/chart-29-0f6594b4-14c8e610.png,OEBPS/images/chart-29-0f6594b4-14c8e610.png,true,图29：外汇占款投放（亿人民币）,29,图29：外汇占款投放（亿人民币）,数据来源：Wind，安信证券
047,潮起潮落,30,OEBPS/text/article-047-analysis-2013-07-12-drn2d1.xhtml,../images/chart-30-c952e8ec-7652db84.png,OEBPS/images/chart-30-c952e8ec-7652db84.png,true,图30：资本流入（亿人民币）,30,图30：资本流入（亿人民币）,数据来源：CEIC，安信证券 数据说明：资本流入=外汇占款变动-经常项变动-国际直接投资变动
047,潮起潮落,31,OEBPS/text/article-047-analysis-2013-07-12-drn2d1.xhtml,../images/chart-31-5aa14d55-4fc6de12.png,OEBPS/images/chart-31-5aa14d55-4fc6de12.png,true,图31：一年期NDF 市场人民币升值预期（%）,31,图31：一年期NDF 市场人民币升值预期（%）,数据来源：Wind，安信证券
047,潮起潮落,32,OEBPS/text/article-047-analysis-2013-07-12-drn2d1.xhtml,../images/chart-32-96d41e81-f8d80efd.png,OEBPS/images/chart-32-96d41e81-f8d80efd.png,true,图32：中国和十大新兴经济体兑美元汇率指数（2010 年1 月=100）,32,图32：中国和十大新兴经济体兑美元汇率指数（2010 年1 月=100）,数据来源：Wind，安信证券
047,潮起潮落,33,OEBPS/text/article-047-analysis-2013-07-12-drn2d1.xhtml,../images/chart-33-181a998c-8cff27b6.png,OEBPS/images/chart-33-181a998c-8cff27b6.png,true,图33：国债收益率（%，10 年期对应右轴）,33,图33：国债收益率（%，10 年期对应右轴）,数据来源：CEIC，安信证券
047,潮起潮落,34,OEBPS/text/article-047-analysis-2013-07-12-drn2d1.xhtml,../images/chart-34-3a95dc4c-fd0819b3.png,OEBPS/images/chart-34-3a95dc4c-fd0819b3.png,true,图34：银行间中短期票据收益率（%）,34,图34：银行间中短期票据收益率（%）,数据来源：CEIC，安信证券
047,潮起潮落,35,OEBPS/text/article-047-analysis-2013-07-12-drn2d1.xhtml,../images/chart-35-038b8a9d-e9603910.png,OEBPS/images/chart-35-038b8a9d-e9603910.png,true,图35：一般贷款加权利率与票据融资加权利率（右轴）（%）,35,图35：一般贷款加权利率与票据融资加权利率（右轴）（%）,数据来源：CEIC，安信证券
047,潮起潮落,36,OEBPS/text/article-047-analysis-2013-07-12-drn2d1.xhtml,../images/chart-36-8d480fa9-add9748e.png,OEBPS/images/chart-36-8d480fa9-add9748e.png,true,图36：贷款增速与社会融资规模增速（%）,36,图36：贷款增速与社会融资规模增速（%）,数据来源：CEIC，安信证券
051,小制度 大问题,1,OEBPS/text/article-051-commentary-2014-06-17-1s84v5m.xhtml,../images/chart-01-6ab1298d-f4915e06.png,OEBPS/images/chart-01-6ab1298d-f4915e06.png,true,图1：2003年以来的外汇占款余额同比增速（%）,1,图1：2003年以来的外汇占款余额同比增速（%）,数据来源：CEIC，安信证券 2008年以后，外汇占款余额同比增速显著放缓，这一趋势也许会长期持续。外汇占款投放减速意味着，商业银行开始更多地依赖发放贷款来派生形成一般存款，这会带来贷存比的波动上升，并最终触及监管红线。
051,小制度 大问题,2,OEBPS/text/article-051-commentary-2014-06-17-1s84v5m.xhtml,../images/chart-02-f3765ae5-b8ed8a7c.png,OEBPS/images/chart-02-f3765ae5-b8ed8a7c.png,true,图2：3个月、6个月保本理财产品与同期限银行定存利差（%）,2,图2：3个月、6个月保本理财产品与同期限银行定存利差（%）,数据来源：Wind，安信证券 如果影子银行体系的快速发展和利率的广泛上升，主要来源于利率自由化进程的加快，那么理论上，假定其他因素不变，影子银行等利率自由化体系的扩张，会使得整个金融体系利率受抑制的程度减轻，表现为影子体系的产品利率与管制体系的产品利率之间利差的缩小。然而事实并非如此。2010年以后，保本理财产品利率（市场化定价）与同期限的银行定期存款利率（管制定价）之间的差明显放大。下图中，61个月期大额协议存款利率（市场化定价）与5年期银行定期存款利率（管制定价）之间的差也明显放大。
051,小制度 大问题,3,OEBPS/text/article-051-commentary-2014-06-17-1s84v5m.xhtml,../images/chart-03-7878aebf-47ceeed0.png,OEBPS/images/chart-03-7878aebf-47ceeed0.png,true,图3：61个月大额协议存款与同期限银行定存利差（%）,3,图3：61个月大额协议存款与同期限银行定存利差（%）,数据来源：Wind，安信证券
051,小制度 大问题,4,OEBPS/text/article-051-commentary-2014-06-17-1s84v5m.xhtml,../images/chart-04-5c59419f-79ddd6bc.png,OEBPS/images/chart-04-5c59419f-79ddd6bc.png,true,图4：银行间债券收益率（%）,4,图4：银行间债券收益率（%）,数据来源：CEIC，安信证券 2010年以后，银行间债券平均收益率较之前几年抬升，图中以1年期和10年期银行间固定利率国债为例。2010年以后，保本理财产品利率以及大额协议存款利率的上升，也是非常明显的。这暗示，严格的贷款额度管控，无疑在商业银行表外业务和影子银行体系的发展中起到作用，但也许并不是最为关键的因素。
052,汇率贬值出其不意，股市维稳增添变数,1,OEBPS/text/article-052-analysis-2015-08-12-nxtdhp.xhtml,../images/chart-01-23f3119f-2b88807d.png,OEBPS/images/chart-01-23f3119f-2b88807d.png,true,图1：中国的境外美元主权债CDS 费率,1,图1：中国的境外美元主权债CDS 费率,数据来源：Wind，安信证券 数据说明：截至2015年8月11日。8月12日，中间价报6.3306
052,汇率贬值出其不意，股市维稳增添变数,2,OEBPS/text/article-052-analysis-2015-08-12-nxtdhp.xhtml,../images/chart-02-79c318eb-5390cc3f.png,OEBPS/images/chart-02-79c318eb-5390cc3f.png,true,图2：中国的境外美元主权债CDS 费率,2,图2：中国的境外美元主权债CDS 费率,数据来源：Wind，安信证券
052,汇率贬值出其不意，股市维稳增添变数,3,OEBPS/text/article-052-analysis-2015-08-12-nxtdhp.xhtml,../images/chart-03-23da1e0d-7fe054c8.png,OEBPS/images/chart-03-23da1e0d-7fe054c8.png,true,图3：银行间10 年期国债到期收益率（%）,3,图3：银行间10 年期国债到期收益率（%）,数据来源：Wind，安信证券
053,人民币汇率向何处去？,1,OEBPS/text/article-053-analysis-2015-10-23-1a7mblf.xhtml,../images/chart-01-3f24c87b-17406a28.png,OEBPS/images/chart-01-3f24c87b-17406a28.png,true,图1：2015 年8 月11 日-10 月23 日人民币汇率走势,1,图1：2015 年8 月11 日-10 月23 日人民币汇率走势,数据来源：Wind，安信证券
053,人民币汇率向何处去？,2,OEBPS/text/article-053-analysis-2015-10-23-1a7mblf.xhtml,../images/chart-02-c9dd48e4-d4ffd163.png,OEBPS/images/chart-02-c9dd48e4-d4ffd163.png,true,图2：2015 年8 月11 日-10 月23 日A 股走势,2,图2：2015 年8 月11 日-10 月23 日A 股走势,数据来源：Wind，安信证券
053,人民币汇率向何处去？,3,OEBPS/text/article-053-analysis-2015-10-23-1a7mblf.xhtml,../images/chart-03-dce4f071-a2e7cd79.png,OEBPS/images/chart-03-dce4f071-a2e7cd79.png,true,图3：2015 年8 月11 日-10 月23 日全球股市走势,3,图3：2015 年8 月11 日-10 月23 日全球股市走势,数据来源：Bloomberg，安信证券
053,人民币汇率向何处去？,4,OEBPS/text/article-053-analysis-2015-10-23-1a7mblf.xhtml,../images/chart-04-4bf90b0c-b69901c8.png,OEBPS/images/chart-04-4bf90b0c-b69901c8.png,true,图4：金融机构和中央银行新增外汇占款占GDP 比（%）,4,图4：金融机构和中央银行新增外汇占款占GDP 比（%）,数据来源：CEIC，安信证券
053,人民币汇率向何处去？,5,OEBPS/text/article-053-analysis-2015-10-23-1a7mblf.xhtml,../images/chart-05-88c1a5ff-b38518b8.png,OEBPS/images/chart-05-88c1a5ff-b38518b8.png,true,图5：经常账户与商品贸易顺差占GDP 比（%）,5,图5：经常账户与商品贸易顺差占GDP 比（%）,数据来源：CEIC，安信证券
053,人民币汇率向何处去？,6,OEBPS/text/article-053-analysis-2015-10-23-1a7mblf.xhtml,../images/chart-06-1c05f0b4-73eb7a88.png,OEBPS/images/chart-06-1c05f0b4-73eb7a88.png,true,图6：2014 年经常项目细分情况（%）,6,图6：2014 年经常项目细分情况（%）,数据来源：Wind，安信证券 2014年，经常项目顺差2197亿，货物贸易顺差4760亿，两者差异高达2563亿，差异主要来源包括：（1）服务贸易逆差1920亿。（2）收益项逆差341亿（3）经常项目转移逆差302亿。
053,人民币汇率向何处去？,7,OEBPS/text/article-053-analysis-2015-10-23-1a7mblf.xhtml,../images/chart-07-eb598cc8-5c26900d.png,OEBPS/images/chart-07-eb598cc8-5c26900d.png,true,图7：商务部口径：FDI 与ODI 占GDP 比（%）,7,图7：商务部口径：FDI 与ODI 占GDP 比（%）,数据来源：CEIC，安信证券
053,人民币汇率向何处去？,8,OEBPS/text/article-053-analysis-2015-10-23-1a7mblf.xhtml,../images/chart-08-256ab3ad-58ea8b3c.png,OEBPS/images/chart-08-256ab3ad-58ea8b3c.png,true,图8：国际收支平衡表口径：FDI 与ODI 占GDP 比（%）,8,图8：国际收支平衡表口径：FDI 与ODI 占GDP 比（%）,数据来源：CEIC，安信证券 数据说明：来源于国际收支平衡表。本口径与商务部公布的数据主要差异在于，国际收支统计的FDI还包括了外商投资企业的未分配利润、已分配未汇出利润、盈余公积、股东贷款、金融机构吸收外资、非居民购买不动产等内容。 ODI类似。
053,人民币汇率向何处去？,9,OEBPS/text/article-053-analysis-2015-10-23-1a7mblf.xhtml,../images/chart-09-5bb8c5a9-d3f03741.png,OEBPS/images/chart-09-5bb8c5a9-d3f03741.png,true,图9：美元指数,9,图9：美元指数,数据来源：Bloomberg，安信证券
053,人民币汇率向何处去？,10,OEBPS/text/article-053-analysis-2015-10-23-1a7mblf.xhtml,../images/chart-10-20b9e65c-be4023a6.png,OEBPS/images/chart-10-20b9e65c-be4023a6.png,true,图10：2014 年各国货物进出口总额（万亿美元）,10,图10：2014 年各国货物进出口总额（万亿美元）,数据来源：世界银行，安信证券
053,人民币汇率向何处去？,11,OEBPS/text/article-053-analysis-2015-10-23-1a7mblf.xhtml,../images/chart-11-a7440724-0ef90895.png,OEBPS/images/chart-11-a7440724-0ef90895.png,true,图11：2014 年各国服务进出口总额（万亿美元）,11,图11：2014 年各国服务进出口总额（万亿美元）,数据来源：世界银行，安信证券
053,人民币汇率向何处去？,12,OEBPS/text/article-053-analysis-2015-10-23-1a7mblf.xhtml,../images/chart-12-067233ca-10de3d36.png,OEBPS/images/chart-12-067233ca-10de3d36.png,true,图12：2014 年各国货物和服务进出口总额（万亿美元）,12,图12：2014 年各国货物和服务进出口总额（万亿美元）,数据来源：世界银行，安信证券
053,人民币汇率向何处去？,13,OEBPS/text/article-053-analysis-2015-10-23-1a7mblf.xhtml,../images/chart-13-6c44174c-ce6cfd09.png,OEBPS/images/chart-13-6c44174c-ce6cfd09.png,true,图13：制造业增加值（亿美元）,13,图13：制造业增加值（亿美元）,数据来源：OECD，wind，安信证券
053,人民币汇率向何处去？,14,OEBPS/text/article-053-analysis-2015-10-23-1a7mblf.xhtml,../images/chart-14-48133b7d-accb800f.png,OEBPS/images/chart-14-48133b7d-accb800f.png,true,图14：制造业增加值，PPP 衡量2005 年不变价（亿国际元）,14,图14：制造业增加值，PPP 衡量2005 年不变价（亿国际元）,数据来源：OECD，wind，安信证券
054,含章可贞,1,OEBPS/text/article-054-analysis-2015-12-16-9ey7c3.xhtml,../images/chart-01-cb3daee5-9de67b3e.png,OEBPS/images/chart-01-cb3daee5-9de67b3e.png,true,图1：农民工工资及增速（元/天，%）,1,图1：农民工工资及增速（元/天，%）,数据来源：Wind，CEIC，安信证券 说明：红色实线为2003-2014年农民工工资，数据来源于国家统计局农村调查及《全国农民工监测调查报告》；红色虚线为1990-2009年的农民种粮机会成本，其趋势变化可作为对农民工工资的一个衡量。蓝色实线为2004-2014年农民工工资名义增速，年均增速为15%；蓝色虚线为对1991-2003年农民工工资平均增速的一个估计，假定等于期间年均通货膨胀率5.5%。
054,含章可贞,2,OEBPS/text/article-054-analysis-2015-12-16-9ey7c3.xhtml,../images/chart-02-00610a1b-0dc348b0.png,OEBPS/images/chart-02-00610a1b-0dc348b0.png,true,图2：衣着加工服务费同比（%）,2,图2：衣着加工服务费同比（%）,数据来源：Wind，安信证券
054,含章可贞,3,OEBPS/text/article-054-analysis-2015-12-16-9ey7c3.xhtml,../images/chart-03-b5871571-56078e31.png,OEBPS/images/chart-03-b5871571-56078e31.png,true,图3：家庭服务与加工维修服务同比（%）,3,图3：家庭服务与加工维修服务同比（%）,数据来源：Wind，安信证券
054,含章可贞,4,OEBPS/text/article-054-analysis-2015-12-16-9ey7c3.xhtml,../images/chart-04-ea352fe7-09b83840.png,OEBPS/images/chart-04-ea352fe7-09b83840.png,true,图4：个人服务同比（%）,4,图4：个人服务同比（%）,数据来源：Wind，安信证券
054,含章可贞,5,OEBPS/text/article-054-analysis-2015-12-16-9ey7c3.xhtml,../images/chart-05-c1d8fe44-23caae60.png,OEBPS/images/chart-05-c1d8fe44-23caae60.png,true,图5：车辆使用与维修服务同比（%）,5,图5：车辆使用与维修服务同比（%）,数据来源：Wind，安信证券
054,含章可贞,6,OEBPS/text/article-054-analysis-2015-12-16-9ey7c3.xhtml,../images/chart-06-30ae6d81-0af21424.png,OEBPS/images/chart-06-30ae6d81-0af21424.png,true,图6：中国全口径外债余额（亿元，%）,6,图6：中国全口径外债余额（亿元，%）,数据来源：外管局，安信证券 数据说明：2004-2009年，全口径外债存量余额复合同比15.8%，2010-2014年符合同比26.2%。
054,含章可贞,7,OEBPS/text/article-054-analysis-2015-12-16-9ey7c3.xhtml,../images/chart-07-04cddcf7-7f796c94.png,OEBPS/images/chart-07-04cddcf7-7f796c94.png,true,图7：BIS 外债统计：中国国债券余额及同比（按发行人国别区分）,7,图7：BIS 外债统计：中国国债券余额及同比（按发行人国别区分）,数据来源：BIS，安信证券
054,含章可贞,8,OEBPS/text/article-054-analysis-2015-12-16-9ey7c3.xhtml,../images/chart-08-b9f835fd-eb7f4a75.png,OEBPS/images/chart-08-b9f835fd-eb7f4a75.png,true,图8：城镇单位分行业职工平均工资（元/年）,8,图8：城镇单位分行业职工平均工资（元/年）,数据来源：CEIC，安信证券 2014年，88%的农民工分布在制造（31.3%）、建筑（22.3%）、批零（11.4%）、居民服务（10.2%）、交运仓储邮政（6.5%）、住宿餐饮（6%）等行业。这些行业在上图中特意标出。
054,含章可贞,9,OEBPS/text/article-054-analysis-2015-12-16-9ey7c3.xhtml,../images/chart-09-5c27ab6f-d9cada6d.png,OEBPS/images/chart-09-5c27ab6f-d9cada6d.png,true,图9：农民工主要就业行业年工资（元/年）,9,图9：农民工主要就业行业年工资（元/年）,数据来源：wind，安信证券
054,含章可贞,10,OEBPS/text/article-054-analysis-2015-12-16-9ey7c3.xhtml,../images/chart-10-52edaa1e-c636da32.png,OEBPS/images/chart-10-52edaa1e-c636da32.png,true,图10：国际农产品指数和原油价格,10,图10：国际农产品指数和原油价格,数据来源：wind，安信证券 注：对数坐标轴
054,含章可贞,11,OEBPS/text/article-054-analysis-2015-12-16-9ey7c3.xhtml,../images/chart-11-ed24fd26-3a4a5792.png,OEBPS/images/chart-11-ed24fd26-3a4a5792.png,true,图11：小麦价格国内外比较（元/吨）,11,图11：小麦价格国内外比较（元/吨）,数据来源：wind，安信证券
054,含章可贞,12,OEBPS/text/article-054-analysis-2015-12-16-9ey7c3.xhtml,../images/chart-12-80826109-b0a0c3d7.png,OEBPS/images/chart-12-80826109-b0a0c3d7.png,true,图12：大米国内外比较（元/吨）,12,图12：大米国内外比较（元/吨）,数据来源：wind，安信证券
054,含章可贞,13,OEBPS/text/article-054-analysis-2015-12-16-9ey7c3.xhtml,../images/chart-13-a2a9de3b-41a14ffa.png,OEBPS/images/chart-13-a2a9de3b-41a14ffa.png,true,图13：玉米国内外比较（元/吨）,13,图13：玉米国内外比较（元/吨）,数据来源：wind，安信证券
054,含章可贞,14,OEBPS/text/article-054-analysis-2015-12-16-9ey7c3.xhtml,../images/chart-14-61bb783d-1e1d77a6.png,OEBPS/images/chart-14-61bb783d-1e1d77a6.png,true,图14：经常账户与商品贸易顺差占GDP 比（%）,14,图14：经常账户与商品贸易顺差占GDP 比（%）,数据来源：wind，安信证券
054,含章可贞,15,OEBPS/text/article-054-analysis-2015-12-16-9ey7c3.xhtml,../images/chart-15-321b0945-73eb7a88.png,OEBPS/images/chart-15-321b0945-73eb7a88.png,true,图15：2014 年经常项目细项顺差（亿美元）,15,图15：2014 年经常项目细项顺差（亿美元）,数据来源：wind，安信证券
054,含章可贞,16,OEBPS/text/article-054-analysis-2015-12-16-9ey7c3.xhtml,../images/chart-16-8664ab36-fffc8ada.png,OEBPS/images/chart-16-8664ab36-fffc8ada.png,true,图16：商务部：FDI、ODI 占GDP 比（%）,16,图16：商务部：FDI、ODI 占GDP 比（%）,数据来源：wind，安信证券
054,含章可贞,17,OEBPS/text/article-054-analysis-2015-12-16-9ey7c3.xhtml,../images/chart-17-ea74bddd-58ea8b3c.png,OEBPS/images/chart-17-ea74bddd-58ea8b3c.png,true,图17：国际收支平衡表：FDI、ODI 占GDP 比（%）,17,图17：国际收支平衡表：FDI、ODI 占GDP 比（%）,数据来源：外管局，安信证券 说明：来源于国际收支平衡表。本口径与商务部公布的数据主要差异在于，国际收支统计中还包括了外商投资企业的未分配利润、已分配未汇出利润、盈余公积、股东贷款、金融机构吸收外资、非居民购买不动产等内容。
054,含章可贞,18,OEBPS/text/article-054-analysis-2015-12-16-9ey7c3.xhtml,../images/chart-18-3f6ffecd-8bbaa1fa.png,OEBPS/images/chart-18-3f6ffecd-8bbaa1fa.png,true,图18：国际收支基础差额占GDP 比（%）,18,图18：国际收支基础差额占GDP 比（%）,数据来源：外管局，安信证券
054,含章可贞,19,OEBPS/text/article-054-analysis-2015-12-16-9ey7c3.xhtml,../images/chart-19-df60b679-895ba296.png,OEBPS/images/chart-19-df60b679-895ba296.png,true,图19：证券投资与其他投资差额之和占GDP 比（%）,19,图19：证券投资与其他投资差额之和占GDP 比（%）,数据来源：wind，安信证券
054,含章可贞,20,OEBPS/text/article-054-analysis-2015-12-16-9ey7c3.xhtml,../images/chart-20-b4f1328f-d499ca48.png,OEBPS/images/chart-20-b4f1328f-d499ca48.png,true,图20：外汇占款口径资本流入占GDP 比（%）,20,图20：外汇占款口径资本流入占GDP 比（%）,数据来源：wind，安信证券
054,含章可贞,21,OEBPS/text/article-054-analysis-2015-12-16-9ey7c3.xhtml,../images/chart-21-7b18e1f5-3c070dec.png,OEBPS/images/chart-21-7b18e1f5-3c070dec.png,true,图21：NDF 市场人民币一年内升值预期（%）,21,图21：NDF 市场人民币一年内升值预期（%）,数据来源：wind，安信证券
054,含章可贞,22,OEBPS/text/article-054-analysis-2015-12-16-9ey7c3.xhtml,../images/chart-22-0705aa0a-2e77d55c.png,OEBPS/images/chart-22-0705aa0a-2e77d55c.png,true,图22：对华出口占总出口比与汇率调整幅度散点图,22,图22：对华出口占总出口比与汇率调整幅度散点图,数据来源：wind，安信证券
054,含章可贞,23,OEBPS/text/article-054-analysis-2015-12-16-9ey7c3.xhtml,../images/chart-23-fee41cf9-bf52bbbb.png,OEBPS/images/chart-23-fee41cf9-bf52bbbb.png,true,图23：中国潜在GDP 增速，%,23,图23：中国潜在GDP 增速，%,数据来源：安信证券
054,含章可贞,24,OEBPS/text/article-054-analysis-2015-12-16-9ey7c3.xhtml,../images/chart-24-2cd8d9e0-d7d835be.png,OEBPS/images/chart-24-2cd8d9e0-d7d835be.png,true,图24：制造业增加值/服务业增加值的国际经验,24,图24：制造业增加值/服务业增加值的国际经验,"数据来源：Herrendorf etl, “Growth and structural transformation”，安信证券"
054,含章可贞,25,OEBPS/text/article-054-analysis-2015-12-16-9ey7c3.xhtml,../images/chart-25-d2861b17-dabe100e.png,OEBPS/images/chart-25-d2861b17-dabe100e.png,true,图25：中国第三产业占GDP 比重,25,图25：中国第三产业占GDP 比重,数据来源：OECD，wind，安信证券
054,含章可贞,26,OEBPS/text/article-054-analysis-2015-12-16-9ey7c3.xhtml,../images/chart-26-306ef76e-5b2367c2.png,OEBPS/images/chart-26-306ef76e-5b2367c2.png,true,图26：中国和高收入国家第三产业行业占GDP 比重,26,图26：中国和高收入国家第三产业行业占GDP 比重,数据来源：OECD，wind，安信证券
054,含章可贞,27,OEBPS/text/article-054-analysis-2015-12-16-9ey7c3.xhtml,../images/chart-27-d6b56ade-abca95a4.png,OEBPS/images/chart-27-d6b56ade-abca95a4.png,true,图27：较发达国家占比差异较大的行业,27,图27：较发达国家占比差异较大的行业,数据来源：OECD，wind，安信证券
054,含章可贞,28,OEBPS/text/article-054-analysis-2015-12-16-9ey7c3.xhtml,../images/chart-28-e60563b6-2dee3392.png,OEBPS/images/chart-28-e60563b6-2dee3392.png,true,图28：第三产业中“其他行业”增速，%,28,图28：第三产业中“其他行业”增速，%,数据来源：wind，安信证券
054,含章可贞,29,OEBPS/text/article-054-analysis-2015-12-16-9ey7c3.xhtml,../images/chart-29-1ca1fb7d-4880c4f0.png,OEBPS/images/chart-29-1ca1fb7d-4880c4f0.png,true,图29：“其他行业”中细分行业占第三产业比重,29,图29：“其他行业”中细分行业占第三产业比重,数据来源：wind，安信证券
054,含章可贞,30,OEBPS/text/article-054-analysis-2015-12-16-9ey7c3.xhtml,../images/chart-30-58103ba2-92859e09.png,OEBPS/images/chart-30-58103ba2-92859e09.png,true,图30：废弃资源综合利用业增速，%,30,图30：废弃资源综合利用业增速，%,数据来源：wind，安信证券
054,含章可贞,31,OEBPS/text/article-054-analysis-2015-12-16-9ey7c3.xhtml,../images/chart-31-d4bb162c-1538a170.png,OEBPS/images/chart-31-d4bb162c-1538a170.png,true,图31：计算机、通信和电子设备制造业增速，%%,31,图31：计算机、通信和电子设备制造业增速，%%,数据来源：wind，安信证券
054,含章可贞,32,OEBPS/text/article-054-analysis-2015-12-16-9ey7c3.xhtml,../images/chart-32-79dedf0b-bf5b7884.png,OEBPS/images/chart-32-79dedf0b-bf5b7884.png,true,图32：工业增加值同比增速，%,32,图32：工业增加值同比增速，%,数据来源：Wind，安信证券
054,含章可贞,33,OEBPS/text/article-054-analysis-2015-12-16-9ey7c3.xhtml,../images/chart-33-1b83f77f-53114ff6.png,OEBPS/images/chart-33-1b83f77f-53114ff6.png,true,图33：广义财政支出,33,图33：广义财政支出,数据来源：Wind，安信证券 广义财政支出=公共财政支出+政府性基金支出+地方政府举债支出 数据剔除了转移支付和地方政府债务余额的利息支出
054,含章可贞,34,OEBPS/text/article-054-analysis-2015-12-16-9ey7c3.xhtml,../images/chart-34-5090fcd6-dbcb2be9.png,OEBPS/images/chart-34-5090fcd6-dbcb2be9.png,true,图34：发达经济体制造业PMI,34,图34：发达经济体制造业PMI,数据来源：Wind，安信证券
054,含章可贞,35,OEBPS/text/article-054-analysis-2015-12-16-9ey7c3.xhtml,../images/chart-35-5a0cad5d-7174e335.png,OEBPS/images/chart-35-5a0cad5d-7174e335.png,true,图35：中国进出口数量季度同比增速，%,35,图35：中国进出口数量季度同比增速，%,数据来源：Wind，安信证券
054,含章可贞,36,OEBPS/text/article-054-analysis-2015-12-16-9ey7c3.xhtml,../images/chart-36-595860b5-ec55d8fd.png,OEBPS/images/chart-36-595860b5-ec55d8fd.png,true,图36：OECD 综合领先指标,36,图36：OECD 综合领先指标,数据来源：Wind，安信证券
054,含章可贞,37,OEBPS/text/article-054-analysis-2015-12-16-9ey7c3.xhtml,../images/chart-37-ac0965d5-f9489422.png,OEBPS/images/chart-37-ac0965d5-f9489422.png,true,图37：上市房地产企业销售利润率,37,图37：上市房地产企业销售利润率,数据来源：Wind，安信证券
054,含章可贞,38,OEBPS/text/article-054-analysis-2015-12-16-9ey7c3.xhtml,../images/chart-38-f4addbfd-972e4333.png,OEBPS/images/chart-38-f4addbfd-972e4333.png,true,图38：商品房销售面积当季同比增速，%,38,图38：商品房销售面积当季同比增速，%,数据来源：Wind，安信证券
055,展望2016年中国经济可能面临的风险,1,OEBPS/text/article-055-analysis-2016-01-23-cf40-2217.xhtml,../images/1fzfwi1-001_f7bb6886a1-8f61555a-11a64d55.jpg,OEBPS/images/1fzfwi1-001_f7bb6886a1-8f61555a-11a64d55.jpg,true,图1 中国出口量实际同比，%,,,
055,展望2016年中国经济可能面临的风险,2,OEBPS/text/article-055-analysis-2016-01-23-cf40-2217.xhtml,../images/1ycrczd-002_d5acbb4566-890ebdb8-cd670bd2.jpg,OEBPS/images/1ycrczd-002_d5acbb4566-890ebdb8-cd670bd2.jpg,true,图2 全球出口实际增速，%,,,
055,展望2016年中国经济可能面临的风险,3,OEBPS/text/article-055-analysis-2016-01-23-cf40-2217.xhtml,../images/6h89wd-003_bd6f65d3a4-3c666e92-69beb763.jpg,OEBPS/images/6h89wd-003_bd6f65d3a4-3c666e92-69beb763.jpg,true,图3 中国和全球出口量增速，%,,,
055,展望2016年中国经济可能面临的风险,4,OEBPS/text/article-055-analysis-2016-01-23-cf40-2217.xhtml,../images/qo1xfz-004_70375ff774-ed8496be-e9d0d6b1.jpg,OEBPS/images/qo1xfz-004_70375ff774-ed8496be-e9d0d6b1.jpg,true,图4 对华进口变化和人民币汇率,,,
055,展望2016年中国经济可能面临的风险,5,OEBPS/text/article-055-analysis-2016-01-23-cf40-2217.xhtml,../images/1f5sri7-005_dd981885f0-769efce1-83e7a387.jpg,OEBPS/images/1f5sri7-005_dd981885f0-769efce1-83e7a387.jpg,true,图5 广义财政支出同比,,,
055,展望2016年中国经济可能面临的风险,6,OEBPS/text/article-055-analysis-2016-01-23-cf40-2217.xhtml,../images/e26sfq-006_8ba1809d35-0cdded74-bad07fc6.jpg,OEBPS/images/e26sfq-006_8ba1809d35-0cdded74-bad07fc6.jpg,true,图6 一般公共财政支出和其他支出同比,,,
055,展望2016年中国经济可能面临的风险,7,OEBPS/text/article-055-analysis-2016-01-23-cf40-2217.xhtml,../images/13hziug-007_91fc8bafd2-0091e63d-0e7e6464.jpg,OEBPS/images/13hziug-007_91fc8bafd2-0091e63d-0e7e6464.jpg,true,图7 上市房地产企业存货水平,,,
055,展望2016年中国经济可能面临的风险,8,OEBPS/text/article-055-analysis-2016-01-23-cf40-2217.xhtml,../images/8t9jc1-008_17f2165c65-331ae0ef-97950f2c.jpg,OEBPS/images/8t9jc1-008_17f2165c65-331ae0ef-97950f2c.jpg,true,图8 新开工与销售面积之差,,,
055,展望2016年中国经济可能面临的风险,9,OEBPS/text/article-055-analysis-2016-01-23-cf40-2217.xhtml,../images/2yno20-009_00c913b736-ef480e45-11e87577.jpg,OEBPS/images/2yno20-009_00c913b736-ef480e45-11e87577.jpg,true,图9 房地产存货水平,,,
056,货币剪刀差背后的秘密,1,OEBPS/text/article-056-analysis-2016-08-11-1xw3jws.xhtml,../images/chart-01-c84f4bde-fc38c811.png,OEBPS/images/chart-01-c84f4bde-fc38c811.png,true,图1：M1 同比增速劲升（%）,1,图1：M1 同比增速劲升（%）,数据来源：Wind，安信证券
056,货币剪刀差背后的秘密,2,OEBPS/text/article-056-analysis-2016-08-11-1xw3jws.xhtml,../images/chart-02-de843f0d-a7fa6e40.png,OEBPS/images/chart-02-de843f0d-a7fa6e40.png,true,图2：准货币细项（企事业单位定期存款、住户存款、其他存款）同比,2,图2：准货币细项（企事业单位定期存款、住户存款、其他存款）同比,数据来源：Wind，安信证券
056,货币剪刀差背后的秘密,3,OEBPS/text/article-056-analysis-2016-08-11-1xw3jws.xhtml,../images/chart-03-5ebc86fa-047201bc.png,OEBPS/images/chart-03-5ebc86fa-047201bc.png,true,图3：M1 与M2 增速的背离,3,图3：M1 与M2 增速的背离,数据来源：Wind，安信证券
056,货币剪刀差背后的秘密,4,OEBPS/text/article-056-analysis-2016-08-11-1xw3jws.xhtml,../images/chart-04-812ca653-e106d7e8.png,OEBPS/images/chart-04-812ca653-e106d7e8.png,true,图4：企业活期存款和居民活期存款同步增长,4,图4：企业活期存款和居民活期存款同步增长,数据来源：Wind，安信证券
056,货币剪刀差背后的秘密,5,OEBPS/text/article-056-analysis-2016-08-11-1xw3jws.xhtml,../images/chart-05-f8a35d65-bb1bd055.png,OEBPS/images/chart-05-f8a35d65-bb1bd055.png,true,图5：M1 同比与GDP 名义同比（%）,5,图5：M1 同比与GDP 名义同比（%）,数据来源：Wind，安信证券
056,货币剪刀差背后的秘密,6,OEBPS/text/article-056-analysis-2016-08-11-1xw3jws.xhtml,../images/chart-06-31dbfa8e-0b966a41.png,OEBPS/images/chart-06-31dbfa8e-0b966a41.png,true,图6：证券市场交易结算资金余额,6,图6：证券市场交易结算资金余额,数据来源：Wind，安信证券
056,货币剪刀差背后的秘密,7,OEBPS/text/article-056-analysis-2016-08-11-1xw3jws.xhtml,../images/chart-07-179ab5d6-1a0dd52b.png,OEBPS/images/chart-07-179ab5d6-1a0dd52b.png,true,图7：商品房销售额当季同比（%）,7,图7：商品房销售额当季同比（%）,数据来源：Wind，安信证券
056,货币剪刀差背后的秘密,8,OEBPS/text/article-056-analysis-2016-08-11-1xw3jws.xhtml,../images/chart-08-91c503fd-5379885d.png,OEBPS/images/chart-08-91c503fd-5379885d.png,true,图8：银行定期（3 个月）与活期存款利率差（%）,8,图8：银行定期（3 个月）与活期存款利率差（%）,数据来源：Wind，安信证券
056,货币剪刀差背后的秘密,9,OEBPS/text/article-056-analysis-2016-08-11-1xw3jws.xhtml,../images/chart-09-0eff1b25-22d8c5d6.png,OEBPS/images/chart-09-0eff1b25-22d8c5d6.png,true,图9：理财预期收益率与定存利率的差（%）,9,图9：理财预期收益率与定存利率的差（%）,数据来源：Wind，安信证券
056,货币剪刀差背后的秘密,10,OEBPS/text/article-056-analysis-2016-08-11-1xw3jws.xhtml,../images/chart-10-3ca6e3d5-f0c5453f.png,OEBPS/images/chart-10-3ca6e3d5-f0c5453f.png,true,图10：银行理财产品余额及同比增速,10,图10：银行理财产品余额及同比增速,数据来源：Wind，安信证券
056,货币剪刀差背后的秘密,11,OEBPS/text/article-056-analysis-2016-08-11-1xw3jws.xhtml,../images/chart-11-f4f8b426-83e07b2f.png,OEBPS/images/chart-11-f4f8b426-83e07b2f.png,true,图11：债券和公募基金份额,11,图11：债券和公募基金份额,数据来源：Wind，安信证券
056,货币剪刀差背后的秘密,12,OEBPS/text/article-056-analysis-2016-08-11-1xw3jws.xhtml,../images/chart-12-405c0da7-c732f7b4.png,OEBPS/images/chart-12-405c0da7-c732f7b4.png,true,图12：资本流入占名义GDP 的比重（%）,12,图12：资本流入占名义GDP 的比重（%）,数据来源：Wind，安信证券 数据说明：此处资本流入=央行外汇占款变化-经常账顺差-直接投资顺差
060,金融去杠杆对实体经济的冲击,1,OEBPS/text/article-060-analysis-2017-07-29-cf40-2593.xhtml,../images/31bubb-001_c1ab40a6b4-8e70c2f5-2741f6d3.jpg,OEBPS/images/31bubb-001_c1ab40a6b4-8e70c2f5-2741f6d3.jpg,true,图1 银行间质押式回购利率：7天（MA5）,,,
060,金融去杠杆对实体经济的冲击,2,OEBPS/text/article-060-analysis-2017-07-29-cf40-2593.xhtml,../images/16lwmww-002_b29bf9b503-70fe3333-7c413ab5.jpg,OEBPS/images/16lwmww-002_b29bf9b503-70fe3333-7c413ab5.jpg,true,图2 银行间债券到期收益率：国开债和AA+中票,,,
060,金融去杠杆对实体经济的冲击,3,OEBPS/text/article-060-analysis-2017-07-29-cf40-2593.xhtml,../images/rmlrsb-003_ea77c18c07-eb2e032e-09f021a2.jpg,OEBPS/images/rmlrsb-003_ea77c18c07-eb2e032e-09f021a2.jpg,true,图3 票据直贴利率（%）,,,
060,金融去杠杆对实体经济的冲击,4,OEBPS/text/article-060-analysis-2017-07-29-cf40-2593.xhtml,../images/1j469l0-004_c85b977733-7e18e3bb-6d74b5c3.jpg,OEBPS/images/1j469l0-004_c85b977733-7e18e3bb-6d74b5c3.jpg,true,图4 金融机构加权贷款利率（%）,,,
060,金融去杠杆对实体经济的冲击,5,OEBPS/text/article-060-analysis-2017-07-29-cf40-2593.xhtml,../images/1qsmu1d-005_e66f27a247-3c9f35e4-edac2ef8.jpg,OEBPS/images/1qsmu1d-005_e66f27a247-3c9f35e4-edac2ef8.jpg,true,图5 新增社融占GDP的比重,,,
060,金融去杠杆对实体经济的冲击,6,OEBPS/text/article-060-analysis-2017-07-29-cf40-2593.xhtml,../images/s6iyay-006_8e7a931817-a0d34cad-23b49b2e.jpg,OEBPS/images/s6iyay-006_8e7a931817-a0d34cad-23b49b2e.jpg,true,图6 社会融资规模余额同比（%）,,,
060,金融去杠杆对实体经济的冲击,7,OEBPS/text/article-060-analysis-2017-07-29-cf40-2593.xhtml,../images/npzq05-007_211a3e4d7b-923a17a9-017b7d6d.jpg,OEBPS/images/npzq05-007_211a3e4d7b-923a17a9-017b7d6d.jpg,true,图7 工业增加值当月同比（%）,,,
060,金融去杠杆对实体经济的冲击,8,OEBPS/text/article-060-analysis-2017-07-29-cf40-2593.xhtml,../images/1edzrwr-008_a154c67fa5-114e382f-ea59a5b0.jpg,OEBPS/images/1edzrwr-008_a154c67fa5-114e382f-ea59a5b0.jpg,true,图8 民间固定资产投资当季同比（%）,,,
060,金融去杠杆对实体经济的冲击,9,OEBPS/text/article-060-analysis-2017-07-29-cf40-2593.xhtml,../images/15p11yp-009_e5e13f3998-4605ac90-bc391d5a.jpg,OEBPS/images/15p11yp-009_e5e13f3998-4605ac90-bc391d5a.jpg,true,图9 实际进出口同比（%）,,,
060,金融去杠杆对实体经济的冲击,10,OEBPS/text/article-060-analysis-2017-07-29-cf40-2593.xhtml,../images/9poxt8-010_27649de3fe-476ae7d2-cb73ef73.jpg,OEBPS/images/9poxt8-010_27649de3fe-476ae7d2-cb73ef73.jpg,true,图10 钢材产量同比（%）,,,
060,金融去杠杆对实体经济的冲击,11,OEBPS/text/article-060-analysis-2017-07-29-cf40-2593.xhtml,../images/1u1qjlq-011_328a261da4-57688b93-9997f407.jpg,OEBPS/images/1u1qjlq-011_328a261da4-57688b93-9997f407.jpg,true,图11 水泥产量同比（%）,,,
060,金融去杠杆对实体经济的冲击,12,OEBPS/text/article-060-analysis-2017-07-29-cf40-2593.xhtml,../images/1535zqs-012_6ee6ff05a1-04a935d4-0779b399.jpg,OEBPS/images/1535zqs-012_6ee6ff05a1-04a935d4-0779b399.jpg,true,图12 房地产开发投资当季同比（%）,,,
060,金融去杠杆对实体经济的冲击,13,OEBPS/text/article-060-analysis-2017-07-29-cf40-2593.xhtml,../images/2agvf9-013_f2263b667c-1638e729-92605ff3.jpg,OEBPS/images/2agvf9-013_f2263b667c-1638e729-92605ff3.jpg,true,图13 基础设施建设类投资当季同比（%）,,,
060,金融去杠杆对实体经济的冲击,14,OEBPS/text/article-060-analysis-2017-07-29-cf40-2593.xhtml,../images/1ktdlnd-014_b08df65d2c-d4c37df1-9197e26c.jpg,OEBPS/images/1ktdlnd-014_b08df65d2c-d4c37df1-9197e26c.jpg,true,图14 公共财政支出与政府性基金支出同比（%）,,,
066,走向2035的中国经济,1,OEBPS/text/article-066-analysis-2021-02-10-cf40-3694.xhtml,../images/kqd0p1-001_b662ffd0dc-abb5c9e7-829d0213.jpg,OEBPS/images/kqd0p1-001_b662ffd0dc-abb5c9e7-829d0213.jpg,true,图1：转型中的实际GDP增速（%）,,,
066,走向2035的中国经济,2,OEBPS/text/article-066-analysis-2021-02-10-cf40-3694.xhtml,../images/10dlayg-002_82951f80bf-2e9c6f61-9145d426.jpg,OEBPS/images/10dlayg-002_82951f80bf-2e9c6f61-9145d426.jpg,true,图2 高收入国家人均国民收入门槛（美元）,,,
066,走向2035的中国经济,3,OEBPS/text/article-066-analysis-2021-02-10-cf40-3694.xhtml,../images/1dzpd04-003_615d2b2d77-c4302228-016c92c8.jpg,OEBPS/images/1dzpd04-003_615d2b2d77-c4302228-016c92c8.jpg,true,图3 高收入标准推测值,,,
066,走向2035的中国经济,4,OEBPS/text/article-066-analysis-2021-02-10-cf40-3694.xhtml,../images/1gbeobo-004_bedaf38c83-86382aec-3c9d7d8c.jpg,OEBPS/images/1gbeobo-004_bedaf38c83-86382aec-3c9d7d8c.jpg,true,图3 高收入标准推测值,,,
066,走向2035的中国经济,5,OEBPS/text/article-066-analysis-2021-02-10-cf40-3694.xhtml,../images/3mppnu-005_f30348eeb0-e2e7c2bd-ac400039.jpg,OEBPS/images/3mppnu-005_f30348eeb0-e2e7c2bd-ac400039.jpg,true,图4 各宗教文化经济体　GDP潜在实际增速（HP滤波）,,,
066,走向2035的中国经济,6,OEBPS/text/article-066-analysis-2021-02-10-cf40-3694.xhtml,../images/ya3en6-006_9080588986-31bceadb-c87f7bc4.jpg,OEBPS/images/ya3en6-006_9080588986-31bceadb-c87f7bc4.jpg,true,图5 转型中的实际有效汇率,,,
066,走向2035的中国经济,7,OEBPS/text/article-066-analysis-2021-02-10-cf40-3694.xhtml,../images/1xnu7co-007_56317339c4-2ab7ec33-3216e41a.jpg,OEBPS/images/1xnu7co-007_56317339c4-2ab7ec33-3216e41a.jpg,true,图6 转型中的制造业实际工资,,,
066,走向2035的中国经济,8,OEBPS/text/article-066-analysis-2021-02-10-cf40-3694.xhtml,../images/wsmfw7-008_f7aa440810-70b381d0-c247c8af.jpg,OEBPS/images/wsmfw7-008_f7aa440810-70b381d0-c247c8af.jpg,true,图7 转型中的实际有效汇率\*制造业实际工资,,,
071,向死而生,1,OEBPS/text/article-071-analysis-2011-12-15-1bxk9k7.xhtml,../images/chart-01-32e61f05-d516c16c.png,OEBPS/images/chart-01-32e61f05-d516c16c.png,true,图1：OECD 工业生产和综合领先指标同比（%）,1,图1：OECD 工业生产和综合领先指标同比（%）,数据来源：CEIC，安信证券
071,向死而生,2,OEBPS/text/article-071-analysis-2011-12-15-1bxk9k7.xhtml,../images/chart-02-c89853d0-890b9d0d.png,OEBPS/images/chart-02-c89853d0-890b9d0d.png,true,图2：中国出口名义和实际增速（%）,2,图2：中国出口名义和实际增速（%）,数据来源：CEIC，安信证券
071,向死而生,3,OEBPS/text/article-071-analysis-2011-12-15-1bxk9k7.xhtml,../images/chart-03-18aaee0d-ffacee72.png,OEBPS/images/chart-03-18aaee0d-ffacee72.png,true,图3：中国和美国生产者价格同比（%）,3,图3：中国和美国生产者价格同比（%）,数据来源：CEIC，安信证券
071,向死而生,4,OEBPS/text/article-071-analysis-2011-12-15-1bxk9k7.xhtml,../images/chart-04-92a01cf4-0378afaa.png,OEBPS/images/chart-04-92a01cf4-0378afaa.png,true,图4：中国外汇占款月度增量（亿人民币）,4,图4：中国外汇占款月度增量（亿人民币）,数据来源：CEIC，安信证券
071,向死而生,5,OEBPS/text/article-071-analysis-2011-12-15-1bxk9k7.xhtml,../images/chart-05-33aa681b-3fc6cfeb.png,OEBPS/images/chart-05-33aa681b-3fc6cfeb.png,true,图5：中国房地产开发投资同比（%）,5,图5：中国房地产开发投资同比（%）,数据来源：CEIC，安信证券
071,向死而生,6,OEBPS/text/article-071-analysis-2011-12-15-1bxk9k7.xhtml,../images/chart-06-33edb696-5d962246.png,OEBPS/images/chart-06-33edb696-5d962246.png,true,图6：中国粗钢和水泥产量同比（%）,6,图6：中国粗钢和水泥产量同比（%）,数据来源：CEIC，安信证券
071,向死而生,7,OEBPS/text/article-071-analysis-2011-12-15-1bxk9k7.xhtml,../images/chart-07-0469b080-c64f5c60.png,OEBPS/images/chart-07-0469b080-c64f5c60.png,true,图7：名义和实际社会消费品零售增速季度同比（%）,7,图7：名义和实际社会消费品零售增速季度同比（%）,数据来源：CEIC，安信证券
071,向死而生,8,OEBPS/text/article-071-analysis-2011-12-15-1bxk9k7.xhtml,../images/chart-08-43920510-80ecd6d6.png,OEBPS/images/chart-08-43920510-80ecd6d6.png,true,图8：电力、铁路和公路投资同比（%）,8,图8：电力、铁路和公路投资同比（%）,数据来源：CEIC，安信证券
071,向死而生,9,OEBPS/text/article-071-analysis-2011-12-15-1bxk9k7.xhtml,../images/chart-09-60bcf8b4-17302f62.png,OEBPS/images/chart-09-60bcf8b4-17302f62.png,true,图9：制造业固定资产投资同比（%）,9,图9：制造业固定资产投资同比（%）,数据来源：CEIC，安信证券
071,向死而生,10,OEBPS/text/article-071-analysis-2011-12-15-1bxk9k7.xhtml,../images/chart-10-23ea0e29-565f40eb.png,OEBPS/images/chart-10-23ea0e29-565f40eb.png,true,图10：东部和中西部地区工业增速（%）,10,图10：东部和中西部地区工业增速（%）,数据来源：CEIC，安信证券
071,向死而生,11,OEBPS/text/article-071-analysis-2011-12-15-1bxk9k7.xhtml,../images/chart-11-62c48037-f5b2fc3e.png,OEBPS/images/chart-11-62c48037-f5b2fc3e.png,true,图11：分行业固定资产投资增速的比较（%）,11,图11：分行业固定资产投资增速的比较（%）,数据来源：CEIC，安信证券 数据说明：相对过去投资增速比，相比时间段（2010Q4-2011Q3)/(2009-2010) 行业相对总投资增速，2010Q4-2011Q3平均增速比上总增速
071,向死而生,12,OEBPS/text/article-071-analysis-2011-12-15-1bxk9k7.xhtml,../images/chart-12-d70a8ed6-86419d6e.png,OEBPS/images/chart-12-d70a8ed6-86419d6e.png,true,图12：金融机构人民币贷款加权平均利率（%）,12,图12：金融机构人民币贷款加权平均利率（%）,数据来源：人民银行，Wind，安信证券
071,向死而生,13,OEBPS/text/article-071-analysis-2011-12-15-1bxk9k7.xhtml,../images/chart-13-c9d2485d-4fd84b5d.png,OEBPS/images/chart-13-c9d2485d-4fd84b5d.png,true,图13：加权贷款利率较基准利率上浮,13,图13：加权贷款利率较基准利率上浮,数据来源：人民银行，Wind，安信证券
071,向死而生,14,OEBPS/text/article-071-analysis-2011-12-15-1bxk9k7.xhtml,../images/chart-14-9d365c57-458233ad.png,OEBPS/images/chart-14-9d365c57-458233ad.png,true,图14：十年期国债收益率（月均，%）,14,图14：十年期国债收益率（月均，%）,数据来源：CEIC，安信证券
071,向死而生,15,OEBPS/text/article-071-analysis-2011-12-15-1bxk9k7.xhtml,../images/chart-15-119d6075-eb49b7a3.png,OEBPS/images/chart-15-119d6075-eb49b7a3.png,true,图15：票据直贴利率：6 个月（日度，%）,15,图15：票据直贴利率：6 个月（日度，%）,数据来源：Wind，安信证券
071,向死而生,16,OEBPS/text/article-071-analysis-2011-12-15-1bxk9k7.xhtml,../images/chart-16-dfb93669-b0a3ea0f.png,OEBPS/images/chart-16-dfb93669-b0a3ea0f.png,true,图16：中国短期和中长期贷款增速（%）,16,图16：中国短期和中长期贷款增速（%）,数据来源：Wind，安信证券
071,向死而生,17,OEBPS/text/article-071-analysis-2011-12-15-1bxk9k7.xhtml,../images/chart-17-7693e157-3bf92cd2.png,OEBPS/images/chart-17-7693e157-3bf92cd2.png,true,图17：名义GDP 增速（季度，%）,17,图17：名义GDP 增速（季度，%）,数据来源：CEIC，安信证券
079,见龙在田,1,OEBPS/text/article-079-analysis-2014-12-25-16gb0ew.xhtml,../images/image1-35dfc064-81af4455.png,OEBPS/images/image1-35dfc064-81af4455.png,true,图表,,,
079,见龙在田,2,OEBPS/text/article-079-analysis-2014-12-25-16gb0ew.xhtml,../images/image2-86c2f2ec-9d4a7ad9.png,OEBPS/images/image2-86c2f2ec-9d4a7ad9.png,true,图表,,,
079,见龙在田,3,OEBPS/text/article-079-analysis-2014-12-25-16gb0ew.xhtml,../images/image3-d7a83f5a-974a3c95.png,OEBPS/images/image3-d7a83f5a-974a3c95.png,true,图表,,,
079,见龙在田,4,OEBPS/text/article-079-analysis-2014-12-25-16gb0ew.xhtml,../images/chart-01-0b9fa678-68ee4675.png,OEBPS/images/chart-01-0b9fa678-68ee4675.png,true,图1：工业增加值当月同比（%）,1,图1：工业增加值当月同比（%）,数据来源：Wind，安信证券
079,见龙在田,5,OEBPS/text/article-079-analysis-2014-12-25-16gb0ew.xhtml,../images/chart-02-2c3315dd-509e01f0.png,OEBPS/images/chart-02-2c3315dd-509e01f0.png,true,图2：中国PPI 和调整后的PPI 环比（%）,2,图2：中国PPI 和调整后的PPI 环比（%）,数据来源：Wind，安信证券 数据说明：调整后的PPI环比是剔除原油波动的影响。
079,见龙在田,6,OEBPS/text/article-079-analysis-2014-12-25-16gb0ew.xhtml,../images/chart-03-097ac074-57fe45b8.png,OEBPS/images/chart-03-097ac074-57fe45b8.png,true,图3：上市公司销售净利率（%）,3,图3：上市公司销售净利率（%）,数据来源：Wind，安信证券 数据说明：利用整体法计算的单季上市公司销售净利率，净利润除以销售收入
079,见龙在田,7,OEBPS/text/article-079-analysis-2014-12-25-16gb0ew.xhtml,../images/chart-04-c9d939db-8a1bfc6c.png,OEBPS/images/chart-04-c9d939db-8a1bfc6c.png,true,图4：上市公司销售净利率（%）,4,图4：上市公司销售净利率（%）,数据来源：Wind，安信证券 数据说明：按照证监会分类的制造业，利用整体法计算单季上市公司销售净利率
079,见龙在田,8,OEBPS/text/article-079-analysis-2014-12-25-16gb0ew.xhtml,../images/chart-05-127ce07c-7e097e1b.png,OEBPS/images/chart-05-127ce07c-7e097e1b.png,true,图5：30 大中城市商品房销售面积（万平方米）,5,图5：30 大中城市商品房销售面积（万平方米）,数据来源：Wind，安信证券
079,见龙在田,9,OEBPS/text/article-079-analysis-2014-12-25-16gb0ew.xhtml,../images/chart-06-7e4f848f-182e4414.png,OEBPS/images/chart-06-7e4f848f-182e4414.png,true,图6：商品房销售面积和房地产开发投资当季同比（%）,6,图6：商品房销售面积和房地产开发投资当季同比（%）,数据来源：Wind，安信证券
079,见龙在田,10,OEBPS/text/article-079-analysis-2014-12-25-16gb0ew.xhtml,../images/chart-07-99e06a92-b1f1b875.png,OEBPS/images/chart-07-99e06a92-b1f1b875.png,true,图7：财政支出同比增速MA3（%）,7,图7：财政支出同比增速MA3（%）,数据来源：Wind，安信证券
079,见龙在田,11,OEBPS/text/article-079-analysis-2014-12-25-16gb0ew.xhtml,../images/chart-08-a07b30d8-16bac04f.png,OEBPS/images/chart-08-a07b30d8-16bac04f.png,true,图8：标普(扣除通胀)和大宗商品涨幅，%,8,图8：标普(扣除通胀)和大宗商品涨幅，%,数据来源：Wind，Federal Reserve Bank of ST.Louis，安信证券
079,见龙在田,12,OEBPS/text/article-079-analysis-2014-12-25-16gb0ew.xhtml,../images/chart-09-2b406e30-dc3edd32.png,OEBPS/images/chart-09-2b406e30-dc3edd32.png,true,图9：5年期中票与同期限国开债利差，%,9,图9：5年期中票与同期限国开债利差，%,数据来源：Wind，安信证券
079,见龙在田,13,OEBPS/text/article-079-analysis-2014-12-25-16gb0ew.xhtml,../images/chart-10-3279bf35-eadeb571.png,OEBPS/images/chart-10-3279bf35-eadeb571.png,true,图10：加权贷款利率，%,10,图10：加权贷款利率，%,数据来源：Wind，安信证券
079,见龙在田,14,OEBPS/text/article-079-analysis-2014-12-25-16gb0ew.xhtml,../images/chart-11-bd383ddf-74bdd371.png,OEBPS/images/chart-11-bd383ddf-74bdd371.png,true,图11：贷款类信托预期收益率，%,11,图11：贷款类信托预期收益率，%,数据来源：Wind，安信证券
079,见龙在田,15,OEBPS/text/article-079-analysis-2014-12-25-16gb0ew.xhtml,../images/chart-12-093b773b-1f34360b.png,OEBPS/images/chart-12-093b773b-1f34360b.png,true,图12：个人住房贷款加权平均利率，%,12,图12：个人住房贷款加权平均利率，%,数据来源：Wind，安信证券
079,见龙在田,16,OEBPS/text/article-079-analysis-2014-12-25-16gb0ew.xhtml,../images/chart-13-efb9bf3c-4b7e7fd4.png,OEBPS/images/chart-13-efb9bf3c-4b7e7fd4.png,true,图13：银行理财预期收益率，1周和2周（%）,13,图13：银行理财预期收益率，1周和2周（%）,数据来源：Wind，安信证券
079,见龙在田,17,OEBPS/text/article-079-analysis-2014-12-25-16gb0ew.xhtml,../images/chart-14-038cc068-01ed4c1c.png,OEBPS/images/chart-14-038cc068-01ed4c1c.png,true,图14：银行保本理财预期收益率，%,14,图14：银行保本理财预期收益率，%,数据来源：Wind，安信证券
079,见龙在田,18,OEBPS/text/article-079-analysis-2014-12-25-16gb0ew.xhtml,../images/chart-15-7611ac79-fca288a7.png,OEBPS/images/chart-15-7611ac79-fca288a7.png,true,图15：1年和5年的国开债，%,15,图15：1年和5年的国开债，%,数据来源：Wind，安信证券
079,见龙在田,19,OEBPS/text/article-079-analysis-2014-12-25-16gb0ew.xhtml,../images/chart-16-05127213-295857f6.png,OEBPS/images/chart-16-05127213-295857f6.png,true,图16：贷款与其他融资余额同比，%,16,图16：贷款与其他融资余额同比，%,数据来源：Wind，安信证券
079,见龙在田,20,OEBPS/text/article-079-analysis-2014-12-25-16gb0ew.xhtml,../images/chart-17-b30ac79e-df482717.png,OEBPS/images/chart-17-b30ac79e-df482717.png,true,图17：恒生AH股溢价指数，%,17,图17：恒生AH股溢价指数，%,数据来源：Wind，安信证券
081,日乾夕惕,1,OEBPS/text/article-081-analysis-2015-07-02-1i64yjn.xhtml,../images/chart-01-551f3557-a339aa18.png,OEBPS/images/chart-01-551f3557-a339aa18.png,true,图1：恒生AH 溢价指数（%）,1,图1：恒生AH 溢价指数（%）,数据来源：Wind，安信证券
081,日乾夕惕,2,OEBPS/text/article-081-analysis-2015-07-02-1i64yjn.xhtml,../images/chart-02-dea37843-2e14ef75.png,OEBPS/images/chart-02-dea37843-2e14ef75.png,true,图2：AH 溢价-整体AH 股（%）,2,图2：AH 溢价-整体AH 股（%）,数据来源：Wind，安信证券
081,日乾夕惕,3,OEBPS/text/article-081-analysis-2015-07-02-1i64yjn.xhtml,../images/chart-03-04e1c2f7-4bba9cb6.png,OEBPS/images/chart-03-04e1c2f7-4bba9cb6.png,true,图3：AH 溢价-金融石油石化以外的其他股票（%）,3,图3：AH 溢价-金融石油石化以外的其他股票（%）,数据来源：Wind，安信证券
081,日乾夕惕,4,OEBPS/text/article-081-analysis-2015-07-02-1i64yjn.xhtml,../images/chart-04-2dcb954c-db2be35f.png,OEBPS/images/chart-04-2dcb954c-db2be35f.png,true,图4：沪港通资金流向：北上资金减去南下资金，周度频率（亿人民币）,4,图4：沪港通资金流向：北上资金减去南下资金，周度频率（亿人民币）,数据来源：Wind，安信证券
081,日乾夕惕,5,OEBPS/text/article-081-analysis-2015-07-02-1i64yjn.xhtml,../images/chart-05-fda1d5e0-c3b18f9b.png,OEBPS/images/chart-05-fda1d5e0-c3b18f9b.png,true,图5：孟买指数,5,图5：孟买指数,数据来源：Wind，安信证券
081,日乾夕惕,6,OEBPS/text/article-081-analysis-2015-07-02-1i64yjn.xhtml,../images/chart-06-cb6229f7-c25cbfa3.png,OEBPS/images/chart-06-cb6229f7-c25cbfa3.png,true,图6：印度五年期主权债CDS 费率（BP）,6,图6：印度五年期主权债CDS 费率（BP）,数据来源：Wind，安信证券
081,日乾夕惕,7,OEBPS/text/article-081-analysis-2015-07-02-1i64yjn.xhtml,../images/chart-07-c944e613-3eee7883.png,OEBPS/images/chart-07-c944e613-3eee7883.png,true,图7：印度卢比对美元vs 新兴市场汇率指数（2012 年1 月1 日=100）,7,图7：印度卢比对美元vs 新兴市场汇率指数（2012 年1 月1 日=100）,数据来源：Wind，安信证券
081,日乾夕惕,8,OEBPS/text/article-081-analysis-2015-07-02-1i64yjn.xhtml,../images/chart-08-9e99e85d-e9af4265.png,OEBPS/images/chart-08-9e99e85d-e9af4265.png,true,图8：印度的资本流动（百万美元）,8,图8：印度的资本流动（百万美元）,数据来源：Wind，安信证券
081,日乾夕惕,9,OEBPS/text/article-081-analysis-2015-07-02-1i64yjn.xhtml,../images/chart-09-edfc8ae4-8080d18f.png,OEBPS/images/chart-09-edfc8ae4-8080d18f.png,true,图9：印度的经济增长（%）,9,图9：印度的经济增长（%）,数据来源：Wind，安信证券
081,日乾夕惕,10,OEBPS/text/article-081-analysis-2015-07-02-1i64yjn.xhtml,../images/chart-10-72165989-cb5d0d98.png,OEBPS/images/chart-10-72165989-cb5d0d98.png,true,图10：三中全会决议公布后的人民币汇率,10,图10：三中全会决议公布后的人民币汇率,数据来源：Wind，安信证券 数据说明：十八届三中全会《决定》11月15日晚公布
081,日乾夕惕,11,OEBPS/text/article-081-analysis-2015-07-02-1i64yjn.xhtml,../images/chart-11-c0f8492b-0b27a44a.png,OEBPS/images/chart-11-c0f8492b-0b27a44a.png,true,图11：三中全会决议公布后的中国主权债5 年期CDS 费率（BP）,11,图11：三中全会决议公布后的中国主权债5 年期CDS 费率（BP）,数据来源：Bloomberg，安信证券
081,日乾夕惕,12,OEBPS/text/article-081-analysis-2015-07-02-1i64yjn.xhtml,../images/chart-12-11f17baf-52b62ef2.png,OEBPS/images/chart-12-11f17baf-52b62ef2.png,true,图12：中国主权债5 年期CDS 费率（BP）,12,图12：中国主权债5 年期CDS 费率（BP）,数据来源：Bloomberg，安信证券
081,日乾夕惕,13,OEBPS/text/article-081-analysis-2015-07-02-1i64yjn.xhtml,../images/chart-13-3d6555b2-33d33643.png,OEBPS/images/chart-13-3d6555b2-33d33643.png,true,图13：季度热钱占GDP 比例（TTM）,13,图13：季度热钱占GDP 比例（TTM）,数据来源：Wind，安信证券 数据说明：热钱定义为季度外汇占款变化减去经常项目，减去国际直接投资差额
081,日乾夕惕,14,OEBPS/text/article-081-analysis-2015-07-02-1i64yjn.xhtml,../images/chart-14-a9d35640-77873f54.png,OEBPS/images/chart-14-a9d35640-77873f54.png,true,图14：中证全指,14,图14：中证全指,数据来源：Wind，安信证券 数据说明：截至6月23日
081,日乾夕惕,15,OEBPS/text/article-081-analysis-2015-07-02-1i64yjn.xhtml,../images/chart-15-ed55a389-ba66829c.png,OEBPS/images/chart-15-ed55a389-ba66829c.png,true,图15：加权贷款利率（%）,15,图15：加权贷款利率（%）,数据来源：Wind，安信证券
081,日乾夕惕,16,OEBPS/text/article-081-analysis-2015-07-02-1i64yjn.xhtml,../images/chart-16-eab3e23b-522a98fd.png,OEBPS/images/chart-16-eab3e23b-522a98fd.png,true,图16：融资买入占市场成交额比重（%）,16,图16：融资买入占市场成交额比重（%）,数据来源：Wind，安信证券
081,日乾夕惕,17,OEBPS/text/article-081-analysis-2015-07-02-1i64yjn.xhtml,../images/chart-17-d2c9378a-842794ce.png,OEBPS/images/chart-17-d2c9378a-842794ce.png,true,图17：融资融券利率费率（%）,17,图17：融资融券利率费率（%）,数据来源：主要券商网站，安信证券
081,日乾夕惕,18,OEBPS/text/article-081-analysis-2015-07-02-1i64yjn.xhtml,../images/chart-18-2268805c-78f59f68.png,OEBPS/images/chart-18-2268805c-78f59f68.png,true,图18：分级A 平均约定收益率和隐含收益率,18,图18：分级A 平均约定收益率和隐含收益率,数据来源：Wind，安信证券
081,日乾夕惕,19,OEBPS/text/article-081-analysis-2015-07-02-1i64yjn.xhtml,../images/chart-19-08d964f9-698c7b33.png,OEBPS/images/chart-19-08d964f9-698c7b33.png,true,图19：分级基金份额及占全部基金份额比重（亿，%）,19,图19：分级基金份额及占全部基金份额比重（亿，%）,数据来源：Wind，安信证券
081,日乾夕惕,20,OEBPS/text/article-081-analysis-2015-07-02-1i64yjn.xhtml,../images/chart-20-1d9830cd-3ca08110.png,OEBPS/images/chart-20-1d9830cd-3ca08110.png,true,图20：广义财政支出增速（%）,20,图20：广义财政支出增速（%）,数据来源：Wind，安信证券 数据说明：（1）定义“广义财政支出”=“公共财政支出”+“政府基金支出”+“地方政府性债务增量”；（2）2013、2014年，广义财政支出占GDP比重分别为24%、22%。
081,日乾夕惕,21,OEBPS/text/article-081-analysis-2015-07-02-1i64yjn.xhtml,../images/chart-21-5a5504e5-875cd81f.png,OEBPS/images/chart-21-5a5504e5-875cd81f.png,true,图21：餐饮收入同比增速与社会消费品零售同比增速（%）,21,图21：餐饮收入同比增速与社会消费品零售同比增速（%）,数据来源：Wind，安信证券
081,日乾夕惕,22,OEBPS/text/article-081-analysis-2015-07-02-1i64yjn.xhtml,../images/chart-22-5e130fbf-f229bb5c.png,OEBPS/images/chart-22-5e130fbf-f229bb5c.png,true,图22：住宿餐饮业和其他服务业工资增速（%）,22,图22：住宿餐饮业和其他服务业工资增速（%）,数据来源：Wind，安信证券 数据说明：2012年工资数据开始包含私营企业，数据与此前波动率差别较大。 蓝线为交通运输、仓储和邮政业+批发和零售业+居民服务和其他服务业工资增速；红线为住宿和餐饮业工资增速。
085,守正待时,1,OEBPS/text/article-085-analysis-2016-07-07-12hogiu.xhtml,../images/chart-01-4a76180d-07774520.png,OEBPS/images/chart-01-4a76180d-07774520.png,true,图1：受反腐冲击城市和无冲击城市定基房价差,1,图1：受反腐冲击城市和无冲击城市定基房价差,数据来源：wind，安信证券 注：2005年7月为100
085,守正待时,2,OEBPS/text/article-085-analysis-2016-07-07-12hogiu.xhtml,../images/chart-02-cd77203a-7b84667f.png,OEBPS/images/chart-02-cd77203a-7b84667f.png,true,图2：受反腐冲击城市和无冲击城市房地产销售滚动增速差，%,2,图2：受反腐冲击城市和无冲击城市房地产销售滚动增速差，%,数据来源：wind，安信证券
085,守正待时,3,OEBPS/text/article-085-analysis-2016-07-07-12hogiu.xhtml,../images/chart-03-88f15a9c-378f244d.png,OEBPS/images/chart-03-88f15a9c-378f244d.png,true,图3：受反腐冲击城市和无冲击城市房地产新开工滚动增速差，%,3,图3：受反腐冲击城市和无冲击城市房地产新开工滚动增速差，%,数据来源：wind，安信证券
085,守正待时,4,OEBPS/text/article-085-analysis-2016-07-07-12hogiu.xhtml,../images/chart-04-5d6a8571-02f1e0a4.png,OEBPS/images/chart-04-5d6a8571-02f1e0a4.png,true,图4：受反腐冲击城市和无冲击城市土地购置面积滚动同比，%,4,图4：受反腐冲击城市和无冲击城市土地购置面积滚动同比，%,数据来源：wind，安信证券
085,守正待时,5,OEBPS/text/article-085-analysis-2016-07-07-12hogiu.xhtml,../images/chart-05-1cee9a89-895156a1.png,OEBPS/images/chart-05-1cee9a89-895156a1.png,true,图5：受反腐冲击城市和无冲击城市居民可支配收入增速差，%,5,图5：受反腐冲击城市和无冲击城市居民可支配收入增速差，%,数据来源：wind，安信证券
085,守正待时,6,OEBPS/text/article-085-analysis-2016-07-07-12hogiu.xhtml,../images/chart-06-2b769db8-b0d9038c.png,OEBPS/images/chart-06-2b769db8-b0d9038c.png,true,图6：受反腐冲击城市和无冲击城市小学在校生增速，%,6,图6：受反腐冲击城市和无冲击城市小学在校生增速，%,数据来源：wind，安信证券
085,守正待时,7,OEBPS/text/article-085-analysis-2016-07-07-12hogiu.xhtml,../images/chart-07-7232abde-58cc4ccc.png,OEBPS/images/chart-07-7232abde-58cc4ccc.png,true,图7：普通小学在校生人数增速，%,7,图7：普通小学在校生人数增速，%,数据来源：wind，安信证券
085,守正待时,8,OEBPS/text/article-085-analysis-2016-07-07-12hogiu.xhtml,../images/chart-08-53f09447-ef6949b6.png,OEBPS/images/chart-08-53f09447-ef6949b6.png,true,图8：全国小学适龄入学人口数，千人,8,图8：全国小学适龄入学人口数，千人,数据来源：wind，安信证券
085,守正待时,9,OEBPS/text/article-085-analysis-2016-07-07-12hogiu.xhtml,../images/chart-09-4d3f474a-c807825e.png,OEBPS/images/chart-09-4d3f474a-c807825e.png,true,图9：房地产销售和新开工增速当季同比增速，%,9,图9：房地产销售和新开工增速当季同比增速，%,数据来源：wind，安信证券
085,守正待时,10,OEBPS/text/article-085-analysis-2016-07-07-12hogiu.xhtml,../images/chart-10-da6aec73-3403c0fc.png,OEBPS/images/chart-10-da6aec73-3403c0fc.png,true,图10：房地产存货变化情况，千平方米,10,图10：房地产存货变化情况，千平方米,数据来源：wind，安信证券 注：蓝线调整方法，新开工面积（自2007年开始）*0.8-当年销售面积。2016年数据为估算值。
085,守正待时,11,OEBPS/text/article-085-analysis-2016-07-07-12hogiu.xhtml,../images/chart-11-dbbe8c15-15d5f03f.png,OEBPS/images/chart-11-dbbe8c15-15d5f03f.png,true,图11：产能过剩行业分类,11,图11：产能过剩行业分类,数据来源：Wind，安信证券
085,守正待时,12,OEBPS/text/article-085-analysis-2016-07-07-12hogiu.xhtml,../images/chart-12-2fa374b9-b6cdd277.png,OEBPS/images/chart-12-2fa374b9-b6cdd277.png,true,图12：产能过剩行业地理分布,12,图12：产能过剩行业地理分布,数据来源：wind，安信证券 注：选取5个产能过剩行业中资产占比前三的省份。
085,守正待时,13,OEBPS/text/article-085-analysis-2016-07-07-12hogiu.xhtml,../images/chart-13-1f718a5c-21457bf0.png,OEBPS/images/chart-13-1f718a5c-21457bf0.png,true,图13：国有比重高的行业ROA 下降更加明显,13,图13：国有比重高的行业ROA 下降更加明显,数据来源：wind，安信证券
085,守正待时,14,OEBPS/text/article-085-analysis-2016-07-07-12hogiu.xhtml,../images/chart-14-e46d2f0a-8748994f.png,OEBPS/images/chart-14-e46d2f0a-8748994f.png,true,图14：周期上升时ROA 越高，近期ROA 降幅越大,14,图14：周期上升时ROA 越高，近期ROA 降幅越大,数据来源：wind，安信证券
085,守正待时,15,OEBPS/text/article-085-analysis-2016-07-07-12hogiu.xhtml,../images/chart-15-98a4ca50-8647d38f.png,OEBPS/images/chart-15-98a4ca50-8647d38f.png,true,图15：PPI 环比增速，%,15,图15：PPI 环比增速，%,数据来源：wind，安信证券
085,守正待时,16,OEBPS/text/article-085-analysis-2016-07-07-12hogiu.xhtml,../images/chart-16-8da4a22e-dc0563fc.png,OEBPS/images/chart-16-8da4a22e-dc0563fc.png,true,图16：新增表外融资占新增广义社融的比重（%）,16,图16：新增表外融资占新增广义社融的比重（%）,数据来源：Wind，安信证券
085,守正待时,17,OEBPS/text/article-085-analysis-2016-07-07-12hogiu.xhtml,../images/chart-17-9fd4258a-229db407.png,OEBPS/images/chart-17-9fd4258a-229db407.png,true,图17：银行理财资金投向,17,图17：银行理财资金投向,数据来源：中债登，安信证券
085,守正待时,18,OEBPS/text/article-085-analysis-2016-07-07-12hogiu.xhtml,../images/chart-18-82d30370-d7375817.png,OEBPS/images/chart-18-82d30370-d7375817.png,true,图18：新增理财资金占M2 之比（%）,18,图18：新增理财资金占M2 之比（%）,数据来源：Wind，安信证券
085,守正待时,19,OEBPS/text/article-085-analysis-2016-07-07-12hogiu.xhtml,../images/chart-19-c3f63fc5-df0e1db6.png,OEBPS/images/chart-19-c3f63fc5-df0e1db6.png,true,图19：理财产品预期回报率（%）,19,图19：理财产品预期回报率（%）,数据来源：Wind，安信证券
085,守正待时,20,OEBPS/text/article-085-analysis-2016-07-07-12hogiu.xhtml,../images/chart-20-0d53df96-d8d5497d.png,OEBPS/images/chart-20-0d53df96-d8d5497d.png,true,图20：理财产品预期回报率与同期限定存、同业拆借利率的差（%）,20,图20：理财产品预期回报率与同期限定存、同业拆借利率的差（%）,数据来源：Wind，安信证券 数据说明：2012年7月以前的定期存款利率为央行公布的3月定存基准利率，之后的以工商银行3月定存利率作为参考。
085,守正待时,21,OEBPS/text/article-085-analysis-2016-07-07-12hogiu.xhtml,../images/chart-21-8231a59f-5eddaeab.png,OEBPS/images/chart-21-8231a59f-5eddaeab.png,true,图21：信用利差（5 年AA+与5 年国开利差，%）,21,图21：信用利差（5 年AA+与5 年国开利差，%）,数据来源：Wind，安信证券
092,去杠杆之争,1,OEBPS/text/article-092-analysis-2018-05-31-vmlmi0.xhtml,../images/chart-01-fedf94f0-c49038a2.png,OEBPS/images/chart-01-fedf94f0-c49038a2.png,true,图1：非金融企业部门杠杆率，%,1,图1：非金融企业部门杠杆率，%,数据来源：BIS，安信证券
092,去杠杆之争,2,OEBPS/text/article-092-analysis-2018-05-31-vmlmi0.xhtml,../images/chart-02-af1fbd56-194b78d7.png,OEBPS/images/chart-02-af1fbd56-194b78d7.png,true,图2：各国非金融企业部门杠杆率比较，%,2,图2：各国非金融企业部门杠杆率比较，%,数据来源：BIS，安信证券
092,去杠杆之争,3,OEBPS/text/article-092-analysis-2018-05-31-vmlmi0.xhtml,../images/chart-03-f678dfc4-1ee814f9.png,OEBPS/images/chart-03-f678dfc4-1ee814f9.png,true,图3：居民部门杠杆率，%,3,图3：居民部门杠杆率，%,数据来源：BIS，安信证券
092,去杠杆之争,4,OEBPS/text/article-092-analysis-2018-05-31-vmlmi0.xhtml,../images/chart-04-3c258315-7680b414.png,OEBPS/images/chart-04-3c258315-7680b414.png,true,图4：各国居民部门杠杆率比较，%,4,图4：各国居民部门杠杆率比较，%,数据来源：BIS，安信证券
092,去杠杆之争,5,OEBPS/text/article-092-analysis-2018-05-31-vmlmi0.xhtml,../images/chart-05-733ee46a-625ea720.png,OEBPS/images/chart-05-733ee46a-625ea720.png,true,图5：中央政府和地方政府杠杆率，%,5,图5：中央政府和地方政府杠杆率，%,数据来源：BIS，安信证券
092,去杠杆之争,6,OEBPS/text/article-092-analysis-2018-05-31-vmlmi0.xhtml,../images/chart-06-d47581ce-7e45b355.png,OEBPS/images/chart-06-d47581ce-7e45b355.png,true,图6：各国政府部门杠杆率比较，%,6,图6：各国政府部门杠杆率比较，%,数据来源：BIS，安信证券
092,去杠杆之争,7,OEBPS/text/article-092-analysis-2018-05-31-vmlmi0.xhtml,../images/chart-07-c5c3c9ba-5abb148e.png,OEBPS/images/chart-07-c5c3c9ba-5abb148e.png,true,图7：城投企业杠杆率，%,7,图7：城投企业杠杆率，%,数据来源：Wind，安信证券
092,去杠杆之争,8,OEBPS/text/article-092-analysis-2018-05-31-vmlmi0.xhtml,../images/chart-08-89109769-47b6c1ea.png,OEBPS/images/chart-08-89109769-47b6c1ea.png,true,图8：全部非金融国有企业资产负债率，%,8,图8：全部非金融国有企业资产负债率，%,数据来源：CEIC，安信证券
092,去杠杆之争,9,OEBPS/text/article-092-analysis-2018-05-31-vmlmi0.xhtml,../images/chart-09-90aa5648-51dc1f3a.png,OEBPS/images/chart-09-90aa5648-51dc1f3a.png,true,图9：规上工业企业资产负债率,9,图9：规上工业企业资产负债率,数据来源：CEIC，安信证券
092,去杠杆之争,10,OEBPS/text/article-092-analysis-2018-05-31-vmlmi0.xhtml,../images/chart-10-ecd22522-c1832354.png,OEBPS/images/chart-10-ecd22522-c1832354.png,true,图10：非金融上市公司资产负债率,10,图10：非金融上市公司资产负债率,数据来源：Wind，安信证券
092,去杠杆之争,11,OEBPS/text/article-092-analysis-2018-05-31-vmlmi0.xhtml,../images/chart-11-76870a29-531d6804.png,OEBPS/images/chart-11-76870a29-531d6804.png,true,图11：各风格板块上市公司资产负债率,11,图11：各风格板块上市公司资产负债率,数据来源：Wind，安信证券 注：公司所属风格板块基于2016年分类，未历史追溯。 稳定类上市公司主要包括建筑（39%）、电力及公用事业（31%）、交通运输行业（25%）。
092,去杠杆之争,12,OEBPS/text/article-092-analysis-2018-05-31-vmlmi0.xhtml,../images/chart-12-f58ff6c3-ef03ddb6.png,OEBPS/images/chart-12-f58ff6c3-ef03ddb6.png,true,图12：全部非金融国有企业资产周转率,12,图12：全部非金融国有企业资产周转率,数据来源：wind，安信证券
092,去杠杆之争,13,OEBPS/text/article-092-analysis-2018-05-31-vmlmi0.xhtml,../images/chart-13-5a123481-4a402081.png,OEBPS/images/chart-13-5a123481-4a402081.png,true,图13：规上工业企业资产周转率,13,图13：规上工业企业资产周转率,数据来源：wind，安信证券
092,去杠杆之争,14,OEBPS/text/article-092-analysis-2018-05-31-vmlmi0.xhtml,../images/chart-14-557c7a21-4b3ce882.png,OEBPS/images/chart-14-557c7a21-4b3ce882.png,true,图14：非金融上市公司资产周转率,14,图14：非金融上市公司资产周转率,数据来源：wind，安信证券
092,去杠杆之争,15,OEBPS/text/article-092-analysis-2018-05-31-vmlmi0.xhtml,../images/chart-15-4079ca79-51155963.png,OEBPS/images/chart-15-4079ca79-51155963.png,true,图15：规上工业企业净资产同比与制造业投资同比，%,15,图15：规上工业企业净资产同比与制造业投资同比，%,数据来源：CEIC，安信证券
092,去杠杆之争,16,OEBPS/text/article-092-analysis-2018-05-31-vmlmi0.xhtml,../images/chart-16-c85845f3-2ea01f00.png,OEBPS/images/chart-16-c85845f3-2ea01f00.png,true,图16：政府部门债务性收入同比增速，%,16,图16：政府部门债务性收入同比增速，%,数据来源：Wind，安信证券
092,去杠杆之争,17,OEBPS/text/article-092-analysis-2018-05-31-vmlmi0.xhtml,../images/chart-17-724b3d4b-11502d61.png,OEBPS/images/chart-17-724b3d4b-11502d61.png,true,图17：全国房地产非合意库存测算，千平方米,17,图17：全国房地产非合意库存测算，千平方米,数据来源：CEIC，安信证券
092,去杠杆之争,18,OEBPS/text/article-092-analysis-2018-05-31-vmlmi0.xhtml,../images/chart-18-fef51505-9c329651.png,OEBPS/images/chart-18-fef51505-9c329651.png,true,图18：制造业投资和民间投资当季同比，%,18,图18：制造业投资和民间投资当季同比，%,数据来源：Wind，安信证券
092,去杠杆之争,19,OEBPS/text/article-092-analysis-2018-05-31-vmlmi0.xhtml,../images/chart-19-7cf7e59b-76ca647b.png,OEBPS/images/chart-19-7cf7e59b-76ca647b.png,true,图19：GDP 季度同比和工业增加值季度同比，%,19,图19：GDP 季度同比和工业增加值季度同比，%,数据来源：Wind，安信证券
092,去杠杆之争,20,OEBPS/text/article-092-analysis-2018-05-31-vmlmi0.xhtml,../images/chart-20-f36eb1d1-c49580d1.png,OEBPS/images/chart-20-f36eb1d1-c49580d1.png,true,图20：金融机构人民币贷款加权平均利率，%,20,图20：金融机构人民币贷款加权平均利率，%,数据来源：Wind，安信证券
092,去杠杆之争,21,OEBPS/text/article-092-analysis-2018-05-31-vmlmi0.xhtml,../images/chart-21-3ca64645-a759004a.png,OEBPS/images/chart-21-3ca64645-a759004a.png,true,图21：非证券投资类信托收益率，%,21,图21：非证券投资类信托收益率，%,数据来源：Wind，安信证券
092,去杠杆之争,22,OEBPS/text/article-092-analysis-2018-05-31-vmlmi0.xhtml,../images/chart-22-39d82e9d-aa54b27e.png,OEBPS/images/chart-22-39d82e9d-aa54b27e.png,true,图22：资本流动占GDP 比重，%,22,图22：资本流动占GDP 比重，%,数据来源：CEIC，安信证券
092,去杠杆之争,23,OEBPS/text/article-092-analysis-2018-05-31-vmlmi0.xhtml,../images/chart-23-af7f2b64-53adf062.png,OEBPS/images/chart-23-af7f2b64-53adf062.png,true,图23：人民币汇率指数,23,图23：人民币汇率指数,数据来源：CEIC，安信证券
092,去杠杆之争,24,OEBPS/text/article-092-analysis-2018-05-31-vmlmi0.xhtml,../images/chart-24-a38abdc5-0b258c0c.png,OEBPS/images/chart-24-a38abdc5-0b258c0c.png,true,图24：出口实际同比增速，%,24,图24：出口实际同比增速，%,数据来源：Wind，安信证券
092,去杠杆之争,25,OEBPS/text/article-092-analysis-2018-05-31-vmlmi0.xhtml,../images/chart-25-9b313d2f-9d426a2a.png,OEBPS/images/chart-25-9b313d2f-9d426a2a.png,true,图25：全球出口实际同比，%,25,图25：全球出口实际同比，%,数据来源：Bloomberg，安信证券
092,去杠杆之争,26,OEBPS/text/article-092-analysis-2018-05-31-vmlmi0.xhtml,../images/chart-26-9273f86b-c2ab94c7.png,OEBPS/images/chart-26-9273f86b-c2ab94c7.png,true,图26：规上工业企业非流动资产增速，%,26,图26：规上工业企业非流动资产增速，%,数据来源：Wind，安信证券
092,去杠杆之争,27,OEBPS/text/article-092-analysis-2018-05-31-vmlmi0.xhtml,../images/chart-27-2f1de294-b384a8eb.png,OEBPS/images/chart-27-2f1de294-b384a8eb.png,true,图27：上市工业企业固定资产+在建工程同比，%,27,图27：上市工业企业固定资产+在建工程同比，%,数据来源：Wind，安信证券
092,去杠杆之争,28,OEBPS/text/article-092-analysis-2018-05-31-vmlmi0.xhtml,../images/chart-28-0d3e06c1-1fcc238d.png,OEBPS/images/chart-28-0d3e06c1-1fcc238d.png,true,图28：非贷款社融余额同比增速，%,28,图28：非贷款社融余额同比增速，%,数据来源：Wind，安信证券
092,去杠杆之争,29,OEBPS/text/article-092-analysis-2018-05-31-vmlmi0.xhtml,../images/chart-29-0599d985-c49580d1.png,OEBPS/images/chart-29-0599d985-c49580d1.png,true,图29：金融机构人民币贷款加权平均利率，%,29,图29：金融机构人民币贷款加权平均利率，%,数据来源：Wind，安信证券
092,去杠杆之争,30,OEBPS/text/article-092-analysis-2018-05-31-vmlmi0.xhtml,../images/chart-30-f1e501af-a759004a.png,OEBPS/images/chart-30-f1e501af-a759004a.png,true,图30：非证券投资类信托收益率，%,30,图30：非证券投资类信托收益率，%,数据来源：Wind，安信证券
092,去杠杆之争,31,OEBPS/text/article-092-analysis-2018-05-31-vmlmi0.xhtml,../images/chart-31-a8856ae2-53adf062.png,OEBPS/images/chart-31-a8856ae2-53adf062.png,true,图31：人民币汇率指数,31,图31：人民币汇率指数,数据来源：BIS，安信证券
092,去杠杆之争,32,OEBPS/text/article-092-analysis-2018-05-31-vmlmi0.xhtml,../images/chart-32-7bc90e8a-124fb25d.png,OEBPS/images/chart-32-7bc90e8a-124fb25d.png,true,图32：信用利差：央企、地方国企和民企，BP,32,图32：信用利差：央企、地方国企和民企，BP,数据来源：Wind，安信证券
092,去杠杆之争,33,OEBPS/text/article-092-analysis-2018-05-31-vmlmi0.xhtml,../images/chart-33-bc24dca4-29ac2dfa.png,OEBPS/images/chart-33-bc24dca4-29ac2dfa.png,true,图33：民企信用利差-央企信用利差，BP,33,图33：民企信用利差-央企信用利差，BP,数据来源：Wind，安信证券
092,去杠杆之争,34,OEBPS/text/article-092-analysis-2018-05-31-vmlmi0.xhtml,../images/chart-34-95473c1e-d5ded8a0.png,OEBPS/images/chart-34-95473c1e-d5ded8a0.png,true,图34：城投债信用利差，BP,34,图34：城投债信用利差，BP,数据来源：Wind，安信证券
092,去杠杆之争,35,OEBPS/text/article-092-analysis-2018-05-31-vmlmi0.xhtml,../images/chart-35-dc212902-9124890f.png,OEBPS/images/chart-35-dc212902-9124890f.png,true,图35：中国5 年期主权债CDS 费率,35,图35：中国5 年期主权债CDS 费率,数据来源：Wind，安信证券
092,去杠杆之争,36,OEBPS/text/article-092-analysis-2018-05-31-vmlmi0.xhtml,../images/formula-01-bf42b8b9-1b10084b.png,OEBPS/images/formula-01-bf42b8b9-1b10084b.png,true,(1) 设定生产函数,,,
092,去杠杆之争,37,OEBPS/text/article-092-analysis-2018-05-31-vmlmi0.xhtml,../images/formula-02-74137521-2955a232.png,OEBPS/images/formula-02-74137521-2955a232.png,true,(2) 资产周转率,,,
092,去杠杆之争,38,OEBPS/text/article-092-analysis-2018-05-31-vmlmi0.xhtml,../images/formula-03-c999029e-5762c1c8.png,OEBPS/images/formula-03-c999029e-5762c1c8.png,true,(3) 资产周转率增速,,,
092,去杠杆之争,39,OEBPS/text/article-092-analysis-2018-05-31-vmlmi0.xhtml,../images/formula-04-699112e6-e8a5a3b3.png,OEBPS/images/formula-04-699112e6-e8a5a3b3.png,true,(4) 资产周转率提升需要满足,,,
094,青山遮不住 毕竟东流去,1,OEBPS/text/article-094-analysis-2020-09-14-6m3pis.xhtml,../images/chart-01-dfdaa4cb-506547e6.png,OEBPS/images/chart-01-dfdaa4cb-506547e6.png,true,图1：上证综指、沪深300 和沪深300（除金融）指数，点,1,,数据来源：Wind，安信证券 注：将2015年6月12日上证综指、沪深300指数和沪深300（除金融）指数的最高点标准化为100。
094,青山遮不住 毕竟东流去,2,OEBPS/text/article-094-analysis-2020-09-14-6m3pis.xhtml,../images/chart-02-5b71f362-aa6cf3e4.png,OEBPS/images/chart-02-5b71f362-aa6cf3e4.png,true,图2：沪深300 全收益指数，点,2,,数据来源：Wind，安信证券
094,青山遮不住 毕竟东流去,3,OEBPS/text/article-094-analysis-2020-09-14-6m3pis.xhtml,../images/chart-03-89b50293-90f9cb00.png,OEBPS/images/chart-03-89b50293-90f9cb00.png,true,图3：沪深300（除金融）ROE，%,3,,数据来源：Wind，安信证券
094,青山遮不住 毕竟东流去,4,OEBPS/text/article-094-analysis-2020-09-14-6m3pis.xhtml,../images/chart-04-2808aa41-bbee40a9.png,OEBPS/images/chart-04-2808aa41-bbee40a9.png,true,图4：银行 ROE，%,4,,数据来源：Wind，安信证券
094,青山遮不住 毕竟东流去,5,OEBPS/text/article-094-analysis-2020-09-14-6m3pis.xhtml,../images/chart-05-e428e955-539949c3.png,OEBPS/images/chart-05-e428e955-539949c3.png,true,图5：制造业投资和工业名义同比，%,5,,数据来源：Wind，安信证券
094,青山遮不住 毕竟东流去,6,OEBPS/text/article-094-analysis-2020-09-14-6m3pis.xhtml,../images/chart-06-bc22f98d-76a6f32a.png,OEBPS/images/chart-06-bc22f98d-76a6f32a.png,true,图6：中国出口的国际份额，%,6,,数据来源：WTO，荷兰经济政策研究局，安信证券 注：出口量以2000年为基期，根据中国和全球的出口数量指数推算得到。
094,青山遮不住 毕竟东流去,7,OEBPS/text/article-094-analysis-2020-09-14-6m3pis.xhtml,../images/chart-07-8863d4e1-cce29797.png,OEBPS/images/chart-07-8863d4e1-cce29797.png,true,图7：人民币实际有效汇率指数，点,7,,数据来源：Wind，安信证券
094,青山遮不住 毕竟东流去,8,OEBPS/text/article-094-analysis-2020-09-14-6m3pis.xhtml,../images/chart-08-bc412693-5cfab7d0.png,OEBPS/images/chart-08-bc412693-5cfab7d0.png,true,图8：中国出口的国际份额（剔除原油），%,8,,数据来源：WTO，BP，安信证券 注：通过中国、世界原油出口量以及油价推算出口额。
094,青山遮不住 毕竟东流去,9,OEBPS/text/article-094-analysis-2020-09-14-6m3pis.xhtml,../images/chart-09-9cbcdbea-4716d269.png,OEBPS/images/chart-09-9cbcdbea-4716d269.png,true,图9：CFETS 人民币汇率指数，点,9,,数据来源：Wind，安信证券
094,青山遮不住 毕竟东流去,10,OEBPS/text/article-094-analysis-2020-09-14-6m3pis.xhtml,../images/chart-10-b89fac85-f0e05218.png,OEBPS/images/chart-10-b89fac85-f0e05218.png,true,图10：中国和美国PPI 同比，%,10,,数据来源： Wind，安信证券
094,青山遮不住 毕竟东流去,11,OEBPS/text/article-094-analysis-2020-09-14-6m3pis.xhtml,../images/chart-11-2622de5b-24aa866f.png,OEBPS/images/chart-11-2622de5b-24aa866f.png,true,图11：PPI 同比真实值和拟合值，%,11,,数据来源： Wind，安信证券 注：2020年1季度和2季度的基准值使用2011至2019年的回归系数计算得到。
094,青山遮不住 毕竟东流去,12,OEBPS/text/article-094-analysis-2020-09-14-6m3pis.xhtml,../images/chart-12-26bb9ee1-3404c0e9.png,OEBPS/images/chart-12-26bb9ee1-3404c0e9.png,true,图12：农村外出务工劳动力人数，万人,12,,数据来源： Wind，安信证券 注：2020年2季外出务工劳动力人数比2019年2季度少约500万人，比基于历史数据推算理论值少678万人。
094,青山遮不住 毕竟东流去,13,OEBPS/text/article-094-analysis-2020-09-14-6m3pis.xhtml,../images/chart-13-b1cac484-2067e168.png,OEBPS/images/chart-13-b1cac484-2067e168.png,true,图13：CPI 衣着、居住、生活用品及服务同比，%,13,,数据来源： Wind，安信证券
094,青山遮不住 毕竟东流去,14,OEBPS/text/article-094-analysis-2020-09-14-6m3pis.xhtml,../images/chart-14-cba9efe2-2676f7c0.png,OEBPS/images/chart-14-cba9efe2-2676f7c0.png,true,图14：CPI 交通和通信、教育文化和娱乐、医疗保健，%,14,,数据来源： Wind，安信证券
094,青山遮不住 毕竟东流去,15,OEBPS/text/article-094-analysis-2020-09-14-6m3pis.xhtml,../images/chart-15-4530686a-5ede71ca.png,OEBPS/images/chart-15-4530686a-5ede71ca.png,true,图15：金融机构贷款加权利率：一般贷款 vs 住房贷款，%,15,,数据来源：Wind，安信证券 注：数据截至2020年6月
094,青山遮不住 毕竟东流去,16,OEBPS/text/article-094-analysis-2020-09-14-6m3pis.xhtml,../images/chart-16-eb8d00e1-6a723f70.png,OEBPS/images/chart-16-eb8d00e1-6a723f70.png,true,图16：商品房销售面积同比，%,16,,数据来源：Wind，安信证券
094,青山遮不住 毕竟东流去,17,OEBPS/text/article-094-analysis-2020-09-14-6m3pis.xhtml,../images/chart-17-2168447c-85421fcd.png,OEBPS/images/chart-17-2168447c-85421fcd.png,true,图17：70 城二手房房价环比，%,17,,数据来源：Wind，安信证券
097,中国影子银行兴起及其风险,1,OEBPS/text/article-097-analysis-undated-18r006g.xhtml,../images/chart-01-ac7ab64f-36c085a8.png,OEBPS/images/chart-01-ac7ab64f-36c085a8.png,true,图1：M2 同比、社会融资规模余额同比、社会融资规模与外汇占款,1,图1：M2 同比、社会融资规模余额同比、社会融资规模与外汇占款,数据来源：Wind，安信证券 数据说明：社会融资规模余额同比，非央行官方公布数据，此处为作者测算值。
097,中国影子银行兴起及其风险,2,OEBPS/text/article-097-analysis-undated-18r006g.xhtml,../images/chart-02-18bdc7b6-6b1901dd.png,OEBPS/images/chart-02-18bdc7b6-6b1901dd.png,true,图2：国债收益率（%）,2,图2：国债收益率（%）,数据来源：Wind，安信证券
097,中国影子银行兴起及其风险,3,OEBPS/text/article-097-analysis-undated-18r006g.xhtml,../images/chart-03-5dcfc53e-f0076e8c.png,OEBPS/images/chart-03-5dcfc53e-f0076e8c.png,true,图3：人民币贷款加权利率（%）,3,图3：人民币贷款加权利率（%）,数据来源：Wind，安信证券
097,中国影子银行兴起及其风险,4,OEBPS/text/article-097-analysis-undated-18r006g.xhtml,../images/chart-04-d21fe8d8-2f5f3809.png,OEBPS/images/chart-04-d21fe8d8-2f5f3809.png,true,图4：贷款与法定存款准备金之和占商业银行存款的比例（%）,4,图4：贷款与法定存款准备金之和占商业银行存款的比例（%）,数据来源：Wind，安信证券
097,中国影子银行兴起及其风险,5,OEBPS/text/article-097-analysis-undated-18r006g.xhtml,../images/chart-05-62e79048-760850ea.png,OEBPS/images/chart-05-62e79048-760850ea.png,true,图5：银行理财产品发行支数以及3-6 个月保本型理财产品与同期限,5,图5：银行理财产品发行支数以及3-6 个月保本型理财产品与同期限,数据来源：Wind，安信证券
097,中国影子银行兴起及其风险,6,OEBPS/text/article-097-analysis-undated-18r006g.xhtml,../images/chart-06-751a4078-149907d0.png,OEBPS/images/chart-06-751a4078-149907d0.png,true,图6：企业部门短端资金融入增速与短端资金融出增速（%）,6,图6：企业部门短端资金融入增速与短端资金融出增速（%）,数据来源：Wind，安信证券
097,中国影子银行兴起及其风险,7,OEBPS/text/article-097-analysis-undated-18r006g.xhtml,../images/chart-07-26b1c6c4-52335b57.png,OEBPS/images/chart-07-26b1c6c4-52335b57.png,true,图7：企业部门短端资金净融入/名义GDP,7,图7：企业部门短端资金净融入/名义GDP,数据来源：Wind，安信证券 数据说明：当年短期资金融入(口径1)= Δ(短期贷款余额+1年以内的信用债余额)；当年短期资金融入(口径2)= Δ(短期企业贷款及票据贴现余额+1年以内的信用债余额)；当年短期资金融入(口径3)= Δ(短期贷款余额及票据贴现余额+未贴现银行承兑汇票余额+1年以内的信用债余额)；当年短期资金融出= Δ(M1-M0)；当年短期资金净融入= 当年短期资金融入-当年短期资金融出。
097,中国影子银行兴起及其风险,8,OEBPS/text/article-097-analysis-undated-18r006g.xhtml,../images/chart-08-41c8403e-10059a56.png,OEBPS/images/chart-08-41c8403e-10059a56.png,true,图8：国债期限利差（10y-1y）（%）,8,图8：国债期限利差（10y-1y）（%）,数据来源：Wind，安信证券
100,房地产复苏和调控,1,OEBPS/text/article-100-analysis-2013-03-05-17b10m7.xhtml,../images/chart-01-0a847b08-1f9af9fc.png,OEBPS/images/chart-01-0a847b08-1f9af9fc.png,true,图1：住宅、商业和办公楼销售面积季度增速（%）,1,图1：住宅、商业和办公楼销售面积季度增速（%）,数据来源：Wind，安信证券
100,房地产复苏和调控,2,OEBPS/text/article-100-analysis-2013-03-05-17b10m7.xhtml,../images/chart-02-d3f7d2d8-16242f8e.png,OEBPS/images/chart-02-d3f7d2d8-16242f8e.png,true,图2：40 城市和其他地区商品房销售面积月度增速（%）,2,图2：40 城市和其他地区商品房销售面积月度增速（%）,数据来源：CEIC，安信证券
100,房地产复苏和调控,3,OEBPS/text/article-100-analysis-2013-03-05-17b10m7.xhtml,../images/chart-03-bb77f28f-18a38243.png,OEBPS/images/chart-03-bb77f28f-18a38243.png,true,图3：商品房销售面积季度增速（%）,3,图3：商品房销售面积季度增速（%）,"数据来源：Wind，CEIC,安信证券"
100,房地产复苏和调控,4,OEBPS/text/article-100-analysis-2013-03-05-17b10m7.xhtml,../images/chart-04-dc46b282-3de9a9d4.png,OEBPS/images/chart-04-dc46b282-3de9a9d4.png,true,图4：金融机构甲醛贷款利率和GDP 增速（%）,4,图4：金融机构甲醛贷款利率和GDP 增速（%）,数据来源：Wind，安信证券
100,房地产复苏和调控,5,OEBPS/text/article-100-analysis-2013-03-05-17b10m7.xhtml,../images/chart-05-c43fba51-c59b6ac2.png,OEBPS/images/chart-05-c43fba51-c59b6ac2.png,true,图5：商品房销售面积年度增速（%）,5,图5：商品房销售面积年度增速（%）,数据来源：CEIC，安信证券
100,房地产复苏和调控,6,OEBPS/text/article-100-analysis-2013-03-05-17b10m7.xhtml,../images/chart-06-f7cf9ccd-8b0aed9c.png,OEBPS/images/chart-06-f7cf9ccd-8b0aed9c.png,true,图6：房地产开发投资资金来源累计同比增速（%）,6,图6：房地产开发投资资金来源累计同比增速（%）,数据来源：CEIC，安信证券 数据说明：其它资金来源主要包括定金、预售款和个人按揭贷，反应了房地产销售的好转。资金来源其他包括贷款、自筹资金、自有资金以及其它。其它资金增速高于房地产企业现金流的改善。
100,房地产复苏和调控,7,OEBPS/text/article-100-analysis-2013-03-05-17b10m7.xhtml,../images/chart-07-9adb9538-66ccd4ac.png,OEBPS/images/chart-07-9adb9538-66ccd4ac.png,true,图7：商品房销售面积和房地产开发投资季度增速（%）,7,图7：商品房销售面积和房地产开发投资季度增速（%）,数据来源：CEIC，安信证券
100,房地产复苏和调控,8,OEBPS/text/article-100-analysis-2013-03-05-17b10m7.xhtml,../images/chart-08-d432bdcc-ba79b87e.png,OEBPS/images/chart-08-d432bdcc-ba79b87e.png,true,图8：35 个城市住宅投资和销售占全国商品房的比例（%）,8,图8：35 个城市住宅投资和销售占全国商品房的比例（%）,数据来源：CEIC，安信证券
100,房地产复苏和调控,9,OEBPS/text/article-100-analysis-2013-03-05-17b10m7.xhtml,../images/chart-09-a4404a9f-b1595553.png,OEBPS/images/chart-09-a4404a9f-b1595553.png,true,图9：40 城市住宅投资对房地产开发投资增速贡献（%）,9,图9：40 城市住宅投资对房地产开发投资增速贡献（%）,数据来源：CEIC，安信证券
100,房地产复苏和调控,10,OEBPS/text/article-100-analysis-2013-03-05-17b10m7.xhtml,../images/chart-10-a9b5425f-cfb8b8f2.png,OEBPS/images/chart-10-a9b5425f-cfb8b8f2.png,true,图10：一二三线城市二手住宅价格指数同比（%）,10,图10：一二三线城市二手住宅价格指数同比（%）,数据来源：CEIC，安信证券
100,房地产复苏和调控,11,OEBPS/text/article-100-analysis-2013-03-05-17b10m7.xhtml,../images/chart-11-8c1a7b8f-f705879c.png,OEBPS/images/chart-11-8c1a7b8f-f705879c.png,true,图11：35 城市和其它地区商品房销售增速（%）,11,图11：35 城市和其它地区商品房销售增速（%）,数据来源：CEIC，安信证券
100,房地产复苏和调控,12,OEBPS/text/article-100-analysis-2013-03-05-17b10m7.xhtml,../images/chart-12-ca53a8da-0f2e02ac.png,OEBPS/images/chart-12-ca53a8da-0f2e02ac.png,true,图12：一线城市二手住宅租金收益率（%）,12,图12：一线城市二手住宅租金收益率（%）,数据来源：CEIC，安信证券
101,中国房地产市场正在去泡沫化,1,OEBPS/text/article-101-analysis-2014-07-05-cf40-1691.xhtml,../images/1b5ucmt-001_6848ee883e-a7e419f5-ebc0346d.jpg,OEBPS/images/1b5ucmt-001_6848ee883e-a7e419f5-ebc0346d.jpg,true,图1,,,
101,中国房地产市场正在去泡沫化,2,OEBPS/text/article-101-analysis-2014-07-05-cf40-1691.xhtml,../images/kt8a9o-002_aef49d3ddf-62c133dd-b1df301a.jpg,OEBPS/images/kt8a9o-002_aef49d3ddf-62c133dd-b1df301a.jpg,true,图2,,,
101,中国房地产市场正在去泡沫化,3,OEBPS/text/article-101-analysis-2014-07-05-cf40-1691.xhtml,../images/1y7wsgb-003_3bdba04e9f-f51e979d-65602cf5.jpg,OEBPS/images/1y7wsgb-003_3bdba04e9f-f51e979d-65602cf5.jpg,true,图3,,,
101,中国房地产市场正在去泡沫化,4,OEBPS/text/article-101-analysis-2014-07-05-cf40-1691.xhtml,../images/k91zzj-004_4e6e39aecd-69cb68eb-4e7c0e0d.jpg,OEBPS/images/k91zzj-004_4e6e39aecd-69cb68eb-4e7c0e0d.jpg,true,图4,,,
101,中国房地产市场正在去泡沫化,5,OEBPS/text/article-101-analysis-2014-07-05-cf40-1691.xhtml,../images/18ble74-005_05377013cb-08e03e38-20a0f01a.jpg,OEBPS/images/18ble74-005_05377013cb-08e03e38-20a0f01a.jpg,true,图5,,,
101,中国房地产市场正在去泡沫化,6,OEBPS/text/article-101-analysis-2014-07-05-cf40-1691.xhtml,../images/apv3ma-006_2c69091233-a7537e77-ab6f7abb.jpg,OEBPS/images/apv3ma-006_2c69091233-a7537e77-ab6f7abb.jpg,true,图6,,,
101,中国房地产市场正在去泡沫化,7,OEBPS/text/article-101-analysis-2014-07-05-cf40-1691.xhtml,../images/1cs0kmd-007_60bef9c593-0dcd48b9-cc97180d.jpg,OEBPS/images/1cs0kmd-007_60bef9c593-0dcd48b9-cc97180d.jpg,true,图7,,,
102,盈虚之有时,1,OEBPS/text/article-102-analysis-2014-07-07-1v3ncu2.xhtml,../images/chart-01-1f4b361d-d900aab0.png,OEBPS/images/chart-01-1f4b361d-d900aab0.png,true,图1：OECD 综合领先指标,1,图1：OECD 综合领先指标,数据来源：Wind，安信证券
102,盈虚之有时,2,OEBPS/text/article-102-analysis-2014-07-07-1v3ncu2.xhtml,../images/chart-02-9c7eae84-20e8252e.png,OEBPS/images/chart-02-9c7eae84-20e8252e.png,true,图2：发达经济体和新兴经济体制造业PMI（%）,2,图2：发达经济体和新兴经济体制造业PMI（%）,数据来源：Wind，安信证券
102,盈虚之有时,3,OEBPS/text/article-102-analysis-2014-07-07-1v3ncu2.xhtml,../images/chart-03-f674e973-7321d946.png,OEBPS/images/chart-03-f674e973-7321d946.png,true,图3：中国进出口实际同比增速,3,图3：中国进出口实际同比增速,数据来源：Wind，安信证券
102,盈虚之有时,4,OEBPS/text/article-102-analysis-2014-07-07-1v3ncu2.xhtml,../images/chart-04-7a207f45-b060047d.png,OEBPS/images/chart-04-7a207f45-b060047d.png,true,图4：中国出口实际同比增速（不包含香港、澳门）,4,图4：中国出口实际同比增速（不包含香港、澳门）,数据来源：Wind，安信证券
102,盈虚之有时,5,OEBPS/text/article-102-analysis-2014-07-07-1v3ncu2.xhtml,../images/chart-05-f79d1fb5-530b3dc5.png,OEBPS/images/chart-05-f79d1fb5-530b3dc5.png,true,图5：中国和美国PPI 同比增速,5,图5：中国和美国PPI 同比增速,数据来源：Wind，安信证券
102,盈虚之有时,6,OEBPS/text/article-102-analysis-2014-07-07-1v3ncu2.xhtml,../images/chart-06-f42c46f2-da36b48a.png,OEBPS/images/chart-06-f42c46f2-da36b48a.png,true,图6：PPI 环比增速和工业增加值环比增速（%）,6,图6：PPI 环比增速和工业增加值环比增速（%）,数据来源：Wind，安信证券
102,盈虚之有时,7,OEBPS/text/article-102-analysis-2014-07-07-1v3ncu2.xhtml,../images/chart-07-db57bd24-d4f865d2.png,OEBPS/images/chart-07-db57bd24-d4f865d2.png,true,图7：周期股TTMROE 与PPI,7,图7：周期股TTMROE 与PPI,数据来源：Wind，安信证券
102,盈虚之有时,8,OEBPS/text/article-102-analysis-2014-07-07-1v3ncu2.xhtml,../images/chart-08-03335e0d-e6819a3a.png,OEBPS/images/chart-08-03335e0d-e6819a3a.png,true,图8：制造业上市公司投资增速和PPI,8,图8：制造业上市公司投资增速和PPI,数据来源：Wind，安信证券
102,盈虚之有时,9,OEBPS/text/article-102-analysis-2014-07-07-1v3ncu2.xhtml,../images/chart-09-62b7b825-f91f8a84.png,OEBPS/images/chart-09-62b7b825-f91f8a84.png,true,图9：官方制造业固定资产投资增速和调整值,9,图9：官方制造业固定资产投资增速和调整值,数据来源：Wind，安信证券
102,盈虚之有时,10,OEBPS/text/article-102-analysis-2014-07-07-1v3ncu2.xhtml,../images/chart-10-240c7d02-c1dcff9c.png,OEBPS/images/chart-10-240c7d02-c1dcff9c.png,true,图10：上市房地产企业存货水平,10,图10：上市房地产企业存货水平,数据来源：Wind，安信证券
102,盈虚之有时,11,OEBPS/text/article-102-analysis-2014-07-07-1v3ncu2.xhtml,../images/chart-11-2937d452-6c6af8a8.png,OEBPS/images/chart-11-2937d452-6c6af8a8.png,true,图11：上市房地产企业总资产水平,11,图11：上市房地产企业总资产水平,数据来源：Wind，安信证券
102,盈虚之有时,12,OEBPS/text/article-102-analysis-2014-07-07-1v3ncu2.xhtml,../images/chart-12-715c7d17-f0878bf0.png,OEBPS/images/chart-12-715c7d17-f0878bf0.png,true,图12：上市房地产企业ROA 和ROE,12,图12：上市房地产企业ROA 和ROE,数据来源：Wind，安信证券
102,盈虚之有时,13,OEBPS/text/article-102-analysis-2014-07-07-1v3ncu2.xhtml,../images/chart-13-6549dd0b-aa764fcc.png,OEBPS/images/chart-13-6549dd0b-aa764fcc.png,true,图13：70 大中城市：一二三线城市新建住宅价格定基指数,13,图13：70 大中城市：一二三线城市新建住宅价格定基指数,数据来源：Wind，安信证券
102,盈虚之有时,14,OEBPS/text/article-102-analysis-2014-07-07-1v3ncu2.xhtml,../images/chart-14-fd59f43a-734db776.png,OEBPS/images/chart-14-fd59f43a-734db776.png,true,图14：百城：一二三线城市住宅价格定基指数,14,图14：百城：一二三线城市住宅价格定基指数,数据来源：Wind，安信证券
102,盈虚之有时,15,OEBPS/text/article-102-analysis-2014-07-07-1v3ncu2.xhtml,../images/chart-15-cdcb8a30-669331dd.png,OEBPS/images/chart-15-cdcb8a30-669331dd.png,true,图15：商品房销售面积当季同比增速,15,图15：商品房销售面积当季同比增速,数据来源：Wind，安信证券
102,盈虚之有时,16,OEBPS/text/article-102-analysis-2014-07-07-1v3ncu2.xhtml,../images/chart-16-c617410c-a3cd21ed.png,OEBPS/images/chart-16-c617410c-a3cd21ed.png,true,图16：房屋新开工面积当季同比增速,16,图16：房屋新开工面积当季同比增速,数据来源：Wind，安信证券
104,守望春华,1,OEBPS/text/article-104-analysis-2016-12-27-auk8v4.xhtml,../images/chart-01-7f420313-ad55e173.png,OEBPS/images/chart-01-7f420313-ad55e173.png,true,图1：小学在校生人数增速和房价涨幅，%,1,图1：小学在校生人数增速和房价涨幅，%,数据来源：国家统计局统计年鉴，安信证券
104,守望春华,2,OEBPS/text/article-104-analysis-2016-12-27-auk8v4.xhtml,../images/chart-02-2a64ab6f-817b6e9d.png,OEBPS/images/chart-02-2a64ab6f-817b6e9d.png,true,图2：小学在校生人数增速和房价涨幅，%,2,图2：小学在校生人数增速和房价涨幅，%,数据来源：国家统计局统计年鉴，安信证券
104,守望春华,3,OEBPS/text/article-104-analysis-2016-12-27-auk8v4.xhtml,../images/chart-03-d2d4feb1-9cef9ed9.png,OEBPS/images/chart-03-d2d4feb1-9cef9ed9.png,true,图3：二线城市小学在校生人数增速比较,3,图3：二线城市小学在校生人数增速比较,"数据来源：国家统计局统计年鉴，安信证券 说明：按照2015年1月至2016年7月房价涨幅将二线城市分为两组，房价涨幅居前的城市包括厦门,南京,合肥,广州,杭州,天津,武汉,福州,郑州,南昌；涨幅居后的城市包括沈阳,兰州,哈尔滨,长春,昆明,大连,呼和浩特,银川,西宁,乌鲁木齐。"
104,守望春华,4,OEBPS/text/article-104-analysis-2016-12-27-auk8v4.xhtml,../images/chart-04-f5e2d96b-6b4a8386.png,OEBPS/images/chart-04-f5e2d96b-6b4a8386.png,true,图4：两组二线城市住宅销售面积增速差，%,4,图4：两组二线城市住宅销售面积增速差，%,数据来源：国家统计局统计年鉴，安信证券 注：涨幅较大的10个二线城市和涨幅较小的10个二线城市住宅销售增速差。
104,守望春华,5,OEBPS/text/article-104-analysis-2016-12-27-auk8v4.xhtml,../images/chart-05-f59fb9b8-62f6dcfd.png,OEBPS/images/chart-05-f59fb9b8-62f6dcfd.png,true,图5：两组二线城市住宅新开工面积增速差异，%,5,图5：两组二线城市住宅新开工面积增速差异，%,数据来源：国家统计局统计年鉴，安信证券
104,守望春华,6,OEBPS/text/article-104-analysis-2016-12-27-auk8v4.xhtml,../images/chart-06-09c4135d-75eced85.png,OEBPS/images/chart-06-09c4135d-75eced85.png,true,图6：居民可支配收入增速对比，%,6,图6：居民可支配收入增速对比，%,数据来源：Wind，安信证券
104,守望春华,7,OEBPS/text/article-104-analysis-2016-12-27-auk8v4.xhtml,../images/chart-07-d6e290a4-b9ec1e8d.png,OEBPS/images/chart-07-d6e290a4-b9ec1e8d.png,true,图7：教育财政支出和小学生人数增速,7,图7：教育财政支出和小学生人数增速,数据来源：Wind，安信证券 注：横轴是城市人均教育财政支出/该省人均教育财政支出（2010-2012年均值），纵轴是小学在校生人数增速（2013-2015年均值）
104,守望春华,8,OEBPS/text/article-104-analysis-2016-12-27-auk8v4.xhtml,../images/chart-08-01cc9e47-04d25633.png,OEBPS/images/chart-08-01cc9e47-04d25633.png,true,图8：以小学在校生增速衡量的人口集中涌入的城市,8,图8：以小学在校生增速衡量的人口集中涌入的城市,数据来源：国家统计局，安信证券
104,守望春华,9,OEBPS/text/article-104-analysis-2016-12-27-auk8v4.xhtml,../images/chart-09-d169edea-03aead67.png,OEBPS/images/chart-09-d169edea-03aead67.png,true,图9：城市夜晚灯光亮度,9,图9：城市夜晚灯光亮度,数据来源：NASA，安信证券
104,守望春华,10,OEBPS/text/article-104-analysis-2016-12-27-auk8v4.xhtml,../images/chart-10-cb7960cb-e27b38b6.png,OEBPS/images/chart-10-cb7960cb-e27b38b6.png,true,图10：城市夜晚灯光亮度,10,图10：城市夜晚灯光亮度,数据来源：NASA，安信证券
104,守望春华,11,OEBPS/text/article-104-analysis-2016-12-27-auk8v4.xhtml,../images/chart-11-d3c60b77-b3ff2248.png,OEBPS/images/chart-11-d3c60b77-b3ff2248.png,true,图11：城市灯光亮度比较,11,图11：城市灯光亮度比较,数据来源：NASA，安信证券 注：城市灯光亮度定义为城市范围内明度平均值。定义城市范围为明度超过85的范围（以像素数计算）。
104,守望春华,12,OEBPS/text/article-104-analysis-2016-12-27-auk8v4.xhtml,../images/chart-12-df7d4f23-9219f6bc.png,OEBPS/images/chart-12-df7d4f23-9219f6bc.png,true,图12：城市灯光密集区域占城市范围比例,12,图12：城市灯光密集区域占城市范围比例,数据来源：NASA，安信证券 注：定义灯光密集区域为明度超过150的范围（以像素数计算），定义城市范围为明度超过85的范围（以像素数计算）。
104,守望春华,13,OEBPS/text/article-104-analysis-2016-12-27-auk8v4.xhtml,../images/chart-13-49c0109f-8933c11a.png,OEBPS/images/chart-13-49c0109f-8933c11a.png,true,图13：海港城市圈居住用地占城市建设用地比重(统一按中国口径）,13,图13：海港城市圈居住用地占城市建设用地比重(统一按中国口径）,"数据来源：国家统计局，The Government of the Hong Kong Special Administrative Region; Japan Ministry of Land, Infrastructure, Transport and Tourism; City of New York Department of City Planning; 注：标*城市数据调整为扣除小区绿地和道路后的居住用地占比，与国际比较口径更一致。国内小区绿地和道路占比在30%-45%之间，这里按照30%的保守数字考虑。"
104,守望春华,14,OEBPS/text/article-104-analysis-2016-12-27-auk8v4.xhtml,../images/chart-14-da3829c7-025e1a30.png,OEBPS/images/chart-14-da3829c7-025e1a30.png,true,图14：内陆首都城市圈居住用地占城市建设用地比重(统一按中国口径）,14,图14：内陆首都城市圈居住用地占城市建设用地比重(统一按中国口径）,数据来源：国家统计局，Seoul Urban Planning Bureau; London government;安信证券
104,守望春华,15,OEBPS/text/article-104-analysis-2016-12-27-auk8v4.xhtml,../images/chart-15-3d9d41b5-09efc914.png,OEBPS/images/chart-15-3d9d41b5-09efc914.png,true,图15：全球主要城市房价收入比,15,图15：全球主要城市房价收入比,数据来源：CBRE，安信证券
104,守望春华,16,OEBPS/text/article-104-analysis-2016-12-27-auk8v4.xhtml,../images/chart-16-daf36df2-97b45a43.png,OEBPS/images/chart-16-daf36df2-97b45a43.png,true,图16：居住用地面积增速和房价涨幅，%,16,图16：居住用地面积增速和房价涨幅，%,数据来源：国家统计局，CEIC，安信证券 注：33个城市。横轴为城市居住用地面积年均增速（2008年至2014年），纵轴为2009年1月至2016年9月房价累计涨幅（数据选择统计局70大中城市新建住宅价格指数）。
104,守望春华,17,OEBPS/text/article-104-analysis-2016-12-27-auk8v4.xhtml,../images/chart-17-9648dfaa-f7725305.png,OEBPS/images/chart-17-9648dfaa-f7725305.png,true,图17：居住用地面积增速和房价涨幅，%（人均三产GDP 前10 的城市）,17,图17：居住用地面积增速和房价涨幅，%（人均三产GDP 前10 的城市）,数据来源：国家统计局，CEIC，安信证券
104,守望春华,18,OEBPS/text/article-104-analysis-2016-12-27-auk8v4.xhtml,../images/chart-18-0f3713c5-3fcd7875.png,OEBPS/images/chart-18-0f3713c5-3fcd7875.png,true,图18：居住用地面积增速和房价涨幅，%（小学在校生人数前10 的城市）,18,图18：居住用地面积增速和房价涨幅，%（小学在校生人数前10 的城市）,数据来源：国家统计局，CEIC，安信证券
104,守望春华,19,OEBPS/text/article-104-analysis-2016-12-27-auk8v4.xhtml,../images/chart-19-050f893c-90d8328f.png,OEBPS/images/chart-19-050f893c-90d8328f.png,true,图19：居住用地面积增速和房价涨幅，%（城市常住人口前10 的城市）,19,图19：居住用地面积增速和房价涨幅，%（城市常住人口前10 的城市）,数据来源：国家统计局，CEIC，安信证券
104,守望春华,20,OEBPS/text/article-104-analysis-2016-12-27-auk8v4.xhtml,../images/chart-20-96208cbd-f4fdff41.png,OEBPS/images/chart-20-96208cbd-f4fdff41.png,true,图20：居住用地面积增速和常住人口的关系,20,图20：居住用地面积增速和常住人口的关系,数据来源：国家统计局，安信证券 注：纵轴为城市居住用地面积增速（%），横轴为城市常住人口（百万人）。
104,守望春华,21,OEBPS/text/article-104-analysis-2016-12-27-auk8v4.xhtml,../images/chart-21-b58321b6-c51ac8a5.png,OEBPS/images/chart-21-b58321b6-c51ac8a5.png,true,图21：二线涨幅靠前城市测算非合意库存量（千平米）,21,图21：二线涨幅靠前城市测算非合意库存量（千平米）,数据来源：CEIC，安信证券 数据说明：本期库存=上期库存+本期新开工*修正系数-本期销售
104,守望春华,22,OEBPS/text/article-104-analysis-2016-12-27-auk8v4.xhtml,../images/chart-22-651daae2-337f25a0.png,OEBPS/images/chart-22-651daae2-337f25a0.png,true,图22：二线涨幅靠后城市测算非合意库存量（千平米）,22,图22：二线涨幅靠后城市测算非合意库存量（千平米）,数据来源：CEIC，安信证券
104,守望春华,23,OEBPS/text/article-104-analysis-2016-12-27-auk8v4.xhtml,../images/chart-23-9b35d14a-d8fed53a.png,OEBPS/images/chart-23-9b35d14a-d8fed53a.png,true,图23：三四线城市测算非合意库存量（千平米）,23,图23：三四线城市测算非合意库存量（千平米）,数据来源：CEIC，安信证券 假定2017-2018年库存去化速度和2015年去化的绝对水平相同。到2018年2月库存回到合理水平。
104,守望春华,24,OEBPS/text/article-104-analysis-2016-12-27-auk8v4.xhtml,../images/chart-24-e7a29fc8-0e1465c3.png,OEBPS/images/chart-24-e7a29fc8-0e1465c3.png,true,图24：上市房地产企业存货/总资产,24,图24：上市房地产企业存货/总资产,数据来源：wind，安信证券
104,守望春华,25,OEBPS/text/article-104-analysis-2016-12-27-auk8v4.xhtml,../images/chart-25-313d6547-7a850f6e.png,OEBPS/images/chart-25-313d6547-7a850f6e.png,true,图25：日本房地产投资占GDP 比重，%,25,图25：日本房地产投资占GDP 比重，%,数据来源：OECD，安信证券
104,守望春华,26,OEBPS/text/article-104-analysis-2016-12-27-auk8v4.xhtml,../images/chart-26-306eb2ae-f7400f91.png,OEBPS/images/chart-26-306eb2ae-f7400f91.png,true,图26：美国房地产投资占GDP 比重，%,26,图26：美国房地产投资占GDP 比重，%,数据来源：OECD，安信证券
104,守望春华,27,OEBPS/text/article-104-analysis-2016-12-27-auk8v4.xhtml,../images/chart-27-305efaa4-41609e59.png,OEBPS/images/chart-27-305efaa4-41609e59.png,true,图27：PPI 环比（%）,27,图27：PPI 环比（%）,数据来源：Wind，安信证券
104,守望春华,28,OEBPS/text/article-104-analysis-2016-12-27-auk8v4.xhtml,../images/chart-28-8286952c-563abb55.png,OEBPS/images/chart-28-8286952c-563abb55.png,true,图28：规模以上工业企业主营业务收入累计利润率（%）,28,图28：规模以上工业企业主营业务收入累计利润率（%）,数据来源：Wind，安信证券
104,守望春华,29,OEBPS/text/article-104-analysis-2016-12-27-auk8v4.xhtml,../images/chart-29-1e3f6fc0-c1ee96ca.png,OEBPS/images/chart-29-1e3f6fc0-c1ee96ca.png,true,图29：上市工业企业主营业务收入累计利润率（%）,29,图29：上市工业企业主营业务收入累计利润率（%）,数据来源：Wind，安信证券
104,守望春华,30,OEBPS/text/article-104-analysis-2016-12-27-auk8v4.xhtml,../images/chart-30-0246ade8-6dcd9742.png,OEBPS/images/chart-30-0246ade8-6dcd9742.png,true,图30：上市工业企业滚动ROA（%）,30,图30：上市工业企业滚动ROA（%）,数据来源：Wind，安信证券
104,守望春华,31,OEBPS/text/article-104-analysis-2016-12-27-auk8v4.xhtml,../images/chart-31-60dda67e-9f77db21.png,OEBPS/images/chart-31-60dda67e-9f77db21.png,true,图31：宏观杠杆水平的衡量——债务/GDP（%）,31,图31：宏观杠杆水平的衡量——债务/GDP（%）,数据来源：Wind，安信证券
104,守望春华,32,OEBPS/text/article-104-analysis-2016-12-27-auk8v4.xhtml,../images/chart-32-39061ed3-00679e7e.png,OEBPS/images/chart-32-39061ed3-00679e7e.png,true,图32：住户部门负债/GDP（%）,32,图32：住户部门负债/GDP（%）,数据来源：BIS，安信证券
104,守望春华,33,OEBPS/text/article-104-analysis-2016-12-27-auk8v4.xhtml,../images/chart-33-d7c2e95b-bb207919.png,OEBPS/images/chart-33-d7c2e95b-bb207919.png,true,图33：政府部门负债/GDP（%）,33,图33：政府部门负债/GDP（%）,数据来源：BIS，安信证券
104,守望春华,34,OEBPS/text/article-104-analysis-2016-12-27-auk8v4.xhtml,../images/chart-34-d007f5f4-52a3efa3.png,OEBPS/images/chart-34-d007f5f4-52a3efa3.png,true,图34：非金融企业部门负债/GDP（%）,34,图34：非金融企业部门负债/GDP（%）,数据来源：BIS，安信证券
104,守望春华,35,OEBPS/text/article-104-analysis-2016-12-27-auk8v4.xhtml,../images/chart-35-6b168537-ddf97369.png,OEBPS/images/chart-35-6b168537-ddf97369.png,true,图35：非金融上市企业负债/销售收入（%）,35,图35：非金融上市企业负债/销售收入（%）,数据来源：wind，安信证券
104,守望春华,36,OEBPS/text/article-104-analysis-2016-12-27-auk8v4.xhtml,../images/chart-36-99670b66-17ff4965.png,OEBPS/images/chart-36-99670b66-17ff4965.png,true,图36：非金融上市企业资产负债率（%）,36,图36：非金融上市企业资产负债率（%）,数据来源：wind，安信证券
104,守望春华,37,OEBPS/text/article-104-analysis-2016-12-27-auk8v4.xhtml,../images/chart-37-80abc435-43b2550d.png,OEBPS/images/chart-37-80abc435-43b2550d.png,true,图37：非金融上市企业资产周转率（%）,37,图37：非金融上市企业资产周转率（%）,数据来源：wind，安信证券
104,守望春华,38,OEBPS/text/article-104-analysis-2016-12-27-auk8v4.xhtml,../images/chart-38-4f6d568e-2b11c080.png,OEBPS/images/chart-38-4f6d568e-2b11c080.png,true,图38：非金融上市企业资产周转率和剔除通胀影响的资产周转率（%）,38,图38：非金融上市企业资产周转率和剔除通胀影响的资产周转率（%）,数据来源：wind，安信证券 数据说明：选取2002年为基期，用PPI同比deflate当年销售收入和新增资产
104,守望春华,39,OEBPS/text/article-104-analysis-2016-12-27-auk8v4.xhtml,../images/chart-39-bac44fd0-15842ce2.png,OEBPS/images/chart-39-bac44fd0-15842ce2.png,true,图39：PPI 定基数（2002 年=100）,39,图39：PPI 定基数（2002 年=100）,数据来源：wind，安信证券
111,风物长宜放眼量,1,OEBPS/text/article-111-analysis-2021-07-08-b3nxx8.xhtml,../images/chart-01-0eec529a-56599564.png,OEBPS/images/chart-01-0eec529a-56599564.png,true,图1：东亚经济转型中的实际GDP 增速，%,1,,数据来源：Wind，安信证券
111,风物长宜放眼量,2,OEBPS/text/article-111-analysis-2021-07-08-b3nxx8.xhtml,../images/chart-02-035ba0b0-27fa72d7.png,OEBPS/images/chart-02-035ba0b0-27fa72d7.png,true,图2：中国增量资本产出比（ICOR）,2,,数据来源：Wind，安信证券 ICOR滞后一期算法举例：2000年ICOR=2000年现价固定资本形成总额/（2001年现价GDP/2001年平减指数-2000年现价GDP）。2019年ICOR为估计值，使用调整后的2020年GDP以及平减指数（通过2019-2021年几何平均增速推算）。
111,风物长宜放眼量,3,OEBPS/text/article-111-analysis-2021-07-08-b3nxx8.xhtml,../images/chart-03-866d41e9-7b55a6c7.png,OEBPS/images/chart-03-866d41e9-7b55a6c7.png,true,图3：中国增量资本产出比（ICOR，每5 年几何平均）,3,,数据来源：Wind，安信证券 五年几何平均算法使用不变价的5年固定资本形成总额加总，除以滞后一期的5年不变价GDP新增总额。2019年ICOR为估计值，使用调整后的2020年实际GDP测算。
111,风物长宜放眼量,4,OEBPS/text/article-111-analysis-2021-07-08-b3nxx8.xhtml,../images/chart-04-b29186cd-f75f3029.png,OEBPS/images/chart-04-b29186cd-f75f3029.png,true,图4：东亚经济转型时期：ICOR 对标 （每5 年几何平均）,4,,数据来源：Wind，安信证券
111,风物长宜放眼量,5,OEBPS/text/article-111-analysis-2021-07-08-b3nxx8.xhtml,../images/chart-05-4c2dd4ea-a9d953f4.png,OEBPS/images/chart-05-4c2dd4ea-a9d953f4.png,true,图5：东亚经济转型时期：ICOR 对标（5 年几何平均逐年）,5,,数据来源：Wind，安信证券
111,风物长宜放眼量,6,OEBPS/text/article-111-analysis-2021-07-08-b3nxx8.xhtml,../images/chart-06-d75e5edf-6a755aad.png,OEBPS/images/chart-06-d75e5edf-6a755aad.png,true,图6：东亚经济转型时期：ICOR 对标（5 年几何平均）,6,,数据来源：Wind，安信证券
111,风物长宜放眼量,7,OEBPS/text/article-111-analysis-2021-07-08-b3nxx8.xhtml,../images/chart-07-546603a1-370e657c.png,OEBPS/images/chart-07-546603a1-370e657c.png,true,图7：中国资本报酬率与ICOR 倒数,7,,数据来源：Wind，安信证券
111,风物长宜放眼量,8,OEBPS/text/article-111-analysis-2021-07-08-b3nxx8.xhtml,../images/chart-08-979bdc49-e3fbb561.png,OEBPS/images/chart-08-979bdc49-e3fbb561.png,true,图8：上市公司ROA，% （每5 年平均）,8,,数据来源：Wind，安信证券
111,风物长宜放眼量,9,OEBPS/text/article-111-analysis-2021-07-08-b3nxx8.xhtml,../images/chart-09-e86e2891-7b6e08dc.png,OEBPS/images/chart-09-e86e2891-7b6e08dc.png,true,图9：全国国企及央企总资产报酬率，%（财政部口径，阶段平均）,9,,数据来源：Wind，安信证券 数据截至2018年
111,风物长宜放眼量,10,OEBPS/text/article-111-analysis-2021-07-08-b3nxx8.xhtml,../images/chart-10-92bdbe0f-c3eb866f.png,OEBPS/images/chart-10-92bdbe0f-c3eb866f.png,true,图10：工业企业实际ROA：国有和非国有，% （每5 年平均）,10,,数据来源：Wind，安信证券
111,风物长宜放眼量,11,OEBPS/text/article-111-analysis-2021-07-08-b3nxx8.xhtml,../images/chart-11-bf9b2d8c-17ec8a7f.png,OEBPS/images/chart-11-bf9b2d8c-17ec8a7f.png,true,图11：东亚转型时期：1 年期国债名义利率，% （每5 年平均）,11,,数据来源： Wind，安信证券；日本在转型对标时期受到利率管制影响较大，故予以剔除。
111,风物长宜放眼量,12,OEBPS/text/article-111-analysis-2021-07-08-b3nxx8.xhtml,../images/chart-12-2ea6c8fe-00ee1809.png,OEBPS/images/chart-12-2ea6c8fe-00ee1809.png,true,图12：中国转型时期：1 年期国债名义利率，% （每5 年平均）,12,,数据来源：Wind，安信证券
111,风物长宜放眼量,13,OEBPS/text/article-111-analysis-2021-07-08-b3nxx8.xhtml,../images/chart-13-a5ab937d-e158f743.png,OEBPS/images/chart-13-a5ab937d-e158f743.png,true,图13：东亚转型时期：1 年期国债实际利率，% （每5 年平均）,13,,数据来源：Wind，安信证券
111,风物长宜放眼量,14,OEBPS/text/article-111-analysis-2021-07-08-b3nxx8.xhtml,../images/chart-14-594b5a92-4c8ac0c1.png,OEBPS/images/chart-14-594b5a92-4c8ac0c1.png,true,图14：中国转型时期：1 年期国债实际利率，% （每5 年平均）,14,,数据来源：Wind，安信证券
111,风物长宜放眼量,15,OEBPS/text/article-111-analysis-2021-07-08-b3nxx8.xhtml,../images/chart-15-5ea927c9-03794d1d.png,OEBPS/images/chart-15-5ea927c9-03794d1d.png,true,图15：东亚经济转型时期：名义贷款利率，% （每5 年平均）,15,,数据来源：Wind，安信证券
111,风物长宜放眼量,16,OEBPS/text/article-111-analysis-2021-07-08-b3nxx8.xhtml,../images/chart-16-b1ceaf46-0de4572c.png,OEBPS/images/chart-16-b1ceaf46-0de4572c.png,true,图16：东亚经济转型时期：实际贷款利率，% （每5 年平均）,16,,数据来源：Wind，安信证券；剔除日本利率管制时期样本；贷款类实际利率由剔除PPI得到。
111,风物长宜放眼量,17,OEBPS/text/article-111-analysis-2021-07-08-b3nxx8.xhtml,../images/chart-17-89a3a12a-6b37db3c.png,OEBPS/images/chart-17-89a3a12a-6b37db3c.png,true,图17：中国经济转型时期：实际贷款加权利率，% （每5 年平均）,17,,数据来源：Wind，安信证券；实际贷款加权利率使用金融机构贷款利率、企业债和信托利率加权得到。
111,风物长宜放眼量,18,OEBPS/text/article-111-analysis-2021-07-08-b3nxx8.xhtml,../images/chart-18-132d03be-b6fcae9b.png,OEBPS/images/chart-18-132d03be-b6fcae9b.png,true,图18：东亚经济转型时期：国民储蓄率，%（每5 年平均）,18,,数据来源：Wind，安信证券
111,风物长宜放眼量,19,OEBPS/text/article-111-analysis-2021-07-08-b3nxx8.xhtml,../images/chart-19-3da71d36-59089e46.png,OEBPS/images/chart-19-3da71d36-59089e46.png,true,图19：东亚经济转型时期：国民储蓄率，%（每5 年平均）,19,,数据来源：Wind，安信证券
111,风物长宜放眼量,20,OEBPS/text/article-111-analysis-2021-07-08-b3nxx8.xhtml,../images/chart-20-d2f07106-104e0ce4.png,OEBPS/images/chart-20-d2f07106-104e0ce4.png,true,图20：东亚经济转型时期：国民储蓄率，%（20 年平均）,20,,数据来源：Wind，安信证券
111,风物长宜放眼量,21,OEBPS/text/article-111-analysis-2021-07-08-b3nxx8.xhtml,../images/chart-21-de838d56-048ef064.png,OEBPS/images/chart-21-de838d56-048ef064.png,true,图21：ICOR 与一年期国债实际利率（每5 年平均）,21,,数据来源：Wind，安信证券；剔除日本70-80年代利率管制时期3个样本。
111,风物长宜放眼量,22,OEBPS/text/article-111-analysis-2021-07-08-b3nxx8.xhtml,../images/chart-22-0b42afb1-d03d25fd.png,OEBPS/images/chart-22-0b42afb1-d03d25fd.png,true,图22：ICOR 与名义贷款利率（每5 年平均）,22,,数据来源：Wind，安信证券；剔除日本70-80年代利率管制时期3个样本。
111,风物长宜放眼量,23,OEBPS/text/article-111-analysis-2021-07-08-b3nxx8.xhtml,../images/chart-23-9197a286-0760a1c6.png,OEBPS/images/chart-23-9197a286-0760a1c6.png,true,图23：ICOR 与实际贷款利率（每5 年平均）,23,,数据来源：Wind，安信证券；未剔除日本利率管制时期样本。
111,风物长宜放眼量,24,OEBPS/text/article-111-analysis-2021-07-08-b3nxx8.xhtml,../images/chart-24-ef821549-67a65f2e.png,OEBPS/images/chart-24-ef821549-67a65f2e.png,true,图24：中国贷款、债券和信托：名义利率，% （阶段平均）,24,,数据来源：Wind，安信证券 名义贷款加权利率使用金融机构贷款利率、企业债和信托利率加权得到；2018年起信托贷款负增长，未计入加权中。
111,风物长宜放眼量,25,OEBPS/text/article-111-analysis-2021-07-08-b3nxx8.xhtml,../images/chart-25-34db99a3-523e9521.png,OEBPS/images/chart-25-34db99a3-523e9521.png,true,图25：中国贷款、债券和信托：实际利率，% （阶段平均）,25,,数据来源：Wind，安信证券 实际贷款加权利率使用金融机构贷款利率、企业债和信托利率加权得到；其中，债券类实际利率由剔除CPI得到，贷款类实际利率由剔除PPI得到； 2018年起信托贷款负增长，未计入加权中。
111,风物长宜放眼量,26,OEBPS/text/article-111-analysis-2021-07-08-b3nxx8.xhtml,../images/chart-26-d91b352f-0a020321.png,OEBPS/images/chart-26-d91b352f-0a020321.png,true,图26：中国经常账户差额:占GDP 比重，%（每5 年平均）,26,,数据来源：Wind，安信证券
111,风物长宜放眼量,27,OEBPS/text/article-111-analysis-2021-07-08-b3nxx8.xhtml,../images/chart-27-0d59126a-415a3323.png,OEBPS/images/chart-27-0d59126a-415a3323.png,true,图27：测算实体企业、广义政府和房地产口径的增量债务占比，%,27,,数据来源：Wind，安信证券；广义政府和房地产债务=国债、地方债、城投平台贷款和债券+（信托+委托贷款）*80%+房地产开发贷款+居民按揭贷款+铁道部债券；实体企业债务=社融口径下的（贷款+企业债-城投平台债务）+（信托+委托贷款）*20%-房地产开发贷款-铁道部债券。
112,沉舟侧畔千帆过,1,OEBPS/text/article-112-analysis-2021-12-24-1ilob08.xhtml,../images/chart-01-422df510-98c577bf.png,OEBPS/images/chart-01-422df510-98c577bf.png,true,图1：商品房销售与新增城镇常住、就业人口增速之差（%，5YMA）,1,,数据来源：Wind，安信证券
112,沉舟侧畔千帆过,2,OEBPS/text/article-112-analysis-2021-12-24-1ilob08.xhtml,../images/chart-02-96bcb41a-dd0e2c36.png,OEBPS/images/chart-02-96bcb41a-dd0e2c36.png,true,图2：商品房销售与新增城镇常住、就业人口增速之差（%，HP 滤波）,2,,数据来源：Wind，安信证券
112,沉舟侧畔千帆过,3,OEBPS/text/article-112-analysis-2021-12-24-1ilob08.xhtml,../images/chart-03-33a94470-7c9b5f10.png,OEBPS/images/chart-03-33a94470-7c9b5f10.png,true,图3：新增城镇常住、就业人口与商品房销售面积增速（%，5 年平均）,3,,数据来源：Wind，安信证券 2000-2004年期间新增城镇常住人口平均增速主要受2004年增速-9.72%的拖累，若剔除则为0.77%。
112,沉舟侧畔千帆过,4,OEBPS/text/article-112-analysis-2021-12-24-1ilob08.xhtml,../images/chart-04-ca8b3da4-9b659843.png,OEBPS/images/chart-04-ca8b3da4-9b659843.png,true,图4：商品房销售面积真实值与估计值，亿平方米,4,,数据来源：Wind，安信证券
112,沉舟侧畔千帆过,5,OEBPS/text/article-112-analysis-2021-12-24-1ilob08.xhtml,../images/chart-05-dd78a41d-56599564.png,OEBPS/images/chart-05-dd78a41d-56599564.png,true,图5：东亚经济转型中的实际GDP 增速，%,5,,数据来源：Wind，安信证券
112,沉舟侧畔千帆过,6,OEBPS/text/article-112-analysis-2021-12-24-1ilob08.xhtml,../images/chart-06-2fa81db4-ffab6f72.png,OEBPS/images/chart-06-2fa81db4-ffab6f72.png,true,"图6：东亚经济体：住宅投资/GDP（%,HP 滤波）",6,,数据来源：Wind，安信证券 为增加数据的时间跨度，将对标原点全部推后10年，即：日本1978年、韩国2001年、中国台湾1997年、中国2020年。
112,沉舟侧畔千帆过,7,OEBPS/text/article-112-analysis-2021-12-24-1ilob08.xhtml,../images/chart-07-2e08fd0a-de0f4672.png,OEBPS/images/chart-07-2e08fd0a-de0f4672.png,true,图7：测算商品房存货周转率，%,7,,数据来源：Wind，安信证券
112,沉舟侧畔千帆过,8,OEBPS/text/article-112-analysis-2021-12-24-1ilob08.xhtml,../images/chart-08-ed17ea68-bd650b73.png,OEBPS/images/chart-08-ed17ea68-bd650b73.png,true,图8：房地产行业销售净利率，%,8,,数据来源：Wind，安信证券 统计口径为A股申万行业分类
112,沉舟侧畔千帆过,9,OEBPS/text/article-112-analysis-2021-12-24-1ilob08.xhtml,../images/chart-09-8999db1d-dee9b806.png,OEBPS/images/chart-09-8999db1d-dee9b806.png,true,图9：人民币实际有效汇率指数,9,,数据来源：Wind，安信证券
112,沉舟侧畔千帆过,10,OEBPS/text/article-112-analysis-2021-12-24-1ilob08.xhtml,../images/chart-10-3b3cfcc2-67d01b25.png,OEBPS/images/chart-10-3b3cfcc2-67d01b25.png,true,图10：中国出口额、工业出口交货值占全球市场的份额，%,10,,数据来源：Wind，安信证券 2021年数据截至2021年9月，规上工业企业出口交货值以2010年的绝对值为起点，通过同比增速推算后续每年的绝对值。
112,沉舟侧畔千帆过,11,OEBPS/text/article-112-analysis-2021-12-24-1ilob08.xhtml,../images/chart-11-ad8401c8-6edd72ea.png,OEBPS/images/chart-11-ad8401c8-6edd72ea.png,true,图11：出口交货值分类下的工业增速，%,11,,数据来源：Wind，安信证券 按照2010-2019年出口交货值占比提升的水平，把制造业行业划分为3类，高增长组为占比提升最高的前1/3（10个）行业。
112,沉舟侧畔千帆过,12,OEBPS/text/article-112-analysis-2021-12-24-1ilob08.xhtml,../images/chart-12-cacd5c95-04cfa4da.png,OEBPS/images/chart-12-cacd5c95-04cfa4da.png,true,图12：出口交货值分类下的工业增加值占比，%,12,,数据来源：Wind，安信证券
112,沉舟侧畔千帆过,13,OEBPS/text/article-112-analysis-2021-12-24-1ilob08.xhtml,../images/chart-13-9f53e06f-031fef88.png,OEBPS/images/chart-13-9f53e06f-031fef88.png,true,图13：出口交货值分类下的资本开支/营业收入，%,13,,数据来源：Wind，安信证券 由于统计局工业企业数据中没有现金流量表数据，因此用“非流动资产每年的变化值（这一期减去上一期）+折旧”来指代当期的资本开支。
112,沉舟侧畔千帆过,14,OEBPS/text/article-112-analysis-2021-12-24-1ilob08.xhtml,../images/chart-14-8b63985d-f771953d.png,OEBPS/images/chart-14-8b63985d-f771953d.png,true,图14：出口交货值分类下的资本开支占比，%,14,,数据来源：Wind，安信证券
112,沉舟侧畔千帆过,15,OEBPS/text/article-112-analysis-2021-12-24-1ilob08.xhtml,../images/chart-15-bc90d2ba-aff86c79.png,OEBPS/images/chart-15-bc90d2ba-aff86c79.png,true,图15：不同营收增速分组的增加值增速，%,15,,数据来源：Wind，安信证券 剔除金融和地产；类比工业增加值以及收入法GDP的计算方法，上市公司的增加值=营业利润+薪酬+折旧+支付的各项税费-返还的税费-所得税。
112,沉舟侧畔千帆过,16,OEBPS/text/article-112-analysis-2021-12-24-1ilob08.xhtml,../images/chart-16-f7c75f85-d4b558d7.png,OEBPS/images/chart-16-f7c75f85-d4b558d7.png,true,图16：不同营收增速分组的利润总额/增加值，%,16,,数据来源：Wind，安信证券
112,沉舟侧畔千帆过,17,OEBPS/text/article-112-analysis-2021-12-24-1ilob08.xhtml,../images/chart-17-0f546dc4-cd7786d3.png,OEBPS/images/chart-17-0f546dc4-cd7786d3.png,true,图17：不同营收增速分组的增加值占比，%,17,,数据来源：Wind，安信证券 上市公司所有的年度数据和占比计算均为：每年固定样本推算增速，以2020年为起点反推2010-2019年。
112,沉舟侧畔千帆过,18,OEBPS/text/article-112-analysis-2021-12-24-1ilob08.xhtml,../images/chart-18-8ed4e3fc-600ead5e.png,OEBPS/images/chart-18-8ed4e3fc-600ead5e.png,true,图18：不同营收增速分组的资本开支占比，%,18,,数据来源：Wind，安信证券
112,沉舟侧畔千帆过,19,OEBPS/text/article-112-analysis-2021-12-24-1ilob08.xhtml,../images/chart-19-da7a74f8-79186637.png,OEBPS/images/chart-19-da7a74f8-79186637.png,true,图19：不同营收增速分组的员工人数占比，%,19,,数据来源：Wind，安信证券
112,沉舟侧畔千帆过,20,OEBPS/text/article-112-analysis-2021-12-24-1ilob08.xhtml,../images/chart-20-60379eb7-f855871a.png,OEBPS/images/chart-20-60379eb7-f855871a.png,true,图20：上市公司员工分组占比及新增流向，%,20,,数据来源：Wind，安信证券
112,沉舟侧畔千帆过,21,OEBPS/text/article-112-analysis-2021-12-24-1ilob08.xhtml,../images/chart-21-ce257895-afc69116.png,OEBPS/images/chart-21-ce257895-afc69116.png,true,图21：不同营收增速分组下的人均薪酬变化（定基数，以2014 年为100）,21,,数据来源：Wind，安信证券
112,沉舟侧畔千帆过,22,OEBPS/text/article-112-analysis-2021-12-24-1ilob08.xhtml,../images/chart-22-e1f9a770-9656e2c2.png,OEBPS/images/chart-22-e1f9a770-9656e2c2.png,true,图22：不同营收增速分组的市值占比，%,22,,数据来源：Wind，安信证券
112,沉舟侧畔千帆过,23,OEBPS/text/article-112-analysis-2021-12-24-1ilob08.xhtml,../images/chart-23-d374074f-631a1113.png,OEBPS/images/chart-23-d374074f-631a1113.png,true,图23：不同营收增速分组下的股价变化（以2010 年为100）,23,,数据来源：Wind，安信证券 以2010年底为100，以每年年初的流通市值为权重，将行业指数加权为分组指数；高、中、低三组每年的几何平均涨幅分别为9.5%、3.9%、-0.5%。
112,沉舟侧畔千帆过,24,OEBPS/text/article-112-analysis-2021-12-24-1ilob08.xhtml,../images/chart-24-9f795626-32ba02b5.png,OEBPS/images/chart-24-9f795626-32ba02b5.png,true,图24：不同营收增速分组下的股价变化（以2009 年为100）,24,,数据来源：Wind，安信证券 以2009年底为100，以每年年初的流通市值为权重，将行业指数加权为分组指数；高、中、低三组每年的几何平均涨幅分别为9.7%、5%、-1.5%。
112,沉舟侧畔千帆过,25,OEBPS/text/article-112-analysis-2021-12-24-1ilob08.xhtml,../images/chart-25-c57c8919-156617c3.png,OEBPS/images/chart-25-c57c8919-156617c3.png,true,图25：不同营收增速分组的民营企业市值占比（%）,25,,数据来源：Wind，安信证券
114,物转星移又一秋,1,OEBPS/text/article-114-analysis-2022-12-18-373pwx.xhtml,../images/chart-01-2ec7b094-af37c6e7.png,OEBPS/images/chart-01-2ec7b094-af37c6e7.png,true,图1：居民户新增广义存贷款轧差/居民部门总收入（4Q，TTM），%,1,图1：居民户新增广义存贷款轧差/居民部门总收入（4Q，TTM），%,数据来源：Wind，安信证券 注：广义存款包括存款和货币基金
114,物转星移又一秋,2,OEBPS/text/article-114-analysis-2022-12-18-373pwx.xhtml,../images/chart-02-9d16335b-e5497cbb.png,OEBPS/images/chart-02-9d16335b-e5497cbb.png,true,图2：居民户储蓄率偏离值，%,2,图2：居民户储蓄率偏离值，%,数据来源：Wind，安信证券 估算方法：用名义GDP和社会消费品零售数据分别估计居民的收入和消费，进而推算得到储蓄率。
114,物转星移又一秋,3,OEBPS/text/article-114-analysis-2022-12-18-373pwx.xhtml,../images/chart-03-69e209d7-a972d636.png,OEBPS/images/chart-03-69e209d7-a972d636.png,true,图3：测算全国商品房非意愿库存，千平方米,3,,数据来源：Wind，安信证券 注：2022年数据截至10月
114,物转星移又一秋,4,OEBPS/text/article-114-analysis-2022-12-18-373pwx.xhtml,../images/chart-04-7120214b-2dc24ab6.png,OEBPS/images/chart-04-7120214b-2dc24ab6.png,true,图4：日本房地产投资占GDP 比重，%,4,,数据来源：Wind，安信证券
114,物转星移又一秋,5,OEBPS/text/article-114-analysis-2022-12-18-373pwx.xhtml,../images/chart-05-63e5801c-1da234ee.png,OEBPS/images/chart-05-63e5801c-1da234ee.png,true,图5：美国房地产投资占GDP 比重，%,5,,数据来源：Wind，安信证券
114,物转星移又一秋,6,OEBPS/text/article-114-analysis-2022-12-18-373pwx.xhtml,../images/chart-06-6da0f8a9-3fc031a6.png,OEBPS/images/chart-06-6da0f8a9-3fc031a6.png,true,图6：中国房地产投资占GDP 比重，%,6,,数据来源：Wind，安信证券 注：已剔除土地购置费，与日本、美国数据口径保持一致；2022年为估计值。
114,物转星移又一秋,7,OEBPS/text/article-114-analysis-2022-12-18-373pwx.xhtml,../images/chart-07-00eec4aa-70843770.png,OEBPS/images/chart-07-00eec4aa-70843770.png,true,图7：新房价格弹性，%,7,,数据来源：Wind，安信证券；注：使用每一轮周期70城房价同比顶部和底部的差，除以商品住宅销售当月同比顶部和底部的差。
114,物转星移又一秋,8,OEBPS/text/article-114-analysis-2022-12-18-373pwx.xhtml,../images/chart-08-6686b3a1-8070907e.png,OEBPS/images/chart-08-6686b3a1-8070907e.png,true,图8：二手房价格弹性，%,8,,数据来源：Wind，安信证券
114,物转星移又一秋,9,OEBPS/text/article-114-analysis-2022-12-18-373pwx.xhtml,../images/chart-09-11e0ad9e-6681b2ac.png,OEBPS/images/chart-09-11e0ad9e-6681b2ac.png,true,图9：增长与安全四象限,9,,资料来源：安信证券
114,物转星移又一秋,10,OEBPS/text/article-114-analysis-2022-12-18-373pwx.xhtml,../images/chart-10-924bc6e6-5ee88c00.png,OEBPS/images/chart-10-924bc6e6-5ee88c00.png,true,图10：行业相对万得全A 价格指数：国防军工（第一象限）,10,,数据来源：Wind，安信证券 注：2021年1月=100；股价为后复权。
114,物转星移又一秋,11,OEBPS/text/article-114-analysis-2022-12-18-373pwx.xhtml,../images/chart-11-732b880c-0fe3a611.png,OEBPS/images/chart-11-732b880c-0fe3a611.png,true,图11：行业内国企相对非国企PE：国防军工（第一象限）,11,,数据来源：Wind，安信证券 注：剔除净利润负值样本；采用国企加总市值/国企加总归母净利润（TTM）计算PE；后续指标计算口径相同。
114,物转星移又一秋,12,OEBPS/text/article-114-analysis-2022-12-18-373pwx.xhtml,../images/chart-12-7d21e0aa-f810f4c5.png,OEBPS/images/chart-12-7d21e0aa-f810f4c5.png,true,图12：行业内国企相对非国企PB：国防军工（第一象限）,12,,数据来源：Wind，安信证券 注：采用国企加总市值/国企加总归母权益计算PB；后续指标计算口径相同。
114,物转星移又一秋,13,OEBPS/text/article-114-analysis-2022-12-18-373pwx.xhtml,../images/chart-13-7251728f-dd409a62.png,OEBPS/images/chart-13-7251728f-dd409a62.png,true,图13：行业内国企相对非国企价格指数：国防军工（第一象限）,13,,数据来源：Wind，安信证券 注：股价为后复权；计算口径分别为市值加权和算数平均，后续指标计算口径相同；2021年3月=100。
114,物转星移又一秋,14,OEBPS/text/article-114-analysis-2022-12-18-373pwx.xhtml,../images/chart-14-87b50077-98cccadf.png,OEBPS/images/chart-14-87b50077-98cccadf.png,true,图14：万得中概股100 指数成分——互联网（第二象限）,14,,数据来源：Wind，安信证券
114,物转星移又一秋,15,OEBPS/text/article-114-analysis-2022-12-18-373pwx.xhtml,../images/chart-15-c93cc0d6-e3f9d1f2.png,OEBPS/images/chart-15-c93cc0d6-e3f9d1f2.png,true,图15：万得中概股100 相对纳斯达克价格指数：互联网（第二象限）,15,,数据来源：Wind，安信证券；2021年3月=100。
114,物转星移又一秋,16,OEBPS/text/article-114-analysis-2022-12-18-373pwx.xhtml,../images/chart-16-51365e58-cc6b66ea.png,OEBPS/images/chart-16-51365e58-cc6b66ea.png,true,图16：万得中概股100 指数营业收入增速（固定样本， 第二象限）,16,,数据来源：Wind，安信证券；2022年数据采用截至三季度TTM计算。
114,物转星移又一秋,17,OEBPS/text/article-114-analysis-2022-12-18-373pwx.xhtml,../images/chart-17-239875ec-d837973c.png,OEBPS/images/chart-17-239875ec-d837973c.png,true,图17：万得中概股100 相对纳斯达克指数市净率变化（第二象限）,17,,数据来源：Wind，安信证券
114,物转星移又一秋,18,OEBPS/text/article-114-analysis-2022-12-18-373pwx.xhtml,../images/chart-18-50d49c65-22634a55.png,OEBPS/images/chart-18-50d49c65-22634a55.png,true,图18：行业相对万得全A 价格指数：家用电器（第三象限）,18,,数据来源：Wind，安信证券；2021年1月=100。
114,物转星移又一秋,19,OEBPS/text/article-114-analysis-2022-12-18-373pwx.xhtml,../images/chart-19-5c49f214-78edd76c.png,OEBPS/images/chart-19-5c49f214-78edd76c.png,true,图19：行业内国企相对非国企PE：家用电器（第三象限）,19,,数据来源：Wind，安信证券
114,物转星移又一秋,20,OEBPS/text/article-114-analysis-2022-12-18-373pwx.xhtml,../images/chart-20-02891d4b-e34f0115.png,OEBPS/images/chart-20-02891d4b-e34f0115.png,true,图20：行业内国企相对非国企PB：家用电器（第三象限）,20,,数据来源：Wind，安信证券
114,物转星移又一秋,21,OEBPS/text/article-114-analysis-2022-12-18-373pwx.xhtml,../images/chart-21-0a86982f-d8c700ec.png,OEBPS/images/chart-21-0a86982f-d8c700ec.png,true,图21：行业相对万得全A 价格指数：电力设备（第一象限）,21,,数据来源：Wind，安信证券；2021年1月=100。
114,物转星移又一秋,22,OEBPS/text/article-114-analysis-2022-12-18-373pwx.xhtml,../images/chart-22-e2da02d6-dcb34179.png,OEBPS/images/chart-22-e2da02d6-dcb34179.png,true,图22：行业内国企相对非国企PE：电力设备（第一象限）,22,,数据来源：Wind，安信证券
114,物转星移又一秋,23,OEBPS/text/article-114-analysis-2022-12-18-373pwx.xhtml,../images/chart-23-9648f7d8-2df9d04f.png,OEBPS/images/chart-23-9648f7d8-2df9d04f.png,true,图23：行业内国企相对非国企PB：电力设备（第一象限）,23,,数据来源：Wind，安信证券
114,物转星移又一秋,24,OEBPS/text/article-114-analysis-2022-12-18-373pwx.xhtml,../images/chart-24-72d0b90b-6161fc46.png,OEBPS/images/chart-24-72d0b90b-6161fc46.png,true,图24：行业相对万得全A 价格指数：新能源汽车（第四象限）,24,,数据来源：Wind，安信证券；2021年1月=100。
114,物转星移又一秋,25,OEBPS/text/article-114-analysis-2022-12-18-373pwx.xhtml,../images/chart-25-af65b76c-82f6f862.png,OEBPS/images/chart-25-af65b76c-82f6f862.png,true,图25：行业内国企相对非国企PE：新能源汽车（第四象限）,25,,数据来源：Wind，安信证券
114,物转星移又一秋,26,OEBPS/text/article-114-analysis-2022-12-18-373pwx.xhtml,../images/chart-26-a1ee7604-331d1062.png,OEBPS/images/chart-26-a1ee7604-331d1062.png,true,图26：行业内国企相对非国企PB：新能源汽车（第四象限）,26,,数据来源：Wind，安信证券
114,物转星移又一秋,27,OEBPS/text/article-114-analysis-2022-12-18-373pwx.xhtml,../images/chart-27-b1acf30f-0a761f0f.png,OEBPS/images/chart-27-b1acf30f-0a761f0f.png,true,图27：万得“专精特新”概念指数（第四象限）,27,,数据来源：Wind，安信证券
114,物转星移又一秋,28,OEBPS/text/article-114-analysis-2022-12-18-373pwx.xhtml,../images/chart-28-249a3c14-cc4fc51c.png,OEBPS/images/chart-28-249a3c14-cc4fc51c.png,true,图28：行业相对万得全A 价格指数：专精特新（第四象限）,28,,数据来源：Wind，安信证券；2021年1月=100。
114,物转星移又一秋,29,OEBPS/text/article-114-analysis-2022-12-18-373pwx.xhtml,../images/chart-29-7331871d-178f5921.png,OEBPS/images/chart-29-7331871d-178f5921.png,true,图29：行业内国企相对非国企PE ：专精特新（第四象限）,29,,数据来源：Wind，安信证券；选择市值50亿以上的303家专精特新样本。
114,物转星移又一秋,30,OEBPS/text/article-114-analysis-2022-12-18-373pwx.xhtml,../images/chart-30-59d8a103-9102fb28.png,OEBPS/images/chart-30-59d8a103-9102fb28.png,true,图30：行业内国企相对非国企PB：专精特新（第四象限）,30,,数据来源：Wind，安信证券
114,物转星移又一秋,31,OEBPS/text/article-114-analysis-2022-12-18-373pwx.xhtml,../images/chart-31-6b8fc713-fadc210c.png,OEBPS/images/chart-31-6b8fc713-fadc210c.png,true,图31：行业内国企相对非国企价格指数：专精特新（第四象限）,31,,数据来源：Wind，安信证券；2021年3月=100。
116,道是无晴却有晴,1,OEBPS/text/article-116-analysis-2023-12-13-xmy5dk.xhtml,../images/chart-01-9525297f-9a794a3a.png,OEBPS/images/chart-01-9525297f-9a794a3a.png,true,图1：东北分整体和分能级商品住宅销售面积指数,1,,资料来源：统计年鉴，Wind，安信证券 东北四城是三个省会+大连，其余为三四线，以2011年为100
116,道是无晴却有晴,2,OEBPS/text/article-116-analysis-2023-12-13-xmy5dk.xhtml,../images/chart-02-d759d6de-34bbe5fc.png,OEBPS/images/chart-02-d759d6de-34bbe5fc.png,true,图2：东北分能级房地产投资占GDP 比重，%,2,,数据来源：各城市统计年鉴，Wind，安信证券 东北四城是三个省会+大连，其余为三四线，东北房地产投资占比
116,道是无晴却有晴,3,OEBPS/text/article-116-analysis-2023-12-13-xmy5dk.xhtml,../images/chart-03-9c455d42-390b70f6.png,OEBPS/images/chart-03-9c455d42-390b70f6.png,true,图3：日本房地产投资占GDP 比重，%,3,,数据来源：Wind，安信证券
116,道是无晴却有晴,4,OEBPS/text/article-116-analysis-2023-12-13-xmy5dk.xhtml,../images/chart-04-e9ac7aea-1f130c5e.png,OEBPS/images/chart-04-e9ac7aea-1f130c5e.png,true,图4：美国房地产投资占GDP 比重，%,4,,数据来源：Wind，安信证券
116,道是无晴却有晴,5,OEBPS/text/article-116-analysis-2023-12-13-xmy5dk.xhtml,../images/chart-05-d3c1a375-8558dc87.png,OEBPS/images/chart-05-d3c1a375-8558dc87.png,true,图5：中国房地产投资占GDP 比重，%,5,,数据来源：Wind，安信证券 注：住宅投资更加跨国可比，大多数国家都公布住宅投资口径，房地产投资口径认定存在差异。中国住宅投资占房地产投资比重在60%-70%之间。
116,道是无晴却有晴,6,OEBPS/text/article-116-analysis-2023-12-13-xmy5dk.xhtml,../images/chart-06-920a1aab-690910a2.png,OEBPS/images/chart-06-920a1aab-690910a2.png,true,图6：住宅投资占比，%,6,,数据来源：Wind，安信证券 0点选择 中国2010年、日本1968年、韩国1991年
116,道是无晴却有晴,7,OEBPS/text/article-116-analysis-2023-12-13-xmy5dk.xhtml,../images/chart-07-65b8e778-74d9e987.png,OEBPS/images/chart-07-65b8e778-74d9e987.png,true,图7：住宅投资GDP 占比中位数（2000-2019），%,7,,数据来源：Wind，安信证券 注：中国是2023年估计水平
116,道是无晴却有晴,8,OEBPS/text/article-116-analysis-2023-12-13-xmy5dk.xhtml,../images/chart-08-9e7eb693-04c013be.png,OEBPS/images/chart-08-9e7eb693-04c013be.png,true,图8：分能级城镇人口同比，%,8,,数据来源：统计年鉴，Wind，安信证券
116,道是无晴却有晴,9,OEBPS/text/article-116-analysis-2023-12-13-xmy5dk.xhtml,../images/chart-09-f903bede-dfa93f4e.png,OEBPS/images/chart-09-f903bede-dfa93f4e.png,true,图9：全国分能级住宅销售面积，亿平米,9,,数据来源：统计年鉴，Wind，安信证券
116,道是无晴却有晴,10,OEBPS/text/article-116-analysis-2023-12-13-xmy5dk.xhtml,../images/chart-10-1081b2ac-105289d1.png,OEBPS/images/chart-10-1081b2ac-105289d1.png,true,图10：分人口流出率三四线城市住宅销售面积，亿平,10,图10：分人口流出率三四线城市住宅销售面积，亿平,数据来源：各省统计年鉴，安信证券 203个三四线城市持续有数据，按照常住人口/户籍人口衡量流出情况
116,道是无晴却有晴,11,OEBPS/text/article-116-analysis-2023-12-13-xmy5dk.xhtml,../images/chart-11-7d6b1e3f-1b8a0370.png,OEBPS/images/chart-11-7d6b1e3f-1b8a0370.png,true,图11：分人口流出率三四线城市住宅销售面积，千平,11,,数据来源：各省统计年鉴，安信证券 203个三四线城市持续有数据，按照常住人口/户籍人口衡量流出情况
116,道是无晴却有晴,12,OEBPS/text/article-116-analysis-2023-12-13-xmy5dk.xhtml,../images/chart-12-0907275d-a3cb477d.png,OEBPS/images/chart-12-0907275d-a3cb477d.png,true,图12：销售面积变化与户籍人口留存率，%,12,,数据来源：各省统计年鉴，安信证券 203个三四线城市持续有数据，按照常住人口/户籍人口衡量流出情况 将样本范围设定为常住人口/户籍人口在70%~100%，t值为-4.5，p值为1.4E-5
116,道是无晴却有晴,13,OEBPS/text/article-116-analysis-2023-12-13-xmy5dk.xhtml,../images/chart-13-d48326eb-b4e25015.png,OEBPS/images/chart-13-d48326eb-b4e25015.png,true,图13：全国和分能级商品房销售占比，%,13,,数据来源：Wind，安信证券 注:2022年部分城市出现缺失，此后数据在可比口径计算环比差值，然后再进行调整。
116,道是无晴却有晴,14,OEBPS/text/article-116-analysis-2023-12-13-xmy5dk.xhtml,../images/chart-14-369895b2-cf6fe7ee.png,OEBPS/images/chart-14-369895b2-cf6fe7ee.png,true,图14：商品房销售-扣土地购置费后投资占GDP 比重，%,14,,数据来源：Wind，安信证券 注:2022年部分城市出现缺失，此后数据在可比口径计算环比差值，然后再进行调整。
116,道是无晴却有晴,15,OEBPS/text/article-116-analysis-2023-12-13-xmy5dk.xhtml,../images/chart-15-b6747096-d692713e.png,OEBPS/images/chart-15-b6747096-d692713e.png,true,图15：房地产相关税费占GDP 比重，%,15,,数据来源：Wind，安信证券 注:房地产五税包括:房产税、城镇土地使用税、耕地占用税、土地增值税、契税
116,道是无晴却有晴,16,OEBPS/text/article-116-analysis-2023-12-13-xmy5dk.xhtml,../images/chart-16-cc22f551-c4155f32.png,OEBPS/images/chart-16-cc22f551-c4155f32.png,true,图16：中国金融业和房地产业增加值和土地费占GDP 比重，%,16,,数据来源：Wind，安信证券
116,道是无晴却有晴,17,OEBPS/text/article-116-analysis-2023-12-13-xmy5dk.xhtml,../images/chart-17-98f9b8ae-cbd23c39.png,OEBPS/images/chart-17-98f9b8ae-cbd23c39.png,true,图17：东北和分能级商品房销售占比，%,17,,数据来源：Wind，安信证券
116,道是无晴却有晴,18,OEBPS/text/article-116-analysis-2023-12-13-xmy5dk.xhtml,../images/chart-18-38b7e8fa-41f578f1.png,OEBPS/images/chart-18-38b7e8fa-41f578f1.png,true,图18：东北商品房销售-扣土地购置费后投资占GDP 比重，%,18,,数据来源：Wind，安信证券
116,道是无晴却有晴,19,OEBPS/text/article-116-analysis-2023-12-13-xmy5dk.xhtml,../images/chart-19-4b5e86d5-b82cc6de.png,OEBPS/images/chart-19-4b5e86d5-b82cc6de.png,true,图19：分能级商品房销售情况前后对比，%,19,,数据来源：Wind，安信证券 前后对比是用2016-2019均值除以2011-2014均值
116,道是无晴却有晴,20,OEBPS/text/article-116-analysis-2023-12-13-xmy5dk.xhtml,../images/chart-20-c242cdbc-db8768e1.png,OEBPS/images/chart-20-c242cdbc-db8768e1.png,true,图20：成交土地占地面积，亿平米,20,,数据来源：Wind，安信证券
116,道是无晴却有晴,21,OEBPS/text/article-116-analysis-2023-12-13-xmy5dk.xhtml,../images/chart-21-1e4c5cdb-dc9526ba.png,OEBPS/images/chart-21-1e4c5cdb-dc9526ba.png,true,图21：住宅类成交土地占地面积，亿平米,21,,数据来源：Wind，安信证券
116,道是无晴却有晴,22,OEBPS/text/article-116-analysis-2023-12-13-xmy5dk.xhtml,../images/chart-22-aea44f3a-f5a2d239.png,OEBPS/images/chart-22-aea44f3a-f5a2d239.png,true,图22：房地产企业土地购置面积，亿平米,22,,数据来源：Wind，安信证券
116,道是无晴却有晴,23,OEBPS/text/article-116-analysis-2023-12-13-xmy5dk.xhtml,../images/chart-23-c5201d7d-529e8bec.png,OEBPS/images/chart-23-c5201d7d-529e8bec.png,true,图23：整体和分能级容积率,23,,数据来源：Wind，安信证券
116,道是无晴却有晴,24,OEBPS/text/article-116-analysis-2023-12-13-xmy5dk.xhtml,../images/chart-24-72e22c79-661f2b44.png,OEBPS/images/chart-24-72e22c79-661f2b44.png,true,图24：成交土地规划建筑面积，亿平米,24,,数据来源：Wind，安信证券
116,道是无晴却有晴,25,OEBPS/text/article-116-analysis-2023-12-13-xmy5dk.xhtml,../images/chart-25-0eeb8f09-1c7ba509.png,OEBPS/images/chart-25-0eeb8f09-1c7ba509.png,true,图25：成交土地规划建筑面积:住宅用地，亿平米,25,,数据来源：Wind，安信证券 可得100城的土地数据，50大城市是这100城中和70城名单重合约50个，另外不在70城名单中定义为小城市
116,道是无晴却有晴,26,OEBPS/text/article-116-analysis-2023-12-13-xmy5dk.xhtml,../images/chart-26-6f51f4ed-13544e02.png,OEBPS/images/chart-26-6f51f4ed-13544e02.png,true,图26：成交住宅规划建筑面积后四年/前四年，%,26,,数据来源：Wind，安信证券 可得100城的土地数据，50大城市是这100城中和70城名单重合约50个，另外不在70城名单中定义为小城市
116,道是无晴却有晴,27,OEBPS/text/article-116-analysis-2023-12-13-xmy5dk.xhtml,../images/chart-27-f13f2a1c-cb01bd07.png,OEBPS/images/chart-27-f13f2a1c-cb01bd07.png,true,图27：分能级城镇人口同比增速，%,27,,资料来源：统计年鉴，Wind，安信证券 疫情前指2016-2019年，由于七普数据在2020年，2020年前几年数据有一定平滑处理，疫情后数据定义为2021-2022年。
116,道是无晴却有晴,28,OEBPS/text/article-116-analysis-2023-12-13-xmy5dk.xhtml,../images/chart-28-fd8bae96-07730d58.png,OEBPS/images/chart-28-fd8bae96-07730d58.png,true,图28：东北分能级城镇人口同比增速，%,28,,资料来源：统计年鉴，Wind，安信证券 疫情前指2016-2019年，由于七普数据在2020年，2020年前几年数据有一定平滑处理，疫情后数据定义为2021-2022年。
116,道是无晴却有晴,29,OEBPS/text/article-116-analysis-2023-12-13-xmy5dk.xhtml,../images/chart-29-7fa67211-b894543c.png,OEBPS/images/chart-29-7fa67211-b894543c.png,true,图29：大城市与全国经济增速差值，%,29,,数据来源：Wind，安信证券 疫情以来几何平均指2020至今年Q3增速的几何平均数。
116,道是无晴却有晴,30,OEBPS/text/article-116-analysis-2023-12-13-xmy5dk.xhtml,../images/chart-30-32552ae3-7395f20d.png,OEBPS/images/chart-30-32552ae3-7395f20d.png,true,图30：大城市与全国城镇社零增速差值，%,30,,数据来源：Wind，安信证券
116,道是无晴却有晴,31,OEBPS/text/article-116-analysis-2023-12-13-xmy5dk.xhtml,../images/chart-31-c2e2ea82-38388823.png,OEBPS/images/chart-31-c2e2ea82-38388823.png,true,图31：大城市与城镇失业率差值，%,31,,数据来源：Wind，安信证券
116,道是无晴却有晴,32,OEBPS/text/article-116-analysis-2023-12-13-xmy5dk.xhtml,../images/chart-32-2abe9fae-fdf25dea.png,OEBPS/images/chart-32-2abe9fae-fdf25dea.png,true,图32：A 股房地产行业经营性现金流偏离，亿元,32,,数据来源：Wind，安信证券 注：使用2021年以后当季值减去2017-2020四年平均值
116,道是无晴却有晴,33,OEBPS/text/article-116-analysis-2023-12-13-xmy5dk.xhtml,../images/chart-33-bf4da8d5-86934e92.png,OEBPS/images/chart-33-bf4da8d5-86934e92.png,true,图33：A 股房地产行业投资性现金流偏离，亿元,33,,数据来源：Wind，安信证券 注：使用2021年以后当季值减去2017-2020四年平均值
116,道是无晴却有晴,34,OEBPS/text/article-116-analysis-2023-12-13-xmy5dk.xhtml,../images/chart-34-c30dbc44-78c72eba.png,OEBPS/images/chart-34-c30dbc44-78c72eba.png,true,图34：A 股房地产行业筹资性现金流偏离，亿元,34,,数据来源：Wind，安信证券 注：使用2021年以后当季值减去2017-2020四年平均值
116,道是无晴却有晴,35,OEBPS/text/article-116-analysis-2023-12-13-xmy5dk.xhtml,../images/chart-35-61449f8b-8cc4312e.png,OEBPS/images/chart-35-61449f8b-8cc4312e.png,true,图35：A 股房地产行业筹资性现金流偏离，%,35,,数据来源：Wind，安信证券 注：使用2021年后当筹资性现金流除以2017-2020四年平均值，2023年为前三季度累计同比。
116,道是无晴却有晴,36,OEBPS/text/article-116-analysis-2023-12-13-xmy5dk.xhtml,../images/chart-36-bd63329f-23f08d69.png,OEBPS/images/chart-36-bd63329f-23f08d69.png,true,图36：港股国有和民营股票,36,,数据来源：Wind，安信证券 2021年7月标准化为100
116,道是无晴却有晴,37,OEBPS/text/article-116-analysis-2023-12-13-xmy5dk.xhtml,../images/chart-37-ec6bad66-8143116c.png,OEBPS/images/chart-37-ec6bad66-8143116c.png,true,图37：港股优质和弱势民企股票,37,,数据来源：Wind，安信证券 2021年7月标准化为100
117,关于当前房地产市场的几个问题,1,OEBPS/text/article-117-analysis-2024-01-30-cf40-4657.xhtml,../images/fm6nru-001_701c80ce87-4f768723-ce504254.jpg,OEBPS/images/fm6nru-001_701c80ce87-4f768723-ce504254.jpg,true,图1 日本房地产投资占GDP比重（%）,,,
117,关于当前房地产市场的几个问题,2,OEBPS/text/article-117-analysis-2024-01-30-cf40-4657.xhtml,../images/54t6ik-002_7e95c97fae-3bfceb25-289c374d.jpg,OEBPS/images/54t6ik-002_7e95c97fae-3bfceb25-289c374d.jpg,true,图2 美国房地产投资占GDP比重（%）,,,
117,关于当前房地产市场的几个问题,3,OEBPS/text/article-117-analysis-2024-01-30-cf40-4657.xhtml,../images/1oefkct-003_7eb7958013-c6c8280e-ce456d17.jpg,OEBPS/images/1oefkct-003_7eb7958013-c6c8280e-ce456d17.jpg,true,图3 中国房地产投资占GDP比重（%）,,,
117,关于当前房地产市场的几个问题,4,OEBPS/text/article-117-analysis-2024-01-30-cf40-4657.xhtml,../images/skz5h0-004_628e63c62d-4292b89c-89d4e740.jpg,OEBPS/images/skz5h0-004_628e63c62d-4292b89c-89d4e740.jpg,true,图4 美国二手房销售年化（千套）,,,
117,关于当前房地产市场的几个问题,5,OEBPS/text/article-117-analysis-2024-01-30-cf40-4657.xhtml,../images/gbnole-005_f4e9ddc53c-9e24dd42-03a6022a.jpg,OEBPS/images/gbnole-005_f4e9ddc53c-9e24dd42-03a6022a.jpg,true,图5 13城新房和二手房成交面积指数,,,
117,关于当前房地产市场的几个问题,6,OEBPS/text/article-117-analysis-2024-01-30-cf40-4657.xhtml,../images/1aueoc1-006_a5626f480d-bbfaa1a9-bd5aee51.jpg,OEBPS/images/1aueoc1-006_a5626f480d-bbfaa1a9-bd5aee51.jpg,true,图6 克而瑞30城新房和二手房销售面积,,,
117,关于当前房地产市场的几个问题,7,OEBPS/text/article-117-analysis-2024-01-30-cf40-4657.xhtml,../images/13i8czc-007_423b6ff199-0ebc4583-b90e6d1d.jpg,OEBPS/images/13i8czc-007_423b6ff199-0ebc4583-b90e6d1d.jpg,true,图7 贝壳25城二手房价格和租金价格指数（%）,,,
118,奋楫逐浪天地宽,1,OEBPS/text/article-118-analysis-2024-05-31-w3d19i.xhtml,../images/chart-01-5ed4f2ca-ce000703.png,OEBPS/images/chart-01-5ed4f2ca-ce000703.png,true,"图1：贸易盈余/GDP(剔除价格）,%",1,"图1：贸易盈余/GDP(剔除价格）,%",数据来源：Wind，国投证券研究中心
118,奋楫逐浪天地宽,2,OEBPS/text/article-118-analysis-2024-05-31-w3d19i.xhtml,../images/chart-02-3ad5cc58-350be6ef.png,OEBPS/images/chart-02-3ad5cc58-350be6ef.png,true,图2：名义贸易盈余/GDP，%,2,图2：名义贸易盈余/GDP，%,数据来源：Wind，国投证券研究中心
118,奋楫逐浪天地宽,3,OEBPS/text/article-118-analysis-2024-05-31-w3d19i.xhtml,../images/chart-03-a8bdf58f-559478fd.png,OEBPS/images/chart-03-a8bdf58f-559478fd.png,true,图3：PPI 环比，%,3,图3：PPI 环比，%,数据来源：Wind，国投证券研究中心
118,奋楫逐浪天地宽,4,OEBPS/text/article-118-analysis-2024-05-31-w3d19i.xhtml,../images/chart-04-36cd95c8-a9c7bb05.png,OEBPS/images/chart-04-36cd95c8-a9c7bb05.png,true,图4：南华工业品指数,4,图4：南华工业品指数,数据来源：Wind，国投证券研究中心
118,奋楫逐浪天地宽,5,OEBPS/text/article-118-analysis-2024-05-31-w3d19i.xhtml,../images/chart-05-ab636528-cd1ec33c.png,OEBPS/images/chart-05-ab636528-cd1ec33c.png,true,图5：高盛商品指数,5,图5：高盛商品指数,数据来源：Wind，国投证券研究中心
118,奋楫逐浪天地宽,6,OEBPS/text/article-118-analysis-2024-05-31-w3d19i.xhtml,../images/chart-06-29fa7736-1a98adab.png,OEBPS/images/chart-06-29fa7736-1a98adab.png,true,图6：贝壳25 城二手房价格和租金价格指数,6,图6：贝壳25 城二手房价格和租金价格指数,数据来源：Wind，国投证券研究中心 2018年11月为100
118,奋楫逐浪天地宽,7,OEBPS/text/article-118-analysis-2024-05-31-w3d19i.xhtml,../images/chart-07-ffd2f1d6-ecbed325.png,OEBPS/images/chart-07-ffd2f1d6-ecbed325.png,true,图7：2023 年二手房价格和租金价格变化，%,7,图7：2023 年二手房价格和租金价格变化，%,数据来源：Wind，国投证券研究中心
118,奋楫逐浪天地宽,8,OEBPS/text/article-118-analysis-2024-05-31-w3d19i.xhtml,../images/chart-08-84b3dfa8-22a2540f.png,OEBPS/images/chart-08-84b3dfa8-22a2540f.png,true,图8：收入预期和房贷利率，%,8,图8：收入预期和房贷利率，%,数据来源：Wind，国投证券研究中心 2022年之前是此前四年收入增速均值，2024为估计值
118,奋楫逐浪天地宽,9,OEBPS/text/article-118-analysis-2024-05-31-w3d19i.xhtml,../images/chart-09-570408f9-ef011321.png,OEBPS/images/chart-09-570408f9-ef011321.png,true,图9：大中城市房价收入比和购房难度指数,9,图9：大中城市房价收入比和购房难度指数,数据来源：Wind，国投证券研究中心 注：2020年前数据来自Wind，沿用统计局房价数据，早期房价涨幅可能存在低估
118,奋楫逐浪天地宽,10,OEBPS/text/article-118-analysis-2024-05-31-w3d19i.xhtml,../images/chart-10-c55bc031-c2d714e1.png,OEBPS/images/chart-10-c55bc031-c2d714e1.png,true,图10：A 股国有和民营房企股价指数,10,图10：A 股国有和民营房企股价指数,数据来源：Wind，国投证券研究中心 2021年1月4日为100
118,奋楫逐浪天地宽,11,OEBPS/text/article-118-analysis-2024-05-31-w3d19i.xhtml,../images/chart-11-e8a08eb5-80807ec3.png,OEBPS/images/chart-11-e8a08eb5-80807ec3.png,true,图11：港股国有和民营房企股价指数,11,图11：港股国有和民营房企股价指数,数据来源：Wind，国投证券研究中心 2021年7月2日为100
118,奋楫逐浪天地宽,12,OEBPS/text/article-118-analysis-2024-05-31-w3d19i.xhtml,../images/chart-12-03432185-1d40a50b.png,OEBPS/images/chart-12-03432185-1d40a50b.png,true,图12：中资美元债与美债利差、高收益债与美债利差，%,12,图12：中资美元债与美债利差、高收益债与美债利差，%,数据来源：Wind，国投证券研究中心
118,奋楫逐浪天地宽,13,OEBPS/text/article-118-analysis-2024-05-31-w3d19i.xhtml,../images/chart-13-dd70ccb7-271037a0.png,OEBPS/images/chart-13-dd70ccb7-271037a0.png,true,图13：中国资本报酬率与ICOR 倒数，%,13,图13：中国资本报酬率与ICOR 倒数，%,数据来源：Wind，国投证券研究中心 注：收入法GDP=劳动者报酬+生产税净额+固定资产折旧+营业盈余，资本报酬率=（固定资产折旧+营业盈余）/总资本存量（2010年不变价），总资本存量数据来自：曾五一等，关于中国总固定资本存量数据的重新估算，厦门大学学报，2019年第2期（该文献数据较新，且其资本存量测算的起点——1952年读数与早期权威文献较为一致）。由于收入法GDP数据更新至2017年，故资本报酬率更新至2017年。
118,奋楫逐浪天地宽,14,OEBPS/text/article-118-analysis-2024-05-31-w3d19i.xhtml,../images/chart-14-6e8847be-7e0dcc3c.png,OEBPS/images/chart-14-6e8847be-7e0dcc3c.png,true,图14：加权贷款利率与国债利差，%,14,图14：加权贷款利率与国债利差，%,数据来源：Wind，国投证券研究中心
118,奋楫逐浪天地宽,15,OEBPS/text/article-118-analysis-2024-05-31-w3d19i.xhtml,../images/chart-15-e09b766f-0971a930.png,OEBPS/images/chart-15-e09b766f-0971a930.png,true,图15：日本境外投资存量和直接投资存量占资本存量比重，%,15,图15：日本境外投资存量和直接投资存量占资本存量比重，%,数据来源：CEIC，Bloomberg，国投证券研究中心
118,奋楫逐浪天地宽,16,OEBPS/text/article-118-analysis-2024-05-31-w3d19i.xhtml,../images/chart-16-8e39c64d-51a90691.png,OEBPS/images/chart-16-8e39c64d-51a90691.png,true,图16：日本海外销售占GDP 比重，%,16,图16：日本海外销售占GDP 比重，%,数据来源：CEIC，日本经产省，国投证券研究中心
118,奋楫逐浪天地宽,17,OEBPS/text/article-118-analysis-2024-05-31-w3d19i.xhtml,../images/chart-17-409eac3c-f3a1c31f.png,OEBPS/images/chart-17-409eac3c-f3a1c31f.png,true,图17：境外投资收益占营业盈余比重，%,17,图17：境外投资收益占营业盈余比重，%,数据来源：本土营业盈余为GDP收入法下的企业营业盈余；1985-1990年境外投资收益数据缺失，为线性插值估计， CEIC，Bloomberg，国投证券研究中心
118,奋楫逐浪天地宽,18,OEBPS/text/article-118-analysis-2024-05-31-w3d19i.xhtml,../images/chart-18-efa689ff-ba3607fb.png,OEBPS/images/chart-18-efa689ff-ba3607fb.png,true,图18：境内外直接投资资本回报率对比，%,18,图18：境内外直接投资资本回报率对比，%,数据来源：境内直接投资资本回报率使用营业盈余/非金融企业资产，1985-1990年境外投资收益数据缺失，为线性插值估计，CEIC，国投证券研究中心
118,奋楫逐浪天地宽,19,OEBPS/text/article-118-analysis-2024-05-31-w3d19i.xhtml,../images/chart-19-93b2b0f2-1f434c8c.png,OEBPS/images/chart-19-93b2b0f2-1f434c8c.png,true,图19：日本行业层面出海程度V.S.行业ROA，%,19,图19：日本行业层面出海程度V.S.行业ROA，%,数据来源：Goldman Sachs，Bloomberg，国投证券研究中心
118,奋楫逐浪天地宽,20,OEBPS/text/article-118-analysis-2024-05-31-w3d19i.xhtml,../images/chart-20-5242ca72-c4644442.png,OEBPS/images/chart-20-5242ca72-c4644442.png,true,图20：日本行业层面出海程度V.S.行业净利润率，%,20,图20：日本行业层面出海程度V.S.行业净利润率，%,数据来源：Goldman Sachs，Bloomberg，国投证券研究中心
118,奋楫逐浪天地宽,21,OEBPS/text/article-118-analysis-2024-05-31-w3d19i.xhtml,../images/chart-21-7b40903d-ca803155.png,OEBPS/images/chart-21-7b40903d-ca803155.png,true,图21：日本行业层面出海程度V.S.行业ROA，%,21,图21：日本行业层面出海程度V.S.行业ROA，%,数据来源：Goldman Sachs，Bloomberg，国投证券研究中心
118,奋楫逐浪天地宽,22,OEBPS/text/article-118-analysis-2024-05-31-w3d19i.xhtml,../images/chart-22-45f88967-cec1e6c2.png,OEBPS/images/chart-22-45f88967-cec1e6c2.png,true,图22：日本行业层面出海程度与行业ROA 双向固定效应回归,22,图22：日本行业层面出海程度与行业ROA 双向固定效应回归,数据来源：Goldman Sachs，Bloomberg，国投证券研究中心 注：自变量为出海企业市值占行业比重意义下的出海程度，被解释变量为企业所在行业的ROA、净利润率和销售增长率，同时控制年份、行业固定效应。
118,奋楫逐浪天地宽,23,OEBPS/text/article-118-analysis-2024-05-31-w3d19i.xhtml,../images/chart-23-6547fc02-377a9488.png,OEBPS/images/chart-23-6547fc02-377a9488.png,true,图23：日本个股：日经内需50 指数V.S.日经外需50 指数,23,图23：日本个股：日经内需50 指数V.S.日经外需50 指数,数据来源：按1995年6月=100标准化，Bloomberg，国投证券研究中心
118,奋楫逐浪天地宽,24,OEBPS/text/article-118-analysis-2024-05-31-w3d19i.xhtml,../images/chart-24-1acf2d02-0ec5b289.png,OEBPS/images/chart-24-1acf2d02-0ec5b289.png,true,图24：日本个股：日经内需50 指数V.S.日经外需50 指数,24,图24：日本个股：日经内需50 指数V.S.日经外需50 指数,数据来源：按2003年4月=100标准化，Bloomberg，国投证券研究中心
120,产业结构转型与消费驱动转型,1,OEBPS/text/article-120-analysis-2024-09-30-cf40-4838.xhtml,../images/1cz0tks-001_6cce6167bb-5c98a194-eac46b61.jpg,OEBPS/images/1cz0tks-001_6cce6167bb-5c98a194-eac46b61.jpg,true,图1 上市公司行业分类及数量,,,
120,产业结构转型与消费驱动转型,2,OEBPS/text/article-120-analysis-2024-09-30-cf40-4838.xhtml,../images/1gu3scg-002_ec5372f6f9-7f343064-19dc9a8a.jpg,OEBPS/images/1gu3scg-002_ec5372f6f9-7f343064-19dc9a8a.jpg,true,图2 不同分类行业营业总收入占比,,,
120,产业结构转型与消费驱动转型,3,OEBPS/text/article-120-analysis-2024-09-30-cf40-4838.xhtml,../images/1tu6fbj-003_b68a6295ed-764f6bd0-09ac1cdd.jpg,OEBPS/images/1tu6fbj-003_b68a6295ed-764f6bd0-09ac1cdd.jpg,true,图3 不同分类行业总市值占比,,,
120,产业结构转型与消费驱动转型,4,OEBPS/text/article-120-analysis-2024-09-30-cf40-4838.xhtml,../images/1pie4s4-004_48a23a50c3-4b5f0875-7f44f51f.jpg,OEBPS/images/1pie4s4-004_48a23a50c3-4b5f0875-7f44f51f.jpg,true,图4 支持/中性与限制/中性的净利润发展趋势图,,,
120,产业结构转型与消费驱动转型,5,OEBPS/text/article-120-analysis-2024-09-30-cf40-4838.xhtml,../images/v5y9r2-005_7711d58208-aba9fb8b-e69d3501.jpg,OEBPS/images/v5y9r2-005_7711d58208-aba9fb8b-e69d3501.jpg,true,图5 支持/中性与限制/中性的净利润率发展趋势图,,,
120,产业结构转型与消费驱动转型,6,OEBPS/text/article-120-analysis-2024-09-30-cf40-4838.xhtml,../images/7x7mm0-006_47d159a84a-9e8512d3-d7511148.jpg,OEBPS/images/7x7mm0-006_47d159a84a-9e8512d3-d7511148.jpg,true,图6 相较于中性行业，支持与限制行业员工总数发展情况,,,
120,产业结构转型与消费驱动转型,7,OEBPS/text/article-120-analysis-2024-09-30-cf40-4838.xhtml,../images/2gynfb-007_8757af05b5-48b46877-559039fa.jpg,OEBPS/images/2gynfb-007_8757af05b5-48b46877-559039fa.jpg,true,图7 相较于中性行业，支持与限制行业CAPEX变化情况,,,
120,产业结构转型与消费驱动转型,8,OEBPS/text/article-120-analysis-2024-09-30-cf40-4838.xhtml,../images/zn5ki2-008_f4352f2686-0bf455de-31ce365e.jpg,OEBPS/images/zn5ki2-008_f4352f2686-0bf455de-31ce365e.jpg,true,图8 相较于中性行业，支持与限制行业负债量变化情况,,,
120,产业结构转型与消费驱动转型,9,OEBPS/text/article-120-analysis-2024-09-30-cf40-4838.xhtml,../images/kojfrf-009_049e60e144-b5077571-97122206.jpg,OEBPS/images/kojfrf-009_049e60e144-b5077571-97122206.jpg,true,图9 相较于中性行业，支持与限制行业所有者权益变化情况,,,
120,产业结构转型与消费驱动转型,10,OEBPS/text/article-120-analysis-2024-09-30-cf40-4838.xhtml,../images/b1wo23-010_359d733a96-5b9daec3-4aad6ca9.jpg,OEBPS/images/b1wo23-010_359d733a96-5b9daec3-4aad6ca9.jpg,true,图10 相较于中性行业，支持与限制行业PE（市盈率）变化情况,,,
120,产业结构转型与消费驱动转型,11,OEBPS/text/article-120-analysis-2024-09-30-cf40-4838.xhtml,../images/1oznmyd-011_8a57dc5657-de157257-823938d6.jpg,OEBPS/images/1oznmyd-011_8a57dc5657-de157257-823938d6.jpg,true,图11 相较于中性行业，支持与限制行业PB（市净率）变化情况,,,
120,产业结构转型与消费驱动转型,12,OEBPS/text/article-120-analysis-2024-09-30-cf40-4838.xhtml,../images/zx8k1i-012_c4ba8f6e37-6d148296-b0930759.jpg,OEBPS/images/zx8k1i-012_c4ba8f6e37-6d148296-b0930759.jpg,true,图12 相较于中性行业，支持与限制行业股价变化情况,,,
120,产业结构转型与消费驱动转型,13,OEBPS/text/article-120-analysis-2024-09-30-cf40-4838.xhtml,../images/e9h8fj-013_49ddc847b2-e8465821-7e0df6e0.jpg,OEBPS/images/e9h8fj-013_49ddc847b2-e8465821-7e0df6e0.jpg,true,图13 疫情前各省份社零同比增速与中青年人口数量的关系,,,
120,产业结构转型与消费驱动转型,14,OEBPS/text/article-120-analysis-2024-09-30-cf40-4838.xhtml,../images/1tm9dl6-014_ecb8f597ec-a87ac960-329ce598.jpg,OEBPS/images/1tm9dl6-014_ecb8f597ec-a87ac960-329ce598.jpg,true,图14 疫情后各省份社零同比增速与中青年人口数量的关系,,,
120,产业结构转型与消费驱动转型,15,OEBPS/text/article-120-analysis-2024-09-30-cf40-4838.xhtml,../images/1ca4n7n-015_f56c8f0abd-06ddd50d-267ba5a9.jpg,OEBPS/images/1ca4n7n-015_f56c8f0abd-06ddd50d-267ba5a9.jpg,true,图15 疫情前人口流入更多（年轻人占比更高）的省份消费增长更快,,,
120,产业结构转型与消费驱动转型,16,OEBPS/text/article-120-analysis-2024-09-30-cf40-4838.xhtml,../images/1t2kemr-016_9576d7cfdc-a636a423-fdabbf29.jpg,OEBPS/images/1t2kemr-016_9576d7cfdc-a636a423-fdabbf29.jpg,true,图16 疫情后更多（年轻人占比更高）的省份消费增速更低,,,
127,走进新时代,1,OEBPS/text/article-127-analysis-2017-12-31-ngfyo.xhtml,../images/chart-01-ba36e812-535ce23d.png,OEBPS/images/chart-01-ba36e812-535ce23d.png,true,图1：限产行业和非限产行业工业增加值增速，%,1,图1：限产行业和非限产行业工业增加值增速，%,数据来源：Wind，安信证券
127,走进新时代,2,OEBPS/text/article-127-analysis-2017-12-31-ngfyo.xhtml,../images/chart-02-1bd10a6f-413aefec.png,OEBPS/images/chart-02-1bd10a6f-413aefec.png,true,图2：限产行业和非限产行业工业增加值增速，%,2,图2：限产行业和非限产行业工业增加值增速，%,数据来源：Wind，安信证券
127,走进新时代,3,OEBPS/text/article-127-analysis-2017-12-31-ngfyo.xhtml,../images/chart-03-c3abc99b-89acfb21.png,OEBPS/images/chart-03-c3abc99b-89acfb21.png,true,图3：历次经济反弹时，PPI 相对工业增加值的弹性,3,图3：历次经济反弹时，PPI 相对工业增加值的弹性,数据来源：Wind，安信证券
127,走进新时代,4,OEBPS/text/article-127-analysis-2017-12-31-ngfyo.xhtml,../images/chart-04-143f9fcc-c37be760.png,OEBPS/images/chart-04-143f9fcc-c37be760.png,true,图4：交通运输、仓储和邮政业GDP 增速，%,4,图4：交通运输、仓储和邮政业GDP 增速，%,数据来源：Wind，安信证券
127,走进新时代,5,OEBPS/text/article-127-analysis-2017-12-31-ngfyo.xhtml,../images/chart-05-bb554108-02ef0a1b.png,OEBPS/images/chart-05-bb554108-02ef0a1b.png,true,图5：固定资产投资季度同比，%,5,图5：固定资产投资季度同比，%,数据来源：Wind，安信证券
127,走进新时代,6,OEBPS/text/article-127-analysis-2017-12-31-ngfyo.xhtml,../images/chart-06-8d0a9546-f104be86.png,OEBPS/images/chart-06-8d0a9546-f104be86.png,true,图6：中国实际出口季度同比增速，%,6,图6：中国实际出口季度同比增速，%,数据来源：Wind，安信证券
127,走进新时代,7,OEBPS/text/article-127-analysis-2017-12-31-ngfyo.xhtml,../images/chart-07-cf2c2920-55095b06.png,OEBPS/images/chart-07-cf2c2920-55095b06.png,true,图7：全球工业生产同比增速，%,7,图7：全球工业生产同比增速，%,数据来源：Wind，安信证券
127,走进新时代,8,OEBPS/text/article-127-analysis-2017-12-31-ngfyo.xhtml,../images/chart-08-382e3103-abef7d2a.png,OEBPS/images/chart-08-382e3103-abef7d2a.png,true,图8：剔除亚洲新兴国家的全球工业生产增速，%,8,图8：剔除亚洲新兴国家的全球工业生产增速，%,数据来源：Wind，安信证券
127,走进新时代,9,OEBPS/text/article-127-analysis-2017-12-31-ngfyo.xhtml,../images/chart-09-3e70d54e-e5778852.png,OEBPS/images/chart-09-3e70d54e-e5778852.png,true,图9：发达和新兴市场股票指数,9,图9：发达和新兴市场股票指数,数据来源：Wind，安信证券
127,走进新时代,10,OEBPS/text/article-127-analysis-2017-12-31-ngfyo.xhtml,../images/chart-10-ae4d1238-ce9b4630.png,OEBPS/images/chart-10-ae4d1238-ce9b4630.png,true,图10：贸易盈余占GDP 比重，%（剔除价格，定基数）,10,图10：贸易盈余占GDP 比重，%（剔除价格，定基数）,数据来源：Wind，安信证券
127,走进新时代,11,OEBPS/text/article-127-analysis-2017-12-31-ngfyo.xhtml,../images/chart-11-dc0d3828-fed9e46c.png,OEBPS/images/chart-11-dc0d3828-fed9e46c.png,true,图11：上市房地产企业存货/总资产，%,11,图11：上市房地产企业存货/总资产，%,数据来源：Wind，安信证券
127,走进新时代,12,OEBPS/text/article-127-analysis-2017-12-31-ngfyo.xhtml,../images/chart-12-b13ed8f4-e4e9e1d2.png,OEBPS/images/chart-12-b13ed8f4-e4e9e1d2.png,true,图12：全国房地产非合意库存测算，千平方米,12,图12：全国房地产非合意库存测算，千平方米,数据来源：Wind，安信证券
127,走进新时代,13,OEBPS/text/article-127-analysis-2017-12-31-ngfyo.xhtml,../images/chart-13-dfdcc4ab-3b389169.png,OEBPS/images/chart-13-dfdcc4ab-3b389169.png,true,图13：三四线城市房地产非合意库存，千平方米,13,图13：三四线城市房地产非合意库存，千平方米,数据来源：Wind，安信证券
127,走进新时代,14,OEBPS/text/article-127-analysis-2017-12-31-ngfyo.xhtml,../images/chart-14-f0d9e092-43b04238.png,OEBPS/images/chart-14-f0d9e092-43b04238.png,true,图14：房地产开发投资同比增速，%,14,图14：房地产开发投资同比增速，%,数据来源：Wind，安信证券
127,走进新时代,15,OEBPS/text/article-127-analysis-2017-12-31-ngfyo.xhtml,../images/chart-15-12675ef7-18309aaf.png,OEBPS/images/chart-15-12675ef7-18309aaf.png,true,图15：规上工业企业销售利润率与PPI 同比，%,15,图15：规上工业企业销售利润率与PPI 同比，%,数据来源：Wind，安信证券 规上工业企业销售利润率=利润总额/主营业务总收入
127,走进新时代,16,OEBPS/text/article-127-analysis-2017-12-31-ngfyo.xhtml,../images/chart-16-43abef9f-a80f2c82.png,OEBPS/images/chart-16-43abef9f-a80f2c82.png,true,图16：上市工业企业销售净利率与PPI 同比，%,16,图16：上市工业企业销售净利率与PPI 同比，%,数据来源：Wind，安信证券
127,走进新时代,17,OEBPS/text/article-127-analysis-2017-12-31-ngfyo.xhtml,../images/chart-17-54af3fd8-5cb12be2.png,OEBPS/images/chart-17-54af3fd8-5cb12be2.png,true,图17：上市工业企业资产周转率,17,图17：上市工业企业资产周转率,数据来源：Wind，安信证券 数据说明1：上市工业企业资产周转率=4个季度滚动销售收入/期末期初平均总资产；数据说明2：剔除价格（PPI）对销售收入和当季新增资产的影响，从而测算了通胀调整资产周转率。
127,走进新时代,18,OEBPS/text/article-127-analysis-2017-12-31-ngfyo.xhtml,../images/chart-18-82b3a7e6-dd2649d0.png,OEBPS/images/chart-18-82b3a7e6-dd2649d0.png,true,图18：规上工业企业总资产、净资产同比与制造业投资同比，%,18,图18：规上工业企业总资产、净资产同比与制造业投资同比，%,数据来源：Wind，安信证券
127,走进新时代,19,OEBPS/text/article-127-analysis-2017-12-31-ngfyo.xhtml,../images/chart-19-8bfb0e66-c821f137.png,OEBPS/images/chart-19-8bfb0e66-c821f137.png,true,图19：规上工业企业总资产、流动资产、非流动资产同比，%,19,图19：规上工业企业总资产、流动资产、非流动资产同比，%,数据来源：Wind，安信证券
127,走进新时代,20,OEBPS/text/article-127-analysis-2017-12-31-ngfyo.xhtml,../images/chart-20-62aa8021-35554000.png,OEBPS/images/chart-20-62aa8021-35554000.png,true,图20：上市工业企业总资产、固定资产和在建工程同比，%,20,图20：上市工业企业总资产、固定资产和在建工程同比，%,数据来源：Wind，安信证券
127,走进新时代,21,OEBPS/text/article-127-analysis-2017-12-31-ngfyo.xhtml,../images/chart-21-e7541273-68bee238.png,OEBPS/images/chart-21-e7541273-68bee238.png,true,图21：大盘指数和小盘指数,21,图21：大盘指数和小盘指数,数据来源：Wind，安信证券
127,走进新时代,22,OEBPS/text/article-127-analysis-2017-12-31-ngfyo.xhtml,../images/chart-22-4702fc09-9fca873c.png,OEBPS/images/chart-22-4702fc09-9fca873c.png,true,图22：大盘指数和小盘指数年涨幅，%,22,图22：大盘指数和小盘指数年涨幅，%,数据来源：Wind，安信证券
127,走进新时代,23,OEBPS/text/article-127-analysis-2017-12-31-ngfyo.xhtml,../images/chart-23-53c153a1-7462920a.png,OEBPS/images/chart-23-53c153a1-7462920a.png,true,图23：1 年期和10 年期国债到期收益率，%,23,图23：1 年期和10 年期国债到期收益率，%,数据来源：Wind，安信证券
127,走进新时代,24,OEBPS/text/article-127-analysis-2017-12-31-ngfyo.xhtml,../images/chart-24-d8ba6027-bce7146c.png,OEBPS/images/chart-24-d8ba6027-bce7146c.png,true,图24：M3 与 社融plus 增速比较（%）,24,图24：M3 与 社融plus 增速比较（%）,数据来源：wind、CEIC，安信证券 （1）M3等于M2与非保本理财之和； （2）社融plus，是在社融之中，先扣减股票，扣减银行以外其他部门持有的信用债，扩充银行持有的地方债、国债，再加上金融机构外汇占款，以及各类资管项目为实体经济提供的委托信票据以外的资金。
127,走进新时代,25,OEBPS/text/article-127-analysis-2017-12-31-ngfyo.xhtml,../images/chart-25-5306540d-f2a7ac5c.png,OEBPS/images/chart-25-5306540d-f2a7ac5c.png,true,图25：货币信贷增速差与债券净价涨幅散点图2011-2017,25,图25：货币信贷增速差与债券净价涨幅散点图2011-2017,数据来源：wind，安信证券 （1）横轴为M3与社融plus余额同比增速差（%），纵轴为中债综合净价指数同比(%)。 （2）回归公式下方括号内为系数t值，***为1%水平下显著
127,走进新时代,26,OEBPS/text/article-127-analysis-2017-12-31-ngfyo.xhtml,../images/chart-26-7428aef6-15d5f03f.png,OEBPS/images/chart-26-7428aef6-15d5f03f.png,true,图26：产能过剩行业分类,26,图26：产能过剩行业分类,数据来源：Wind，安信证券
127,走进新时代,27,OEBPS/text/article-127-analysis-2017-12-31-ngfyo.xhtml,../images/chart-27-a5bf66a1-b6cdd277.png,OEBPS/images/chart-27-a5bf66a1-b6cdd277.png,true,图27：产能过剩行业地理分布,27,图27：产能过剩行业地理分布,数据来源：wind，安信证券 注：选取5个产能过剩行业中资产占比前三的省份。
127,走进新时代,28,OEBPS/text/article-127-analysis-2017-12-31-ngfyo.xhtml,../images/chart-28-b2b578e6-21457bf0.png,OEBPS/images/chart-28-b2b578e6-21457bf0.png,true,图28：国有比重高的行业ROA 下降更加明显,28,图28：国有比重高的行业ROA 下降更加明显,数据来源：wind，安信证券
127,走进新时代,29,OEBPS/text/article-127-analysis-2017-12-31-ngfyo.xhtml,../images/chart-29-602152ec-8748994f.png,OEBPS/images/chart-29-602152ec-8748994f.png,true,图29：周期上升时ROA 越高，近期ROA 降幅越大,29,图29：周期上升时ROA 越高，近期ROA 降幅越大,数据来源：wind，安信证券
128,怎样看待中美国债利率倒挂？鲍威尔“转鸽”后续如何？,1,OEBPS/text/article-128-analysis-2018-12-04-cf40-2993.xhtml,../images/l7uyb3-001_5fc0cfbe46-15cfa62c-eafaea77.jpg,OEBPS/images/l7uyb3-001_5fc0cfbe46-15cfa62c-eafaea77.jpg,true,文章图表,,,
128,怎样看待中美国债利率倒挂？鲍威尔“转鸽”后续如何？,2,OEBPS/text/article-128-analysis-2018-12-04-cf40-2993.xhtml,../images/hv2j2l-002_9e49652ffa-40c04c6f-49623359.jpg,OEBPS/images/hv2j2l-002_9e49652ffa-40c04c6f-49623359.jpg,true,文章图表,,,
128,怎样看待中美国债利率倒挂？鲍威尔“转鸽”后续如何？,3,OEBPS/text/article-128-analysis-2018-12-04-cf40-2993.xhtml,../images/1bie170-003_cb0372db00-9a5dd730-f8909aa6.jpg,OEBPS/images/1bie170-003_cb0372db00-9a5dd730-f8909aa6.jpg,true,文章图表,,,
128,怎样看待中美国债利率倒挂？鲍威尔“转鸽”后续如何？,4,OEBPS/text/article-128-analysis-2018-12-04-cf40-2993.xhtml,../images/z20smg-004_4cd77c9c08-90febc4d-b7a95c7c.jpg,OEBPS/images/z20smg-004_4cd77c9c08-90febc4d-b7a95c7c.jpg,true,文章图表,,,
128,怎样看待中美国债利率倒挂？鲍威尔“转鸽”后续如何？,5,OEBPS/text/article-128-analysis-2018-12-04-cf40-2993.xhtml,../images/11n7450-005_23180a2a6c-fbe85cf4-118b5f6f.jpg,OEBPS/images/11n7450-005_23180a2a6c-fbe85cf4-118b5f6f.jpg,true,文章图表,,,
128,怎样看待中美国债利率倒挂？鲍威尔“转鸽”后续如何？,6,OEBPS/text/article-128-analysis-2018-12-04-cf40-2993.xhtml,../images/lf6okb-006_3a0dd4ed15-a4fe6500-734e4b97.jpg,OEBPS/images/lf6okb-006_3a0dd4ed15-a4fe6500-734e4b97.jpg,true,文章图表,,,
128,怎样看待中美国债利率倒挂？鲍威尔“转鸽”后续如何？,7,OEBPS/text/article-128-analysis-2018-12-04-cf40-2993.xhtml,../images/o3zwh-007_d776bfd8ca-5f8cdc06-c6070406.jpg,OEBPS/images/o3zwh-007_d776bfd8ca-5f8cdc06-c6070406.jpg,true,文章图表,,,
129,反者道之动,1,OEBPS/text/article-129-analysis-2018-12-11-172b1d7.xhtml,../images/chart-01-84fbe64b-fb5bbdb1.png,OEBPS/images/chart-01-84fbe64b-fb5bbdb1.png,true,图1：限产和非限产行业的工业增加值同比，%,1,图1：限产和非限产行业的工业增加值同比，%,数据来源：Wind，安信证券
129,反者道之动,2,OEBPS/text/article-129-analysis-2018-12-11-172b1d7.xhtml,../images/chart-02-c5b1d9bb-46e57430.png,OEBPS/images/chart-02-c5b1d9bb-46e57430.png,true,图2：限产行业和对照行业的价格,2,图2：限产行业和对照行业的价格,数据来源：Wind，安信证券
129,反者道之动,3,OEBPS/text/article-129-analysis-2018-12-11-172b1d7.xhtml,../images/chart-03-b8d2d070-6c719f20.png,OEBPS/images/chart-03-b8d2d070-6c719f20.png,true,图3：PPI 同比和非限产组工业增速同比,3,图3：PPI 同比和非限产组工业增速同比,数据来源：Wind，安信证券 数据选取时间为2003年至今，横纵坐标交叉点为工业增加值和PPI同比的中位数 红点为2016年1月至2018年10月间非限产组工业增加值和CPI同比的均值
129,反者道之动,4,OEBPS/text/article-129-analysis-2018-12-11-172b1d7.xhtml,../images/chart-04-2aef9a85-33a001ae.png,OEBPS/images/chart-04-2aef9a85-33a001ae.png,true,图4：贸易盈余/GDP，%,4,图4：贸易盈余/GDP，%,数据来源：Wind，安信证券
129,反者道之动,5,OEBPS/text/article-129-analysis-2018-12-11-172b1d7.xhtml,../images/chart-05-29d01048-25cad196.png,OEBPS/images/chart-05-29d01048-25cad196.png,true,图5：规上工业企业限产行业和对照行业的销售净利润率，%,5,图5：规上工业企业限产行业和对照行业的销售净利润率，%,数据来源：Wind，安信证券
129,反者道之动,6,OEBPS/text/article-129-analysis-2018-12-11-172b1d7.xhtml,../images/chart-06-357aed1f-57ac7da0.png,OEBPS/images/chart-06-357aed1f-57ac7da0.png,true,图6：上市工业企业限产行业和对照行业的销售净利润率，%,6,图6：上市工业企业限产行业和对照行业的销售净利润率，%,数据来源：Wind，安信证券
129,反者道之动,7,OEBPS/text/article-129-analysis-2018-12-11-172b1d7.xhtml,../images/chart-07-1fbf61fd-7558eb96.png,OEBPS/images/chart-07-1fbf61fd-7558eb96.png,true,图7：限产行业和对照组的制造业投资增速同比，%,7,图7：限产行业和对照组的制造业投资增速同比，%,数据来源：Wind，安信证券
129,反者道之动,8,OEBPS/text/article-129-analysis-2018-12-11-172b1d7.xhtml,../images/chart-08-f72c344f-b6d39cc6.png,OEBPS/images/chart-08-f72c344f-b6d39cc6.png,true,图8：全国房地产非合意库存测算，千平方米,8,图8：全国房地产非合意库存测算，千平方米,数据来源：Wind，安信证券 2018年数据截至2018年10月
129,反者道之动,9,OEBPS/text/article-129-analysis-2018-12-11-172b1d7.xhtml,../images/chart-09-8596e927-41461f51.png,OEBPS/images/chart-09-8596e927-41461f51.png,true,图9：三四线房地产非合意库存测算，千平方米,9,图9：三四线房地产非合意库存测算，千平方米,数据来源：Wind，安信证券 2018年数据截至2018年10月
129,反者道之动,10,OEBPS/text/article-129-analysis-2018-12-11-172b1d7.xhtml,../images/chart-10-63fa0c47-1dca22fc.png,OEBPS/images/chart-10-63fa0c47-1dca22fc.png,true,图10：房地产新开工增速-销售增速，%,10,图10：房地产新开工增速-销售增速，%,数据来源：Wind，安信证券
129,反者道之动,11,OEBPS/text/article-129-analysis-2018-12-11-172b1d7.xhtml,../images/chart-11-8936f806-9e57d9e6.png,OEBPS/images/chart-11-8936f806-9e57d9e6.png,true,图11：70 大中城市二手住宅价格环比，%,11,图11：70 大中城市二手住宅价格环比，%,数据来源：Wind，安信证券
129,反者道之动,12,OEBPS/text/article-129-analysis-2018-12-11-172b1d7.xhtml,../images/chart-12-a1a8e926-225d4f0b.png,OEBPS/images/chart-12-a1a8e926-225d4f0b.png,true,图12：城市化率国际比较，%,12,图12：城市化率国际比较，%,数据来源：Wind，安信证券
129,反者道之动,13,OEBPS/text/article-129-analysis-2018-12-11-172b1d7.xhtml,../images/chart-13-04a980b4-77bdef0f.png,OEBPS/images/chart-13-04a980b4-77bdef0f.png,true,图13：非农就业人口/全部劳动力，%,13,图13：非农就业人口/全部劳动力，%,数据来源：Wind，安信证券
129,反者道之动,14,OEBPS/text/article-129-analysis-2018-12-11-172b1d7.xhtml,../images/chart-14-147497d4-6de91404.png,OEBPS/images/chart-14-147497d4-6de91404.png,true,图14：各国居民部门杠杆率比较，%,14,图14：各国居民部门杠杆率比较，%,数据来源：BIS，安信证券
129,反者道之动,15,OEBPS/text/article-129-analysis-2018-12-11-172b1d7.xhtml,../images/chart-15-3c651d01-dd3ad806.png,OEBPS/images/chart-15-3c651d01-dd3ad806.png,true,图15：住户部门贷款占收入的比重，%,15,图15：住户部门贷款占收入的比重，%,数据来源：BIS，安信证券
129,反者道之动,16,OEBPS/text/article-129-analysis-2018-12-11-172b1d7.xhtml,../images/chart-16-77bbb2cc-13a2c0fb.png,OEBPS/images/chart-16-77bbb2cc-13a2c0fb.png,true,图16：住户部门年还本付息额/年可支配收入，%,16,图16：住户部门年还本付息额/年可支配收入，%,数据来源：BIS，安信证券
129,反者道之动,17,OEBPS/text/article-129-analysis-2018-12-11-172b1d7.xhtml,../images/chart-17-2bd9a44e-8b97df60.png,OEBPS/images/chart-17-2bd9a44e-8b97df60.png,true,图17：城投平台有息负债同比增速，%,17,图17：城投平台有息负债同比增速，%,数据来源：Wind，安信证券
129,反者道之动,18,OEBPS/text/article-129-analysis-2018-12-11-172b1d7.xhtml,../images/chart-18-e1f4634d-9649d80c.png,OEBPS/images/chart-18-e1f4634d-9649d80c.png,true,图18：工业企业中国企资产负债率，%,18,图18：工业企业中国企资产负债率，%,数据来源：Wind，安信证券
129,反者道之动,19,OEBPS/text/article-129-analysis-2018-12-11-172b1d7.xhtml,../images/chart-19-3bd0f015-82c2f802.png,OEBPS/images/chart-19-3bd0f015-82c2f802.png,true,图19：上市国企资产负债率，%,19,图19：上市国企资产负债率，%,数据来源：Wind，安信证券
129,反者道之动,20,OEBPS/text/article-129-analysis-2018-12-11-172b1d7.xhtml,../images/chart-20-3f0af693-d37e6e2e.png,OEBPS/images/chart-20-3f0af693-d37e6e2e.png,true,图20：非证券投资类信托收益率，%,20,图20：非证券投资类信托收益率，%,数据来源：Wind，安信证券
129,反者道之动,21,OEBPS/text/article-129-analysis-2018-12-11-172b1d7.xhtml,../images/chart-21-14a53dc5-1d79a75b.png,OEBPS/images/chart-21-14a53dc5-1d79a75b.png,true,图21：人民贷款加权利率，%,21,图21：人民贷款加权利率，%,数据来源：Wind，安信证券
129,反者道之动,22,OEBPS/text/article-129-analysis-2018-12-11-172b1d7.xhtml,../images/chart-22-1154dfb8-e00685fd.png,OEBPS/images/chart-22-1154dfb8-e00685fd.png,true,图22：欧洲和美西集装箱运价指数,22,图22：欧洲和美西集装箱运价指数,数据来源：Wind，安信证券
129,反者道之动,23,OEBPS/text/article-129-analysis-2018-12-11-172b1d7.xhtml,../images/chart-23-a885cf62-d09f83a0.png,OEBPS/images/chart-23-a885cf62-d09f83a0.png,true,图23：PE 和PB 水平,23,图23：PE 和PB 水平,数据来源：Wind，安信证券 数据为2005年至今的月度数据
129,反者道之动,24,OEBPS/text/article-129-analysis-2018-12-11-172b1d7.xhtml,../images/chart-24-b807a475-323ea60f.png,OEBPS/images/chart-24-b807a475-323ea60f.png,true,图24：联邦模型下的PE 和PB,24,图24：联邦模型下的PE 和PB,数据来源：Wind，安信证券 数据为2010年至今的月度数据
129,反者道之动,25,OEBPS/text/article-129-analysis-2018-12-11-172b1d7.xhtml,../images/chart-25-291baa47-f0c2021c.png,OEBPS/images/chart-25-291baa47-f0c2021c.png,true,图25：PB 和Forward PE 水平,25,图25：PB 和Forward PE 水平,数据来源：Wind，安信证券 数据为2013年至今的月度数据
129,反者道之动,26,OEBPS/text/article-129-analysis-2018-12-11-172b1d7.xhtml,../images/chart-26-8a5db2da-0beb098c.png,OEBPS/images/chart-26-8a5db2da-0beb098c.png,true,图26：联邦模型下的PB 和Forward PE 水平,26,图26：联邦模型下的PB 和Forward PE 水平,数据来源：Wind，安信证券 数据为2013年至今的月度数据
131,碳中和与双循环,1,OEBPS/text/article-131-analysis-2021-06-23-cf40-3795.xhtml,../images/1i5ehz6-001_bfc0dbf416-ffc8c583-efd1b13e.jpg,OEBPS/images/1i5ehz6-001_bfc0dbf416-ffc8c583-efd1b13e.jpg,true,图1 疫情以来部分重要商品涨幅,,,
131,碳中和与双循环,2,OEBPS/text/article-131-analysis-2021-06-23-cf40-3795.xhtml,../images/14xvxce-002_ec87273172-70bf3636-602566c1.jpg,OEBPS/images/14xvxce-002_ec87273172-70bf3636-602566c1.jpg,true,图2 商品涨幅与其碳总排放量关系,,,
131,碳中和与双循环,3,OEBPS/text/article-131-analysis-2021-06-23-cf40-3795.xhtml,../images/pa889l-003_00957dbcba-6892954e-60ba7925.jpg,OEBPS/images/pa889l-003_00957dbcba-6892954e-60ba7925.jpg,true,图3 加工制造业弹性系数与碳排放量,,,
131,碳中和与双循环,4,OEBPS/text/article-131-analysis-2021-06-23-cf40-3795.xhtml,../images/1aa1un4-004_9a0263a629-fe83133d-295859d2.jpg,OEBPS/images/1aa1un4-004_9a0263a629-fe83133d-295859d2.jpg,true,图3 加工制造业弹性系数与碳排放量,,,
131,碳中和与双循环,5,OEBPS/text/article-131-analysis-2021-06-23-cf40-3795.xhtml,../images/v0b6ar-005_13b5bd98c0-1a85e6ff-8731c295.jpg,OEBPS/images/v0b6ar-005_13b5bd98c0-1a85e6ff-8731c295.jpg,true,图3 加工制造业弹性系数与碳排放量,,,
131,碳中和与双循环,6,OEBPS/text/article-131-analysis-2021-06-23-cf40-3795.xhtml,../images/urjacm-006_6966a81c03-982829dd-f94f90a4.jpg,OEBPS/images/urjacm-006_6966a81c03-982829dd-f94f90a4.jpg,true,图3 加工制造业弹性系数与碳排放量,,,
131,碳中和与双循环,7,OEBPS/text/article-131-analysis-2021-06-23-cf40-3795.xhtml,../images/o623jk-007_bfcb2244b7-ef2de403-0edb54d4.jpg,OEBPS/images/o623jk-007_bfcb2244b7-ef2de403-0edb54d4.jpg,true,图4 中国粗钢净出口量占产量比重（2006-2020）,,,
131,碳中和与双循环,8,OEBPS/text/article-131-analysis-2021-06-23-cf40-3795.xhtml,../images/11fpt4g-008_1280929e74-bf0deb87-7318d111.jpg,OEBPS/images/11fpt4g-008_1280929e74-bf0deb87-7318d111.jpg,true,图5 高品质铁矿石溢价（美元/吨）,,,
131,碳中和与双循环,9,OEBPS/text/article-131-analysis-2021-06-23-cf40-3795.xhtml,../images/l4puei-009_b76f7b0c61-ec413d84-b3115b56.jpg,OEBPS/images/l4puei-009_b76f7b0c61-ec413d84-b3115b56.jpg,true,图6 全球螺纹钢价格,,,
132,能源短缺与碳达峰,1,OEBPS/text/article-132-analysis-2021-11-19-cf40-3908.xhtml,../images/eow7ln-001_ef968b0e0d-056808c1-4cd92bf2.jpg,OEBPS/images/eow7ln-001_ef968b0e0d-056808c1-4cd92bf2.jpg,true,图1 2020年以来中国发电来源分类季度增速，%,,,
132,能源短缺与碳达峰,2,OEBPS/text/article-132-analysis-2021-11-19-cf40-3908.xhtml,../images/8dfg1g-002_324e93f3c7-f82c8286-936e9361.jpg,OEBPS/images/8dfg1g-002_324e93f3c7-f82c8286-936e9361.jpg,true,图2 2010-2021年我国工业、第三产业和居民部门用电弹性,,,
132,能源短缺与碳达峰,3,OEBPS/text/article-132-analysis-2021-11-19-cf40-3908.xhtml,../images/1a31zrb-003_2e5ee9e1db-18dc5cbf-7a9584e2.jpg,OEBPS/images/1a31zrb-003_2e5ee9e1db-18dc5cbf-7a9584e2.jpg,true,图3 中国部分省份每吨碳排放所对应的工业增加值，元/吨,,,
132,能源短缺与碳达峰,4,OEBPS/text/article-132-analysis-2021-11-19-cf40-3908.xhtml,../images/bydto-004_e7266ce737-85cd41cc-276b6ac0.jpg,OEBPS/images/bydto-004_e7266ce737-85cd41cc-276b6ac0.jpg,true,图4 高耗能行业和其余制造业等每吨碳排放所对应的增加值，元/吨,,,
141,经济下行风险累积,1,OEBPS/text/article-141-analysis-2018-07-31-cf40-2877.xhtml,../images/l7mdkz-001_5945d182f3-b6a60622-1605020e.jpg,OEBPS/images/l7mdkz-001_5945d182f3-b6a60622-1605020e.jpg,true,文章图表,,,
141,经济下行风险累积,2,OEBPS/text/article-141-analysis-2018-07-31-cf40-2877.xhtml,../images/1koh7tj-002_4480e23b8f-94e08ef6-03e10c6f.jpg,OEBPS/images/1koh7tj-002_4480e23b8f-94e08ef6-03e10c6f.jpg,true,文章图表,,,
141,经济下行风险累积,3,OEBPS/text/article-141-analysis-2018-07-31-cf40-2877.xhtml,../images/1q2rnap-003_171e841778-ba87cfc8-2009cdb9.jpg,OEBPS/images/1q2rnap-003_171e841778-ba87cfc8-2009cdb9.jpg,true,文章图表,,,
141,经济下行风险累积,4,OEBPS/text/article-141-analysis-2018-07-31-cf40-2877.xhtml,../images/j6xame-004_be33d828a7-8ad07b55-eb5e5466.jpg,OEBPS/images/j6xame-004_be33d828a7-8ad07b55-eb5e5466.jpg,true,文章图表,,,
141,经济下行风险累积,5,OEBPS/text/article-141-analysis-2018-07-31-cf40-2877.xhtml,../images/cakw88-005_972657e07b-24217005-90dd5ce8.jpg,OEBPS/images/cakw88-005_972657e07b-24217005-90dd5ce8.jpg,true,文章图表,,,
141,经济下行风险累积,6,OEBPS/text/article-141-analysis-2018-07-31-cf40-2877.xhtml,../images/1mi5rys-006_4435a996ce-fa1d19eb-4e4025b5.jpg,OEBPS/images/1mi5rys-006_4435a996ce-fa1d19eb-4e4025b5.jpg,true,文章图表,,,
141,经济下行风险累积,7,OEBPS/text/article-141-analysis-2018-07-31-cf40-2877.xhtml,../images/12jgvtb-007_2c418662c0-c23829af-f043d1c4.jpg,OEBPS/images/12jgvtb-007_2c418662c0-c23829af-f043d1c4.jpg,true,文章图表,,,
142,中美贸易战影响如何？,1,OEBPS/text/article-142-analysis-2018-09-30-cf40-2946.xhtml,../images/1kkf3yy-001_024e1b21f8-ef78e74f-3b5e2aab.jpg,OEBPS/images/1kkf3yy-001_024e1b21f8-ef78e74f-3b5e2aab.jpg,true,图1 年初以来大盘走势与贸易战主要事件,,,
142,中美贸易战影响如何？,2,OEBPS/text/article-142-analysis-2018-09-30-cf40-2946.xhtml,../images/h7nsab-002_39285df71f-68bd249f-efb1a46d.jpg,OEBPS/images/h7nsab-002_39285df71f-68bd249f-efb1a46d.jpg,true,图2 中概股指数与纳斯达克指数的走势,,,
142,中美贸易战影响如何？,3,OEBPS/text/article-142-analysis-2018-09-30-cf40-2946.xhtml,../images/n1vpxm-003_7379dc3ab2-d91fcd82-55c4ef55.jpg,OEBPS/images/n1vpxm-003_7379dc3ab2-d91fcd82-55c4ef55.jpg,true,图3 AH上市的H股指数、标普500和新兴市场指数,,,
142,中美贸易战影响如何？,4,OEBPS/text/article-142-analysis-2018-09-30-cf40-2946.xhtml,../images/1l7dwr0-004_0ff1798977-66c7307d-c95ee673.jpg,OEBPS/images/1l7dwr0-004_0ff1798977-66c7307d-c95ee673.jpg,true,图4 贸易战影响的回归结果,,,
142,中美贸易战影响如何？,5,OEBPS/text/article-142-analysis-2018-09-30-cf40-2946.xhtml,../images/14d4pd8-005_abe9b71958-0f308f74-c60af693.jpg,OEBPS/images/14d4pd8-005_abe9b71958-0f308f74-c60af693.jpg,true,图5 R007和信托收益率,,,
142,中美贸易战影响如何？,6,OEBPS/text/article-142-analysis-2018-09-30-cf40-2946.xhtml,../images/1jp8cd4-006_86e0089d2d-b6944ec8-e8d6da0f.jpg,OEBPS/images/1jp8cd4-006_86e0089d2d-b6944ec8-e8d6da0f.jpg,true,图6 人民币汇率指数和主权债CDS,,,
143,外需走弱内需疲软，水泥强势值得关注,1,OEBPS/text/article-143-analysis-2018-11-22-cf40-2986.xhtml,../images/1dgs1nv-001_0007154430-6912de26-9cd8ce2b.jpg,OEBPS/images/1dgs1nv-001_0007154430-6912de26-9cd8ce2b.jpg,true,文章图表,,,
143,外需走弱内需疲软，水泥强势值得关注,2,OEBPS/text/article-143-analysis-2018-11-22-cf40-2986.xhtml,../images/iyj2hj-002_5b7d954f50-e67ace4a-e6e40fd9.jpg,OEBPS/images/iyj2hj-002_5b7d954f50-e67ace4a-e6e40fd9.jpg,true,文章图表,,,
143,外需走弱内需疲软，水泥强势值得关注,3,OEBPS/text/article-143-analysis-2018-11-22-cf40-2986.xhtml,../images/1h8mtxl-003_ba24259128-3b5f4613-799606ff.jpg,OEBPS/images/1h8mtxl-003_ba24259128-3b5f4613-799606ff.jpg,true,文章图表,,,
143,外需走弱内需疲软，水泥强势值得关注,4,OEBPS/text/article-143-analysis-2018-11-22-cf40-2986.xhtml,../images/m29qtb-004_8aa23f4479-c8e42876-45feec21.jpg,OEBPS/images/m29qtb-004_8aa23f4479-c8e42876-45feec21.jpg,true,文章图表,,,
143,外需走弱内需疲软，水泥强势值得关注,5,OEBPS/text/article-143-analysis-2018-11-22-cf40-2986.xhtml,../images/6refgr-005_896f9e2964-7b85705f-564175b9.jpg,OEBPS/images/6refgr-005_896f9e2964-7b85705f-564175b9.jpg,true,文章图表,,,
143,外需走弱内需疲软，水泥强势值得关注,6,OEBPS/text/article-143-analysis-2018-11-22-cf40-2986.xhtml,../images/141s28j-006_85af0a3e0b-c90b7d28-3d6cfd6b.jpg,OEBPS/images/141s28j-006_85af0a3e0b-c90b7d28-3d6cfd6b.jpg,true,文章图表,,,
143,外需走弱内需疲软，水泥强势值得关注,7,OEBPS/text/article-143-analysis-2018-11-22-cf40-2986.xhtml,../images/z5t93h-007_b56ca3674e-72103e88-086693c3.jpg,OEBPS/images/z5t93h-007_b56ca3674e-72103e88-086693c3.jpg,true,文章图表,,,
143,外需走弱内需疲软，水泥强势值得关注,8,OEBPS/text/article-143-analysis-2018-11-22-cf40-2986.xhtml,../images/1iew5n0-008_425d8b4034-96a849d6-7a4369f1.jpg,OEBPS/images/1iew5n0-008_425d8b4034-96a849d6-7a4369f1.jpg,true,文章图表,,,
143,外需走弱内需疲软，水泥强势值得关注,9,OEBPS/text/article-143-analysis-2018-11-22-cf40-2986.xhtml,../images/19qvszv-009_afba479336-f730dd69-8dbebe19.jpg,OEBPS/images/19qvszv-009_afba479336-f730dd69-8dbebe19.jpg,true,文章图表,,,
143,外需走弱内需疲软，水泥强势值得关注,10,OEBPS/text/article-143-analysis-2018-11-22-cf40-2986.xhtml,../images/whi7dy-010_d29164abe7-81fa85cd-aa831aff.jpg,OEBPS/images/whi7dy-010_d29164abe7-81fa85cd-aa831aff.jpg,true,文章图表,,,
143,外需走弱内需疲软，水泥强势值得关注,11,OEBPS/text/article-143-analysis-2018-11-22-cf40-2986.xhtml,../images/1dtsat2-011_b8880cdb0c-7040cf89-5ef736f2.jpg,OEBPS/images/1dtsat2-011_b8880cdb0c-7040cf89-5ef736f2.jpg,true,文章图表,,,
143,外需走弱内需疲软，水泥强势值得关注,12,OEBPS/text/article-143-analysis-2018-11-22-cf40-2986.xhtml,../images/1hhwcje-012_b116828621-1a12f39f-bdb967ae.jpg,OEBPS/images/1hhwcje-012_b116828621-1a12f39f-bdb967ae.jpg,true,文章图表,,,
143,外需走弱内需疲软，水泥强势值得关注,13,OEBPS/text/article-143-analysis-2018-11-22-cf40-2986.xhtml,../images/el0taw-013_855c749809-368f586b-2d19d268.jpg,OEBPS/images/el0taw-013_855c749809-368f586b-2d19d268.jpg,true,文章图表,,,
143,外需走弱内需疲软，水泥强势值得关注,14,OEBPS/text/article-143-analysis-2018-11-22-cf40-2986.xhtml,../images/16s5pn1-014_ade6f83797-6c5600df-513e3254.jpg,OEBPS/images/16s5pn1-014_ade6f83797-6c5600df-513e3254.jpg,true,文章图表,,,
143,外需走弱内需疲软，水泥强势值得关注,15,OEBPS/text/article-143-analysis-2018-11-22-cf40-2986.xhtml,../images/cw8zob-015_3cadbebe77-d1997d15-4bb591f8.jpg,OEBPS/images/cw8zob-015_3cadbebe77-d1997d15-4bb591f8.jpg,true,文章图表,,,
143,外需走弱内需疲软，水泥强势值得关注,16,OEBPS/text/article-143-analysis-2018-11-22-cf40-2986.xhtml,../images/yzj6un-016_a2a6550a4c-a4682825-d4ac4b4b.jpg,OEBPS/images/yzj6un-016_a2a6550a4c-a4682825-d4ac4b4b.jpg,true,文章图表,,,
143,外需走弱内需疲软，水泥强势值得关注,17,OEBPS/text/article-143-analysis-2018-11-22-cf40-2986.xhtml,../images/xcp6ht-017_61c034830e-6a450fb6-0024ad02.jpg,OEBPS/images/xcp6ht-017_61c034830e-6a450fb6-0024ad02.jpg,true,文章图表,,,
143,外需走弱内需疲软，水泥强势值得关注,18,OEBPS/text/article-143-analysis-2018-11-22-cf40-2986.xhtml,../images/1kfd5vu-018_6e3b38dbdb-9784614d-09d2408f.jpg,OEBPS/images/1kfd5vu-018_6e3b38dbdb-9784614d-09d2408f.jpg,true,文章图表,,,
143,外需走弱内需疲软，水泥强势值得关注,19,OEBPS/text/article-143-analysis-2018-11-22-cf40-2986.xhtml,../images/14jm69v-019_4640268c9a-8067f95d-1c74f4ea.jpg,OEBPS/images/14jm69v-019_4640268c9a-8067f95d-1c74f4ea.jpg,true,文章图表,,,
143,外需走弱内需疲软，水泥强势值得关注,20,OEBPS/text/article-143-analysis-2018-11-22-cf40-2986.xhtml,../images/obv3co-020_5eabe2454a-ce17da63-eb31afa2.jpg,OEBPS/images/obv3co-020_5eabe2454a-ce17da63-eb31afa2.jpg,true,文章图表,,,
143,外需走弱内需疲软，水泥强势值得关注,21,OEBPS/text/article-143-analysis-2018-11-22-cf40-2986.xhtml,../images/f2adao-021_c8655122cf-5bd66166-707239b7.jpg,OEBPS/images/f2adao-021_c8655122cf-5bd66166-707239b7.jpg,true,文章图表,,,
144,进出口走势不容乐观，托底政策将持续出台,1,OEBPS/text/article-144-analysis-2019-01-15-cf40-3022.xhtml,../images/1ty5obk-001_c24e8117ca-49749bd8-f2c5c1a1.jpg,OEBPS/images/1ty5obk-001_c24e8117ca-49749bd8-f2c5c1a1.jpg,true,文章图表,,,
144,进出口走势不容乐观，托底政策将持续出台,2,OEBPS/text/article-144-analysis-2019-01-15-cf40-3022.xhtml,../images/43rzb5-002_2ad9a3670b-a723de55-18e3fc8e.jpg,OEBPS/images/43rzb5-002_2ad9a3670b-a723de55-18e3fc8e.jpg,true,文章图表,,,
144,进出口走势不容乐观，托底政策将持续出台,3,OEBPS/text/article-144-analysis-2019-01-15-cf40-3022.xhtml,../images/18wdzyk-003_0bd798c14e-99f9a14f-2b4ccf0d.jpg,OEBPS/images/18wdzyk-003_0bd798c14e-99f9a14f-2b4ccf0d.jpg,true,文章图表,,,
144,进出口走势不容乐观，托底政策将持续出台,4,OEBPS/text/article-144-analysis-2019-01-15-cf40-3022.xhtml,../images/9qt3re-004_60a5d64622-78679d9b-ae843645.jpg,OEBPS/images/9qt3re-004_60a5d64622-78679d9b-ae843645.jpg,true,文章图表,,,
144,进出口走势不容乐观，托底政策将持续出台,5,OEBPS/text/article-144-analysis-2019-01-15-cf40-3022.xhtml,../images/kclslz-005_4232b84d5f-d3d397fa-b325e2ec.jpg,OEBPS/images/kclslz-005_4232b84d5f-d3d397fa-b325e2ec.jpg,true,文章图表,,,
144,进出口走势不容乐观，托底政策将持续出台,6,OEBPS/text/article-144-analysis-2019-01-15-cf40-3022.xhtml,../images/3f2ayg-006_ef6020f0ef-3d63d1ce-1119c85d.jpg,OEBPS/images/3f2ayg-006_ef6020f0ef-3d63d1ce-1119c85d.jpg,true,文章图表,,,
145,静水深流,1,OEBPS/text/article-145-analysis-2019-05-29-1awyt7m.xhtml,../images/chart-01-8823130e-eb7c200e.png,OEBPS/images/chart-01-8823130e-eb7c200e.png,true,图1：中概股指数真实值和拟合值（截至2018 年8 月末）,1,图1：中概股指数真实值和拟合值（截至2018 年8 月末）,数据来源：Wind，安信证券 我们使用纳斯达克指数对沃特USX指数进行拟合。
145,静水深流,2,OEBPS/text/article-145-analysis-2019-05-29-1awyt7m.xhtml,../images/chart-02-f0fa1d3e-bce5bcee.png,OEBPS/images/chart-02-f0fa1d3e-bce5bcee.png,true,图2：港股指数真实值和拟合值（截至2018 年8 月末）,2,图2：港股指数真实值和拟合值（截至2018 年8 月末）,数据来源：Wind，安信证券 港股指数使用AH两地上市公司的H股指数编制而成。 我们使用新兴MSCI指数和标普指数对H股指数进行拟合。
145,静水深流,3,OEBPS/text/article-145-analysis-2019-05-29-1awyt7m.xhtml,../images/chart-03-e5f71428-40baf882.png,OEBPS/images/chart-03-e5f71428-40baf882.png,true,图3：中概股指数真实值和拟合值（截至2019 年4 月末）,3,图3：中概股指数真实值和拟合值（截至2019 年4 月末）,数据来源：Wind，安信证券
145,静水深流,4,OEBPS/text/article-145-analysis-2019-05-29-1awyt7m.xhtml,../images/chart-04-c1df843b-d9817490.png,OEBPS/images/chart-04-c1df843b-d9817490.png,true,图4：港股指数真实值和拟合值（截至2019 年4 月末）,4,图4：港股指数真实值和拟合值（截至2019 年4 月末）,数据来源：Wind，安信证券
145,静水深流,5,OEBPS/text/article-145-analysis-2019-05-29-1awyt7m.xhtml,../images/chart-05-8de406df-f36011cc.png,OEBPS/images/chart-05-8de406df-f36011cc.png,true,图5：中概股指数真实值和拟合值（截至2019 年5 月）,5,图5：中概股指数真实值和拟合值（截至2019 年5 月）,数据来源：Wind，安信证券
145,静水深流,6,OEBPS/text/article-145-analysis-2019-05-29-1awyt7m.xhtml,../images/chart-06-2b25cd4d-d865050b.png,OEBPS/images/chart-06-2b25cd4d-d865050b.png,true,图6：港股指数真实值和拟合值（截至2019 年5 月）,6,图6：港股指数真实值和拟合值（截至2019 年5 月）,数据来源：Wind，安信证券
145,静水深流,7,OEBPS/text/article-145-analysis-2019-05-29-1awyt7m.xhtml,../images/chart-07-cda6d5bb-031afc7a.png,OEBPS/images/chart-07-cda6d5bb-031afc7a.png,true,图7：全球工业同比增速，%,7,图7：全球工业同比增速，%,数据来源：荷兰经济政策研究局，安信证券 数据截至2019年2月
145,静水深流,8,OEBPS/text/article-145-analysis-2019-05-29-1awyt7m.xhtml,../images/chart-08-89201153-0b278840.png,OEBPS/images/chart-08-89201153-0b278840.png,true,图8：OECD 综合领先指标,8,图8：OECD 综合领先指标,"数据来源：OECD，wind，安信证券 6个主要非成员国：BRIICS。Brazil, Russia, India, Indonesia, China, South Africa 截至2019年2月"
145,静水深流,9,OEBPS/text/article-145-analysis-2019-05-29-1awyt7m.xhtml,../images/chart-09-30b91ec3-7477fa89.png,OEBPS/images/chart-09-30b91ec3-7477fa89.png,true,图9：全球制造业和服务业PMI，%,9,图9：全球制造业和服务业PMI，%,数据来源：wind，安信证券
145,静水深流,10,OEBPS/text/article-145-analysis-2019-05-29-1awyt7m.xhtml,../images/chart-10-d794f3b3-8bffd0f9.png,OEBPS/images/chart-10-d794f3b3-8bffd0f9.png,true,图10：全球出口同比，%,10,图10：全球出口同比，%,数据来源：荷兰经济政策研究局，安信证券
145,静水深流,11,OEBPS/text/article-145-analysis-2019-05-29-1awyt7m.xhtml,../images/chart-11-4a685c15-3a62dd32.png,OEBPS/images/chart-11-4a685c15-3a62dd32.png,true,图11：名义和实际贸易盈余/GDP，%,11,图11：名义和实际贸易盈余/GDP，%,数据来源：荷兰经济政策研究局，安信证券
145,静水深流,12,OEBPS/text/article-145-analysis-2019-05-29-1awyt7m.xhtml,../images/chart-12-fd07757b-9377ebaa.png,OEBPS/images/chart-12-fd07757b-9377ebaa.png,true,图12：全国居民人均可支配收入和社会消费品零售同比，%,12,图12：全国居民人均可支配收入和社会消费品零售同比，%,数据来源：荷兰经济政策研究局，安信证券
145,静水深流,13,OEBPS/text/article-145-analysis-2019-05-29-1awyt7m.xhtml,../images/chart-13-eb84f680-6a1ded42.png,OEBPS/images/chart-13-eb84f680-6a1ded42.png,true,图13：社会消费品零售和商品房销售同比，%,13,图13：社会消费品零售和商品房销售同比，%,数据来源：Wind，安信证券
145,静水深流,14,OEBPS/text/article-145-analysis-2019-05-29-1awyt7m.xhtml,../images/chart-14-db9cb927-b5436d1a.png,OEBPS/images/chart-14-db9cb927-b5436d1a.png,true,图14：社会消费品零售和商品房销售同比，%,14,图14：社会消费品零售和商品房销售同比，%,数据来源：CEIC，安信证券 数据使用2017年160个主要城市数据。
145,静水深流,15,OEBPS/text/article-145-analysis-2019-05-29-1awyt7m.xhtml,../images/chart-15-81641a45-ced2960c.png,OEBPS/images/chart-15-81641a45-ced2960c.png,true,图15：社会消费品零售和商品房销售同比变化，%,15,图15：社会消费品零售和商品房销售同比变化，%,数据来源：CEIC，安信证券 数据使用2017年和2016年160个主要城市数据。
145,静水深流,16,OEBPS/text/article-145-analysis-2019-05-29-1awyt7m.xhtml,../images/chart-16-96f1d5e6-ad613e66.png,OEBPS/images/chart-16-96f1d5e6-ad613e66.png,true,图16：住户部门：实物交易中储蓄/可支配收入，%,16,图16：住户部门：实物交易中储蓄/可支配收入，%,数据来源：CEIC，安信证券 假设2017年、2018年住户部门可支配同比分别为9.3%、9.0%；2017年、2018年住户部门消费分别为9.2%、8.1%。
145,静水深流,17,OEBPS/text/article-145-analysis-2019-05-29-1awyt7m.xhtml,../images/chart-17-cf58e2ac-0c9041d9.png,OEBPS/images/chart-17-cf58e2ac-0c9041d9.png,true,图17：住户部门：金融交易中储蓄/可支配收入，%,17,图17：住户部门：金融交易中储蓄/可支配收入，%,数据来源：CEIC，安信证券 假设2017年、2018年住户部门可支配同比分别为9.3%、9.0%。
145,静水深流,18,OEBPS/text/article-145-analysis-2019-05-29-1awyt7m.xhtml,../images/chart-18-2502d3a8-9501fc2e.png,OEBPS/images/chart-18-2502d3a8-9501fc2e.png,true,图18：理财、住户部门存款余额同比，%,18,图18：理财、住户部门存款余额同比，%,数据来源：CEIC，安信证券
145,静水深流,19,OEBPS/text/article-145-analysis-2019-05-29-1awyt7m.xhtml,../images/chart-19-8de35e7c-44f18fe2.png,OEBPS/images/chart-19-8de35e7c-44f18fe2.png,true,图19：住户部门:商品房销售额/可支配收入和住宅销售额/可支配收入，%,19,图19：住户部门:商品房销售额/可支配收入和住宅销售额/可支配收入，%,数据来源：CEIC，安信证券
145,静水深流,20,OEBPS/text/article-145-analysis-2019-05-29-1awyt7m.xhtml,../images/chart-20-9b1dfec3-5a91216c.png,OEBPS/images/chart-20-9b1dfec3-5a91216c.png,true,图20：住户部门:中长期贷款变化/可支配收入，%,20,图20：住户部门:中长期贷款变化/可支配收入，%,数据来源：CEIC，安信证券
145,静水深流,21,OEBPS/text/article-145-analysis-2019-05-29-1awyt7m.xhtml,../images/chart-21-eab9d961-9501fc2e.png,OEBPS/images/chart-21-eab9d961-9501fc2e.png,true,图21：理财、住户部门存款余额同比，%,21,图21：理财、住户部门存款余额同比，%,数据来源：CEIC，安信证券
145,静水深流,22,OEBPS/text/article-145-analysis-2019-05-29-1awyt7m.xhtml,../images/chart-22-ad8ee314-b28b7d25.png,OEBPS/images/chart-22-ad8ee314-b28b7d25.png,true,图22：银行理财产品预期收益率，%,22,图22：银行理财产品预期收益率，%,数据来源：CEIC，安信证券
146,贸易战对实体经济的影响如何,1,OEBPS/text/article-146-analysis-2019-08-23-cf40-3162.xhtml,../images/j8b1ud-001_c0dc5ac709-1c9bf94b-a4ab8e06.jpg,OEBPS/images/j8b1ud-001_c0dc5ac709-1c9bf94b-a4ab8e06.jpg,true,文章图表,,,
146,贸易战对实体经济的影响如何,2,OEBPS/text/article-146-analysis-2019-08-23-cf40-3162.xhtml,../images/xs50kx-002_2c5509ee13-13a0f8d2-c9490425.jpg,OEBPS/images/xs50kx-002_2c5509ee13-13a0f8d2-c9490425.jpg,true,文章图表,,,
146,贸易战对实体经济的影响如何,3,OEBPS/text/article-146-analysis-2019-08-23-cf40-3162.xhtml,../images/15docmj-003_acdfc6a713-a518af2e-3b873645.jpg,OEBPS/images/15docmj-003_acdfc6a713-a518af2e-3b873645.jpg,true,文章图表,,,
148,吹尽狂沙始到金,1,OEBPS/text/article-148-analysis-2022-07-02-q66d6x.xhtml,../images/chart-01-fe1fa224-91ad4ec9.png,OEBPS/images/chart-01-fe1fa224-91ad4ec9.png,true,图1：Wind 全A 和沪深300 指数，点,1,,数据来源：Wind，安信证券
148,吹尽狂沙始到金,2,OEBPS/text/article-148-analysis-2022-07-02-q66d6x.xhtml,../images/chart-02-35e35d17-539358de.png,OEBPS/images/chart-02-35e35d17-539358de.png,true,图2：世界银行高收入经济体标准，美元/人,2,,数据来源：Wind，安信证券 注：世界银行为了固定收入类别的门槛值，每年按照特别提款权（SDR）国家（当前为中、日、英、美、欧）GDP平减指数的加权平均值进行通胀调整。
148,吹尽狂沙始到金,3,OEBPS/text/article-148-analysis-2022-07-02-q66d6x.xhtml,../images/image1-79e8f2a4-243c391c.png,OEBPS/images/image1-79e8f2a4-243c391c.png,true,图表,,,
148,吹尽狂沙始到金,4,OEBPS/text/article-148-analysis-2022-07-02-q66d6x.xhtml,../images/chart-03-e41c937c-db83c31e.png,OEBPS/images/chart-03-e41c937c-db83c31e.png,true,图3：世界银行高收入经济体标准，美元/人,3,,数据来源：Wind，安信证券 注：2021年世界银行高收入标准为7月1日最新公布值；中国2021年世界银行图表集法的人均GNI尚未公布，由人均GDP替代，二者差异较小。
148,吹尽狂沙始到金,5,OEBPS/text/article-148-analysis-2022-07-02-q66d6x.xhtml,../images/chart-04-c18c1864-7dc40369.png,OEBPS/images/chart-04-c18c1864-7dc40369.png,true,图4：人民币实际有效汇率指数与美元兑人民币汇率,4,,数据来源：Wind，安信证券 注：1997-2021年人民币实际有效汇率指数年均增速为1.3%
148,吹尽狂沙始到金,6,OEBPS/text/article-148-analysis-2022-07-02-q66d6x.xhtml,../images/chart-05-3bc90115-56599564.png,OEBPS/images/chart-05-3bc90115-56599564.png,true,图5：东亚经济转型中的实际GDP 增速，%,5,,数据来源：Wind，安信证券 注：“日韩台平均”是对经济转型相应阶段的日本、韩国、中国台湾实际GDP增速的算术平均。
148,吹尽狂沙始到金,7,OEBPS/text/article-148-analysis-2022-07-02-q66d6x.xhtml,../images/chart-06-fcb3bdf7-0e4bb3a5.png,OEBPS/images/chart-06-fcb3bdf7-0e4bb3a5.png,true,图6：算数平均下的增长组名义人均GDP ，美元/人,6,,数据来源：Wind，安信证券
148,吹尽狂沙始到金,8,OEBPS/text/article-148-analysis-2022-07-02-q66d6x.xhtml,../images/chart-07-7f9615c8-65b31fb7.png,OEBPS/images/chart-07-7f9615c8-65b31fb7.png,true,图7：算数平均下的停滞组名义人均GDP ，美元/人,7,,数据来源：Wind，安信证券 注：已剔除委内瑞拉2014年以后的数据点。
148,吹尽狂沙始到金,9,OEBPS/text/article-148-analysis-2022-07-02-q66d6x.xhtml,../images/chart-08-3f0a39eb-3c992db6.png,OEBPS/images/chart-08-3f0a39eb-3c992db6.png,true,图8：各经济体跨过高收入门槛后的长期经济增速与得分，%，分,8,,数据来源：Wind，安信证券 已剔除极值点委内瑞拉
152,新冠肺炎疫情对全球金融市场和国内实体经济的影响,1,OEBPS/text/article-152-analysis-2020-02-29-cf40-3295.xhtml,../images/1j63cjf-001_4ed80994a0-60b24857-9334b59c.jpg,OEBPS/images/1j63cjf-001_4ed80994a0-60b24857-9334b59c.jpg,true,图1 全国新增确诊病例和新增疑似病例,,,
152,新冠肺炎疫情对全球金融市场和国内实体经济的影响,2,OEBPS/text/article-152-analysis-2020-02-29-cf40-3295.xhtml,../images/dwl4yj-002_ae634db3c8-09984bac-6b1b0753.jpg,OEBPS/images/dwl4yj-002_ae634db3c8-09984bac-6b1b0753.jpg,true,图2 湖北省新增确诊病例,,,
152,新冠肺炎疫情对全球金融市场和国内实体经济的影响,3,OEBPS/text/article-152-analysis-2020-02-29-cf40-3295.xhtml,../images/1k2vpk0-003_e003cc4fda-3f2286b6-f11fe4c2.jpg,OEBPS/images/1k2vpk0-003_e003cc4fda-3f2286b6-f11fe4c2.jpg,true,图3 武汉封城前后MSCI全球、发达和新兴市场指数表现,,,
152,新冠肺炎疫情对全球金融市场和国内实体经济的影响,4,OEBPS/text/article-152-analysis-2020-02-29-cf40-3295.xhtml,../images/1gwjo4i-004_4cddeee431-278578e1-ed2c5e5b.jpg,OEBPS/images/1gwjo4i-004_4cddeee431-278578e1-ed2c5e5b.jpg,true,图4 武汉封城前后美国三大股指表现,,,
152,新冠肺炎疫情对全球金融市场和国内实体经济的影响,5,OEBPS/text/article-152-analysis-2020-02-29-cf40-3295.xhtml,../images/1beo91u-005_fb8382fba5-6de66f5f-8be27813.jpg,OEBPS/images/1beo91u-005_fb8382fba5-6de66f5f-8be27813.jpg,true,图5 武汉封城前后美国、欧洲、日本股票指数表现,,,
152,新冠肺炎疫情对全球金融市场和国内实体经济的影响,6,OEBPS/text/article-152-analysis-2020-02-29-cf40-3295.xhtml,../images/1jvh5n7-006_7ed2a4a89f-93f05750-6b92c6e5.jpg,OEBPS/images/1jvh5n7-006_7ed2a4a89f-93f05750-6b92c6e5.jpg,true,图6 武汉封城前后10年期美国和日本国债收益率表现,,,
152,新冠肺炎疫情对全球金融市场和国内实体经济的影响,7,OEBPS/text/article-152-analysis-2020-02-29-cf40-3295.xhtml,../images/17bpbfz-007_112d7d7cc8-14704afd-a77188d0.jpg,OEBPS/images/17bpbfz-007_112d7d7cc8-14704afd-a77188d0.jpg,true,图7 武汉封城前后10年期美国和德国国债收益率表现,,,
152,新冠肺炎疫情对全球金融市场和国内实体经济的影响,8,OEBPS/text/article-152-analysis-2020-02-29-cf40-3295.xhtml,../images/1ezac9p-008_0804d779ec-472e1e69-6366d990.jpg,OEBPS/images/1ezac9p-008_0804d779ec-472e1e69-6366d990.jpg,true,图8 武汉封城前后新兴经济体主权债收益率表现,,,
152,新冠肺炎疫情对全球金融市场和国内实体经济的影响,9,OEBPS/text/article-152-analysis-2020-02-29-cf40-3295.xhtml,../images/fv3vhk-009_673eb9e7d9-51373983-a2bf2bad.jpg,OEBPS/images/fv3vhk-009_673eb9e7d9-51373983-a2bf2bad.jpg,true,图9 武汉封城前后美国BBB级企业债利率和利差表现,,,
152,新冠肺炎疫情对全球金融市场和国内实体经济的影响,10,OEBPS/text/article-152-analysis-2020-02-29-cf40-3295.xhtml,../images/aittvk-010_fe8f40917e-020be72f-b12a5c7d.jpg,OEBPS/images/aittvk-010_fe8f40917e-020be72f-b12a5c7d.jpg,true,图10 武汉封城前后美元指数和日元兑美元汇率表现,,,
152,新冠肺炎疫情对全球金融市场和国内实体经济的影响,11,OEBPS/text/article-152-analysis-2020-02-29-cf40-3295.xhtml,../images/6tlst6-011_fc7b4a608c-25594ec3-7f307a89.jpg,OEBPS/images/6tlst6-011_fc7b4a608c-25594ec3-7f307a89.jpg,true,图11 武汉封城前后新兴市场汇率指数表现,,,
152,新冠肺炎疫情对全球金融市场和国内实体经济的影响,12,OEBPS/text/article-152-analysis-2020-02-29-cf40-3295.xhtml,../images/kb4jzp-012_a2fa157a6d-fc0ba1c6-acca4c50.jpg,OEBPS/images/kb4jzp-012_a2fa157a6d-fc0ba1c6-acca4c50.jpg,true,图12 武汉封城前后高盛商品指数和原油价格表现,,,
152,新冠肺炎疫情对全球金融市场和国内实体经济的影响,13,OEBPS/text/article-152-analysis-2020-02-29-cf40-3295.xhtml,../images/1oxxnob-013_42a1322916-3a768aff-25219aee.jpg,OEBPS/images/1oxxnob-013_42a1322916-3a768aff-25219aee.jpg,true,图13 武汉封城前后黄金价格表现,,,
152,新冠肺炎疫情对全球金融市场和国内实体经济的影响,14,OEBPS/text/article-152-analysis-2020-02-29-cf40-3295.xhtml,../images/1ir67ts-014_7039ce7957-743ef9b6-fa8fde2e.jpg,OEBPS/images/1ir67ts-014_7039ce7957-743ef9b6-fa8fde2e.jpg,true,图14 武汉封城前后中国A股市场整体表现,,,
152,新冠肺炎疫情对全球金融市场和国内实体经济的影响,15,OEBPS/text/article-152-analysis-2020-02-29-cf40-3295.xhtml,../images/1jjqrw1-015_f78da4b9e1-2e4481c6-18cf5818.jpg,OEBPS/images/1jjqrw1-015_f78da4b9e1-2e4481c6-18cf5818.jpg,true,图15 武汉封城前后中国10年期国债和国开债收益率表现,,,
152,新冠肺炎疫情对全球金融市场和国内实体经济的影响,16,OEBPS/text/article-152-analysis-2020-02-29-cf40-3295.xhtml,../images/5tiwnp-016_217d130705-07415b48-e01f4b4a.jpg,OEBPS/images/5tiwnp-016_217d130705-07415b48-e01f4b4a.jpg,true,图16 武汉封城前后人民币汇率表现,,,
152,新冠肺炎疫情对全球金融市场和国内实体经济的影响,17,OEBPS/text/article-152-analysis-2020-02-29-cf40-3295.xhtml,../images/1o3lsc4-017_e441df0035-13f38617-da851998.jpg,OEBPS/images/1o3lsc4-017_e441df0035-13f38617-da851998.jpg,true,图17 武汉封城前后南华工业品指数表现,,,
152,新冠肺炎疫情对全球金融市场和国内实体经济的影响,18,OEBPS/text/article-152-analysis-2020-02-29-cf40-3295.xhtml,../images/15nwpen-018_06727d7993-e91ed018-e165a702.jpg,OEBPS/images/15nwpen-018_06727d7993-e91ed018-e165a702.jpg,true,图18 2019年和2020年春节前后　全国发送旅客数（单位：万人次）,,,
152,新冠肺炎疫情对全球金融市场和国内实体经济的影响,19,OEBPS/text/article-152-analysis-2020-02-29-cf40-3295.xhtml,../images/y8tkl7-019_d3b1648e82-ea9ac4af-4c539988.jpg,OEBPS/images/y8tkl7-019_d3b1648e82-ea9ac4af-4c539988.jpg,true,图19 2017—2020年春节前后　6大发电集团日均耗煤量（单位：万吨）,,,
152,新冠肺炎疫情对全球金融市场和国内实体经济的影响,20,OEBPS/text/article-152-analysis-2020-02-29-cf40-3295.xhtml,../images/1pdxpb5-020_0dfdfa6faa-448d4332-484ff859.jpg,OEBPS/images/1pdxpb5-020_0dfdfa6faa-448d4332-484ff859.jpg,true,图20 2020年各省规模以上工业企业复工率,,,
154,新冠疫情常态化如何影响经济运行——微观机理、数值估计与政策应对,1,OEBPS/text/article-154-analysis-2020-06-14-cf40-3494.xhtml,../images/19gjopp-001_b03973c05c-c53b4cdd-a35e0358.jpg,OEBPS/images/19gjopp-001_b03973c05c-c53b4cdd-a35e0358.jpg,true,文章图表,,,
154,新冠疫情常态化如何影响经济运行——微观机理、数值估计与政策应对,2,OEBPS/text/article-154-analysis-2020-06-14-cf40-3494.xhtml,../images/k5m6rz-002_694620a4d6-3d9505e3-d1fac8f3.jpg,OEBPS/images/k5m6rz-002_694620a4d6-3d9505e3-d1fac8f3.jpg,true,文章图表,,,
154,新冠疫情常态化如何影响经济运行——微观机理、数值估计与政策应对,3,OEBPS/text/article-154-analysis-2020-06-14-cf40-3494.xhtml,../images/7xt3d6-003_6938a90b64-9140d87a-3473dc20.jpg,OEBPS/images/7xt3d6-003_6938a90b64-9140d87a-3473dc20.jpg,true,文章图表,,,
154,新冠疫情常态化如何影响经济运行——微观机理、数值估计与政策应对,4,OEBPS/text/article-154-analysis-2020-06-14-cf40-3494.xhtml,../images/9cm714-004_e9538a38b3-2862c13c-a80a03e3.jpg,OEBPS/images/9cm714-004_e9538a38b3-2862c13c-a80a03e3.jpg,true,文章图表,,,
154,新冠疫情常态化如何影响经济运行——微观机理、数值估计与政策应对,5,OEBPS/text/article-154-analysis-2020-06-14-cf40-3494.xhtml,../images/1oo8tdd-005_11b42cb0bf-59576cde-122e4e59.jpg,OEBPS/images/1oo8tdd-005_11b42cb0bf-59576cde-122e4e59.jpg,true,文章图表,,,
154,新冠疫情常态化如何影响经济运行——微观机理、数值估计与政策应对,6,OEBPS/text/article-154-analysis-2020-06-14-cf40-3494.xhtml,../images/z92cw-006_dc255fd0e1-44980025-4e00e239.jpg,OEBPS/images/z92cw-006_dc255fd0e1-44980025-4e00e239.jpg,true,文章图表,,,
155,变局之中开新局,1,OEBPS/text/article-155-analysis-2020-07-01-14dsh8z.xhtml,../images/chart-01-9d3b8f7e-e8f168a9.png,OEBPS/images/chart-01-9d3b8f7e-e8f168a9.png,true,图1：可选消费：交易金额和恢复程度,1,图1：可选消费：交易金额和恢复程度,数据来源：Wind，安信证券 注：数据截至4月底，横轴为交易金额取Ln，纵轴为该商品增速从底部回升的百分比。
155,变局之中开新局,2,OEBPS/text/article-155-analysis-2020-07-01-14dsh8z.xhtml,../images/chart-02-0aa1fe86-1d3cfba7.png,OEBPS/images/chart-02-0aa1fe86-1d3cfba7.png,true,图2：可选消费：交易金额和恢复程度,2,图2：可选消费：交易金额和恢复程度,数据来源：Wind，安信证券 注：截至4月底，横轴为交易金额取Ln，纵轴为该商品增速从底部回升的百分比。该样本添加了餐饮、酒店。
155,变局之中开新局,3,OEBPS/text/article-155-analysis-2020-07-01-14dsh8z.xhtml,../images/chart-03-471e1f6f-61f14a8f.png,OEBPS/images/chart-03-471e1f6f-61f14a8f.png,true,图3：社零和固定资产投资当月同比，%,3,图3：社零和固定资产投资当月同比，%,数据来源：Wind，安信证券
155,变局之中开新局,4,OEBPS/text/article-155-analysis-2020-07-01-14dsh8z.xhtml,../images/chart-04-8c14a8d7-bb8ac316.png,OEBPS/images/chart-04-8c14a8d7-bb8ac316.png,true,图4：30 大中城市商品房交易面积及恢复度，万平方米、%,4,图4：30 大中城市商品房交易面积及恢复度，万平方米、%,数据来源：Wind，安信证券 注：此处恢复度指2020年量占2017-2019年均值的比例。
155,变局之中开新局,5,OEBPS/text/article-155-analysis-2020-07-01-14dsh8z.xhtml,../images/chart-05-68d4316e-cc335f94.png,OEBPS/images/chart-05-68d4316e-cc335f94.png,true,图5：乘用车每周日均零售同比(4WMA)， %,5,图5：乘用车每周日均零售同比(4WMA)， %,数据来源：Wind，安信证券
155,变局之中开新局,6,OEBPS/text/article-155-analysis-2020-07-01-14dsh8z.xhtml,../images/chart-06-df16d63d-fa42ac53.png,OEBPS/images/chart-06-df16d63d-fa42ac53.png,true,图6：可选消费：交易金额和恢复程度（13 个样本）,6,图6：可选消费：交易金额和恢复程度（13 个样本）,数据来源：Wind，安信证券 注：截至5月底，横轴为交易金额取Ln，纵轴为该商品增速从底部回升的百分比。
155,变局之中开新局,7,OEBPS/text/article-155-analysis-2020-07-01-14dsh8z.xhtml,../images/chart-07-91b8574a-dc12c1b2.png,OEBPS/images/chart-07-91b8574a-dc12c1b2.png,true,图7：可选消费：交易金额和恢复程度(22 个样本),7,图7：可选消费：交易金额和恢复程度(22 个样本),数据来源：Wind，安信证券 注：截至5月底，横轴为交易金额取Ln，纵轴为该商品增速从底部回升的百分比。
155,变局之中开新局,8,OEBPS/text/article-155-analysis-2020-07-01-14dsh8z.xhtml,../images/chart-08-6fa19b3f-56f933b2.png,OEBPS/images/chart-08-6fa19b3f-56f933b2.png,true,图8：限额以上必选、可选消费（除石油）当月同比， %,8,图8：限额以上必选、可选消费（除石油）当月同比， %,数据来源：Wind，安信证券
155,变局之中开新局,9,OEBPS/text/article-155-analysis-2020-07-01-14dsh8z.xhtml,../images/chart-09-47a8cbe6-9bb8375f.png,OEBPS/images/chart-09-47a8cbe6-9bb8375f.png,true,图9：高频消费数据同比增速， %,9,图9：高频消费数据同比增速， %,数据来源：Wind，哗啦啦大数据，安信证券
155,变局之中开新局,10,OEBPS/text/article-155-analysis-2020-07-01-14dsh8z.xhtml,../images/chart-10-bac783c2-a11df2ad.png,OEBPS/images/chart-10-bac783c2-a11df2ad.png,true,图10：限额以上企业商品零售总额同比， %,10,图10：限额以上企业商品零售总额同比， %,数据来源：Wind，安信证券 注：6月为根据高频数据得到的估算值。
155,变局之中开新局,11,OEBPS/text/article-155-analysis-2020-07-01-14dsh8z.xhtml,../images/chart-11-f8aa12bc-f5030ba1.png,OEBPS/images/chart-11-f8aa12bc-f5030ba1.png,true,图11：全国餐饮账单数量同比（7DMA）， %,11,图11：全国餐饮账单数量同比（7DMA）， %,数据来源：哗啦啦大数据，安信证券 注：住宿餐饮，文化体育娱乐、居民服务合计占消费性服务业比例为17%，占服务业比例8.8%，占GDP比例为5%左右。
155,变局之中开新局,12,OEBPS/text/article-155-analysis-2020-07-01-14dsh8z.xhtml,../images/chart-12-7d60c92f-e5d1e1e5.png,OEBPS/images/chart-12-7d60c92f-e5d1e1e5.png,true,图12：民航运输人数同比， %,12,图12：民航运输人数同比， %,数据来源：Wind，安信证券
155,变局之中开新局,13,OEBPS/text/article-155-analysis-2020-07-01-14dsh8z.xhtml,../images/chart-13-d81c72b9-76792446.png,OEBPS/images/chart-13-d81c72b9-76792446.png,true,图13：中端酒店出租率同比， %,13,图13：中端酒店出租率同比， %,数据来源：STR，安信证券
155,变局之中开新局,14,OEBPS/text/article-155-analysis-2020-07-01-14dsh8z.xhtml,../images/chart-14-95b3b749-97443fc8.png,OEBPS/images/chart-14-95b3b749-97443fc8.png,true,图14：限额以上可选和石油消费当月同比， %,14,图14：限额以上可选和石油消费当月同比， %,数据来源：Wind，安信证券
155,变局之中开新局,15,OEBPS/text/article-155-analysis-2020-07-01-14dsh8z.xhtml,../images/chart-15-4c30710e-03ee1360.png,OEBPS/images/chart-15-4c30710e-03ee1360.png,true,图15：标普指数、中概股和纳斯达克指数,15,图15：标普指数、中概股和纳斯达克指数,数据来源：Bloomberg，安信证券 注：将2020年1月2日标准化为100。
155,变局之中开新局,16,OEBPS/text/article-155-analysis-2020-07-01-14dsh8z.xhtml,../images/chart-16-c3cb656f-c095b4c2.png,OEBPS/images/chart-16-c3cb656f-c095b4c2.png,true,图16：标普500 与餐饮、航空和酒店指数,16,图16：标普500 与餐饮、航空和酒店指数,数据来源：Bloomberg，安信证券 注：将2020年1月2日标准化为100。
155,变局之中开新局,17,OEBPS/text/article-155-analysis-2020-07-01-14dsh8z.xhtml,../images/chart-17-275ceeb7-82900c65.png,OEBPS/images/chart-17-275ceeb7-82900c65.png,true,图17：社会消费品零售总额同比：限额以上及以下，%,17,图17：社会消费品零售总额同比：限额以上及以下，%,数据来源：Wind，安信证券
155,变局之中开新局,18,OEBPS/text/article-155-analysis-2020-07-01-14dsh8z.xhtml,../images/chart-18-df06f0a4-a1386767.png,OEBPS/images/chart-18-df06f0a4-a1386767.png,true,图18：CPI 中家庭服务及加工维修服务价格当月同比，%,18,图18：CPI 中家庭服务及加工维修服务价格当月同比，%,数据来源：Wind，安信证券
155,变局之中开新局,19,OEBPS/text/article-155-analysis-2020-07-01-14dsh8z.xhtml,../images/chart-19-3f2e35fe-f466076c.png,OEBPS/images/chart-19-3f2e35fe-f466076c.png,true,图19：自主、合资和豪华汽车当月同比，%,19,图19：自主、合资和豪华汽车当月同比，%,数据来源：Wind，安信证券
155,变局之中开新局,20,OEBPS/text/article-155-analysis-2020-07-01-14dsh8z.xhtml,../images/chart-20-9abf2bc4-7bfe7494.png,OEBPS/images/chart-20-9abf2bc4-7bfe7494.png,true,图20：美国和德国10 年期国债收益率，%,20,图20：美国和德国10 年期国债收益率，%,数据来源：Bloomberg，安信证券
155,变局之中开新局,21,OEBPS/text/article-155-analysis-2020-07-01-14dsh8z.xhtml,../images/chart-21-8bc4609d-aaa71126.png,OEBPS/images/chart-21-8bc4609d-aaa71126.png,true,图21：美国高收益企业债期权调整利差，%,21,图21：美国高收益企业债期权调整利差，%,数据来源：Bloomberg，安信证券
155,变局之中开新局,22,OEBPS/text/article-155-analysis-2020-07-01-14dsh8z.xhtml,../images/chart-22-51287b1a-022ada0b.png,OEBPS/images/chart-22-51287b1a-022ada0b.png,true,图22：制造业投资当月同比，%,22,图22：制造业投资当月同比，%,数据来源：Wind，安信证券
155,变局之中开新局,23,OEBPS/text/article-155-analysis-2020-07-01-14dsh8z.xhtml,../images/chart-23-aeb0a13d-640f7ad1.png,OEBPS/images/chart-23-aeb0a13d-640f7ad1.png,true,图23：民间投资当月同比，%,23,图23：民间投资当月同比，%,数据来源：Wind，安信证券
155,变局之中开新局,24,OEBPS/text/article-155-analysis-2020-07-01-14dsh8z.xhtml,../images/chart-24-a7b4f255-231f9f8c.png,OEBPS/images/chart-24-a7b4f255-231f9f8c.png,true,图24：美国、日本、德国和意大利股指,24,图24：美国、日本、德国和意大利股指,数据来源：Bloomberg，安信证券 注：2020年1月2日标准化为100。
155,变局之中开新局,25,OEBPS/text/article-155-analysis-2020-07-01-14dsh8z.xhtml,../images/chart-25-2e529415-7013fe05.png,OEBPS/images/chart-25-2e529415-7013fe05.png,true,图25：MSCI 发达和新兴市场指数,25,图25：MSCI 发达和新兴市场指数,数据来源：Bloomberg，安信证券 注：2020年1月2日标准化为100。
157,经济恢复现分化，政策干预需更有针对性,1,OEBPS/text/article-157-analysis-2020-07-24-cf40-3520.xhtml,../images/193q5ht-001_3dcfc0f369-dfe3d85f-d051d34e.jpg,OEBPS/images/193q5ht-001_3dcfc0f369-dfe3d85f-d051d34e.jpg,true,图1 规模以上工业增加值当月同比（单位：%）,,,
157,经济恢复现分化，政策干预需更有针对性,2,OEBPS/text/article-157-analysis-2020-07-24-cf40-3520.xhtml,../images/qvgei2-002_7e79484a53-60426ae0-dff2058f.jpg,OEBPS/images/qvgei2-002_7e79484a53-60426ae0-dff2058f.jpg,true,图2 社会消费品零售名义同比：限额以上V.S.限额以下（单位：%）,,,
157,经济恢复现分化，政策干预需更有针对性,3,OEBPS/text/article-157-analysis-2020-07-24-cf40-3520.xhtml,../images/1yr9mv0-003_262b0e6c88-d1f858d2-eee564dd.jpg,OEBPS/images/1yr9mv0-003_262b0e6c88-d1f858d2-eee564dd.jpg,true,图3 服务业生产指数当月同比（单位：%）,,,
157,经济恢复现分化，政策干预需更有针对性,4,OEBPS/text/article-157-analysis-2020-07-24-cf40-3520.xhtml,../images/9lo3kn-004_c0268bec0c-379046f4-f057c466.jpg,OEBPS/images/9lo3kn-004_c0268bec0c-379046f4-f057c466.jpg,true,图4 交易费用楔子示意图,,,
157,经济恢复现分化，政策干预需更有针对性,5,OEBPS/text/article-157-analysis-2020-07-24-cf40-3520.xhtml,../images/1rsm4fv-005_50057866b8-a98fc5a4-ef05c407.jpg,OEBPS/images/1rsm4fv-005_50057866b8-a98fc5a4-ef05c407.jpg,true,图5 可选消费：交易金额和恢复程度（13个样本）（单位：%）,,,
157,经济恢复现分化，政策干预需更有针对性,6,OEBPS/text/article-157-analysis-2020-07-24-cf40-3520.xhtml,../images/1mg4jcm-006_8fe7f99573-a1344228-8fadfede.jpg,OEBPS/images/1mg4jcm-006_8fe7f99573-a1344228-8fadfede.jpg,true,图6 可选消费：交易金额和恢复程度（22个样本）（单位：%）,,,
158,守得云开见月明,1,OEBPS/text/article-158-analysis-2021-01-14-1vn7z1z.xhtml,../images/chart-01-53f0d6cf-f615854c.png,OEBPS/images/chart-01-53f0d6cf-f615854c.png,true,图1：北京城镇居民储蓄率，%,1,,数据来源：Wind，安信证券 注：储蓄率=（人均可支配收入-人均消费支出）/人均可支配收入。
158,守得云开见月明,2,OEBPS/text/article-158-analysis-2021-01-14-1vn7z1z.xhtml,../images/chart-02-7aa85387-3b0da95c.png,OEBPS/images/chart-02-7aa85387-3b0da95c.png,true,图2：中国居民部门储蓄率，%,2,,数据来源：Wind，安信证券
158,守得云开见月明,3,OEBPS/text/article-158-analysis-2021-01-14-1vn7z1z.xhtml,../images/chart-03-6ce8caef-933389a6.png,OEBPS/images/chart-03-6ce8caef-933389a6.png,true,图3：2020 年中国居民部门储蓄率偏离度，%,3,,数据来源：Wind，安信证券 注：偏离度为2020年各季度储蓄率减去相应季度的趋势值。
158,守得云开见月明,4,OEBPS/text/article-158-analysis-2021-01-14-1vn7z1z.xhtml,../images/chart-04-b9ee452b-fee427d4.png,OEBPS/images/chart-04-b9ee452b-fee427d4.png,true,图4：各国2019 年家庭储蓄率，%,4,,数据来源：Bloomberg，安信证券 注：各国家庭储蓄率由家庭储蓄除以家庭可支配收入计算得到。
158,守得云开见月明,5,OEBPS/text/article-158-analysis-2021-01-14-1vn7z1z.xhtml,../images/chart-05-304ce9e0-a9dd63b6.png,OEBPS/images/chart-05-304ce9e0-a9dd63b6.png,true,图5：各国2020 年家庭储蓄率最大偏离度，%,5,,数据来源：Bloomberg，安信证券 注：不同国家受疫情冲击时间存在差异，欧美储蓄率上升的高峰在Q2，日韩储蓄率上升的高峰在Q3。
158,守得云开见月明,6,OEBPS/text/article-158-analysis-2021-01-14-1vn7z1z.xhtml,../images/chart-06-81ec59b0-ca91ca7f.png,OEBPS/images/chart-06-81ec59b0-ca91ca7f.png,true,图6：2020 年储蓄率最大偏离度和2019 年平均储蓄率，%,6,,数据来源：Bloomberg，安信证券 注：原点为横纵坐标轴的中位数。
158,守得云开见月明,7,OEBPS/text/article-158-analysis-2021-01-14-1vn7z1z.xhtml,../images/chart-07-4fc477e4-33814a6e.png,OEBPS/images/chart-07-4fc477e4-33814a6e.png,true,图7：城镇和农村储蓄率，%,7,,数据来源：Wind，安信证券
158,守得云开见月明,8,OEBPS/text/article-158-analysis-2021-01-14-1vn7z1z.xhtml,../images/chart-08-f4280209-9ba2201b.png,OEBPS/images/chart-08-f4280209-9ba2201b.png,true,图8：居民部门新增人民币存款轧差/居民部门总收入季节性偏离度，%,8,,数据来源：Wind，安信证券 注：居民部门当季总收入估计值=人口*当季人均可支配收入，2020年Q4为估计值
158,守得云开见月明,9,OEBPS/text/article-158-analysis-2021-01-14-1vn7z1z.xhtml,../images/chart-09-6445dd36-4c88f790.png,OEBPS/images/chart-09-6445dd36-4c88f790.png,true,图9：剔除趋势后各季度居民购房支出/居民部门总收入的偏离度，%,9,,数据来源：Wind，安信证券 注：2014~2018年居民购房支出占比持续提升，将2013~2018年数据回归后得到每年支出占比增加1.92%。将2014~2017年的趋势项去除后得到季节图表。
158,守得云开见月明,10,OEBPS/text/article-158-analysis-2021-01-14-1vn7z1z.xhtml,../images/chart-10-c1108b5f-d37c3915.png,OEBPS/images/chart-10-c1108b5f-d37c3915.png,true,图10：基金新增资金估算值/居民收入， %,10,,数据来源：Wind，安信证券
158,守得云开见月明,11,OEBPS/text/article-158-analysis-2021-01-14-1vn7z1z.xhtml,../images/chart-11-d3fac0ec-59b462c2.png,OEBPS/images/chart-11-d3fac0ec-59b462c2.png,true,图11：居民部门新增贷款/可支配收入季节性偏离度，%,11,,数据来源：Wind，安信证券 注：2020年Q4住户部门新增贷款为估计值，假设12月新增贷款增速于10至11月平均值一致，得到Q4新增贷款额度。
158,守得云开见月明,12,OEBPS/text/article-158-analysis-2021-01-14-1vn7z1z.xhtml,../images/chart-12-ed05c250-05143934.png,OEBPS/images/chart-12-ed05c250-05143934.png,true,图12：制造业投资和民间投资当月同比，%,12,,数据来源：Wind，安信证券
158,守得云开见月明,13,OEBPS/text/article-158-analysis-2021-01-14-1vn7z1z.xhtml,../images/chart-13-89976ce2-56599564.png,OEBPS/images/chart-13-89976ce2-56599564.png,true,图13：转型中的实际GDP 增速，%,13,,数据来源： Wind，安信证券
158,守得云开见月明,14,OEBPS/text/article-158-analysis-2021-01-14-1vn7z1z.xhtml,../images/image1-07f6a71d-736f244c.png,OEBPS/images/image1-07f6a71d-736f244c.png,true,图表,,,
158,守得云开见月明,15,OEBPS/text/article-158-analysis-2021-01-14-1vn7z1z.xhtml,../images/chart-14-3f702a1d-93868221.png,OEBPS/images/chart-14-3f702a1d-93868221.png,true,图14：世界银行高收入标准，美元,14,图14：世界银行高收入标准，美元,数据来源：Wind，安信证券
158,守得云开见月明,16,OEBPS/text/article-158-analysis-2021-01-14-1vn7z1z.xhtml,../images/chart-15-0951facc-55eb6f56.png,OEBPS/images/chart-15-0951facc-55eb6f56.png,true,图15：测算1987 年以前的世界银行高收入标准，美元,15,图15：测算1987 年以前的世界银行高收入标准，美元,数据来源：Wind，安信证券
158,守得云开见月明,17,OEBPS/text/article-158-analysis-2021-01-14-1vn7z1z.xhtml,../images/chart-16-c7f55ad9-1f5caeb3.png,OEBPS/images/chart-16-c7f55ad9-1f5caeb3.png,true,图16：各宗教文化经济体GDP 潜在实际增速（HP 滤波），%,16,图16：各宗教文化经济体GDP 潜在实际增速（HP 滤波），%,数据来源：Wind，安信证券
158,守得云开见月明,18,OEBPS/text/article-158-analysis-2021-01-14-1vn7z1z.xhtml,../images/chart-17-16ef84d7-a101f0c2.png,OEBPS/images/chart-17-16ef84d7-a101f0c2.png,true,图17：各宗教文化经济体GDP 同比实际增速的内部差异程度（标准差/平均值）,17,图17：各宗教文化经济体GDP 同比实际增速的内部差异程度（标准差/平均值）,数据来源：Wind，安信证券
159,疫情下经济恢复的几个特征事实,1,OEBPS/text/article-159-analysis-2021-04-29-cf40-3744.xhtml,../images/x2lz2v-001_484b9da975-fdd66e1d-4c7a10f5.jpg,OEBPS/images/x2lz2v-001_484b9da975-fdd66e1d-4c7a10f5.jpg,true,图1 美国日本消费实际支出累计同比,,,
159,疫情下经济恢复的几个特征事实,2,OEBPS/text/article-159-analysis-2021-04-29-cf40-3744.xhtml,../images/29l00z-002_fffdd8ccd0-4328d3c0-d3fd1e89.jpg,OEBPS/images/29l00z-002_fffdd8ccd0-4328d3c0-d3fd1e89.jpg,true,图2 法国英国消费实际支出累计同比,,,
159,疫情下经济恢复的几个特征事实,3,OEBPS/text/article-159-analysis-2021-04-29-cf40-3744.xhtml,../images/tl55gs-003_e0b753fd88-3b6f5fae-d6f8ae5f.jpg,OEBPS/images/tl55gs-003_e0b753fd88-3b6f5fae-d6f8ae5f.jpg,true,图3 中国居民消费名义支出同比：货物-服务,,,
159,疫情下经济恢复的几个特征事实,4,OEBPS/text/article-159-analysis-2021-04-29-cf40-3744.xhtml,../images/1n4jmsh-004_ad6e46d8db-731ef54a-c0c93da2.jpg,OEBPS/images/1n4jmsh-004_ad6e46d8db-731ef54a-c0c93da2.jpg,true,图4 世界居民货物消费增速同比图片,,,
159,疫情下经济恢复的几个特征事实,5,OEBPS/text/article-159-analysis-2021-04-29-cf40-3744.xhtml,../images/1b01qyd-005_f778250cc2-a58f5745-f6e18264.jpg,OEBPS/images/1b01qyd-005_f778250cc2-a58f5745-f6e18264.jpg,true,图5 全球贸易当月同比,,,
159,疫情下经济恢复的几个特征事实,6,OEBPS/text/article-159-analysis-2021-04-29-cf40-3744.xhtml,../images/f5heio-006_675d935bcc-6632a806-bfcd1469.jpg,OEBPS/images/f5heio-006_675d935bcc-6632a806-bfcd1469.jpg,true,图6 全球工业增速同比,,,
159,疫情下经济恢复的几个特征事实,7,OEBPS/text/article-159-analysis-2021-04-29-cf40-3744.xhtml,../images/120w8if-007_12a58e6eac-f65fef69-93d28274.jpg,OEBPS/images/120w8if-007_12a58e6eac-f65fef69-93d28274.jpg,true,图7 中国和美国PPT月度同比,,,
159,疫情下经济恢复的几个特征事实,8,OEBPS/text/article-159-analysis-2021-04-29-cf40-3744.xhtml,../images/12yh4pt-008_b744ca37e4-76d1d7cc-025cd1e4.jpg,OEBPS/images/12yh4pt-008_b744ca37e4-76d1d7cc-025cd1e4.jpg,true,图8 全球经济回升期间PPI变化的弹性,,,
159,疫情下经济恢复的几个特征事实,9,OEBPS/text/article-159-analysis-2021-04-29-cf40-3744.xhtml,../images/16374eh-009_5938d8a562-3f44cda9-6613f78b.jpg,OEBPS/images/16374eh-009_5938d8a562-3f44cda9-6613f78b.jpg,true,图9 全球经济回升期间PPI变化的弹性,,,
159,疫情下经济恢复的几个特征事实,10,OEBPS/text/article-159-analysis-2021-04-29-cf40-3744.xhtml,../images/dhlttj-010_22d3f1d595-efd18e46-626f1b88.jpg,OEBPS/images/dhlttj-010_22d3f1d595-efd18e46-626f1b88.jpg,true,图10 各国近两年家庭储蓄率,,,
159,疫情下经济恢复的几个特征事实,11,OEBPS/text/article-159-analysis-2021-04-29-cf40-3744.xhtml,../images/26d9ve-011_7fd125007e-50cbd843-306daa29.jpg,OEBPS/images/26d9ve-011_7fd125007e-50cbd843-306daa29.jpg,true,图11 2020年中国居民部门储蓄率偏离度,,,
