path,size_bytes,sha256,format,mode,width,height
OEBPS/images/10dlayg-002_82951f80bf-2e9c6f61-9145d426.jpg,14364,9145d4266357d6a8f4e4ad8e68eb6e9346a692cb19da665e2fee45454f594fea,JPEG,RGB,454,229
OEBPS/images/10frizi-012_9dbfe5aff2-b12abb73-9465e17e.jpg,12377,9465e17e4e9f8cc47ddf807173937ecfa051d1515d2de3c4ce106743fc02e39b,JPEG,RGB,374,220
OEBPS/images/10swmw6-009_78819ca960-fe2aa5a2-97f4702a.jpg,26986,97f4702a77a51bfcc4e1957707131d44ff8cdff2118f0d86fa5fbbf30a101862,JPEG,RGB,562,437
OEBPS/images/11fpt4g-008_1280929e74-bf0deb87-7318d111.jpg,36472,7318d1113546df256f7ff53b20b556993ccba2553d28aa428d362981cf5bcbf4,JPEG,RGB,597,318
OEBPS/images/11mqv7y-028_608292ce9a-17003349-2c3d0b41.jpg,2274,2c3d0b418422723c5250b3bcad814117b54d901d60cceb8f64431eb8303acce8,JPEG,L,238,31
OEBPS/images/11n7450-005_23180a2a6c-fbe85cf4-118b5f6f.jpg,38846,118b5f6fe3ba02d5ee4809772d5f91bcc18f3bd94b898f9089cc57a826743922,JPEG,RGB,548,327
OEBPS/images/11qas72-003_dcc1d551ed-1b28af25-b0ab8e75.jpg,10238,b0ab8e7547bcb1ea0a0ae0348f7b8b9684b9a271366ab1635c426f6f89c49d4c,JPEG,L,532,120
OEBPS/images/11tgfbz-004_f1df96c49b-ae33516c-e20c1be5.jpg,26006,e20c1be5138d9a93a3d766915d626708c39561021598d8bc5f648ebfb16037d7,JPEG,RGB,571,420
OEBPS/images/120w8if-007_12a58e6eac-f65fef69-93d28274.jpg,35712,93d2827488d55c9ab794cd28c4cda81e6b013185e64dcfe33658ca0ddaab8c08,JPEG,RGB,629,337
OEBPS/images/12jgvtb-007_2c418662c0-c23829af-f043d1c4.jpg,31506,f043d1c48c5d72ab6fd49510e87ed04b9b042d3e4a3291cffe61d77b7cf5b277,JPEG,RGB,584,340
OEBPS/images/12jredr-004_a0268ec444-febca383-f16200ba.jpg,32694,f16200ba630e18d97a769d242501904091397c218b4d65f0a0c70efb53ea63e8,JPEG,RGB,461,288
OEBPS/images/12yh4pt-008_b744ca37e4-76d1d7cc-025cd1e4.jpg,33167,025cd1e488f7bff1bad19c1da1e8b87a11ae6d581dfd447ccef5214b5b3ddf89,JPEG,RGB,655,368
OEBPS/images/139i9c1-003_55798c383b-8ed734f8-3ff61373.jpg,24567,3ff613735285ff1e4d3b05b38c6a09e587d653aeea0b8bc1be0c1ddee516fa19,JPEG,RGB,568,417
OEBPS/images/13e6lts-023_0c9e0f5cb1-9897c469-1df2aee5.jpg,17573,1df2aee5509c222ca2770215d5501b4ccd8a3fe2c2c28e4edeb9515078301eb7,JPEG,RGB,529,252
OEBPS/images/13hziug-007_91fc8bafd2-0091e63d-0e7e6464.jpg,19464,0e7e6464516149e4d7b123c469d9bc30ea28b5061f0e74b1111204514b59476b,JPEG,RGB,407,241
OEBPS/images/13i8czc-007_423b6ff199-0ebc4583-b90e6d1d.jpg,30525,b90e6d1ddcaa6f149ef45153f863e50b7e25299fc004919512773c763a59362a,JPEG,RGB,613,374
OEBPS/images/141s28j-006_85af0a3e0b-c90b7d28-3d6cfd6b.jpg,27046,3d6cfd6bfe243ba74a49760371f3fc792a1e88c4b2e53962c9f22d1750487ab2,JPEG,RGB,551,411
OEBPS/images/143s4fk-002_0df381c6b9-bf38be17-fa9189aa.jpg,43976,fa9189aa232a193137fa7a95e3deabd80a521a7f4394dbcb0545f8e6799d3403,JPEG,RGB,550,314
OEBPS/images/14d4pd8-005_abe9b71958-0f308f74-c60af693.jpg,23193,c60af693e6848ae1926c6bde3afbd046b1a447294baa3cfed99eb5d9094d677b,JPEG,RGB,585,360
OEBPS/images/14jm69v-019_4640268c9a-8067f95d-1c74f4ea.jpg,29285,1c74f4ea8d14c2ded7aac1aeb99e8cc0f6283ac2eb64addc05f868c31703b42c,JPEG,RGB,541,379
OEBPS/images/14nukn0-002_c2e10ebad4-e9dbc231-e6a7e075.jpg,22242,e6a7e075c137b15cbf325f2cd594d8d974455a4c844365edaa8a61b7d47c49f8,JPEG,RGB,521,259
OEBPS/images/14xvxce-002_ec87273172-70bf3636-602566c1.jpg,21603,602566c13ebb39e52dd5d7720ac0ee4ad4538c04bdc3cec483e14a9ecea136e0,JPEG,RGB,589,363
OEBPS/images/1535zqs-012_6ee6ff05a1-04a935d4-0779b399.jpg,30479,0779b3990036fb0884ecffcf31f0eb7aa341c9cdc2315c464153954618b1de3c,JPEG,RGB,601,350
OEBPS/images/15docmj-003_acdfc6a713-a518af2e-3b873645.jpg,48506,3b873645e3988125b46cefd8fc27a769957f4d8bca74a9cafe263194573e3ade,JPEG,RGB,578,746
OEBPS/images/15nwpen-018_06727d7993-e91ed018-e165a702.jpg,22228,e165a70220c7a54ea42fdf636e764abf57962062baa7c6c626a1b201cbf0df07,JPEG,RGB,584,314
OEBPS/images/15p11yp-009_e5e13f3998-4605ac90-bc391d5a.jpg,29195,bc391d5a43048fcc3729b80d5e4476b49cf96705559421b1a7cf5ca3f216039e,JPEG,RGB,609,354
OEBPS/images/16374eh-009_5938d8a562-3f44cda9-6613f78b.jpg,22607,6613f78be411ff2e00d3310fc79c93ccd645ae4abc5484cfc19a9abaa4581d07,JPEG,RGB,654,314
OEBPS/images/16bnmzo-001_58a52cd6cb-3219606c-c7c2b35e.jpg,17168,c7c2b35ec882a4f72da2af294f179f18ef641b741370a2b637cc982e8331e585,JPEG,RGB,389,236
OEBPS/images/16l98ie-006_63913fa3fa-3c14ce45-3814d073.jpg,18778,3814d073703a8f4df3b27ebd27f28d73f2a73314bcbdda92d1262d2889e5be47,JPEG,RGB,520,232
OEBPS/images/16lwmww-002_b29bf9b503-70fe3333-7c413ab5.jpg,40792,7c413ab5187c16d330317d1b4d23ef535d808090f57224fdd90e7ed982a4f5fd,JPEG,RGB,610,363
OEBPS/images/16s5pn1-014_ade6f83797-6c5600df-513e3254.jpg,26719,513e32541bb6ef4ca0717ab36e89af577edeb41cda956ee28b53fba7d58460de,JPEG,RGB,554,374
OEBPS/images/179k2nu-008_0bcda52ac7-b4fa3c65-c91d0079.jpg,14116,c91d00793e85c7298989d94f9532dce9d6546977125688daaae610d9b264b0c5,JPEG,RGB,461,272
OEBPS/images/17bpbfz-007_112d7d7cc8-14704afd-a77188d0.jpg,28998,a77188d0f869dfcebd1b4f893e4311084a66ac9e3b4d1e029a5f17d46c1dccf5,JPEG,RGB,544,295
OEBPS/images/17lro9s-003_897469eae2-f257813b-ee9effb8.jpg,21704,ee9effb89ed3c898de87655db364b010c496fdd67f6ffdae0c56d13a178d6603,JPEG,RGB,514,248
OEBPS/images/17rg3pn-007_0e8e0fd96d-e9f16a1a-af1350aa.jpg,19950,af1350aa27799e1f58e84adabcce9cdad94841f45f40c67c66ecb061d842ef6d,JPEG,RGB,521,237
OEBPS/images/18ble74-005_05377013cb-08e03e38-20a0f01a.jpg,19499,20a0f01a7b93b0cbca617faf1188f9c74f0f53003d1e073fa2d8a0ab465cee5c,JPEG,RGB,367,273
OEBPS/images/18lmdp-017_f703db0301-f3f81961-70819d42.jpg,22328,70819d4209652e77af35200408587c4266975979985bdf4d6a8acd008db6846b,JPEG,RGB,504,249
OEBPS/images/18wdzyk-003_0bd798c14e-99f9a14f-2b4ccf0d.jpg,24503,2b4ccf0d1c159d5c2f605e7925ec1717200d0e5182ceba599bbe732167dceaeb,JPEG,RGB,531,357
OEBPS/images/193q5ht-001_3dcfc0f369-dfe3d85f-d051d34e.jpg,19233,d051d34e582a883527483a990dc911c59e5eb16c947210b607067a810446b0cc,JPEG,RGB,590,338
OEBPS/images/19gjopp-001_b03973c05c-c53b4cdd-a35e0358.jpg,43175,a35e0358cc4d7dd03c4722289ec5185f1daf8f4b10a37bfb7e6bc908cc1635f6,JPEG,RGB,572,744
OEBPS/images/19qvszv-009_afba479336-f730dd69-8dbebe19.jpg,19379,8dbebe1993be0c369191a3fb5ad16c61e8edae35ad8302ff30193176ba82aabf,JPEG,RGB,557,337
OEBPS/images/1a31zrb-003_2e5ee9e1db-18dc5cbf-7a9584e2.jpg,14459,7a9584e2aaf464b3f88e5477239229693ccca6e1706e9bd06b6f074e1e4f03b9,JPEG,RGB,614,270
OEBPS/images/1aa1un4-004_9a0263a629-fe83133d-295859d2.jpg,16526,295859d22592227bd47d17f2f5c3fe20195a775a1e3cd2c49ccc788d1495a65f,JPEG,RGB,617,289
OEBPS/images/1aueoc1-006_a5626f480d-bbfaa1a9-bd5aee51.jpg,17941,bd5aee51b647cdd98b01c6536b79b46eaa163159f4c9c1b141d13747e31ad7f3,JPEG,RGB,616,375
OEBPS/images/1b01qyd-005_f778250cc2-a58f5745-f6e18264.jpg,26392,f6e18264fc4051808b68ff4a7df0d68097176eee7ff82acecd7de900f885e776,JPEG,RGB,637,360
OEBPS/images/1b49mly-020_94913520bc-f79cf4df-868ee0c2.jpg,17457,868ee0c294b05306f461bd09a47ab6041a09a3431d0abf68f84fea6649f8bbe9,JPEG,RGB,457,271
OEBPS/images/1b5ucmt-001_6848ee883e-a7e419f5-ebc0346d.jpg,23400,ebc0346df090c5b531bcefd2f7c67090ca5279b97bf72a1a35522d40ff4f9ad8,JPEG,RGB,391,295
OEBPS/images/1beo91u-005_fb8382fba5-6de66f5f-8be27813.jpg,32361,8be27813476233be05ed2c9e25a5bf09183c94abb7faa8ef2a5a8e5c2e8276c5,JPEG,RGB,503,319
OEBPS/images/1bie170-003_cb0372db00-9a5dd730-f8909aa6.jpg,27372,f8909aa6931963f14d560c307592a3f947beaa196a7783197d7d1f1158153067,JPEG,RGB,558,323
OEBPS/images/1c46yup-001_a13973b527-fe83121c-eb7a7b54.jpg,13248,eb7a7b54d79777d4581adfd1d0ef1231b247e4d7b8e5fdd9d2b435475fc9c4fa,JPEG,RGB,533,263
OEBPS/images/1ca4n7n-015_f56c8f0abd-06ddd50d-267ba5a9.jpg,24383,267ba5a9f56a31256109a3c61ad52be8d99c79a039f184c29ae8d25d03c6df95,JPEG,RGB,771,354
OEBPS/images/1cs0kmd-007_60bef9c593-0dcd48b9-cc97180d.jpg,20472,cc97180df8b07546aa567554e7c94d57ab6bf96841c14c601fdbacde0ac750b0,JPEG,RGB,400,294
OEBPS/images/1cz0tks-001_6cce6167bb-5c98a194-eac46b61.jpg,35905,eac46b61982100d5c61698b5ec7fe2194ba6183fb222b695b1d004e3a25132e1,JPEG,RGB,763,185
OEBPS/images/1dgs1nv-001_0007154430-6912de26-9cd8ce2b.jpg,22829,9cd8ce2be13c10a05cb1f4eb9143a77feeae93acd2bd8f13c0f7449c13b16469,JPEG,RGB,536,335
OEBPS/images/1dtsat2-011_b8880cdb0c-7040cf89-5ef736f2.jpg,20096,5ef736f20f376a6565ccba9b6197da4f234b649925a285ba33a2bdfb0648de23,JPEG,RGB,556,318
OEBPS/images/1dzpd04-003_615d2b2d77-c4302228-016c92c8.jpg,3925,016c92c8a27ad3a042a8c7793f0a58617229eb823292d9edaec8bebe2332f1bb,JPEG,RGB,297,126
OEBPS/images/1edzrwr-008_a154c67fa5-114e382f-ea59a5b0.jpg,26287,ea59a5b06f93f3ef765de9038a396d7c394559c971c91079a29d212fd576fbf2,JPEG,RGB,590,353
OEBPS/images/1ezac9p-008_0804d779ec-472e1e69-6366d990.jpg,19825,6366d99006a6cefd2d93ac38ce379f8ead5a4564e26ed11ba5ec7100d9d67be2,JPEG,RGB,517,301
OEBPS/images/1f5sri7-005_dd981885f0-769efce1-83e7a387.jpg,11234,83e7a387ae9fa4c75a77ac92b7055fae681af7db47565b90829dddfc5fe8b7ad,JPEG,RGB,421,247
OEBPS/images/1f8cff2-010_eb08f4e142-cb67613b-202c4dde.jpg,8961,202c4ddec7a7514228f265b28a56c92407190f685a33e30b86b2ec373b7f063a,JPEG,RGB,392,230
OEBPS/images/1futo2w-009_f6dd72cec6-df127d5b-bb8d0992.jpg,10895,bb8d0992918be6f8adc813df1880eef29c4753811eadc678f0e788ee6469642f,JPEG,RGB,366,208
OEBPS/images/1fzfwi1-001_f7bb6886a1-8f61555a-11a64d55.jpg,17018,11a64d559164f6e7c29c2d066238b4ba84d95585cb7e48032763ddd2e10ee0b1,JPEG,RGB,430,258
OEBPS/images/1gbeobo-004_bedaf38c83-86382aec-3c9d7d8c.jpg,10083,3c9d7d8cb750e8c740f4e5c266c07d8a092ea79cf1fa210662260e1478c4e0e3,JPEG,RGB,391,178
OEBPS/images/1gn0usw-007_0cc917a307-ef4d5840-23b701b6.jpg,20327,23b701b62f993577ea4ba6dd6e10ecd761e1ecd0f8c8a9dae1aaaf9ae50f1d8f,JPEG,RGB,549,384
OEBPS/images/1gu3scg-002_ec5372f6f9-7f343064-19dc9a8a.jpg,21195,19dc9a8a789fa117cc8e205fec9b6940113a1a599eddb2874b5c8c5f5b8cf4f6,JPEG,RGB,753,342
OEBPS/images/1gwjo4i-004_4cddeee431-278578e1-ed2c5e5b.jpg,26424,ed2c5e5bc2805003afd96b45c38807f68762b0b0f79b9e72de9004677115c571,JPEG,RGB,509,309
OEBPS/images/1h8mtxl-003_ba24259128-3b5f4613-799606ff.jpg,26106,799606ff6e179e2672bd4661fa3f43b341044846fd471c9a3b4f69a833e97a35,JPEG,RGB,547,328
OEBPS/images/1h9pulf-029_24d5d7c064-26e40ff8-a0a49c2b.jpg,376,a0a49c2b96d68aee1578a4a4edd06bff29006ee7f863ce06f703c0646208e421,JPEG,L,16,22
OEBPS/images/1hhwcje-012_b116828621-1a12f39f-bdb967ae.jpg,25992,bdb967ae58b35240628ccb0d40b46aa487a62ee424af709473ca4cca71963546,JPEG,RGB,556,376
OEBPS/images/1hv59gp-006_17280cc614-1fc91d0d-da3d28f1.jpg,27834,da3d28f173549f31b7137001f1b1bef115fd36dc8650b8a19b22d846b7cf7277,JPEG,RGB,450,262
OEBPS/images/1i3dmh7-009_dc82c8ef3d-8d4daab7-ceafcb5e.jpg,8271,ceafcb5ea146d14b7cb9f773108215288572a7270158efaca8a6c6473bd018f8,JPEG,RGB,401,244
OEBPS/images/1i4devj-004_a7bfa0f918-f36a366f-b44973ff.jpg,14346,b44973ffbd8852df802ce5c022be4753ecd9b06f7db8dfb47e5960e95af64bda,JPEG,RGB,339,208
OEBPS/images/1i5ehz6-001_bfc0dbf416-ffc8c583-efd1b13e.jpg,18663,efd1b13eaedfa7fa577f94865e4ceaf73f2df344d705b7e5988dbc187850e1d3,JPEG,RGB,594,292
OEBPS/images/1iew5n0-008_425d8b4034-96a849d6-7a4369f1.jpg,28975,7a4369f14a49b8eb928c219fef2502d48ff005b7b4e7f88ec6091d3eaf5a5abd,JPEG,RGB,548,369
OEBPS/images/1ijhzvh-004_bb7370786d-71f19fb1-e7d03955.jpg,11935,e7d03955d8db61784027d342a332c0545da69a4ac149a64f9de41d27d0c8a4b8,JPEG,RGB,399,226
OEBPS/images/1ir67ts-014_7039ce7957-743ef9b6-fa8fde2e.jpg,28502,fa8fde2ee876209fa6dba31e2934f006e9beacd366f75a1555dfbd996e706f05,JPEG,RGB,514,363
OEBPS/images/1irr7u7-018_ddbdfb5c60-69f50b99-2fdf434b.jpg,24872,2fdf434bf1f76747fbb5495c8fda0dea53e571b4b94e0f900166791c4aa0c9e2,JPEG,RGB,433,282
OEBPS/images/1j469l0-004_c85b977733-7e18e3bb-6d74b5c3.jpg,26677,6d74b5c30ef371b788bf0fd06e833423c4803eb1a0249faf81bf07948b237f8b,JPEG,RGB,588,372
OEBPS/images/1j63cjf-001_4ed80994a0-60b24857-9334b59c.jpg,26931,9334b59c2965575ff808c04f5e400d578b382b8024c2323df53e2fc9a134b133,JPEG,RGB,520,295
OEBPS/images/1jjqrw1-015_f78da4b9e1-2e4481c6-18cf5818.jpg,28554,18cf5818550b7a403a05fd204cae2c991f295e28dcee706b5d76036bef38c104,JPEG,RGB,552,348
OEBPS/images/1jp8cd4-006_86e0089d2d-b6944ec8-e8d6da0f.jpg,28246,e8d6da0f2439f973148aa9ce9acec2824aba11d01a1b8b22cf31b73b595f65f8,JPEG,RGB,586,351
OEBPS/images/1jvh5n7-006_7ed2a4a89f-93f05750-6b92c6e5.jpg,28488,6b92c6e5601e92e131b420ffbb7c4f8cc8dfcf5a8890327d4cc5bc2eb5295753,JPEG,RGB,516,310
OEBPS/images/1k2vpk0-003_e003cc4fda-3f2286b6-f11fe4c2.jpg,28169,f11fe4c293da9eb1bb891c6b6d3457dbb28cdd3e28c3bc34779b3feaa88fd76d,JPEG,RGB,531,307
OEBPS/images/1k8269j-014_33c9cdfc5b-1758076e-0b7de042.jpg,26894,0b7de042519faf0b423035f56e0f23fdf254247ba786c14edcebb358335fedec,JPEG,RGB,537,255
OEBPS/images/1k8kjmc-001_7a827a6523-6c1d1e38-0cc7c26b.jpg,20355,0cc7c26bce9d1ed5d01310722cfcc77efdd0b2250aaed476eb9af74a7a221255,JPEG,RGB,520,249
OEBPS/images/1kfd5vu-018_6e3b38dbdb-9784614d-09d2408f.jpg,28524,09d2408fb1f9b25d8b2380bd22ffaf2afc4cb32f72193c8ff289e671cdd3e652,JPEG,RGB,535,384
OEBPS/images/1kj98nv-024_bbfd72cd55-c3830e35-35d05f40.jpg,340,35d05f4003e368891cd923af9c6e46644d050815ae686714fff79bdcb1a97f92,JPEG,L,18,18
OEBPS/images/1kkf3yy-001_024e1b21f8-ef78e74f-3b5e2aab.jpg,35297,3b5e2aab90b3dece316b092934c970f00da81fcf0499091e21242801cbf867e2,JPEG,RGB,595,372
OEBPS/images/1koh7tj-002_4480e23b8f-94e08ef6-03e10c6f.jpg,29291,03e10c6f7dcd1fa87f47a4aad1e99ee90be9ca2ade632a267a67959bbe2a3708,JPEG,RGB,585,337
OEBPS/images/1ktdlnd-014_b08df65d2c-d4c37df1-9197e26c.jpg,35855,9197e26ceab727419be484c4235f2a8bb613116093409df6a9cbd2834b6168dd,JPEG,RGB,620,368
OEBPS/images/1l7dwr0-004_0ff1798977-66c7307d-c95ee673.jpg,23027,c95ee67378b70bf23b0ee2e817ac1f0f164142c6aac44d59ff684acd87c133de,JPEG,RGB,604,260
OEBPS/images/1lc4snu-014_93cc5afe7a-16961b16-43a0f141.jpg,21746,43a0f14193ea8ac6db54058a122a6951692ddc8d15dbd61cb69dfa63feb84748,JPEG,RGB,446,281
OEBPS/images/1lf8lkx-032_0474ca039b-8ebf9c93-07e07d4b.jpg,335,07e07d4b895e80bc9536d80b8552437f027a5e19153d3dc6c11720b40cbd71c4,JPEG,L,14,18
OEBPS/images/1mg4jcm-006_8fe7f99573-a1344228-8fadfede.jpg,11333,8fadfedea0540b3949c825d484f136430ce85550263be73237247ab10a7e57d8,JPEG,RGB,583,301
OEBPS/images/1mi5rys-006_4435a996ce-fa1d19eb-4e4025b5.jpg,32744,4e4025b516364519f1b4ae48fc6ba3a72e5d421da08ade9af600046f412a38fe,JPEG,RGB,594,339
OEBPS/images/1mmkohr-027_c09971d7bc-c2cb1233-a0a49c2b.jpg,376,a0a49c2b96d68aee1578a4a4edd06bff29006ee7f863ce06f703c0646208e421,JPEG,L,16,22
OEBPS/images/1n4jmsh-004_ad6e46d8db-731ef54a-c0c93da2.jpg,29710,c0c93da2328cf6bb637b4445a68d68ea22601318ed69c2fe6d8a1ecde2cf4ab7,JPEG,RGB,655,397
OEBPS/images/1o3lsc4-017_e441df0035-13f38617-da851998.jpg,20464,da8519986ef6d46eb633cd3be6758281ca1b88de0a3fba723c544c6913d1f558,JPEG,RGB,514,346
OEBPS/images/1o5g2fk-025_9992c34f12-91d7a1d8-07e07d4b.jpg,335,07e07d4b895e80bc9536d80b8552437f027a5e19153d3dc6c11720b40cbd71c4,JPEG,L,14,18
OEBPS/images/1oefkct-003_7eb7958013-c6c8280e-ce456d17.jpg,18630,ce456d17020f894d80c013a17a3f40cc967f17ffbf03cfae0fb84b25679265c6,JPEG,RGB,598,371
OEBPS/images/1oo8tdd-005_11b42cb0bf-59576cde-122e4e59.jpg,11784,122e4e5977929ba3aae6d657f1b81fad6946000fb45e4949b95a7036d70406f6,JPEG,RGB,571,333
OEBPS/images/1oonzur-022_5e69a0c479-8cce1ce1-e1d4e2a5.jpg,18485,e1d4e2a52be8b9e56b1858c68f94f5ce35840701841192e58314f97eca08693f,JPEG,RGB,454,272
OEBPS/images/1oxxnob-013_42a1322916-3a768aff-25219aee.jpg,21521,25219aeedcb31ad344c1fbe763cde0d84f16e7ad97180935b93c88d71d4e57e9,JPEG,RGB,510,358
OEBPS/images/1oznmyd-011_8a57dc5657-de157257-823938d6.jpg,17609,823938d6527b9368f4b241224a1455ea4336fd8ae046b41147bea63fc27aaa7c,JPEG,RGB,783,364
OEBPS/images/1pdxpb5-020_0dfdfa6faa-448d4332-484ff859.jpg,23789,484ff85973583a90cfc245d3e76e02d199a5de8a1ff9cfddc678c9cb708fea52,JPEG,RGB,510,330
OEBPS/images/1pie4s4-004_48a23a50c3-4b5f0875-7f44f51f.jpg,20174,7f44f51f8bb1321b39aab7ce2ad2ff9841d3de8225508ebd17c5d64987f5c807,JPEG,RGB,766,353
OEBPS/images/1pmnro0-006_ac526ec16c-126d6110-1f25d893.jpg,15266,1f25d893e9fa41160432dfd6bfae2c532823410380fd48c81eb4193837f66ea6,JPEG,RGB,423,242
OEBPS/images/1pufd06-002_e750b1225b-7f9bce2a-9a7e76ed.jpg,6993,9a7e76edead518c161083386e71bee3d82caf96a1ed96f0dc5e7de988964a3da,JPEG,L,263,186
OEBPS/images/1q2rnap-003_171e841778-ba87cfc8-2009cdb9.jpg,24744,2009cdb9b7fcb87675cef93007f2d28a8a00abd1ef6363524c2e0d031e2e1c10,JPEG,RGB,590,337
OEBPS/images/1q4lqff-012_1fc35f0ff1-a8638a87-ceeac482.jpg,19999,ceeac482ba2545a4015e85018f17f16d7c835f6d3cf934f41a88802a17675719,JPEG,RGB,545,246
OEBPS/images/1qsmu1d-005_e66f27a247-3c9f35e4-edac2ef8.jpg,31228,edac2ef811d588717d1fc052c66c822a97d480d39631774293ceb30b6d527d96,JPEG,RGB,601,348
OEBPS/images/1rsm4fv-005_50057866b8-a98fc5a4-ef05c407.jpg,9326,ef05c407b1ec1d013faa40ab93a6157b141bfa1eed8782065b24acc509173044,JPEG,RGB,572,308
OEBPS/images/1s5qrkw-019_7b9f899d65-02ba6d04-46f49cdc.jpg,19473,46f49cdcdd5d56e6c52385dfbb1105ec9a18023be9d3f77ae3a61a4418db0c4b,JPEG,RGB,512,246
OEBPS/images/1t2kemr-016_9576d7cfdc-a636a423-fdabbf29.jpg,22569,fdabbf29f04a703983226e21f0c2ca5f837216a393c1c084dbc0b555e72f2ab2,JPEG,RGB,771,347
OEBPS/images/1tm9dl6-014_ecb8f597ec-a87ac960-329ce598.jpg,23547,329ce5985e16f7d22bd0e9711040d6b16ba400c3edca3c462eda91d273169322,JPEG,RGB,778,341
OEBPS/images/1tu6fbj-003_b68a6295ed-764f6bd0-09ac1cdd.jpg,18114,09ac1cdd8af24c7451ad7fa07d423e4f12837c0048c232fa7d0f81772812ad6f,JPEG,RGB,759,356
OEBPS/images/1ty5obk-001_c24e8117ca-49749bd8-f2c5c1a1.jpg,28423,f2c5c1a15b74d056f450f9431f86f7fdcf4a644a627c8853d49887bd19362653,JPEG,RGB,543,342
OEBPS/images/1u1qjlq-011_328a261da4-57688b93-9997f407.jpg,23292,9997f407aee432a68a0f6960dca3b8471626903eb9f66bca1bdbde4deb1fdb0d,JPEG,RGB,537,317
OEBPS/images/1u7n4mh-021_c14b336cec-77f57a97-19e40947.jpg,9248,19e4094765ef193cce64a66a3147eeac258a9c2222f5e4d9d2c0e104113a1046,JPEG,RGB,519,244
OEBPS/images/1u97za6-008_48be75d931-336c7c67-0cc3d733.jpg,11956,0cc3d73349f8fba454f1e4809e759366b3b900e934662b5fcc5e87be7211c956,JPEG,RGB,447,265
OEBPS/images/1v410d0-011_980b80dca4-c56f5b34-6e993a38.jpg,17707,6e993a38a99007f33d78c49e961c086e7afba29d800263baf18601af9bc0cae9,JPEG,RGB,509,247
OEBPS/images/1v7mqjx-026_41db0017a0-33090f3f-6b1aabee.jpg,342,6b1aabee24e13eb680ee5986f6092215f0f7895f1d1aa736ad2cdae80946767e,JPEG,L,17,16
OEBPS/images/1w5osoz-008_66aa922454-fd7d7027-3a7f4111.jpg,12183,3a7f41111ada33face8951b4bce18535027da221468b5a8dcac7f770ea4dcf43,JPEG,RGB,368,209
OEBPS/images/1wj3sd2-015_e7f9af31cd-862075a0-4db7d297.jpg,19256,4db7d2973d1ea513e730ff14ced6b6b38c897b598b27df2e9f858d755b30cbda,JPEG,RGB,530,253
OEBPS/images/1wjiyxg-030_8b76143a42-2fe5b69b-63da71c5.jpg,4856,63da71c5e4f01c62e66571d2256f0baaaf8b6f94b81f6a71542005d928d130eb,JPEG,L,231,163
OEBPS/images/1wyw0u7-005_f2292b2cb2-3be2efa7-416b94ec.jpg,50364,416b94ec503041ae2b13134c6bc62036335df1411d7844d719bf65889933c5ff,JPEG,RGB,550,313
OEBPS/images/1wzmd29-011_81e3863502-64830b4a-65aeaea4.jpg,12487,65aeaea41b989913118fa278ee212928e29f186a64cc49c8c395ee3b31bf0c56,JPEG,RGB,451,268
OEBPS/images/1xnu7co-007_56317339c4-2ab7ec33-3216e41a.jpg,7787,3216e41afd2a5a7e5d3c9a2893a1c5cc3d4f0c5b69a78483dba003956324cdcb,JPEG,RGB,342,163
OEBPS/images/1xpm73x-004_f5ae8566f1-87d61256-e1644962.jpg,47787,e16449620da010eba1030d5c2bf7d2af1c697a0ad547df6c415d011ea1bfe3fd,JPEG,RGB,550,314
OEBPS/images/1xxfepb-020_9b02381650-0eb14239-d777ffcc.jpg,21376,d777ffcc578ee4dabcb6c47636b8f9fd4d92f73c23328f50e1824796ae4c4349,JPEG,RGB,504,248
OEBPS/images/1y7wsgb-003_3bdba04e9f-f51e979d-65602cf5.jpg,14722,65602cf5d460291bdc5e82376903eea720d80a2ac1194af2944b6e0eb4fe1b38,JPEG,RGB,356,268
OEBPS/images/1ycrczd-002_d5acbb4566-890ebdb8-cd670bd2.jpg,15222,cd670bd2e706393f734e9c8cda33ed3281e2636affccdf936444b4c80453610c,JPEG,RGB,420,247
OEBPS/images/1yn3v9q-015_2632f7c83b-54eec524-c27de1f5.jpg,18403,c27de1f5ad56a285dd6fa7aaabad8229c154aee8dd56f042316ae08e92e8165f,JPEG,RGB,441,283
OEBPS/images/1yr9mv0-003_262b0e6c88-d1f858d2-eee564dd.jpg,20374,eee564dd79a9a3f619281167df277030275c9d59bc8b88d8494d8108df34700c,JPEG,RGB,609,346
OEBPS/images/1yu49cc-002_6174ee76f1-26bfbb72-43dfebd4.jpg,14339,43dfebd40fd701988220e1935845dcbf6a67e2a72fee881acc24cc9905a08690,JPEG,RGB,537,254
OEBPS/images/23swq6-008_2957766401-6afcd43e-ceecf0b7.jpg,20874,ceecf0b7479d619a24f62e2a3f398810edad2648dac50a6ae9453ee8af89d39e,JPEG,RGB,536,350
OEBPS/images/26d9ve-011_7fd125007e-50cbd843-306daa29.jpg,16006,306daa29a0ea06068046291d66561981afc8905016efe68011e0f065d28f987a,JPEG,RGB,638,338
OEBPS/images/29l00z-002_fffdd8ccd0-4328d3c0-d3fd1e89.jpg,16370,d3fd1e896fac15e62a675d418f45d5dd3b94c44d520894787c6f92edd8ef3f7f,JPEG,RGB,615,319
OEBPS/images/2agvf9-013_f2263b667c-1638e729-92605ff3.jpg,28712,92605ff3faa152855f8ca362e8c947f974b8db34e237f3f23205726e70be4199,JPEG,RGB,583,342
OEBPS/images/2gynfb-007_8757af05b5-48b46877-559039fa.jpg,17109,559039fa7db11009d6f5c63c187729a993a772b1a2f1f8a713f747bb7e8aef92,JPEG,RGB,768,361
OEBPS/images/2rjq4v-010_b3b9ad744b-4e390883-a6f76d3f.jpg,20370,a6f76d3fd8b7c471c5fe69281999705054ad9610b3ca0db44cddeea855d6b059,JPEG,RGB,465,270
OEBPS/images/2yno20-009_00c913b736-ef480e45-11e87577.jpg,10640,11e8757702f82d3d3b23cbe0b7d1e74f8f3c6d5dcc7ec807de5c3b6b22bb7d49,JPEG,RGB,421,244
OEBPS/images/31bubb-001_c1ab40a6b4-8e70c2f5-2741f6d3.jpg,33217,2741f6d359349b7e828c5eb07fd9e2f5a63453ab43b48be5f79895eb1c362ce9,JPEG,RGB,622,358
OEBPS/images/33d35y-001_5748458e45-a674aef2-b95aa154.jpg,12128,b95aa15490a0ebda77b610e72be53091600bc683e7d282696d63df1bd029f0d2,JPEG,RGB,457,256
OEBPS/images/38uint-006_cab9e0b185-0a460f45-a07fc600.jpg,22637,a07fc60059434b611bb060493729fed1faf1107256575ffcacfa41e8c045ee5a,JPEG,RGB,551,354
OEBPS/images/3f2ayg-006_ef6020f0ef-3d63d1ce-1119c85d.jpg,28824,1119c85dc15fff442ce477e7fab90f0b52214b5d1b2a329247482c32588f4923,JPEG,RGB,542,367
OEBPS/images/3mppnu-005_f30348eeb0-e2e7c2bd-ac400039.jpg,9404,ac400039fd6b78dd835c83bf535d8ef9e6c77b6a14a4e5c0f84dfc9bb0015b4b,JPEG,RGB,326,185
OEBPS/images/43rzb5-002_2ad9a3670b-a723de55-18e3fc8e.jpg,20808,18e3fc8e39cdb9bbb7ead34b2e9bb5236ae525e24133998b04affb5f614c839a,JPEG,RGB,522,341
OEBPS/images/4xlz94-023_eb17e840c6-c31f564b-1086b25d.jpg,8644,1086b25d74a0f43b009e0c406a8130e0a04212d00e0ec1469da060c8b269cb1b,JPEG,RGB,241,237
OEBPS/images/54t6ik-002_7e95c97fae-3bfceb25-289c374d.jpg,19026,289c374d8a30c04e5c66512e057caa2fd9e1de89a6d44b521831bede717a90e5,JPEG,RGB,610,365
OEBPS/images/5tiwnp-016_217d130705-07415b48-e01f4b4a.jpg,25668,e01f4b4a1aa2df40f27d7f29b0192a0268a6389db7c88da5cd79b83b3d9f3d8c,JPEG,RGB,528,331
OEBPS/images/6fsxr5-009_19af0cd2b4-a47c58de-5e1d7539.jpg,13003,5e1d753984be6cefcb7d95f605ad815478e6675bc7e2d097f98c1bd1ec849aa8,JPEG,RGB,472,272
OEBPS/images/6h89wd-003_bd6f65d3a4-3c666e92-69beb763.jpg,20076,69beb763916445d4861d1d3e058b141c91f7a2b67d173b0120cbc36cc987810d,JPEG,RGB,427,231
OEBPS/images/6refgr-005_896f9e2964-7b85705f-564175b9.jpg,28777,564175b9d377d7d2fe0f0040ce35df998b6874c706410b35dadee2389c46ada7,JPEG,RGB,552,348
OEBPS/images/6tlst6-011_fc7b4a608c-25594ec3-7f307a89.jpg,19856,7f307a893eb04b65ea3d6576a1f63aa09810c714249c4de3d1ce7e4b8fe684e8,JPEG,RGB,513,330
OEBPS/images/75s72h-002_c971984149-e4c64b18-46fe41fd.jpg,13986,46fe41fd9b6f08a408f13dc861f83d1d66de0788277eee261711743c39d12c50,JPEG,RGB,444,207
OEBPS/images/7nynkd-002_3f2b847a04-55fd384e-92f2e691.jpg,23145,92f2e691be7ae2fe24109b94d724672989e8d8c86646ed633fa3c4d066f83b1b,JPEG,RGB,463,264
OEBPS/images/7x7mm0-006_47d159a84a-9e8512d3-d7511148.jpg,18565,d75111481268d8b77757eef271a66e3b9a0ca496273827df36412318095d7b69,JPEG,RGB,764,341
OEBPS/images/7xt3d6-003_6938a90b64-9140d87a-3473dc20.jpg,60127,3473dc20eda4054e759993ed414c3d29537b8c1ca856ffb838ea60df4aee5e7f,JPEG,RGB,584,735
OEBPS/images/8dfg1g-002_324e93f3c7-f82c8286-936e9361.jpg,14816,936e93614205cf4d79a801e618da73b738d04d332b73adfb12349b3ee626d1c7,JPEG,RGB,594,270
OEBPS/images/8hajgk-022_d330f248f3-2f60bdc6-dccdec7d.jpg,9085,dccdec7df2a3491f394c3381f42447f3b2977b5f0c2c2e510d5552dc8210b6fe,JPEG,RGB,524,246
OEBPS/images/8rz9su-033_7362730db1-ad1e78c2-0ccd6e78.jpg,15371,0ccd6e78575e0294ea81bfd9d551d3fc90a91b8cf54b86166a37b8f248f48e7e,JPEG,RGB,527,247
OEBPS/images/8s84of-010_50d19f3ae1-f829bc3f-5ae47b59.jpg,11743,5ae47b592ae53d30feb30a5c0e020593bc059526d96cece4129fbaa4f95c28bf,JPEG,RGB,408,231
OEBPS/images/8t9jc1-008_17f2165c65-331ae0ef-97950f2c.jpg,14162,97950f2c86ba519f0a15a5ae7b4111dbfb01084ee049a6964aaad90a6db424f2,JPEG,RGB,435,236
OEBPS/images/9cm714-004_e9538a38b3-2862c13c-a80a03e3.jpg,54109,a80a03e38073be0ffaa94381b583d43699f75e990df0bb1cfda1990a89ce0fc1,JPEG,RGB,576,682
OEBPS/images/9lo3kn-004_c0268bec0c-379046f4-f057c466.jpg,13599,f057c4668ed25867cb93e4212075f01ddfc15fddd5f52a5615929cb45b04e51a,JPEG,RGB,549,500
OEBPS/images/9poxt8-010_27649de3fe-476ae7d2-cb73ef73.jpg,30097,cb73ef734b84e3de441e49d3521988a6b7939eff73d97cc804f8cd1140106d57,JPEG,RGB,605,360
OEBPS/images/9qt3re-004_60a5d64622-78679d9b-ae843645.jpg,23292,ae843645cf2436836522624cd0323ddc74291ff8655ebc6dada690ad98d63965,JPEG,RGB,514,334
OEBPS/images/9tbpzc-031_18123c8e5e-0694639e-a0a49c2b.jpg,376,a0a49c2b96d68aee1578a4a4edd06bff29006ee7f863ce06f703c0646208e421,JPEG,L,16,22
OEBPS/images/a8fs40-016_24d3fc0f91-ed937380-ba420bff.jpg,20797,ba420bffb137a99e405abb33315ede9f593583edc75601fd69a2afc2598ce427,JPEG,RGB,522,250
OEBPS/images/aczqsm-006_a37b7d3de2-d3025307-c18659ab.jpg,28153,c18659abfdc07f99ed7b7b40c4b3ede2fd83874d913744c2c1e904e14760bf1f,JPEG,RGB,458,286
OEBPS/images/aem5mn-009_6a1a291fa1-b832bd02-189865cb.jpg,17982,189865cbc3efadd9d1b3a5a49a40ac274710e63bd43cb229fc9d0dbd225cfc5b,JPEG,RGB,529,248
OEBPS/images/ag5an2-017_1fc477a91e-33842cd5-5ecf77b3.jpg,22967,5ecf77b37f3bf6a095b9546daf6653be28b24791c1d1a8cc2a3e08d6b44c2822,JPEG,RGB,425,272
OEBPS/images/aittvk-010_fe8f40917e-020be72f-b12a5c7d.jpg,27823,b12a5c7d809d1445a61be0370ebf3d52af57cde2634d5ba2546b878971af1ed1,JPEG,RGB,509,314
OEBPS/images/apv3ma-006_2c69091233-a7537e77-ab6f7abb.jpg,28329,ab6f7abb7ae2fa04332d89a09065b112641a3eb73de1f7f10acd47edc4da2a3a,JPEG,RGB,458,346
OEBPS/images/armwek-005_f9d5d84f18-1c7ee7a3-4215a569.jpg,9858,4215a5697b1fec48a25748e3477118719d3cfa55698f798d953d58799fd384c1,JPEG,RGB,413,239
OEBPS/images/arvvyd-004_d2425b9861-042622ca-dc52195d.jpg,9839,dc52195d70e5f0b60ef66182be5e1b2cc2129c4fb892f22deb30e120cba7e424,JPEG,RGB,424,258
OEBPS/images/ayj3vn-011_c94ae652f9-66fc4506-96e4fedf.jpg,13876,96e4fedf0b9e14ffee2ea82286cb0cd49a1e4d6653180f5da1f572bfdd4ed631,JPEG,RGB,394,227
OEBPS/images/b1wo23-010_359d733a96-5b9daec3-4aad6ca9.jpg,18564,4aad6ca97b4537f18cdb7cf486eff4dad390b6a73cc03ab79ee0f056c05c8a52,JPEG,RGB,778,367
OEBPS/images/bydto-004_e7266ce737-85cd41cc-276b6ac0.jpg,9084,276b6ac0fb91225fa080c6ef8fbc8e70bd3937e39ff161cafc5e6a86156c65c4,JPEG,RGB,596,260
OEBPS/images/cakw88-005_972657e07b-24217005-90dd5ce8.jpg,30669,90dd5ce854b3c7b0e40397dc5cf593bb1a02f51b5e07e72268ab868a6c80c131,JPEG,RGB,590,337
OEBPS/images/chart-01-0a847b08-1f9af9fc.png,80723,1f9af9fcdbc864bfb6bef55994f2465d9c3cc6a5ae800b8673c6c3a078e527b7,PNG,RGBA,1216,672
OEBPS/images/chart-01-0b9fa678-68ee4675.png,48597,68ee467534471c4ab6d738a4adb769454368ae93625092c167730815ff27024a,PNG,RGBA,1216,672
OEBPS/images/chart-01-0eec529a-56599564.png,59615,56599564c6d4e7c3b25a12d16d929c4d5cdf7d5639871a1e49f0ac298aeb6b04,PNG,RGBA,1216,672
OEBPS/images/chart-01-175177f6-04860bf5.png,40897,04860bf56b9be1a59c414f4d648df45486eaae92c34017c68e9dbbed5749aff9,PNG,RGBA,1216,672
OEBPS/images/chart-01-1f4b361d-d900aab0.png,90530,d900aab082666a87129ebe32ea5fb1ad911ecca2cd3d648e0988da887f9859ce,PNG,RGBA,1216,672
OEBPS/images/chart-01-23f3119f-2b88807d.png,89926,2b88807da19f9f1f90a3baeb4343b1c3e0e312f90c7fb9f22e2cb32e9dcc7cac,PNG,RGBA,1216,672
OEBPS/images/chart-01-2ec7b094-af37c6e7.png,52176,af37c6e766500e5fa9de189b9d6aff6aab41ac9cbf264d7fb296f4392e89a64f,PNG,RGBA,1216,672
OEBPS/images/chart-01-32e61f05-d516c16c.png,79184,d516c16c4cb7d5434777c4c912803de5741fdb64350c972a49cae97c98f350fc,PNG,RGBA,1216,672
OEBPS/images/chart-01-3f24c87b-17406a28.png,97984,17406a280b2c306b9c1882822a0689a4a99451eb5a657b02330ef4f757b9969d,PNG,RGBA,1216,672
OEBPS/images/chart-01-422df510-98c577bf.png,71150,98c577bfdb6ebb13a9b81b760a169095676ce7b035ba92007f8cdd45709820e2,PNG,RGBA,1216,672
OEBPS/images/chart-01-4a76180d-07774520.png,46801,077745209cddc1fff32de7381b25382af42a0db16b29dafb371a0f68d61af3ea,PNG,RGBA,1216,672
OEBPS/images/chart-01-4ef16ac8-168326bb.png,94621,168326bbd8d27270439b298b0714409e42cfb1b14c19b72ca52a52df7841e54f,PNG,RGBA,1216,672
OEBPS/images/chart-01-53f0d6cf-f615854c.png,46059,f615854cb420b7826e916f32e1c4cbe09c7c4169da04188501ae1cedecebb6c9,PNG,RGBA,1216,672
OEBPS/images/chart-01-551f3557-a339aa18.png,62448,a339aa1888f48c8e8c3d21ed92a9635359708cd355a2c03f5912e70190969948,PNG,RGBA,1216,672
OEBPS/images/chart-01-5ed4f2ca-ce000703.png,65570,ce000703fddd18c645358f2532a94d27b999a2b58a3dcdab8be5f7431ba9297c,PNG,RGBA,1216,672
OEBPS/images/chart-01-6ab1298d-f4915e06.png,54395,f4915e06c04cb7d4ec89ffe50d6ebaff35f3de488d8904a4bf16eeaf06b53e7a,PNG,RGBA,1216,672
OEBPS/images/chart-01-7857f30b-aa5c82c7.png,61512,aa5c82c704436def390166f704226907db41d34155b26e6c06c622b4d2d2a093,PNG,RGBA,1216,672
OEBPS/images/chart-01-7f420313-ad55e173.png,33593,ad55e1731e18f8a25456fb988bff588f7a6a8f8180c8a797c7bbcd387774cc81,PNG,RGBA,1216,672
OEBPS/images/chart-01-84fbe64b-fb5bbdb1.png,88891,fb5bbdb1013663849c90bfff8e23de276e5583dacdabc85dcc8aa303942919cb,PNG,RGBA,1216,672
OEBPS/images/chart-01-8823130e-eb7c200e.png,91686,eb7c200e92dfda37a989aaa2545a6d0adfac9bcd5741285462a06b33a5e8b9ab,PNG,RGBA,1216,672
OEBPS/images/chart-01-9525297f-9a794a3a.png,60891,9a794a3a9f4f743c9b4d658a9ca2da6c9d3d9bbfb36c38a8179e8f8634879870,PNG,RGBA,1200,535
OEBPS/images/chart-01-9d3b8f7e-e8f168a9.png,33545,e8f168a9f073336b490fbd091dd8d1710e88cc29793999fcef83a60870531cd6,PNG,RGBA,1216,672
OEBPS/images/chart-01-ac7ab64f-36c085a8.png,120579,36c085a8210194019bb7b3574aed6c44cf926d54e9f3257ecd0aea9b1214bd3b,PNG,RGBA,1216,672
OEBPS/images/chart-01-ba36e812-535ce23d.png,27448,535ce23d5a0f5289afbd36582477cac596b3ea0ad48ac0e321fff052111150e7,PNG,RGB,709,354
OEBPS/images/chart-01-c5cb0934-89cd639a.png,65510,89cd639a1281ded79e0ae0873fc2b14c55577595721c5d0001fd0064f5736626,PNG,RGBA,1200,535
OEBPS/images/chart-01-c84f4bde-fc38c811.png,96780,fc38c811360d95bc5c704d1664bc65bc83972377d55aba654b71dde5cbac1822,PNG,RGBA,1216,672
OEBPS/images/chart-01-cb3daee5-9de67b3e.png,65235,9de67b3e9f81b593df9edb0a86583ef08258dceaeb89910ebea84b3e445faa46,PNG,RGBA,1216,672
OEBPS/images/chart-01-cd61d80e-0b82503b.png,57415,0b82503baa6214428b0ca792e0de4a555ec1ee08f22f23b669b120f438b8f9df,PNG,RGBA,1216,672
OEBPS/images/chart-01-dfdaa4cb-506547e6.png,127316,506547e6eb70dedb28aee63a3a70044d2320774bfcc08a4f424222b3ff78b076,PNG,RGBA,1216,672
OEBPS/images/chart-01-fe1fa224-91ad4ec9.png,87873,91ad4ec97fe04dfc3f4e41c80a6ecf35c076f580431ee150a154b945e2002aa3,PNG,RGBA,1216,672
OEBPS/images/chart-01-fedf94f0-c49038a2.png,49137,c49038a2c1df5ddba9436649fa64bc83d965a1d8e559ab55f9f2b7f7c983bcfe,PNG,RGBA,1216,672
OEBPS/images/chart-02-00610a1b-0dc348b0.png,49268,0dc348b0fb2030e8e4247551dfba2a4ef0e826f2d665b77d0034a95d51810c7b,PNG,RGBA,1216,672
OEBPS/images/chart-02-035ba0b0-27fa72d7.png,50243,27fa72d75316c07c63595ff55d5b9a7c7ba6e0612db11340c33819f4aada7b44,PNG,RGBA,1216,672
OEBPS/images/chart-02-0aa1fe86-1d3cfba7.png,35483,1d3cfba77af89fc1682d841da9bdd6cee8cb8b1d1bcbacf4c6dce2886e472a9b,PNG,RGBA,1216,672
OEBPS/images/chart-02-18bdc7b6-6b1901dd.png,87079,6b1901ddfa112df17c0c9cc1c6fdddea7f5ba78fbefc383d10d8135159024043,PNG,RGBA,1209,672
OEBPS/images/chart-02-1bd10a6f-413aefec.png,18353,413aefeca2f74fcde579673809dcfee6e767c27b3fedc9addc0913fe28385261,PNG,RGB,709,354
OEBPS/images/chart-02-1d9fbb67-01689cf3.png,39211,01689cf3395c21633b8a16980fd3e3aabdf6652002d0a9fdfe46ff92895f6b86,PNG,RGBA,1216,672
OEBPS/images/chart-02-25fa5d4a-bf3bc009.png,60457,bf3bc009998112f5f03435b9fcbc7208f9299f5557b3c2106d7d1a0f2c73fc10,PNG,RGBA,1216,672
OEBPS/images/chart-02-2a64ab6f-817b6e9d.png,35672,817b6e9dd5b9b8629a3a9e61dd5dd2110c2e6cff0d6ad493b0877e07b0c31587,PNG,RGBA,1216,672
OEBPS/images/chart-02-2c3315dd-509e01f0.png,95380,509e01f0ce4cd0d8629e3d3031bb660fa53f23e32563eb5403c9d0b2d395e8b2,PNG,RGBA,1216,672
OEBPS/images/chart-02-35e35d17-539358de.png,61398,539358de647c024b2a8e21a6aa68009cbd2021153f7a608e3c8a02cc85b91492,PNG,RGBA,1216,672
OEBPS/images/chart-02-3ad5cc58-350be6ef.png,59660,350be6ef541f5938b34157bb1612c4ba1e5415e2dcc1e8f21040b99aba5b8854,PNG,RGBA,1208,672
OEBPS/images/chart-02-4294f69e-9af8f982.png,58580,9af8f9821b12fe87ef0a10ccc82a2b675bac82f9f6df8b9a887d99edc2a63cd5,PNG,RGBA,1216,672
OEBPS/images/chart-02-5b71f362-aa6cf3e4.png,77568,aa6cf3e4cd419ca5f97fcdcfa351956a312326ca617d78c3460ba6372285d3a8,PNG,RGBA,1216,672
OEBPS/images/chart-02-790a8d4c-41ea38c5.png,53587,41ea38c555c84e8c717c214b1f6ebaa009564ddebc7934e2e85ee8b1275f71c2,PNG,RGBA,1216,672
OEBPS/images/chart-02-79c318eb-5390cc3f.png,76205,5390cc3fe0c410fd920e9cbb04c86cab66b2db258e6b2c2daf9a0374b77fd2dc,PNG,RGBA,1216,672
OEBPS/images/chart-02-7aa85387-3b0da95c.png,99292,3b0da95c245dbc15089fbd36ab487724d01aeea065b890e1339e7f1c44cf1088,PNG,RGBA,1216,672
OEBPS/images/chart-02-96bcb41a-dd0e2c36.png,52732,dd0e2c3688ad2ce735db308dc80541d933a0bea50c3de1ee2af2a225777e2d70,PNG,RGBA,1216,672
OEBPS/images/chart-02-9c7eae84-20e8252e.png,87202,20e8252e624d3e9a920eec56f8dd268fde85204a2398f918cb5f2227e664fcc9,PNG,RGBA,1216,672
OEBPS/images/chart-02-9d16335b-e5497cbb.png,70981,e5497cbb43b88915c3fd11f2dfa13c30f438e019e6ddf455b7caa4e7bca7e5d9,PNG,RGBA,1208,672
OEBPS/images/chart-02-af1fbd56-194b78d7.png,33163,194b78d7aa986c989cf760a87d06c42c8160febebd9a4ec7afba2aa5bb0776d8,PNG,RGBA,1216,672
OEBPS/images/chart-02-c5b1d9bb-46e57430.png,88871,46e5743002e149436fa5800e9d94d683b16a11b5c17fb0ac5e10d2f4873bce5c,PNG,RGBA,1216,672
OEBPS/images/chart-02-c89853d0-890b9d0d.png,74400,890b9d0d724af9af86e49789e849014ae3e10244fbe37c756076e0edc64bf42a,PNG,RGBA,1216,672
OEBPS/images/chart-02-c9dd48e4-d4ffd163.png,64736,d4ffd163871f028b15b8062dabd1ed0ee05bf4cb5cc1fb3fd936736e7e208d84,PNG,RGBA,1216,672
OEBPS/images/chart-02-cd77203a-7b84667f.png,59469,7b84667f99be60c9ac769286b8493a0deee6e21e3ef2275ec71b753e7f8f61d2,PNG,RGBA,1216,672
OEBPS/images/chart-02-d3f7d2d8-16242f8e.png,76477,16242f8e3351970a0f32ff879ffdf5527efa4571bfb21cb5f82aa77e003fc566,PNG,RGBA,1216,672
OEBPS/images/chart-02-d759d6de-34bbe5fc.png,57235,34bbe5fc57ca3a1c321f05648c560a8b1435eca1f143de657df5e8f35af8672c,PNG,RGBA,1200,535
OEBPS/images/chart-02-de843f0d-a7fa6e40.png,101381,a7fa6e4095672bc15dd601d5bf5e637d9d54159f4eaf4c9b5877b4e25d0b4b9a,PNG,RGBA,1216,672
OEBPS/images/chart-02-dea37843-2e14ef75.png,68508,2e14ef75f08541261af6f8c33a1454c4d3f6653d82c0683a626ca6ccbf1858b3,PNG,RGBA,1216,672
OEBPS/images/chart-02-df5ef543-ae6e0169.png,174759,ae6e01692fac91d4bc30604d7f117636918f3a6ff12f9dc388db72af5564954f,PNG,RGBA,1216,672
OEBPS/images/chart-02-f0fa1d3e-bce5bcee.png,101881,bce5bceeb43bc80b57f6f69d7bdead8eb7bc541e0552b5d8ce3807f1ca5ea6ec,PNG,RGBA,1216,672
OEBPS/images/chart-02-f3765ae5-b8ed8a7c.png,108256,b8ed8a7ca414ab2ff07a069407a627b3db6570ed5a218c546dd3fb39592649d8,PNG,RGBA,1216,672
OEBPS/images/chart-03-04e1c2f7-4bba9cb6.png,72148,4bba9cb60ae4ba7bd7077381a51f06c80cfd9b45744051953a2b68f7938a617d,PNG,RGBA,1216,672
OEBPS/images/chart-03-0886be2e-080cc47f.png,55707,080cc47f609106fab9143a005162550a34fb0241574f11419369aa9a660f0ca5,PNG,RGBA,1216,672
OEBPS/images/chart-03-097ac074-57fe45b8.png,70691,57fe45b8d4d4c9ce3d2c813e10c4a972bc0dafeaa249de3ae915d0087b1617d4,PNG,RGBA,1216,672
OEBPS/images/chart-03-0d018cd2-bae00ced.png,98950,bae00cedce1e600dfbd9c4569aad0ba4d067e524bfb67e1710537029a2a1b52e,PNG,RGBA,1216,672
OEBPS/images/chart-03-18aaee0d-ffacee72.png,84864,ffacee7248b76b81d728389c560dfca889dc4c5a8b0a8397c210d87a25958deb,PNG,RGBA,1216,672
OEBPS/images/chart-03-23da1e0d-7fe054c8.png,69262,7fe054c87bf0414f7a0eff977f0ae95fcaf4f91b200bbf3d7bb7d43d561d0a2c,PNG,RGBA,1216,672
OEBPS/images/chart-03-33a94470-7c9b5f10.png,49422,7c9b5f10d6ae6bd8245d0759ee941d3be19b735cfee2ad37b64aabc3fb32e189,PNG,RGBA,1216,672
OEBPS/images/chart-03-471e1f6f-61f14a8f.png,60209,61f14a8f847ce433fd4085939c7b5b798d23b2a9844c962c07f5eeffcd9e1011,PNG,RGBA,1216,672
OEBPS/images/chart-03-5dcfc53e-f0076e8c.png,84509,f0076e8c35879ae682bc6073cb4c69cfafe18426b653d04098d0ceb2b0944889,PNG,RGBA,1208,672
OEBPS/images/chart-03-5ebc86fa-047201bc.png,125327,047201bce569e7e6f863b7cf06c296a0d28c78a65dceb0cb97e939942b137079,PNG,RGBA,1216,672
OEBPS/images/chart-03-69e209d7-a972d636.png,50494,a972d6366d1dcfec5d93c5047d10e5287cf9befc14756009e144ffde86acb713,PNG,RGBA,1216,672
OEBPS/images/chart-03-6ce8caef-933389a6.png,36051,933389a6a76a54168cda59566d6879f122733f5d63f138a51ffe9ddb5cec1fc6,PNG,RGBA,1216,672
OEBPS/images/chart-03-7878aebf-47ceeed0.png,62697,47ceeed089deb24b4efb78b9c09736061f05da17ebea6fce1e83ad557f19b809,PNG,RGBA,1216,672
OEBPS/images/chart-03-821fb02a-826c15b3.png,57335,826c15b35cc4b6733c0213bcf4f29f1add6fa09bfdab2b9494d441bddc23d589,PNG,RGBA,1216,672
OEBPS/images/chart-03-866d41e9-7b55a6c7.png,42137,7b55a6c71467423998ae66233f1b257fc27565ef8b0d3a692ca4597b2af26324,PNG,RGBA,1216,672
OEBPS/images/chart-03-88f15a9c-378f244d.png,58355,378f244dc42b38a93872110c1f4c4fc6bac00884baaf1530df96c0f5eb69c7dd,PNG,RGBA,1216,672
OEBPS/images/chart-03-89b50293-90f9cb00.png,52451,90f9cb00673b494cfd3bdd1e2073be7244227bb335ddc8c1acc8905242e0ebff,PNG,RGBA,1216,672
OEBPS/images/chart-03-9c455d42-390b70f6.png,57739,390b70f65a6b57834579e3e2623803414414e1180c00a08988baceaacb7539e0,PNG,RGBA,1200,535
OEBPS/images/chart-03-a8bdf58f-559478fd.png,58874,559478fd40ba76c51a496377004b8e88157d265c5b35dee405b7f47cb7527c6d,PNG,RGBA,1216,672
OEBPS/images/chart-03-b5871571-56078e31.png,54645,56078e31ca466f4a0b78ddc8d02f3969c0e471fd6cebc81dbb829efa1dca49a8,PNG,RGBA,1216,672
OEBPS/images/chart-03-b8d2d070-6c719f20.png,30879,6c719f20cf4f98803227228e7fa9d37b1600bc683694d8dcadd90b231a713c36,PNG,RGBA,1216,672
OEBPS/images/chart-03-bb77f28f-18a38243.png,56318,18a38243301563d8e0aff1fa1b2ed5ea3c5b68b4573f1ac3e7f1391c2b6cad48,PNG,RGBA,1216,672
OEBPS/images/chart-03-bbd7bca6-906f7b73.png,49731,906f7b73bdb5b2014f5ec82c87af963c861e3dcf2c9d483aabc1b30004d595df,PNG,RGBA,1216,672
OEBPS/images/chart-03-c3abc99b-89acfb21.png,6906,89acfb21f122bbbaec6db2b68f656fa7b0e161187a69dd6d654dd56316d89dae,PNG,RGB,709,354
OEBPS/images/chart-03-ca32a098-1627f67c.png,127488,1627f67cd9887d9e74f18c2de04f7e22df7df3526320fcc743faab002d64030e,PNG,RGBA,1200,535
OEBPS/images/chart-03-d2d4feb1-9cef9ed9.png,78677,9cef9ed949b0e87180ed3fb1674b46113218c73dbc43fd82816e3d5d9dd98e18,PNG,RGBA,1216,672
OEBPS/images/chart-03-dce4f071-a2e7cd79.png,66602,a2e7cd792bb27fa7cd8153213cf65316d52375aec684a3da7a71ed40802280ca,PNG,RGBA,1216,672
OEBPS/images/chart-03-e41c937c-db83c31e.png,53681,db83c31e9b4d5512f2a17107bfeb67b6b5c2fc3b870c64ee74172f4388e604bf,PNG,RGBA,1216,672
OEBPS/images/chart-03-e5f71428-40baf882.png,85779,40baf8828528dd64eeb1c13b38ff020d756503831825881b9935016f8e0665f2,PNG,RGBA,1216,672
OEBPS/images/chart-03-f674e973-7321d946.png,91267,7321d946aaf7678539f19fd85d9db04086aeb0353a0100820d21ecefaa4a7d52,PNG,RGBA,1216,672
OEBPS/images/chart-03-f678dfc4-1ee814f9.png,42313,1ee814f9a19767dfa15bd3c47a0cbca1e924588e8bb3acb3b9b10935552353ca,PNG,RGBA,1216,672
OEBPS/images/chart-04-143f9fcc-c37be760.png,15196,c37be76099ed09ea68676576f9c2cc62550657a8404244b9b0a7720ad602db48,PNG,RGB,709,354
OEBPS/images/chart-04-276b620b-a0c2163e.png,86940,a0c2163eb185d251993aea89b0abb65aa9e40dfbd956e2cfef49691938980529,PNG,RGBA,1216,672
OEBPS/images/chart-04-2808aa41-bbee40a9.png,48611,bbee40a95d953649cca7e9f39d203d1ecc85dfe5a64dbf04a998adf8324398ef,PNG,RGBA,1216,672
OEBPS/images/chart-04-2aef9a85-33a001ae.png,60337,33a001ae994ab114e776b832c293981adfc5f6331bb7ff3482d810b717c3fbdc,PNG,RGBA,1208,672
OEBPS/images/chart-04-2dcb954c-db2be35f.png,52679,db2be35ffa05c65b75dce056430fee90f1bf1617b60c8e936ecfa0f142908a49,PNG,RGBA,1216,672
OEBPS/images/chart-04-36cd95c8-a9c7bb05.png,68529,a9c7bb0535ee8937d4c78ab4fffb12ba9b218b6555c3c5e09ab4fd80294375b5,PNG,RGBA,1216,672
OEBPS/images/chart-04-3c258315-7680b414.png,30158,7680b4146a2cd897dc52a535c8bd60353030a9afab918d36c25d4f337fd45117,PNG,RGBA,1216,672
OEBPS/images/chart-04-4bf90b0c-b69901c8.png,90278,b69901c84367decc4d11fc1b840a1d0ecf320cab7bfd5742d7c38495ae103240,PNG,RGBA,1216,672
OEBPS/images/chart-04-5c59419f-79ddd6bc.png,93927,79ddd6bc1d00d2dd17a6dcccec25fd750063789873df5245866c7ddd9fa8a129,PNG,RGBA,1216,672
OEBPS/images/chart-04-5d6a8571-02f1e0a4.png,81561,02f1e0a471da2a446ab627c8144a630d123432e5b8afa7302885bf73ee646638,PNG,RGBA,1216,672
OEBPS/images/chart-04-658dd52f-fee353c9.png,132801,fee353c900fc4b47d2109da912985b9827ddbca4ddc687126212aa96537cf295,PNG,RGBA,1216,672
OEBPS/images/chart-04-6d97d89c-fe382970.png,56282,fe38297053d5672a3b69ba0e73b9acf3170686499f9db178887765b12436960c,PNG,RGBA,1216,672
OEBPS/images/chart-04-7120214b-2dc24ab6.png,51561,2dc24ab6297d4cd73c81c286964a2df0fa646ce65bd4cab286695538fc18ae49,PNG,RGBA,1216,672
OEBPS/images/chart-04-7a207f45-b060047d.png,84051,b060047d1fe7b1e73ac18da7863cbef23e9c963f22427a907c54c32dda4ef13b,PNG,RGBA,1216,672
OEBPS/images/chart-04-812ca653-e106d7e8.png,75786,e106d7e821c5d719544d1cd90c8d1f837b5af6c8935becaaf389a834b9825bb4,PNG,RGBA,1216,672
OEBPS/images/chart-04-8c14a8d7-bb8ac316.png,102829,bb8ac316cd37d2ae679c757b837772ddb9b2ed85c6821cfbbbb2ca4e6cb4d6c8,PNG,RGBA,1216,672
OEBPS/images/chart-04-92a01cf4-0378afaa.png,96877,0378afaa1cd1050262a971b3c6728866fc87962071d628ec92558430bb7a2dbb,PNG,RGBA,1216,672
OEBPS/images/chart-04-b29186cd-f75f3029.png,76672,f75f3029f28eeac0a444bfa99025e3ca32952520847ceb56a077bf21b9f1ed98,PNG,RGBA,1210,672
OEBPS/images/chart-04-b9ee452b-fee427d4.png,30224,fee427d46a3a3b926799bac68d5cca665a7cba5dedb47656cbcba468045bf6a2,PNG,RGBA,1216,672
OEBPS/images/chart-04-c18c1864-7dc40369.png,43625,7dc403699b8c163d84d31168ee042bc99d873dee5c12c795ab35c422db495599,PNG,RGBA,1216,672
OEBPS/images/chart-04-c1a8ae09-bde8ae8a.png,59470,bde8ae8a9ef98eb08d46dfce85f6572ad07dd8b61c866875d1e852085eb3e420,PNG,RGBA,1216,672
OEBPS/images/chart-04-c1df843b-d9817490.png,97611,d981749090c6932c1dc1b8981e656e8f0a7f27a7d69fc53caa17a55f36a6b1ae,PNG,RGBA,1216,672
OEBPS/images/chart-04-c9d939db-8a1bfc6c.png,53075,8a1bfc6cfb51f8c7fdd224171ef36318468082061e2f4852d81549f07421d038,PNG,RGBA,1216,672
OEBPS/images/chart-04-ca8b3da4-9b659843.png,47812,9b6598439127e5280fa5396cbeeb82c1c00c497c29da534271a0d38aa4c6cd16,PNG,RGBA,1216,672
OEBPS/images/chart-04-d21fe8d8-2f5f3809.png,57167,2f5f3809dbf69b63878d99c6a714d6c381f73aeaae63b75df0cbc2023d7e5060,PNG,RGBA,1216,672
OEBPS/images/chart-04-dc46b282-3de9a9d4.png,64061,3de9a9d4dde5394ce119b0f5d20983a3dfb927af5b9155a5207c8d5c2b640f66,PNG,RGBA,1216,672
OEBPS/images/chart-04-e9ac7aea-1f130c5e.png,40627,1f130c5e3abc301fa869356c08b35c77269cb336d86ef50aa78a7ffacaa49e19,PNG,RGBA,1200,535
OEBPS/images/chart-04-ea352fe7-09b83840.png,50288,09b838400261b3f1ff3affcc6879697898bc0ccefcf007cd59e5b2596fc7fc4d,PNG,RGBA,1216,672
OEBPS/images/chart-04-f5e2d96b-6b4a8386.png,47914,6b4a83866dcbad36a002f42c09fc7ad346bb1c3661d10ac60df1c9695678e78b,PNG,RGBA,1216,672
OEBPS/images/chart-04-fd212dea-44f32a4a.png,97409,44f32a4ac677f305435256f3172ca149fe26a1ca14d2b7c28dc7d5d322e9baf0,PNG,RGBA,1200,535
OEBPS/images/chart-05-127ce07c-7e097e1b.png,65777,7e097e1bc9739c3b3e765427810edc752f17a55996b733f97ed3a691cde1bc88,PNG,RGBA,1216,672
OEBPS/images/chart-05-1cee9a89-895156a1.png,51439,895156a1caa967e53d0bace1fefab4e0f0814b91a7f3dd732ed5d351cf5f7ffe,PNG,RGBA,1216,672
OEBPS/images/chart-05-2334deb7-65e004e2.png,80115,65e004e29046bec22cb07453d55af51986594abd79296c47b09b570e914e5964,PNG,RGBA,1216,672
OEBPS/images/chart-05-28b9e597-56774b02.png,25172,56774b027319cc5a11a8f0b8100dc4e1eb1f7089d4700e03e81ea0ad0ae2629b,PNG,RGBA,1216,672
OEBPS/images/chart-05-28eee041-f1ccbec6.png,141217,f1ccbec67c73dd601ab03edf1467add4637176507dc208db5cc27080448b8632,PNG,RGBA,1216,672
OEBPS/images/chart-05-29d01048-25cad196.png,55445,25cad196b8cf59db3141663797c5407fc92765bd9e713a163edcc323c2489f65,PNG,RGBA,1216,672
OEBPS/images/chart-05-304ce9e0-a9dd63b6.png,34303,a9dd63b6df5f193fa7963825a072d559a019a09eff2d4c2fdf3441981b4e1d7d,PNG,RGBA,1216,672
OEBPS/images/chart-05-33aa681b-3fc6cfeb.png,65244,3fc6cfeb82897b614064b74512c6324d9643a2f371add784e907a32fd0a014ea,PNG,RGBA,1216,672
OEBPS/images/chart-05-3bc90115-56599564.png,59615,56599564c6d4e7c3b25a12d16d929c4d5cdf7d5639871a1e49f0ac298aeb6b04,PNG,RGBA,1216,672
OEBPS/images/chart-05-4c2dd4ea-a9d953f4.png,48652,a9d953f4c7bc177d2749bf2dbd291167e28b2be317d6ca9e6bd0db3ebc2ac570,PNG,RGBA,1216,672
OEBPS/images/chart-05-62e79048-760850ea.png,43054,760850ea1cc15ae713e2bcdb587eea8f817bc7e3849d7d7bc37bb38d81cb4d19,PNG,RGBA,1216,672
OEBPS/images/chart-05-63e5801c-1da234ee.png,43712,1da234eeb1bc17750152fd2093e79ab43e66b88fc968e8f97a7288a8d452ccee,PNG,RGBA,1216,672
OEBPS/images/chart-05-68d4316e-cc335f94.png,56920,cc335f94abba6a9facf487b842c43d4e81a34ce9a4fb2ac77d9dffc51ccd952c,PNG,RGBA,1216,672
OEBPS/images/chart-05-733ee46a-625ea720.png,56096,625ea7209e432afe8ed51153e97bd7fec117b6fa69d9811d80845a209a354604,PNG,RGBA,1216,672
OEBPS/images/chart-05-88c1a5ff-b38518b8.png,83926,b38518b82ee75c3d23eb7f2acf5381048912df99ac0726713fd5a09bc848036b,PNG,RGBA,1216,672
OEBPS/images/chart-05-8de406df-f36011cc.png,86458,f36011cc841489780d3c6ec36a68eb55110f36d8f897e981d18d838a3252fd07,PNG,RGBA,1216,672
OEBPS/images/chart-05-93cd4869-ca4a93ad.png,79953,ca4a93ad724ad37b42eba0895f5de831b25aec9fbc6ddaaf0c08b05050e3a7a5,PNG,RGBA,1216,672
OEBPS/images/chart-05-ab636528-cd1ec33c.png,69579,cd1ec33c77d05b7f9b0a7bee90ba1a2dd201e0b8cad3f118c48632813bf70985,PNG,RGBA,1216,672
OEBPS/images/chart-05-bb554108-02ef0a1b.png,13531,02ef0a1bca0802a5dab72ccdd599ed37460b3e8708bd0b920e2554f2adc3413d,PNG,RGB,709,354
OEBPS/images/chart-05-c1d8fe44-23caae60.png,52325,23caae60bce4e847c86e93fcc422cdc87684ddd28de31fe21b3ba6351a8c5da8,PNG,RGBA,1216,672
OEBPS/images/chart-05-c43fba51-c59b6ac2.png,49834,c59b6ac21948a1a070920c60311e6fe75124f3a9a919479805090a4b5e686d56,PNG,RGBA,1216,672
OEBPS/images/chart-05-d3c1a375-8558dc87.png,41651,8558dc877fcbf1736854fe83ecdaa2e20ca03dc5a06c363d41bdf5821b5f12ad,PNG,RGBA,1200,535
OEBPS/images/chart-05-dd78a41d-56599564.png,59615,56599564c6d4e7c3b25a12d16d929c4d5cdf7d5639871a1e49f0ac298aeb6b04,PNG,RGBA,1216,672
OEBPS/images/chart-05-df55a92a-32aca7b9.png,66739,32aca7b99eb39a391152adc65ca1d4e5913c8fa1eb0218a01bbb8bf9a99a58ab,PNG,RGBA,1200,535
OEBPS/images/chart-05-e428e955-539949c3.png,69417,539949c33a79c89dfe77edd68046d793d954008f5ae7729f4c1c99740d2c60e1,PNG,RGBA,1216,672
OEBPS/images/chart-05-f59fb9b8-62f6dcfd.png,77570,62f6dcfd34ea6fd6a13486de4df5cf7efe49ec57223a3bbd243f5f647cdad338,PNG,RGBA,1216,672
OEBPS/images/chart-05-f79d1fb5-530b3dc5.png,102800,530b3dc54331f354bfb71d36afd7d0361c9c6b4eed5c64919395b4f79552dfcc,PNG,RGBA,1216,672
OEBPS/images/chart-05-f8a35d65-bb1bd055.png,95026,bb1bd055c626d3b19771b7fe2ad95776b4ef9c1c43b774441b3b0783d34402d3,PNG,RGBA,1216,672
OEBPS/images/chart-05-fda1d5e0-c3b18f9b.png,63878,c3b18f9be8f9c3481f6501e7087c9eefa953585c261d6b8cbb795a854ae497cb,PNG,RGBA,1216,672
OEBPS/images/chart-06-09c4135d-75eced85.png,73117,75eced8562b3a3fe237fb38e0d8adc34c81353364a618f9888a15b18b94ddf6a,PNG,RGBA,1216,672
OEBPS/images/chart-06-1c05f0b4-73eb7a88.png,66141,73eb7a8891d5d73a390bcee601bc6eabe0cfe7166a47045512893f80e13ea5d6,PNG,RGBA,1216,674
OEBPS/images/chart-06-29fa7736-1a98adab.png,71890,1a98adab5d78f177f821d1442f40342d10321947fb47d322a02e93cf08fb0be2,PNG,RGBA,1216,672
OEBPS/images/chart-06-2b25cd4d-d865050b.png,97095,d865050b42735e02737f0be4fc21baf92f29bd2a1d8fe1a856b02b6d1cbe67f0,PNG,RGBA,1216,672
OEBPS/images/chart-06-2b769db8-b0d9038c.png,44393,b0d9038c4768e832c6928e41ead8a1753c034d6d1daf8683058a09899acfbe3b,PNG,RGBA,1216,672
OEBPS/images/chart-06-2fa81db4-ffab6f72.png,69236,ffab6f72f0d1f8e07131aed46019b9c3fbd90142c49621b318c082c949744e22,PNG,RGBA,1216,672
OEBPS/images/chart-06-30ae6d81-0af21424.png,48095,0af2142447c6f6a672e76e5bf8460852c9c7f6d7362492ebc858ea5a9befb7d7,PNG,RGBA,1216,672
OEBPS/images/chart-06-31dbfa8e-0b966a41.png,69925,0b966a41594866e410ec64c54d99b1448b828c4b9dfd2090c7b493b46827a87a,PNG,RGBA,1216,672
OEBPS/images/chart-06-33edb696-5d962246.png,82295,5d962246d6ac0281ed6af7a75041363f643861c9a2678b67a7aad8f94f43f8b9,PNG,RGBA,1216,672
OEBPS/images/chart-06-357aed1f-57ac7da0.png,54785,57ac7da08de7d1fa0fc0d3d5618f791338d3ada730ed83ba40977278b68727fd,PNG,RGBA,1208,672
OEBPS/images/chart-06-3d78ea68-35e030b3.png,38841,35e030b384449bb80ad0995d04ab14188d7f4817b5ebaed90b8fc6734aba5ee1,PNG,RGBA,1216,672
OEBPS/images/chart-06-441899b1-52ab167b.png,114272,52ab167b671b5541a99cc2c607b399f8bd43cbbf7afef1ec099db8383c607e5f,PNG,RGBA,1200,535
OEBPS/images/chart-06-5cf8644c-d45a8446.png,69306,d45a8446c2e12aec10319e07189bb902b4d27ada030b6feec699358be462ae12,PNG,RGBA,1216,672
OEBPS/images/chart-06-6da0f8a9-3fc031a6.png,44313,3fc031a6ea9dd7bb95a9b2ac52e8193bc9e21be663d967e17415ceef1d5b15cb,PNG,RGBA,1216,672
OEBPS/images/chart-06-751a4078-149907d0.png,86231,149907d0fb3a167d162c495c213ba590a9d5bff73f6482cc69226d767223daf3,PNG,RGBA,1216,672
OEBPS/images/chart-06-7e4f848f-182e4414.png,88006,182e44146c8101a9d768c948738c1bed16891a2a2690c3d903d22cddcdefb89a,PNG,RGBA,1216,672
OEBPS/images/chart-06-81ec59b0-ca91ca7f.png,34589,ca91ca7fe2e082250356dda9bacfd7e6130678c808e3215d6496bd41c22fb9df,PNG,RGBA,1216,672
OEBPS/images/chart-06-870e481c-06f40a32.png,36454,06f40a329decdb29d796d045feefc9e8659d9a2a8b5176b92cdebeb492d0059e,PNG,RGBA,1216,672
OEBPS/images/chart-06-8d0a9546-f104be86.png,15175,f104be86e3e88b01e8554148efe868bd925be6b5f639eaaab949deedf530dda1,PNG,RGB,709,354
OEBPS/images/chart-06-920a1aab-690910a2.png,48001,690910a2b90073e106be398dfc91726178c34b9adbf268f2030ba2567e4263d3,PNG,RGBA,1200,535
OEBPS/images/chart-06-bc22f98d-76a6f32a.png,50742,76a6f32a7fab79a04d18d6bc54a990eabef846b8af6ac205a83de5374291f2b3,PNG,RGBA,1216,672
OEBPS/images/chart-06-bcbb9a3f-6c16d887.png,54580,6c16d887bfa915892adb336229abe4489e421d8caab3e6dfc2c62d9e84dae37f,PNG,RGBA,1216,672
OEBPS/images/chart-06-cb6229f7-c25cbfa3.png,58786,c25cbfa3b7d43e98bc652f05c6eaa0247dd056cf33eb4410ad71601bd9d1c842,PNG,RGBA,1216,672
OEBPS/images/chart-06-d47581ce-7e45b355.png,33213,7e45b355be866c95945c4cbfc5ae97ba7db7d93f6dac09d5b92288bf6d4c10db,PNG,RGBA,1216,672
OEBPS/images/chart-06-d75e5edf-6a755aad.png,54489,6a755aadf432e3e5a14315c72542913641e2ba36e0b3dd857fe5228e9ec6ac21,PNG,RGBA,1210,672
OEBPS/images/chart-06-df16d63d-fa42ac53.png,27803,fa42ac537f35119799e4f88a3c37224ed43df4301f59ad5c27fcaf2d49775d44,PNG,RGBA,1216,672
OEBPS/images/chart-06-f42c46f2-da36b48a.png,81487,da36b48a46550f6f5d632aa6f31cf3e379cd8b4de230b9ea2e987119e1ae09e1,PNG,RGBA,1216,672
OEBPS/images/chart-06-f7cf9ccd-8b0aed9c.png,82193,8b0aed9c56c92e941c163f00f25075c2040c2fb4dd3925fd0fbe4940161dd062,PNG,RGBA,1216,672
OEBPS/images/chart-06-fcb3bdf7-0e4bb3a5.png,66427,0e4bb3a5caed8f78e1c391653b80b2867ede83b13eb781181d5c446a1fea0ed4,PNG,RGBA,1216,672
OEBPS/images/chart-07-00eec4aa-70843770.png,21742,708437707f3de14f305109c38ee359935b6e4b4b412ed7e7b49c188d3559ea30,PNG,RGBA,1216,672
OEBPS/images/chart-07-0469b080-c64f5c60.png,79577,c64f5c601aa41a7155816b487f647ee72ad8d0d0076dce3fa55d4571def8c472,PNG,RGBA,1216,672
OEBPS/images/chart-07-04cddcf7-7f796c94.png,50735,7f796c94fe4887a08626f481a79b8f5b644e720cecab488f5aea0515d04d92c7,PNG,RGBA,1216,672
OEBPS/images/chart-07-179ab5d6-1a0dd52b.png,80917,1a0dd52bc0cc90d45c5f890541159711190292c21ae0a897ab1463f74f45fa18,PNG,RGBA,1216,672
OEBPS/images/chart-07-1fbf61fd-7558eb96.png,90047,7558eb96dffcf0a50704dc70235c58c53722630128e106318a01ed1a22570647,PNG,RGBA,1216,672
OEBPS/images/chart-07-26b1c6c4-52335b57.png,83238,52335b5789fd439cdbf58b055c0c9aa4ac4b486c26de033ead59666c4c9ba56b,PNG,RGBA,1216,672
OEBPS/images/chart-07-2e08fd0a-de0f4672.png,43184,de0f4672caa714d41551e06c1f8e7cb5c434c198e7f2c12bef0a9d4b0c2ec457,PNG,RGBA,1216,672
OEBPS/images/chart-07-4fc477e4-33814a6e.png,49629,33814a6e76ebed26a595ba29103079290f6eb23e39242e366d28ed76e34a9dc3,PNG,RGBA,1216,672
OEBPS/images/chart-07-546603a1-370e657c.png,49244,370e657c6468e77ff9a38c8dc8832b5804f8321f0fa9f58cb5b8dfcb62ec2b62,PNG,RGBA,1216,672
OEBPS/images/chart-07-65b8e778-74d9e987.png,31835,74d9e987223c82ab2b219e2c02cacd89cc13ed0279278bc9aaa12eed05345424,PNG,RGBA,1200,535
OEBPS/images/chart-07-7232abde-58cc4ccc.png,57847,58cc4ccc2ead1ef4a096cbe4cb8f7f1d5aa990113f8cc6269c279faeadf70475,PNG,RGBA,1216,672
OEBPS/images/chart-07-7278aea0-bdd81ca7.png,47753,bdd81ca7749a0c7c37c431f75fd927fde78d6a8249d933fcbe9a5bcf5df9b98d,PNG,RGBA,1216,672
OEBPS/images/chart-07-7746f102-dd886223.png,56106,dd88622392d382b6fe3d228839a4e63b51e98f818eddfe75991f7c88f57f1884,PNG,RGBA,1216,672
OEBPS/images/chart-07-7f9615c8-65b31fb7.png,59520,65b31fb797632068f81b8b71dc5e952901485c9e687f084e10624971f6e17aab,PNG,RGBA,1216,672
OEBPS/images/chart-07-8863d4e1-cce29797.png,67073,cce29797b26404171ac8e7548b315977ff7d3dded5cdfab5d8d3fbaabca7d4d7,PNG,RGBA,1216,672
OEBPS/images/chart-07-8f90d8d7-6fe30995.png,76622,6fe30995ddef4ccffda4b902e9bc4e8a047d26f92b73a4a2390475cccbba0054,PNG,RGBA,1200,545
OEBPS/images/chart-07-91b8574a-dc12c1b2.png,32250,dc12c1b22af557a4830d1e3957d69116dc798c9ae7ed085e18b73f432bbf9f75,PNG,RGBA,1216,672
OEBPS/images/chart-07-99e06a92-b1f1b875.png,81853,b1f1b875da76eb9b531c1801d71f5a70b4b5829b9756df77323836b8ddda7440,PNG,RGBA,1216,672
OEBPS/images/chart-07-9adb9538-66ccd4ac.png,80637,66ccd4ac062b385b71f9732badd4b7972653b479d1ddc1bddcfea05bc50ce1fe,PNG,RGBA,1216,672
OEBPS/images/chart-07-c5c3c9ba-5abb148e.png,41932,5abb148e998e0b3df95fdb7a4c552247853661ea20cbc7a3fc2a0df6244ac41f,PNG,RGBA,1216,672
OEBPS/images/chart-07-c944e613-3eee7883.png,87757,3eee78838ef374fe797288041b857d0c5c353a14cb83cc8662758320b5b388d7,PNG,RGBA,1216,672
OEBPS/images/chart-07-cda6d5bb-031afc7a.png,58617,031afc7a401b7c4e0cd7617561ee5640f92c175901556777811796679bc1b8d9,PNG,RGBA,1216,672
OEBPS/images/chart-07-cf2c2920-55095b06.png,14392,55095b06361f1c1b5fa4016626001047f464b67882ff3621fbaad412e1d3727e,PNG,RGB,709,354
OEBPS/images/chart-07-d6e290a4-b9ec1e8d.png,32754,b9ec1e8d81e77d9d6fa720744c5348eddfbeb8a38c3fa94456a70ac8e0eb7c7a,PNG,RGBA,1216,672
OEBPS/images/chart-07-db57bd24-d4f865d2.png,74027,d4f865d2edd1a01fcfe95b31c056c84fe256d86e2f6b95053e49a9ef378b0430,PNG,RGBA,1216,672
OEBPS/images/chart-07-e9581f12-472685e1.png,35792,472685e1f3ac3940afcb07bd767217f197d04f54006cb84fb4f320834cfc7f09,PNG,RGBA,1216,672
OEBPS/images/chart-07-eb598cc8-5c26900d.png,57158,5c26900dd9c962240269f2e600710b1eaf0cc996a47426da3b9ea5ec439c8774,PNG,RGBA,1216,672
OEBPS/images/chart-07-ffd2f1d6-ecbed325.png,33790,ecbed3251366cfe182c612dd798635c3d01bb04daf46044a68cf3ee432d10ffb,PNG,RGBA,1216,672
OEBPS/images/chart-08-01cc9e47-04d25633.png,170788,04d2563339ef0b9f678278ea5dc7717f14cd8d647133c41112db47b05feb7b75,PNG,RGB,932,689
OEBPS/images/chart-08-03335e0d-e6819a3a.png,76890,e6819a3ac516f9e406826aca94a3f0a281fbd55cbe4a5c1a5f5acf33b74f8666,PNG,RGBA,1216,672
OEBPS/images/chart-08-1fb0daca-bae00ced.png,98950,bae00cedce1e600dfbd9c4569aad0ba4d067e524bfb67e1710537029a2a1b52e,PNG,RGBA,1216,672
OEBPS/images/chart-08-256ab3ad-58ea8b3c.png,105306,58ea8b3ce089378ad31322e3322657f7865317c8a76368a19e7755a5c19368bb,PNG,RGBA,1208,672
OEBPS/images/chart-08-382e3103-abef7d2a.png,16197,abef7d2a4fe1fcc4819fb325a09417ddd0e3fea44a7793722a91fa20d72190c8,PNG,RGB,709,354
OEBPS/images/chart-08-3f0a39eb-3c992db6.png,28119,3c992db6ba2c44c29b360ed2cff2331c183a599c60c805b0be14f5c2f066d9ff,PNG,RGBA,1214,672
OEBPS/images/chart-08-41c8403e-10059a56.png,71467,10059a567d96c38da37e690767ea4e3f1d9ae6666503f91f0158eee4649c56cb,PNG,RGBA,1216,672
OEBPS/images/chart-08-43920510-80ecd6d6.png,94809,80ecd6d6fe10d15711d3c04a78728e72d119f0590421413cdabf83d67438f53f,PNG,RGBA,1216,672
OEBPS/images/chart-08-53f09447-ef6949b6.png,48404,ef6949b6f474be8ea61412fb758d2584108e3d1825813fa2de19d2a58f890e92,PNG,RGBA,1216,672
OEBPS/images/chart-08-6686b3a1-8070907e.png,26100,8070907e9ccab68907918006b03911155bfe0d01be6696a71b5503c72073dcbf,PNG,RGBA,1216,672
OEBPS/images/chart-08-6fa19b3f-56f933b2.png,59099,56f933b227faee1da8255f3241300aca060524b56266dcf9bd4daaaf804f7a67,PNG,RGBA,1216,672
OEBPS/images/chart-08-84b3dfa8-22a2540f.png,47389,22a2540f248be9c7c60b970e061faed1399dea390227e9add1cb8f4ac337ae94,PNG,RGBA,1216,672
OEBPS/images/chart-08-89109769-47b6c1ea.png,56873,47b6c1ea085df274b8c6da63e837e9f88a5d8f9fc3b4d80d38fdfde83710f13c,PNG,RGBA,1216,672
OEBPS/images/chart-08-89201153-0b278840.png,95726,0b2788400622b4ee7d923fa1434f3e2d62aecce6c24af7814fb0dc4ba04dbcaf,PNG,RGBA,1216,672
OEBPS/images/chart-08-91c503fd-5379885d.png,48434,5379885d270c69a7fdd02748ad64435e070e764fb9face406abdc4bfa1070434,PNG,RGBA,1216,672
OEBPS/images/chart-08-979bdc49-e3fbb561.png,50322,e3fbb561d99825204ba4158cee3438892c087d85046534b39c37a50a53409d4d,PNG,RGBA,1208,672
OEBPS/images/chart-08-9e7eb693-04c013be.png,39664,04c013bec470a5958cef461c41b5a572094d1c6f7c5c0a53343440455367f262,PNG,RGBA,1200,535
OEBPS/images/chart-08-9e99e85d-e9af4265.png,61093,e9af426585d09dbfe27afba2995edc5dd403136ce7cede6e12105b38bde05160,PNG,RGBA,1216,672
OEBPS/images/chart-08-a07b30d8-16bac04f.png,31993,16bac04fd650b1370219f6a86efe2674d66dce298b8aeb695e5e1590efb9b096,PNG,RGBA,1216,672
OEBPS/images/chart-08-b9f835fd-eb7f4a75.png,43981,eb7f4a755cebff80b4e28bb58362cad88ee46d2ccf644c0f47d953e3afeffe81,PNG,RGBA,1216,672
OEBPS/images/chart-08-bc412693-5cfab7d0.png,39907,5cfab7d0aa215be030aaf30be7a5a1918e47ca4a6b9f10f92a49b68f2f06db43,PNG,RGBA,1216,672
OEBPS/images/chart-08-bdb129fe-0d85635e.png,48335,0d85635e15ee6698da08b3a7cc26c2698742140c8eb3c94cb5faac9b83096579,PNG,RGBA,1216,672
OEBPS/images/chart-08-c215f8f6-5bb21955.png,70928,5bb21955edeba299f721458ee01be13f468c537ecd4c3680f52537be3e07f391,PNG,RGBA,1216,672
OEBPS/images/chart-08-d432bdcc-ba79b87e.png,64130,ba79b87e04f9ac37c16a2a1c8f87b737c7d9c35eca911664ab0232789936267a,PNG,RGBA,1216,672
OEBPS/images/chart-08-d624a5b6-e3aed4c2.png,93734,e3aed4c21b519930fcf312b2c970ed16a963b7dd3e7a30c40752a1f2f78a4a57,PNG,RGBA,1200,535
OEBPS/images/chart-08-ed17ea68-bd650b73.png,54287,bd650b73b8ce25f11ed2cefac5c51c75d18a790c15c959dc9fa1523865a9ed33,PNG,RGBA,1216,672
OEBPS/images/chart-08-f4280209-9ba2201b.png,35322,9ba2201bd347ec70a3672ed63af8d5db4c84c0b4239b0d1bdd84fc799923a690,PNG,RGBA,1216,671
OEBPS/images/chart-08-f72c344f-b6d39cc6.png,47432,b6d39cc69c1e37498d7bd7eceac0c683356d170a722418304e58b3a44a295341,PNG,RGBA,1216,672
OEBPS/images/chart-09-0eff1b25-22d8c5d6.png,72957,22d8c5d683a3ea59480bac65e737b83718fe065a767e78ee937df127e2d3ba05,PNG,RGBA,1216,672
OEBPS/images/chart-09-11e0ad9e-6681b2ac.png,31640,6681b2ac4ac0af4c8b9affa80ebcdac4982ce964e37f66af4b6ab6b0dc40b11d,PNG,RGB,1305,575
OEBPS/images/chart-09-2b406e30-dc3edd32.png,139436,dc3edd325b2df7bbe2a71e3703caefae0a759d3958b02dc59dde23360e3498a5,PNG,RGBA,1216,672
OEBPS/images/chart-09-30b91ec3-7477fa89.png,73249,7477fa8955238133e530e462975e2e58836d22890f801e17fcb3db6b9d3a2f4e,PNG,RGBA,1216,672
OEBPS/images/chart-09-359e3b27-fa9a208e.png,44665,fa9a208ee7c26926adbaf8e471ccb771a7fc5321e17839b9d92a62a8e2a4fc21,PNG,RGBA,1216,672
OEBPS/images/chart-09-3e70d54e-e5778852.png,30103,e5778852d7a363ef2ccd45b1fb2427807a02ac18faaaf333d0ea02ba7777ed85,PNG,RGB,709,354
OEBPS/images/chart-09-47a8cbe6-9bb8375f.png,109720,9bb8375fda1051cf5362d19319bade229f5a54a9013dea0b4bb7993c1c67a65e,PNG,RGBA,1216,672
OEBPS/images/chart-09-4d3f474a-c807825e.png,99001,c807825ed63a67f4752e23739413169abd718363b5be37107e1c1eb8e15178a2,PNG,RGBA,1216,672
OEBPS/images/chart-09-570408f9-ef011321.png,67313,ef011321ecad68a2521d9e486bf32014b01e61ebbb282a7ad65186419d614c80,PNG,RGBA,1216,672
OEBPS/images/chart-09-5bb8c5a9-d3f03741.png,67683,d3f037414afddbcb88b5c0603a189bfa2dcd75fe2ac70f5d57cc121cb1288a70,PNG,RGBA,1216,672
OEBPS/images/chart-09-5c27ab6f-d9cada6d.png,42206,d9cada6d390b6eab39eda7a0512f348f96848405e4fdf99a3ad4dedf08647d4d,PNG,RGBA,1216,672
OEBPS/images/chart-09-60bcf8b4-17302f62.png,61263,17302f62eb9d73f42846c7cd43e53fc39463a44f587a9e672dd5dbed28cd3f8c,PNG,RGBA,1216,672
OEBPS/images/chart-09-62b7b825-f91f8a84.png,89914,f91f8a8477b7777046dd07bd29e9898338a6c534de070918fa14ed24c8c57454,PNG,RGBA,1216,672
OEBPS/images/chart-09-6445dd36-4c88f790.png,35396,4c88f7909793378703d37435dd6c1494a7818aad566e7c8fa0934e0e36364d72,PNG,RGBA,1216,672
OEBPS/images/chart-09-8596e927-41461f51.png,48129,41461f51f653a37d880269167a61d7e083f3e3078ea87ad49e4cf232dbab49dd,PNG,RGBA,1216,672
OEBPS/images/chart-09-8999db1d-dee9b806.png,67752,dee9b80603446c71ce82f1352aea1b2beb923f6f07f7c02c18d7946aaec1d605,PNG,RGBA,1216,672
OEBPS/images/chart-09-90aa5648-51dc1f3a.png,66924,51dc1f3a2ebe648bb902e8b682439af9a3201bc6889f47e85d59d4d207211bec,PNG,RGBA,1216,672
OEBPS/images/chart-09-9cbcdbea-4716d269.png,66286,4716d2695d51c8e6efbecd016992021c727d51ab2e2bf7cc1a4a75bac7f2ec71,PNG,RGBA,1216,672
OEBPS/images/chart-09-a4404a9f-b1595553.png,71243,b1595553ce5f0a01bf31be261b0b2159dc5c092e9003e18dac43a5ed2b2dacda,PNG,RGBA,1216,672
OEBPS/images/chart-09-bf5cf3ff-191e8f3f.png,37431,191e8f3fd1164415d6b247a88f22f4720ea167fcab05a48e6f6ce9304e9fe9fd,PNG,RGBA,1216,672
OEBPS/images/chart-09-d169edea-03aead67.png,208043,03aead67d5bfffbc1f086ecbe0d362da5dfcc2f632e43cbcf11b1d463c806225,PNG,RGB,381,410
OEBPS/images/chart-09-d32f04af-cac2af63.png,78564,cac2af63887028003e0366837e0b5610b2fb33d7243d2dc2745892e4ea1e7420,PNG,RGBA,1200,535
OEBPS/images/chart-09-e86e2891-7b6e08dc.png,47906,7b6e08dcde906c86aa5c3d413d31ae1eb21058d671caf176d4eb6d18372606cc,PNG,RGBA,1208,672
OEBPS/images/chart-09-edfc8ae4-8080d18f.png,44626,8080d18f9d9c556be3aff2cf92ff4f6dbec09b322178a5052cbbe782e813f004,PNG,RGBA,1216,672
OEBPS/images/chart-09-f903bede-dfa93f4e.png,42895,dfa93f4e3853727efb330d125d283109a5e3e235138506f4601d8696aca95672,PNG,RGBA,1200,535
OEBPS/images/chart-09-ffbe11ba-e06d1c36.png,74271,e06d1c3618703d08e1b6e8f8ff8adf801ac9c337e70e5f58451bad6d0c42da60,PNG,RGBA,1216,672
OEBPS/images/chart-10-0c57ee5a-3546caa2.png,77814,3546caa22288f9adf9ef3a0577b76c33ad67a708be056e2710fd3cf9710ae5d0,PNG,RGBA,1216,672
OEBPS/images/chart-10-1081b2ac-105289d1.png,56516,105289d16e6adef779e73b45bd2adc91f1a1d7cca3b35a82fb2a6f623f17a295,PNG,RGBA,1216,672
OEBPS/images/chart-10-20b9e65c-be4023a6.png,36793,be4023a6adf83fd17d9edaf619278680163c5e4aa2c55663d57e105742d471ca,PNG,RGBA,1216,672
OEBPS/images/chart-10-23ea0e29-565f40eb.png,82456,565f40ebec4173e1546f068be880328b9c9468412f8f94c39b5e593d0aa9a4e5,PNG,RGBA,1216,672
OEBPS/images/chart-10-240c7d02-c1dcff9c.png,83647,c1dcff9c83ca9b66b1dff3ff428bf9ff6ccaf1e260af99150d8fb320d6d7cd05,PNG,RGBA,1216,672
OEBPS/images/chart-10-3279bf35-eadeb571.png,87796,eadeb571a6c24ff0dfc45234bf29de9fedfd8c0df0dd532fc6627783cbf9017b,PNG,RGBA,1208,672
OEBPS/images/chart-10-3b3cfcc2-67d01b25.png,52603,67d01b25234b06be6e83c374839c06ef20eb561c945597e4ff4d1b3aac1e0393,PNG,RGBA,1216,672
OEBPS/images/chart-10-3ca6e3d5-f0c5453f.png,51136,f0c5453ff04defec4359d14e63f4a1ae4d26a4bf84e33b09e73dafd0ce9f87a5,PNG,RGBA,1216,672
OEBPS/images/chart-10-52edaa1e-c636da32.png,63961,c636da32aa5bc6fc977922b38f1825caaafb631ff0080b63eba033e2df20dd20,PNG,RGBA,1216,672
OEBPS/images/chart-10-63fa0c47-1dca22fc.png,59078,1dca22fc4acb25cfe158a63209cfe32b07b62a1e9335239c7b0b9844fe9ae75a,PNG,RGBA,1216,672
OEBPS/images/chart-10-72165989-cb5d0d98.png,56333,cb5d0d98f40b29fe60ed9299f87ad7b6a093a6def01ec73447a5697ca63cfc78,PNG,RGBA,1216,672
OEBPS/images/chart-10-8b8d92b2-8e8310ef.png,39645,8e8310ef7e80cd543d552bb2b34b0fccbd81f81d061873fa84f1c4b8258a6beb,PNG,RGBA,1216,672
OEBPS/images/chart-10-924bc6e6-5ee88c00.png,67162,5ee88c00af5468054295749b7b09fdd9fb019c9cc78d3161d13ac54afcb20387,PNG,RGBA,1216,672
OEBPS/images/chart-10-92bdbe0f-c3eb866f.png,58336,c3eb866fbb23f35b96393ab1861bf65c2747a6c3c14d4e718459dad47747e199,PNG,RGBA,1208,672
OEBPS/images/chart-10-a8db20e5-740a477f.png,51034,740a477f6f41799db546f247058e183fd1057e483ebae0d22524ce6a0ef5aec2,PNG,RGBA,1216,672
OEBPS/images/chart-10-a9b5425f-cfb8b8f2.png,74692,cfb8b8f286ba468bf29b58a5428241945ac2b37d9bed69d86a7c357dc72834ec,PNG,RGBA,1216,672
OEBPS/images/chart-10-ae4d1238-ce9b4630.png,58862,ce9b4630fb0b5b2aac3535a30cda1d5399d1bd1f514d5d0d7e426d7a04d77fad,PNG,RGBA,1208,672
OEBPS/images/chart-10-b89fac85-f0e05218.png,77277,f0e05218d07db5da4df38a6f8031ef4e940f82513f2ba8b76e083d630d2119fd,PNG,RGBA,1216,672
OEBPS/images/chart-10-bac783c2-a11df2ad.png,50806,a11df2ad662637a48e694a6d21c8beaeca3ffd8062b32963ddc74534b17dfdf5,PNG,RGBA,1216,672
OEBPS/images/chart-10-c1108b5f-d37c3915.png,46516,d37c39153dd1d39bedc0009371975ff8a64e0c16e9579a2e68299a7da819e33d,PNG,RGBA,1216,672
OEBPS/images/chart-10-c55bc031-c2d714e1.png,77344,c2d714e18f73181e73553af350030c0b30ef96c1b9793b90a0fbac70375465a5,PNG,RGBA,1216,672
OEBPS/images/chart-10-cb7960cb-e27b38b6.png,227139,e27b38b6ce2dea3d0567cbbdd094ebece85d240fddf4489b00d246e0a19ab733,PNG,RGB,382,395
OEBPS/images/chart-10-cfd69d64-b28cc0a7.png,27908,b28cc0a79766665a2056c10d592223542f677cffd540ad6657e42f65c19f534b,PNG,RGBA,1200,535
OEBPS/images/chart-10-d794f3b3-8bffd0f9.png,88324,8bffd0f99a7390eed35757e0093b2748112c0bde7371739288805fbf602be98b,PNG,RGBA,1216,672
OEBPS/images/chart-10-da6aec73-3403c0fc.png,63818,3403c0fc91e1503ef39fda2e53fa0cd1c2e7269c343d8e8f7a4ad5c1dfa04d00,PNG,RGBA,1216,672
OEBPS/images/chart-10-ecd22522-c1832354.png,61306,c183235482b8b75ee514a864daae940a67a5b00ae5617942d8b264ecf36610c6,PNG,RGBA,1216,672
OEBPS/images/chart-11-2622de5b-24aa866f.png,73645,24aa866ffdf06fbf755b3dcc793cd2b6be387415d4fa2f765e2e0613ee96594e,PNG,RGBA,1216,672
OEBPS/images/chart-11-2937d452-6c6af8a8.png,101447,6c6af8a86261992d96f7db6bf97608d724a5269ddba9e8d0acbd4120b7d11d39,PNG,RGBA,1216,672
OEBPS/images/chart-11-413eb08d-3f1ac321.png,20662,3f1ac321faed56d5592847f3fbbe3bb367969744164a0b527ee5b0a2b890f53a,PNG,RGBA,1216,672
OEBPS/images/chart-11-4a685c15-3a62dd32.png,86551,3a62dd3243d1efaa72cdf05b802d33ebc9e5d8ce88a38c297e76126602b020cd,PNG,RGBA,1208,672
OEBPS/images/chart-11-62c48037-f5b2fc3e.png,30178,f5b2fc3e98553e9ad01eca3389a93a6fc4af7f643761761018543e62dcae0334,PNG,RGBA,1216,671
OEBPS/images/chart-11-6c110335-6bee34b0.png,44875,6bee34b0bb42787b864fda4af11567e0781bd7e2b82ff65ad4011b09f62d9aa1,PNG,RGBA,1216,672
OEBPS/images/chart-11-732b880c-0fe3a611.png,56321,0fe3a61144e25b250e2ab99a04b1cd68b0188ae27fc1b642e3b008fa379e0ed2,PNG,RGBA,1216,672
OEBPS/images/chart-11-76870a29-531d6804.png,81793,531d680426279bfbfc5c0bb2131b17b14c53940f95ed9ed7f52ddb9a9381f4d5,PNG,RGBA,1200,657
OEBPS/images/chart-11-7d6b1e3f-1b8a0370.png,55657,1b8a0370ce55f74cd2309fb1293f7a5fd4a67e07a4479b7d01e52e45f0fe7b02,PNG,RGBA,1200,535
OEBPS/images/chart-11-8936f806-9e57d9e6.png,98756,9e57d9e6c6329d3aca85037a2aa2093ef8172bd2efc4cdb27e80814a063c12bd,PNG,RGBA,1216,672
OEBPS/images/chart-11-8c1a7b8f-f705879c.png,68388,f705879ce9787afedab5221983762c6fbc7949b0232f0813d3cea806d3bf96b0,PNG,RGBA,1216,672
OEBPS/images/chart-11-a7440724-0ef90895.png,34534,0ef9089522ad4068e233b52c3643a12d8f9cdfad6492c8fe0e2d2f72c7eff45b,PNG,RGBA,1216,672
OEBPS/images/chart-11-ad8401c8-6edd72ea.png,61079,6edd72ea93592442f6225a702955d0baa9c0ab72912930d7ba66f9ed50d119bf,PNG,RGBA,1216,672
OEBPS/images/chart-11-bd383ddf-74bdd371.png,91190,74bdd3716908f5d5b661af73b8723e4442d5a58f28aabe624e1a0c8ed28c287c,PNG,RGBA,1216,672
OEBPS/images/chart-11-bf9b2d8c-17ec8a7f.png,60167,17ec8a7ff319cbd3cc4d168cf2ebb7385f77c50334b0691b69041ffafd058f16,PNG,RGBA,1208,672
OEBPS/images/chart-11-c0f8492b-0b27a44a.png,50239,0b27a44a9fd3969536aa3fccc7f212839e1da26035253c831b0c0ff0798fe465,PNG,RGBA,1216,672
OEBPS/images/chart-11-d3c60b77-b3ff2248.png,44958,b3ff22486e80b8d7e13fbf9e56cebc5a973d90344185a24e5bfda5d9f2bc4ab8,PNG,RGBA,1216,672
OEBPS/images/chart-11-d3fac0ec-59b462c2.png,37052,59b462c2911e226ea7b8fb5a7eda4e595e0acd98d53e16c9999a94e603047716,PNG,RGBA,1216,672
OEBPS/images/chart-11-dbbe8c15-15d5f03f.png,31120,15d5f03ff71ce8e856cc548f3d194660bf97d6cd59de36aa47eba27cdde29c7c,PNG,RGBA,1216,672
OEBPS/images/chart-11-dc0d3828-fed9e46c.png,15860,fed9e46c4572c4fab365ede1da53e529af40826784107ed59ca7687e88b9acb5,PNG,RGB,709,354
OEBPS/images/chart-11-e8a08eb5-80807ec3.png,102417,80807ec306358bf6a6ab4343aeb570e6828a1a1a6400e2ab5e4d6596628dc082,PNG,RGBA,1216,672
OEBPS/images/chart-11-ed24fd26-3a4a5792.png,89624,3a4a579284656f8cc5d49fc806e543c0f59ba6ab6d70768dc81aaec9f42ce154,PNG,RGBA,1216,672
OEBPS/images/chart-11-f45d9fc2-a1d90f6c.png,53596,a1d90f6cb15e3a7582acb1d49de90c4a2b47ce6aadd630718504b70f825a1616,PNG,RGBA,1216,672
OEBPS/images/chart-11-f4f8b426-83e07b2f.png,47233,83e07b2f8dfd35bd30d562355dc866321f261e670137b847ab83241d46e4a44c,PNG,RGBA,1216,672
OEBPS/images/chart-11-f6778db6-548d596d.png,28960,548d596dcbb4fea389f8e9c799aeea18b731927b5aff9787e072afbd9ae2adfc,PNG,RGBA,1200,535
OEBPS/images/chart-11-f8aa12bc-f5030ba1.png,66111,f5030ba1972a4fd22a1daba2c574814a6fae3c86a17069cbc7a5aa96b62077e0,PNG,RGBA,1216,672
OEBPS/images/chart-12-03432185-1d40a50b.png,78535,1d40a50bf110217cf22dc6f038fa59246646b22dd3523d8be58c8d4b584cfd0a,PNG,RGBA,1216,672
OEBPS/images/chart-12-067233ca-10de3d36.png,31997,10de3d36b7738cb407ea971315cb0e721da583658300f349bf0e31be0f7fcc47,PNG,RGBA,1216,672
OEBPS/images/chart-12-0907275d-a3cb477d.png,67830,a3cb477da4456631412256e9545be125a90098a8100a3beb1a0ea3daf098809f,PNG,RGBA,1200,535
OEBPS/images/chart-12-093b773b-1f34360b.png,49609,1f34360b00c5837668aa6b93f81244cd82986523cd387be7a05f1afffebac7d6,PNG,RGBA,1216,672
OEBPS/images/chart-12-0a466c39-b511f10b.png,69011,b511f10bf0aa3f51fe1a72e1f5f30c84c18f905adf2339360231ac140bdcadec,PNG,RGBA,1216,672
OEBPS/images/chart-12-11f17baf-52b62ef2.png,73484,52b62ef2665c1c666b567104555e012c9f113fab6c01a015da4de91abb0e3e32,PNG,RGBA,1216,672
OEBPS/images/chart-12-21737715-2102c1ce.png,41493,2102c1ce737fa6de3c4d3d88ef333018655a6890f8bc94410bf129c9e71e8f99,PNG,RGBA,1216,672
OEBPS/images/chart-12-26bb9ee1-3404c0e9.png,79074,3404c0e9fd2b8df1ac1f1bc97ebd09d8c0345247e1545490dae78f7c86d526db,PNG,RGBA,1216,672
OEBPS/images/chart-12-2ea6c8fe-00ee1809.png,48764,00ee1809d1586cec4e670560163ddc8c08b6d58b14b7c567044e6888412caa9f,PNG,RGBA,1210,672
OEBPS/images/chart-12-2fa374b9-b6cdd277.png,131250,b6cdd27776044dad593e90b9b808310eccf992385c5c03c147b96f09e7522ed8,PNG,RGBA,1200,865
OEBPS/images/chart-12-405c0da7-c732f7b4.png,63338,c732f7b4dafc2c82187fae77f7ab9947ee09eb5c1e1443823ed0a6d121fa3981,PNG,RGBA,1216,672
OEBPS/images/chart-12-468c8b06-cc8eb2fb.png,17970,cc8eb2fb34b9bbde42b4694e141479e28957962c8fb3ee24175b169649a9d425,PNG,RGBA,1216,672
OEBPS/images/chart-12-612b4de7-8e0755d7.png,29594,8e0755d7d02dd982d237fdcf50d649ad0ab8b2ce70bdfe21b7ac072001022683,PNG,RGBA,1200,535
OEBPS/images/chart-12-715c7d17-f0878bf0.png,45017,f0878bf03ded9f824aa4eeedede4ede7a709f6cdb5733d7f29852891ade30bc6,PNG,RGBA,1216,672
OEBPS/images/chart-12-7d21e0aa-f810f4c5.png,63689,f810f4c5a1f2a8874c0ea98a2e6ec45a3fa3664ba0346645ac483670735c4a64,PNG,RGBA,1216,672
OEBPS/images/chart-12-7d60c92f-e5d1e1e5.png,42272,e5d1e1e52d211b770ba2e2c03880805251c821930cfe9f97fd37ecee8a1b34d4,PNG,RGBA,1216,672
OEBPS/images/chart-12-80826109-b0a0c3d7.png,72510,b0a0c3d7abacd89323c43692d6d9e8f549cae7bb1db48e64c6b01ce038ec2324,PNG,RGBA,1216,672
OEBPS/images/chart-12-a1a8e926-225d4f0b.png,22319,225d4f0bafb9c1b1946537a4ea113b4fa6ae5d885f20eae708d5d9388da01552,PNG,RGBA,1216,672
OEBPS/images/chart-12-b13ed8f4-e4e9e1d2.png,13520,e4e9e1d2afe9f604a8bb2c9e4f766312494f7d1d57c0185fa089e5acabe9bd7c,PNG,RGB,709,354
OEBPS/images/chart-12-ca53a8da-0f2e02ac.png,89042,0f2e02acaf1864a7008d5b5c2df478ceb3e744063f13724aaf8b04de42d104d7,PNG,RGBA,1216,672
OEBPS/images/chart-12-cacd5c95-04cfa4da.png,34168,04cfa4da7bff3b99c623c5ff7c777e04d7f3cfa664a0d4c40f92d65d5699fa9d,PNG,RGBA,1216,672
OEBPS/images/chart-12-d70a8ed6-86419d6e.png,60555,86419d6efb5533440ed94b0a25046156524f803bd2e9ff163eb4f7ae0a3c13d6,PNG,RGBA,1216,672
OEBPS/images/chart-12-df7d4f23-9219f6bc.png,46036,9219f6bc20828060b96a82e2ad92071e3d3d7869c4fec3dae227590830fe5cbc,PNG,RGBA,1216,672
OEBPS/images/chart-12-ed05c250-05143934.png,64941,05143934f7eb310f5c25c7e9e912981c4263ae162d994b2c9223b1db33284fa6,PNG,RGBA,1216,672
OEBPS/images/chart-12-f58ff6c3-ef03ddb6.png,52550,ef03ddb68f34006d76dfd3bbdef002bb94bb93c4a1f27fdf970ce070385bf4cc,PNG,RGBA,1216,672
OEBPS/images/chart-12-fd07757b-9377ebaa.png,64378,9377ebaac7a204075ff425922204a5bc92051022e7178b9d1ec4ae5b8fc3cfb6,PNG,RGBA,1216,672
OEBPS/images/chart-13-04a980b4-77bdef0f.png,23989,77bdef0f28231ad2dc04094427f2151aa18f71996b5d42aee30ab37b4fde2ff8,PNG,RGBA,1216,672
OEBPS/images/chart-13-17379438-f8d38651.png,17770,f8d38651ab44a474b32b106746dd1d87cc773fb5464a2978b50e03098dae8da7,PNG,RGBA,1216,672
OEBPS/images/chart-13-1f718a5c-21457bf0.png,31786,21457bf0a64944f454a325df4caae1959a035bda9afc5f76d4cc1908e9aa8175,PNG,RGBA,1216,672
OEBPS/images/chart-13-3d6555b2-33d33643.png,60582,33d3364366e2d15f6f61a8eb05d962e016c1378e6de9e9854799bbf47645b57c,PNG,RGBA,1216,672
OEBPS/images/chart-13-49c0109f-8933c11a.png,26981,8933c11a995dddb2b91cedcad68db57aee3bbb1a3ec91db598fc6ebc87158bfd,PNG,RGBA,1204,672
OEBPS/images/chart-13-5a123481-4a402081.png,77856,4a402081c79bb5ab4357576dc6ff22e86719bae7a58c028e1542361fd28f43a6,PNG,RGBA,1216,672
OEBPS/images/chart-13-6549dd0b-aa764fcc.png,65726,aa764fcc34ac647897454b5e085bfce23f31ff1494ce577aa6f087841625b619,PNG,RGBA,1216,672
OEBPS/images/chart-13-6c44174c-ce6cfd09.png,32364,ce6cfd09c1426e4fd40d7a41fb230a45d56bc4344298d0425b097c6d525186c1,PNG,RGBA,1216,672
OEBPS/images/chart-13-7251728f-dd409a62.png,90179,dd409a62ed7c428f57f1d26584eb1b09b32acd4fdd0dc004ef25e5f037a8c4c8,PNG,RGBA,1216,672
OEBPS/images/chart-13-7c91a4a2-c6fe7bf6.png,33850,c6fe7bf69f298b414ab4c6e3a960662c9dba83c8edf3b3be5b1ba127e222577f,PNG,RGBA,1216,672
OEBPS/images/chart-13-89976ce2-56599564.png,59615,56599564c6d4e7c3b25a12d16d929c4d5cdf7d5639871a1e49f0ac298aeb6b04,PNG,RGBA,1216,672
OEBPS/images/chart-13-9994b4a2-8d1f3cc9.png,61301,8d1f3cc9c69982c90ef8c3a054374b89be899126702e8fe8dd9a05991d755b44,PNG,RGBA,1216,672
OEBPS/images/chart-13-9f53e06f-031fef88.png,89098,031fef88ae87a7ec1ae5cb14822a1416957cc7571baf6cd50a57e7580b430f8e,PNG,RGBA,1216,672
OEBPS/images/chart-13-a2a9de3b-41a14ffa.png,79874,41a14ffa81611935b0a5a453b1a4ac18042cb42e62406d62fd1f1bf0dd70daca,PNG,RGBA,1216,672
OEBPS/images/chart-13-a5ab937d-e158f743.png,63677,e158f7432ebff4ca289a7f4aa796eb9583f532649b6d69f2f65a14a770bd5b4b,PNG,RGBA,1208,672
OEBPS/images/chart-13-b1cac484-2067e168.png,69941,2067e168194b6cee0caf0a4e1142075083492ad526263a519519f798413b9ab4,PNG,RGBA,1216,672
OEBPS/images/chart-13-c9d2485d-4fd84b5d.png,72415,4fd84b5dc895052674f5d490a518f4b65d5a503f1bf7dcee33473249957ef52f,PNG,RGBA,1216,672
OEBPS/images/chart-13-d48326eb-b4e25015.png,60323,b4e25015123dc53c91df2773ea194fabd8af3f1e0c1f613d773dd4df4c958d63,PNG,RGBA,1200,535
OEBPS/images/chart-13-d81c72b9-76792446.png,79371,7679244642ae2fb74240f4c2f4deea568cc697247f9be13ba05884b8cbe7fdf3,PNG,RGBA,1216,672
OEBPS/images/chart-13-dd70ccb7-271037a0.png,50368,271037a028bb5fbd73a14acb91388d48a3e2564872372b650a6ed00772ce65a5,PNG,RGBA,1216,672
OEBPS/images/chart-13-dfdcc4ab-3b389169.png,13375,3b38916999ba660849a7b5b806729ecaca6ead4c1550ed5edf49eff061de6b59,PNG,RGB,709,354
OEBPS/images/chart-13-e54caded-23790a19.png,40684,23790a19385265d3f2a2293272286d689b572831090c1d1ef514004d7193ebf8,PNG,RGBA,1200,535
OEBPS/images/chart-13-eb84f680-6a1ded42.png,70790,6a1ded429eacbf541499436ae470ccc9b2ee09540fddac9d494fbd4f85c1c36f,PNG,RGBA,1216,672
OEBPS/images/chart-13-efb9bf3c-4b7e7fd4.png,102031,4b7e7fd4bcc2598231737e727ee46d6137cf294fc40af2152b935e0c97084fa1,PNG,RGBA,1216,672
OEBPS/images/chart-14-038cc068-01ed4c1c.png,98815,01ed4c1cddbc66bdc95ed58f05f9ee14e1c66b9d2aa9da342352ebe64c4b079f,PNG,RGBA,1216,672
OEBPS/images/chart-14-147497d4-6de91404.png,25799,6de91404c95a89cca7b924d42f2f66cf533096ac351c52c2f91fa00e7e7fbc11,PNG,RGBA,1216,672
OEBPS/images/chart-14-369895b2-cf6fe7ee.png,53313,cf6fe7ee1aa30ebb364c3c65ed01d305c64ca41317fee99e86d191dff31b801c,PNG,RGBA,1200,535
OEBPS/images/chart-14-3f702a1d-93868221.png,64755,938682210940f58bf8ad677c8a1a11b69334e1acb7120d9b70f88beca752fbb5,PNG,RGBA,1216,672
OEBPS/images/chart-14-48133b7d-accb800f.png,40310,accb800fd92f01c84a13b28f03336aa85d40e092f33366fabe2a92bda63f35c1,PNG,RGBA,1216,672
OEBPS/images/chart-14-557c7a21-4b3ce882.png,103648,4b3ce882c5b77fcd2dc99f725b29f22a39068924caa75668409c15cc4a72a375,PNG,RGBA,1216,672
OEBPS/images/chart-14-594b5a92-4c8ac0c1.png,51719,4c8ac0c114e9313db76dbd2bf6fe4a439182370213f1694bdec4c6fdf3ee8e0d,PNG,RGBA,1210,672
OEBPS/images/chart-14-61bb783d-1e1d77a6.png,83823,1e1d77a6ed1a070f7a40d7d8cb9c0722c3b629eb6527af4a23a855154bdb0a6f,PNG,RGBA,1216,672
OEBPS/images/chart-14-6e8847be-7e0dcc3c.png,64151,7e0dcc3c64f85b5f44c0756068326b15a4c5a7f94386f11a9bb9e94fcf04edcf,PNG,RGBA,1216,672
OEBPS/images/chart-14-8765cdb8-b54f30b9.png,64237,b54f30b95ce124879eb6e793baa0e8affae5479822cc584ca5123348fee4d982,PNG,RGBA,1216,672
OEBPS/images/chart-14-87b50077-98cccadf.png,93575,98cccadfc1bb8c1656da48db9860945abf399a6e797186f3d239e997c40cb4c4,PNG,RGBA,830,672
OEBPS/images/chart-14-89f035f9-ed92f48e.png,49028,ed92f48ea369b1daf052f15d6763e86e48a000c16a5855d43ffed4240159cc9b,PNG,RGBA,1216,672
OEBPS/images/chart-14-8b63985d-f771953d.png,64270,f771953d49ec261cbbf964ba60694136c78b407841cbe77af962a09f2ab98b94,PNG,RGBA,1216,672
OEBPS/images/chart-14-95b3b749-97443fc8.png,68814,97443fc8bf2fab2cbd040d4a587c698d8dec7b60e8d7fd8e4737bc00d4066880,PNG,RGBA,1216,672
OEBPS/images/chart-14-9d365c57-458233ad.png,62855,458233ad22ccc28e09b274160fe7293d6113e92c44425775e4ecb7a7883ec0ec,PNG,RGBA,1216,672
OEBPS/images/chart-14-a9d35640-77873f54.png,65497,77873f5400017ea3119667953193eab5f01dcbe5a850a3110f69f0bd55a208c0,PNG,RGBA,1216,672
OEBPS/images/chart-14-bf05e05a-641607d6.png,34347,641607d69d8c28f7fb572e1706070ebc0963366912f89c4c448f1cfb38fb051e,PNG,RGBA,1200,535
OEBPS/images/chart-14-cba9efe2-2676f7c0.png,68006,2676f7c0333c3801de3da9209ff1ae7e89aff0ccb25019896af5ced6e7737cdd,PNG,RGBA,1216,672
OEBPS/images/chart-14-da3829c7-025e1a30.png,21439,025e1a300da0f3372ba3ac6301542bf1117b20f2261686188f8f2a5bd6c37185,PNG,RGBA,1216,672
OEBPS/images/chart-14-db9cb927-b5436d1a.png,40328,b5436d1a9e6fdd366b761651712c089621289563bc85257fe20f796c0dcb8b9b,PNG,RGBA,1216,672
OEBPS/images/chart-14-e46d2f0a-8748994f.png,33613,8748994fdee1d834576a77a0385c936bd3b6c34fa834ff0a2e1482e419ba47ac,PNG,RGBA,1216,672
OEBPS/images/chart-14-f062271e-a22f68d0.png,50142,a22f68d05f7c90f9221d8e9a838e8abd58814a546a0d43b6a4b2186139b433ee,PNG,RGBA,1216,672
OEBPS/images/chart-14-f0d9e092-43b04238.png,29563,43b04238ddac5b6c242dfee8508b4927b885ef4c3968878fe9229453e9e55e79,PNG,RGB,709,354
OEBPS/images/chart-14-fd59f43a-734db776.png,69333,734db7768aed52134cbecc7de8fb69dca84a42373805bd0f920defc8581b9c98,PNG,RGBA,1216,672
OEBPS/images/chart-15-0951facc-55eb6f56.png,36999,55eb6f56c4b546cbcf69d4baacbb76ce5a638465f209c18f56f5bfa265fca97b,PNG,RGBA,1216,672
OEBPS/images/chart-15-119d6075-eb49b7a3.png,58065,eb49b7a359249e9e3719212d3e7084980ad09ba163310f4a39aeb2851e4818fb,PNG,RGBA,1216,672
OEBPS/images/chart-15-12675ef7-18309aaf.png,31309,18309aafe908fa763052241f72a22b8cb6664b99c28f4d9639797013efc554d6,PNG,RGB,709,354
OEBPS/images/chart-15-321b0945-73eb7a88.png,66141,73eb7a8891d5d73a390bcee601bc6eabe0cfe7166a47045512893f80e13ea5d6,PNG,RGBA,1216,674
OEBPS/images/chart-15-3c651d01-dd3ad806.png,27632,dd3ad8061ce0c25e34d34b454a8408fc6bc91abf83f6c541aa3fe2c3dd2f8cdc,PNG,RGBA,1216,672
OEBPS/images/chart-15-3d9d41b5-09efc914.png,25764,09efc9141abe8f5a4b9787886bd6340c3565398e1b895359aa6ddfe90f1af0c6,PNG,RGBA,1216,672
OEBPS/images/chart-15-4079ca79-51155963.png,89192,51155963515b3d47d64c6d3fce3ffc2ed3de11762d7325c021dbfaec2e790482,PNG,RGBA,1216,672
OEBPS/images/chart-15-4530686a-5ede71ca.png,84645,5ede71ca1b9198aa481ec1347c0bd0d996d805923f8b6d3dc9270348002a3504,PNG,RGBA,1216,672
OEBPS/images/chart-15-4c30710e-03ee1360.png,112322,03ee1360b8948ae612e882fd9d9e4de861af30646570c55657fb501874bc192e,PNG,RGBA,1216,672
OEBPS/images/chart-15-5ea927c9-03794d1d.png,68671,03794d1d10253c97269fe10a08fb851b98793f563d2c79100c7463f8b62abe9f,PNG,RGBA,1210,672
OEBPS/images/chart-15-71e0a409-2c3c3185.png,25394,2c3c3185b2a39e2e1fce130448f8e452d58bf83b491f3d6485ccd75e953dd6cf,PNG,RGBA,1216,672
OEBPS/images/chart-15-7611ac79-fca288a7.png,87344,fca288a7d2f6455fa1a64d7da23a48cb5746e6d44c90432b21accfced95a2213,PNG,RGBA,1216,672
OEBPS/images/chart-15-78d3ab1c-7a5fc853.png,30893,7a5fc8534488f7b0c1e44f68890daf98396f55a89285d9d49c1652ae552e4616,PNG,RGBA,1200,535
OEBPS/images/chart-15-81641a45-ced2960c.png,35662,ced2960c3306870c10e7265808cb6dc71bbca3b3352d226e38ef8e1f612b1c36,PNG,RGBA,1215,672
OEBPS/images/chart-15-98a4ca50-8647d38f.png,69789,8647d38f7ff4d593707cc9cc2d947a7931793a682eb6ffe9fdb54ece5b225517,PNG,RGBA,1216,672
OEBPS/images/chart-15-ad566555-f9f7ddac.png,43292,f9f7ddac704c758aa7683682a0d8053eb32bb0c5e47f75fbc6c939101ddde318,PNG,RGBA,1216,672
OEBPS/images/chart-15-b6747096-d692713e.png,16080,d692713eecf3b5cfa572fbc8e77318ad93fa28d65a25b6c2aed0dd42363a7c22,PNG,RGB,1350,604
OEBPS/images/chart-15-bc90d2ba-aff86c79.png,67101,aff86c7946561f23721e6ba95b200d5a3cba7bf896759264600147bc172bda6f,PNG,RGBA,1216,672
OEBPS/images/chart-15-c93cc0d6-e3f9d1f2.png,60157,e3f9d1f26b625dbbae8392a3dedf21ab82c3869884483591548df84ed17da196,PNG,RGBA,1216,672
OEBPS/images/chart-15-c969514b-29268e58.png,89914,29268e58981315fe836535fe772123efa96fab8c99959962cba87a560c504dd9,PNG,RGBA,1216,672
OEBPS/images/chart-15-cdcb8a30-669331dd.png,64623,669331dd9cc0235b3347daf0722a0cb393e6aea0bc2716ce5a81b4f37b2e5f6d,PNG,RGBA,1216,672
OEBPS/images/chart-15-e09b766f-0971a930.png,56241,0971a9309ec46826fc8987c0d0dcb7ca67c33ec5bee161e9b38a6d8e9b7465d3,PNG,RGBA,1216,672
OEBPS/images/chart-15-ed55a389-ba66829c.png,92930,ba66829c8eda1b6d8923c0d2ea775f8e0b405a4d94e8a65a2d58a4f7ffb1080a,PNG,RGBA,1216,672
OEBPS/images/chart-16-05127213-295857f6.png,80058,295857f697e2c89e366b9b3ae651f543fc728662ec299573a644872852c81502,PNG,RGBA,1216,672
OEBPS/images/chart-16-43abef9f-a80f2c82.png,31586,a80f2c82573f811143eaaa1c71dda2013b9231ee34c48643ba1fea81374bc300,PNG,RGB,709,354
OEBPS/images/chart-16-51365e58-cc6b66ea.png,39897,cc6b66ea5cc71519a8846b3eaebb4ef577d46ceeac2d651f171ff0eb69b025e4,PNG,RGBA,1216,672
OEBPS/images/chart-16-5b905971-73bc5f92.png,66416,73bc5f923948e4ed9e5119a4f2a220b121a32af7188377e7dd3ec479de458236,PNG,RGBA,1216,672
OEBPS/images/chart-16-63dcab56-3d77ace2.png,33984,3d77ace2f85502360bef8920aabc4ed974c903fa3b351e90b0d856dcb2a393a2,PNG,RGBA,1216,672
OEBPS/images/chart-16-77bbb2cc-13a2c0fb.png,25121,13a2c0fb5fa49dcb2a83c052601991b49a13b427f1962d02a991868074484b30,PNG,RGBA,1216,672
OEBPS/images/chart-16-8664ab36-fffc8ada.png,71587,fffc8adaffaa0dfc2c5b89f0dabb8dd5d7229d493d444f230081ce8d1b2808e5,PNG,RGBA,1216,672
OEBPS/images/chart-16-8da4a22e-dc0563fc.png,66605,dc0563fc74f98dd58a5eec0df789a8373a70feeef6363d6679b721744e3a1ef2,PNG,RGBA,1216,672
OEBPS/images/chart-16-8e39c64d-51a90691.png,51218,51a90691b9e541a67331c91e0e788b81ae1f1212d113c58500d126d3a679f578,PNG,RGBA,1216,672
OEBPS/images/chart-16-96f1d5e6-ad613e66.png,62632,ad613e66ea7ad1350d0b8f5651b1cd0b1635c95ea51b56475ff66c18d7499d7e,PNG,RGBA,1216,672
OEBPS/images/chart-16-af0c5aa5-dbe5952b.png,83670,dbe5952bb0963e28b128cde08e173598536922d0eefcf69c57d9e6bd6d92d567,PNG,RGBA,1216,672
OEBPS/images/chart-16-b1ceaf46-0de4572c.png,69790,0de4572cc4ab250bd9e9e87306bb175f9c52f19571590fe578d924c53a427753,PNG,RGBA,1210,672
OEBPS/images/chart-16-c18459a2-557f5dba.png,51604,557f5dba1ca06f8601dcd083311e0b003f1dbe4f28c9e7b2d873113f217e4174,PNG,RGBA,1200,535
OEBPS/images/chart-16-c3cb656f-c095b4c2.png,129475,c095b4c24135135e1bd62a9d4adc68d46b3dd90189ed85d736aedfb14e1bd044,PNG,RGBA,1216,672
OEBPS/images/chart-16-c617410c-a3cd21ed.png,60035,a3cd21edf9e9d6ae44b5ad5502692c64b9bdeeeaa31da29e000150c132da0c83,PNG,RGBA,1216,672
OEBPS/images/chart-16-c7f55ad9-1f5caeb3.png,58010,1f5caeb3282a8340430b24eb54d3f6c20b3e5a70b79dc679321da07e6da45401,PNG,RGBA,1216,672
OEBPS/images/chart-16-c85845f3-2ea01f00.png,58907,2ea01f00c5dfa17e31c8c517cb3e84e575652d47a4e06c54fce4fee5787181b5,PNG,RGBA,1216,672
OEBPS/images/chart-16-cc22f551-c4155f32.png,33275,c4155f32c5ab2b54179c6014db1ecbe8f3ea40ef445fc2fcd00b19e822612f4d,PNG,RGBA,1216,672
OEBPS/images/chart-16-daf36df2-97b45a43.png,32490,97b45a43a18c24ecf15013552268744374fcadbe83b65aca88e1f08776c34bbd,PNG,RGBA,1216,672
OEBPS/images/chart-16-dfb93669-b0a3ea0f.png,78235,b0a3ea0ffb8a2dfdb033740bdd475571234c1ee195ea9fef8fb82f0e818416a5,PNG,RGBA,1216,672
OEBPS/images/chart-16-eab3e23b-522a98fd.png,46068,522a98fd9024142341d03f5e2301ad84cdbbc97fc1345be435c3c48302ae5a5d,PNG,RGBA,1216,672
OEBPS/images/chart-16-eb8d00e1-6a723f70.png,54181,6a723f704237cb7c0c7a88e4d1fc2b69e3f3e9f6002e630a539d6b6a4f165c04,PNG,RGBA,1216,672
OEBPS/images/chart-16-f7c75f85-d4b558d7.png,58222,d4b558d725c59424d0955db3130dcae2df394d26fedc3637309ed28883a2e914,PNG,RGBA,1216,672
OEBPS/images/chart-17-0f546dc4-cd7786d3.png,34344,cd7786d362eba5a0953a35f8fd9728e4ebb103d123ac88745dc8c8a190020e83,PNG,RGBA,1216,672
OEBPS/images/chart-17-16ef84d7-a101f0c2.png,90408,a101f0c21e5de9187b1f9598b372c7be4e848e8025f0c4b2e3597f61eb314104,PNG,RGBA,1216,672
OEBPS/images/chart-17-1f749365-c4d4301d.png,53616,c4d4301da338a3746ca03d7acfa67374b4bb408b151e17941920127e1f61d336,PNG,RGBA,1216,672
OEBPS/images/chart-17-2168447c-85421fcd.png,59389,85421fcdccb3570d3ef8537f6e14818f3f6e84ab34a2eeab9cf2204ea2124fad,PNG,RGBA,1216,672
OEBPS/images/chart-17-239875ec-d837973c.png,56981,d837973cfe10d8514ba021e94843e3b7b1ba23f7843108bf06824e6dec4e7be5,PNG,RGBA,1216,672
OEBPS/images/chart-17-275ceeb7-82900c65.png,76497,82900c652bb49ca56f2198c89224053a66649f72054512e92bb0661cf88e8d59,PNG,RGBA,1216,672
OEBPS/images/chart-17-2bd9a44e-8b97df60.png,51592,8b97df603b878d8c698ca14ec3eba57d44cdd2d37dd6b130b0670fc52fc7601a,PNG,RGBA,1216,672
OEBPS/images/chart-17-409eac3c-f3a1c31f.png,63371,f3a1c31fe72457b1bdb9771c825723cf180ea624e71298b00c42271665267a08,PNG,RGBA,1216,672
OEBPS/images/chart-17-54af3fd8-5cb12be2.png,23050,5cb12be281f4a429da60aeab93557e9f71461bcd504f213403eac52d2ae439d9,PNG,RGB,709,354
OEBPS/images/chart-17-724b3d4b-11502d61.png,49183,11502d6111a3e753c2b52a1c967d74c898953fec09c53afa1852f17c8666372c,PNG,RGBA,1216,672
OEBPS/images/chart-17-7693e157-3bf92cd2.png,61990,3bf92cd299627868c9e9ecb33bf20dadd2b87bfb4d49e3fa76ba662fca25c9d9,PNG,RGBA,1216,672
OEBPS/images/chart-17-89a3a12a-6b37db3c.png,41279,6b37db3c7007b48e9066bb1463928e526b38bdec6f4a11b00c458c4f4f8a6f48,PNG,RGBA,1208,672
OEBPS/images/chart-17-9648dfaa-f7725305.png,32961,f77253059d63dd93032a38c5500f26386918e94ab7c5529f46ba3f0b8b4189ec,PNG,RGBA,1216,672
OEBPS/images/chart-17-98f9b8ae-cbd23c39.png,88879,cbd23c39444f54e6ab5815ab73fc99f2944e86c6500f264b37454c9eb10a02ce,PNG,RGBA,1216,672
OEBPS/images/chart-17-9fd4258a-229db407.png,36309,229db4076c13fe6107f46a19438bcb83fdd219f150dc4d68fbc8e993b8ca7ad5,PNG,RGBA,1216,672
OEBPS/images/chart-17-b2b1c038-ee045ea1.png,27056,ee045ea158f855e28c2a4b91a48ac457dc9e788a0517aa27d5d38c91ca2b9123,PNG,RGBA,1216,672
OEBPS/images/chart-17-b30ac79e-df482717.png,80689,df48271741419b13e189a63c76711b909359914d876bdea0b806d8bba31af521,PNG,RGBA,1216,672
OEBPS/images/chart-17-c45aa8c3-7d142b82.png,19108,7d142b828260a2729db7ea7fe57d12add0d46a0240f30282fecb783ded9d05a3,PNG,RGBA,1200,535
OEBPS/images/chart-17-cf58e2ac-0c9041d9.png,77836,0c9041d90b138925547451ba35ba349ce5d75041fb70568606239e2c1355a9bb,PNG,RGBA,1216,672
OEBPS/images/chart-17-d2c9378a-842794ce.png,51835,842794ceb483f399355e1525252a759f4dc30fde777a159d71f619e547385e4f,PNG,RGBA,1216,672
OEBPS/images/chart-17-ea74bddd-58ea8b3c.png,105306,58ea8b3ce089378ad31322e3322657f7865317c8a76368a19e7755a5c19368bb,PNG,RGBA,1208,672
OEBPS/images/chart-17-f9f47097-449aadac.png,24159,449aadacf771eca255f853aa6c184a4aa407fbb5d665ec349535ccc34483a5df,PNG,RGBA,1216,672
OEBPS/images/chart-18-0f3713c5-3fcd7875.png,31791,3fcd787548c34abee97fd142316daad0310064e8efa0e278701e9fe4a2475302,PNG,RGBA,1216,672
OEBPS/images/chart-18-132d03be-b6fcae9b.png,60217,b6fcae9b21ce5a0ea717ffc4c4e3d8070ad334247d9d91608ed2ae2edb1f1978,PNG,RGBA,1209,672
OEBPS/images/chart-18-1fc648e6-3c90aee8.png,65863,3c90aee856741107bd1463f45748aec22340fd431da9c443f452580a0e8a620a,PNG,RGBA,1215,672
OEBPS/images/chart-18-2268805c-78f59f68.png,72287,78f59f68432566670ccbbce8c602e6a90ec95c25cad12f17effd5a5f222c1a27,PNG,RGBA,1216,672
OEBPS/images/chart-18-2502d3a8-9501fc2e.png,46647,9501fc2e4495b4a9fe99c3065ea95938737919a63c9b05f177d767e2a853f1b3,PNG,RGBA,1216,672
OEBPS/images/chart-18-38b7e8fa-41f578f1.png,49676,41f578f1f18d03cb16d091b6e44e49b41eb6c96cd84d21e79b8664cd199ba9d4,PNG,RGB,1350,604
OEBPS/images/chart-18-3f6ffecd-8bbaa1fa.png,57006,8bbaa1fa5bd49ec9e0f23b04bc1561108412746a9a2af005652dde25e3b35d79,PNG,RGBA,1216,672
OEBPS/images/chart-18-50d49c65-22634a55.png,61220,22634a55ca404b7edab646e9e2f38c7ba63e0ba7898111d3a9d9e79c32b20c93,PNG,RGBA,1216,672
OEBPS/images/chart-18-58935570-9c4a5049.png,46662,9c4a504994c69cc85e743face6d95cabe72346e521b252cb31f96613658fc484,PNG,RGBA,1216,672
OEBPS/images/chart-18-82b3a7e6-dd2649d0.png,39537,dd2649d026fb5308244a845a1b7bf68c5cb654a7706c75abb626d00fbdf55dcf,PNG,RGB,709,354
OEBPS/images/chart-18-82d30370-d7375817.png,44421,d7375817d4e18ef88dbff1ace173f73cfada9d56dd3b0d515bd122b263090424,PNG,RGBA,1216,672
OEBPS/images/chart-18-8ed4e3fc-600ead5e.png,38442,600ead5e95b17c4387e450b5980c234d11d101d5c614bbc7b3ec3907e21a3fb7,PNG,RGBA,1216,672
OEBPS/images/chart-18-cd788634-b19464a9.png,62124,b19464a9f14b9840acce8d918f02b3fae353496809ea64b477252241f6a92fb8,PNG,RGBA,1200,535
OEBPS/images/chart-18-d0cbd4ad-ad9d6b95.png,46773,ad9d6b95e15ba8abadcb2b61f249c4103227e0fe8b6e11663ca76e1dbdbf2a2c,PNG,RGBA,1216,672
OEBPS/images/chart-18-df06f0a4-a1386767.png,46116,a138676719484324e2d9c7b6e1b4c9de1aee81359689834e0a5767356bf30594,PNG,RGBA,1216,672
OEBPS/images/chart-18-e1f4634d-9649d80c.png,41400,9649d80c3fb051c90f8a22e9c1066923e7fa24fc0f2b2711f83653958c43b2c9,PNG,RGBA,1216,672
OEBPS/images/chart-18-efa689ff-ba3607fb.png,36294,ba3607fbdf788e39609415a8cd8fe081ce4056697d1bc6755d70238176eaca43,PNG,RGBA,1216,672
OEBPS/images/chart-18-fef51505-9c329651.png,70666,9c329651d13061b58a935ba988c12f81e984fd7be93dcb59a287e982118eb8e2,PNG,RGBA,1216,672
OEBPS/images/chart-19-050f893c-90d8328f.png,31354,90d8328f4c05e1108df9ed872d9984b3e7a67f20ccf777d3d54e89448b96beb7,PNG,RGBA,1216,672
OEBPS/images/chart-19-08d964f9-698c7b33.png,53748,698c7b3337af8a47d988c45f548f0a97c05d4f5c46790d49d08aa96e8895de41,PNG,RGBA,1216,672
OEBPS/images/chart-19-3bd0f015-82c2f802.png,46850,82c2f802a9c94c1c5a553a1fbbdcac3876a5c283621b6da9e0dabb728f084fa4,PNG,RGBA,1216,672
OEBPS/images/chart-19-3da71d36-59089e46.png,56453,59089e46af0db55b9896eb47e6d8f1c9e417494dfad2f00b4ca57366fca21fee,PNG,RGBA,1209,672
OEBPS/images/chart-19-3f2e35fe-f466076c.png,115961,f466076cd16fe6212409be079e443ae4ad1eea789750de7f3474791035766203,PNG,RGBA,1216,672
OEBPS/images/chart-19-3ff4a8df-a3194958.png,64821,a31949580ff479740ec0b996d0ead110186b41583341dccdfaf8cca042d14af3,PNG,RGBA,1216,672
OEBPS/images/chart-19-428d35c7-b3c4fbc8.png,44937,b3c4fbc87a77c5bbf5996a3bdea6303b198e17060c59825919975b1dc7986250,PNG,RGBA,1216,672
OEBPS/images/chart-19-4b5e86d5-b82cc6de.png,24536,b82cc6dedc841ec8ccd22ca1aad79f719f38355b19804a6af96fc9ded9bdcee4,PNG,RGBA,1216,672
OEBPS/images/chart-19-4c813adb-d07a96e8.png,40216,d07a96e898b147efa4835a32cf157ca5b77041737590904f568fb247aa98fa0f,PNG,RGBA,1200,535
OEBPS/images/chart-19-5c49f214-78edd76c.png,58941,78edd76cf55db09bae62c31e16d4b4ce5f18483fae13ea1d90226dd8f46e1e08,PNG,RGBA,1216,672
OEBPS/images/chart-19-7cf7e59b-76ca647b.png,53910,76ca647bc304c001a87cb119a50188342821bcc903dbd0afa79ed61791812aa3,PNG,RGBA,1216,672
OEBPS/images/chart-19-8bfb0e66-c821f137.png,31723,c821f1370a1adbf8ec621edadd7bbb33c82c621d2b4dbdd585e724d24049b280,PNG,RGB,709,354
OEBPS/images/chart-19-8de35e7c-44f18fe2.png,62039,44f18fe2245f4c0fbfbde1b59ba8124637fa62a333b93b4755749c116a77d968,PNG,RGBA,1216,672
OEBPS/images/chart-19-925ff1eb-5250930e.png,44682,5250930ee57dcacf2df35fd5f103d379e29cc26e21aad1f1ae22c493adb66bb5,PNG,RGBA,1216,672
OEBPS/images/chart-19-93b2b0f2-1f434c8c.png,24742,1f434c8c7fbcc454318099093e39a31e1c5d7f3f941cc2c37862e660935e3ffc,PNG,RGBA,1216,672
OEBPS/images/chart-19-c3f63fc5-df0e1db6.png,94154,df0e1db61872dd983256af8fc95b10307eb2ddae743dd459017daa8d68f4f106,PNG,RGBA,1208,672
OEBPS/images/chart-19-da7a74f8-79186637.png,37570,791866371aa7768429c0bea43c4443af216d05aaf55012dd62b735c833b1e59b,PNG,RGBA,1216,672
OEBPS/images/chart-19-df60b679-895ba296.png,73136,895ba296a33cbb7b6dc28f6858c90f17a6f94756f5f16dd204a60fec89eacf7a,PNG,RGBA,1215,672
OEBPS/images/chart-20-02891d4b-e34f0115.png,54156,e34f0115d94fc3426dbb15a14cd6ed65e4acd15d118f2807cd42791b54f1d231,PNG,RGBA,1216,672
OEBPS/images/chart-20-0d53df96-d8d5497d.png,91375,d8d5497d9fe80ad4cc4c401573eb3ef9dabde26a076c633ba74f8cd3a7289533,PNG,RGBA,1216,672
OEBPS/images/chart-20-1d9830cd-3ca08110.png,43032,3ca08110230ca184fdd4603dc0eadcbc282b7b4212ae2ecf3e6e78999bb3bd10,PNG,RGBA,1216,672
OEBPS/images/chart-20-3cfecaad-08a44a35.png,33516,08a44a35952dbe746671a2e7f0cb882bad7ac86b5fe54338bd6b71a7646174d6,PNG,RGBA,1200,535
OEBPS/images/chart-20-3f0af693-d37e6e2e.png,84419,d37e6e2eda78f1b5dfc6fd8b79210689823cc24ae44f058c440ec20765f09055,PNG,RGBA,1216,672
OEBPS/images/chart-20-50bd34dd-c21bc8c5.png,50448,c21bc8c55095aaabbab6fa3b0e2969542af0fc651eb8a18dd0434a5d1d3d8d85,PNG,RGBA,1216,672
OEBPS/images/chart-20-5242ca72-c4644442.png,26825,c46444428f39f24b7f5c1b3d0295e8680269f928f4b032fba083eabd6f62fb21,PNG,RGBA,1216,672
OEBPS/images/chart-20-60379eb7-f855871a.png,24941,f855871a4302e44b8c86fe3d30d7835e3c204ae2622c6c7a2869d78ffc1524da,PNG,RGBA,672,672
OEBPS/images/chart-20-62aa8021-35554000.png,27096,3555400038fd93d84b4acb823ba9a65ee4525526c086f6f5d8badd5c45714458,PNG,RGB,709,354
OEBPS/images/chart-20-96208cbd-f4fdff41.png,43576,f4fdff41f4450d69d95e0f59e89a7adeb74140867435666015a2557b871f9105,PNG,RGBA,1216,672
OEBPS/images/chart-20-9abf2bc4-7bfe7494.png,67487,7bfe7494c1d5fed602d27eeb45a45bbbe184ea36cbaec1255e3af296c5ca0db3,PNG,RGBA,1216,672
OEBPS/images/chart-20-9b1dfec3-5a91216c.png,46690,5a91216c377b1588836488f756c089198026b04575179dbedf1bd06e7e145a80,PNG,RGBA,1216,672
OEBPS/images/chart-20-a7a28234-b4644969.png,66774,b4644969fe678a21402ebc18de3514f3ccb52bd4baabceec1bebd696a039cad1,PNG,RGBA,1216,672
OEBPS/images/chart-20-b4f1328f-d499ca48.png,102452,d499ca48b006b41117dadd26ca81230e44c3c8dc27bc92a0d028523ae586934c,PNG,RGBA,1216,672
OEBPS/images/chart-20-c242cdbc-db8768e1.png,33724,db8768e13bff86ba6b8aaecb0b2b7a0997659b025aea461ff86e4aaa9fc00b3e,PNG,RGB,1350,604
OEBPS/images/chart-20-d2f07106-104e0ce4.png,28863,104e0ce4103c4b9b550dc409bf4edff43f80422cb41f6a7d5c244f2d6fd97e36,PNG,RGBA,1216,672
OEBPS/images/chart-20-f36eb1d1-c49580d1.png,104580,c49580d1cf7786ef51599b475be8d950906a1183c2e3c4d4d216e1f9ac412f1e,PNG,RGBA,1208,672
OEBPS/images/chart-20-ff28899a-c708c6fd.png,41855,c708c6fda4bf58cbaec7031a006e2f95a2840bfba4953face0fc678a5eac2351,PNG,RGBA,1216,672
OEBPS/images/chart-21-0a86982f-d8c700ec.png,51845,d8c700ec87ed03dea1fb151bf9ce82941c2bc322768ea2894ba619db2817047b,PNG,RGBA,1216,672
OEBPS/images/chart-21-14a53dc5-1d79a75b.png,69748,1d79a75bd0431fa88c387f55d73789dda4661464b710e0e1c3f58c7fec8c3dcd,PNG,RGBA,1208,672
OEBPS/images/chart-21-1e4c5cdb-dc9526ba.png,34435,dc9526ba695736eb4ac8153237b13de28ff78cc07978d70dd394b0958d5901e9,PNG,RGB,1350,604
OEBPS/images/chart-21-3ca64645-a759004a.png,75534,a759004a61dfc42cfaa3780a5c69c1aec76667cd6e8b4ad72a8a17b4da36af0a,PNG,RGBA,1216,672
OEBPS/images/chart-21-4bdec2de-c451ea20.png,46816,c451ea20b31e7b67fd59c569c2503187aeb8e2cf7fba73e9caf6a309449cfe89,PNG,RGB,1378,548
OEBPS/images/chart-21-5a5504e5-875cd81f.png,75765,875cd81fca9a1f0415cb106b76ee7a08daed412f0a639b990008042af3bb37a8,PNG,RGBA,1216,672
OEBPS/images/chart-21-7b18e1f5-3c070dec.png,61383,3c070dec799fb105e587983f5bdf1892f9945755653aef0abc4399ce8a751e19,PNG,RGBA,1216,672
OEBPS/images/chart-21-7b40903d-ca803155.png,29128,ca8031556afd5a24524f918334d14971a8531b0015912809b270633fc10f5b3e,PNG,RGBA,1216,672
OEBPS/images/chart-21-8231a59f-5eddaeab.png,85831,5eddaeabeb97231fc526f8ac48aaa8d10bb3fe7ccfe42c3a426b6a5768d00895,PNG,RGBA,1216,672
OEBPS/images/chart-21-8bc4609d-aaa71126.png,54383,aaa711262435a1274febf821ac9e4cd49fdae87d9a67cb831fdff019d9a66c9f,PNG,RGBA,1216,672
OEBPS/images/chart-21-b3954a8c-39d57b51.png,128486,39d57b51e3354fef18075eb0da4d6fc4789244a89e1cc5933bfd63daa5cc9c96,PNG,RGBA,1200,535
OEBPS/images/chart-21-b58321b6-c51ac8a5.png,45962,c51ac8a5b0e3c21ec7c5ee530182fcdcdab069ec4495e6b7e7b7d7fde885f9ca,PNG,RGBA,1216,672
OEBPS/images/chart-21-c14a1fa9-b9862a30.png,61094,b9862a30e878bc2f858a7e25ba0c17d505efca245028c2463793793c44853a32,PNG,RGBA,1216,672
OEBPS/images/chart-21-ce257895-afc69116.png,26633,afc69116625146600c242511d2334a6c70be46fb050c766852b27a39824379a2,PNG,RGBA,672,672
OEBPS/images/chart-21-de838d56-048ef064.png,30123,048ef0649e4cd7b5bdeeb3d6e5437c05a70cc24c2d012c48cb0fb0e6b1677413,PNG,RGBA,1216,672
OEBPS/images/chart-21-e7541273-68bee238.png,28697,68bee23870a89bf410f391685cc4d19b02cf4c83f71d26a3103439757793e4f8,PNG,RGB,709,354
OEBPS/images/chart-21-eab9d961-9501fc2e.png,46647,9501fc2e4495b4a9fe99c3065ea95938737919a63c9b05f177d767e2a853f1b3,PNG,RGBA,1216,672
OEBPS/images/chart-22-0705aa0a-2e77d55c.png,33055,2e77d55cd00588d99b50d90a8ca8503cbb443bbef5aaa038e499d90100b63f80,PNG,RGBA,1216,672
OEBPS/images/chart-22-0b42afb1-d03d25fd.png,30817,d03d25fd87137598b603ed05094c8d81e38b3a450ce33a8a48dc2965e3fb74bd,PNG,RGBA,1216,672
OEBPS/images/chart-22-1154dfb8-e00685fd.png,111343,e00685fd5f77a5d704ee4652bc195b0b06e95be62159a9afc04db25b044e3e86,PNG,RGBA,1216,672
OEBPS/images/chart-22-39d82e9d-aa54b27e.png,90633,aa54b27e50c2898c372d97a9658e6a479c33734bfa32d953b497dff657ad0ab8,PNG,RGBA,1216,672
OEBPS/images/chart-22-45f88967-cec1e6c2.png,70633,cec1e6c2641624fed3657563dd75d2e615bbde804db1821f537d1fe13589d0fa,PNG,RGB,1368,404
OEBPS/images/chart-22-4702fc09-9fca873c.png,13686,9fca873cb7bc6345ae73ccc7cee09f3cc06e421f3413a4379fa282c07d39c228,PNG,RGB,709,354
OEBPS/images/chart-22-51287b1a-022ada0b.png,53758,022ada0bf0fd89930e761c2c394d2f9e27cbcba237c77914a433cf72b66fffd6,PNG,RGBA,1216,672
OEBPS/images/chart-22-5e130fbf-f229bb5c.png,83462,f229bb5ce52d02d7b6d879cbedb804d0d52fa2a29526ac18ccdc4393536ddad8,PNG,RGBA,1216,672
OEBPS/images/chart-22-651daae2-337f25a0.png,48693,337f25a0a519638ffe41707c7cac95cc44fbfebe19bd143bea7b62cf676a0d77,PNG,RGBA,1216,672
OEBPS/images/chart-22-7c944652-dcc807c3.png,18907,dcc807c33c2e43efee21f64b8bc1b1cd80328e92c48170036d41a17e59b3f39b,PNG,RGBA,1200,535
OEBPS/images/chart-22-a0cbf509-6c2b359e.png,107110,6c2b359e3e28778fe04bd759e330a98381da0464118b3237182e2e0a07a3839c,PNG,RGBA,1216,672
OEBPS/images/chart-22-ad8ee314-b28b7d25.png,99490,b28b7d25e42f9e2e0ce297652acf8be4b11bd8d721671034d8c75b9afd87031c,PNG,RGBA,1216,672
OEBPS/images/chart-22-aea44f3a-f5a2d239.png,33882,f5a2d239e4f2fb3359f5b76aa02bb88912d4319dfcb2ee018bdfa9ab7806a67a,PNG,RGB,1350,604
OEBPS/images/chart-22-c2cc72cf-8cae5d1b.png,65411,8cae5d1b5d809dda8ef731bfec42bd5f9efd74b1eb5c292416fc1094df80039f,PNG,RGBA,1216,672
OEBPS/images/chart-22-e1f9a770-9656e2c2.png,25013,9656e2c265e8eb1a226afc76bdd299eb0243dd9a98ebfae4beb9a9e837de243d,PNG,RGBA,672,672
OEBPS/images/chart-22-e2da02d6-dcb34179.png,58740,dcb3417982b9f39d4502b7867e0ffcbe5948a002e3a8cacba5263dd3916dd2b3,PNG,RGBA,1216,672
OEBPS/images/chart-23-2d323e42-5593067d.png,99616,5593067d42429fa03675afabd17b65027c8ef2a4e290983f0c0f97de87024b61,PNG,RGBA,1200,535
OEBPS/images/chart-23-53c153a1-7462920a.png,23677,7462920a676b4d2a8c6b2fe134e0d96462faf2e9331d6b11d2ecd7a4a3d54a90,PNG,RGB,709,354
OEBPS/images/chart-23-6547fc02-377a9488.png,70446,377a94885a885110d216e940f485478cda716226e854066eea28fd52a256faa2,PNG,RGBA,1216,672
OEBPS/images/chart-23-85c805c3-e54d3941.png,92579,e54d39419cea33e2522afa7c79903a27c84230d6c8ae5609ba02d07edb16c5df,PNG,RGBA,1216,672
OEBPS/images/chart-23-9197a286-0760a1c6.png,30661,0760a1c6a0357e593a1d37fdcf8efd79db5be9b6fca4a35f7496c7dddca527b8,PNG,RGBA,1216,672
OEBPS/images/chart-23-9648f7d8-2df9d04f.png,59456,2df9d04ff610a8927edc04e13e799f3ed8deadc9ea2546b711825c46ed200f6a,PNG,RGBA,1216,672
OEBPS/images/chart-23-9b35d14a-d8fed53a.png,54142,d8fed53a40dea87ffb881a620740014dd76acd673351ff270d66150c83c661ae,PNG,RGBA,1216,672
OEBPS/images/chart-23-a885cf62-d09f83a0.png,39301,d09f83a077c5aea41712f9cce32a53c5c684bef5879ce1e7de42886b1f79fc60,PNG,RGBA,1216,672
OEBPS/images/chart-23-aeb0a13d-640f7ad1.png,47172,640f7ad1a2671edd62ff24e5609c680034f146f88f530f966ba194653f395392,PNG,RGBA,1216,672
OEBPS/images/chart-23-af7f2b64-53adf062.png,63315,53adf06223a362e6e7b0cef0abd985d9e628ac5aab5e7b7b8a20f93b4e3cb0d6,PNG,RGBA,1216,672
OEBPS/images/chart-23-b20c8b5b-5d4d3be1.png,44019,5d4d3be1502565d1df2a174954d069b37bd17437b3c814dcb23f8da29bf8759c,PNG,RGBA,1216,672
OEBPS/images/chart-23-c5201d7d-529e8bec.png,73941,529e8bec33779d7d1f44e091ca5baee6632422b9eee12e77a214cbf65ac1bc9f,PNG,RGB,1350,604
OEBPS/images/chart-23-d374074f-631a1113.png,56111,631a111313b0a5d67ae9e58132c01c02b42bea13e672d9faed250957abcfbbc7,PNG,RGBA,1216,672
OEBPS/images/chart-23-fee41cf9-bf52bbbb.png,25761,bf52bbbbc46fc51f9c4a725aaea903dd36cfb772db2f7600733a2eb22afcafc4,PNG,RGB,728,449
OEBPS/images/chart-24-1acf2d02-0ec5b289.png,75773,0ec5b289f0c351b61ebf211c1eeb9b5e93000a01ad94d64dc342c1e261f8fb3c,PNG,RGBA,1216,672
OEBPS/images/chart-24-2cd8d9e0-d7d835be.png,50148,d7d835be9ced47104cb112362294ca4a5ef755fa5d6ae3ad171d54ee3ea31629,PNG,RGBA,1216,672
OEBPS/images/chart-24-6f3c1225-d67248d2.png,106107,d67248d2455406bff33ddd1300b53c820ebfd2c7c71bb1b4419a3b0f52fcbf7f,PNG,RGBA,1216,672
OEBPS/images/chart-24-72d0b90b-6161fc46.png,59311,6161fc46c9a42b1559a290995345ba9344242f77acf349445ed7ef12fc892011,PNG,RGBA,1216,672
OEBPS/images/chart-24-72e22c79-661f2b44.png,40589,661f2b447bbd517a5580fb6b0325205316744a0f0a0b00f1b38739d0f6f74aca,PNG,RGBA,1186,672
OEBPS/images/chart-24-9f795626-32ba02b5.png,61979,32ba02b584a8f9f39d7442a36357bfd7f01d6e3b431613faf134c88f8f00dfc1,PNG,RGBA,1216,672
OEBPS/images/chart-24-a38abdc5-0b258c0c.png,70225,0b258c0c23f7205d169b68358140d36e0eeb0175678cfa1ce52d50e1b29a7f01,PNG,RGBA,1216,672
OEBPS/images/chart-24-a7b4f255-231f9f8c.png,129725,231f9f8cad6de5f0f119cf55521a49d7e04583f010b7964e4d04a376f6688217,PNG,RGBA,1216,672
OEBPS/images/chart-24-b807a475-323ea60f.png,47744,323ea60f799ed63a3f5ef35341727dded1aabe439a8f4c615a4c512fa0c8d2a5,PNG,RGBA,1216,672
OEBPS/images/chart-24-d8ba6027-bce7146c.png,22800,bce7146c73798ae51c12e11cdd1046631732866cba8d1c9ae8b1190b49c6c1cd,PNG,RGB,685,447
OEBPS/images/chart-24-ddfd3fd7-93ffc921.png,42337,93ffc92197dd647767c9ac948dc5aef97cd9411307cdca50756b3a138aed1f50,PNG,RGBA,1216,672
OEBPS/images/chart-24-e7a29fc8-0e1465c3.png,46244,0e1465c397c862f770972aba89936c18923b3ac583b39fc2a99ab0ed451b0941,PNG,RGBA,1216,672
OEBPS/images/chart-24-ef821549-67a65f2e.png,80573,67a65f2e58a5658e99d18807a4fe245a99e9736f472a10d01340df2de8c42815,PNG,RGBA,1208,672
OEBPS/images/chart-25-0eeb8f09-1c7ba509.png,27464,1c7ba509d7a8c4e56f183356ce8ef1edfb0964815570ba5a294eeac20bacb7b0,PNG,RGBA,1216,672
OEBPS/images/chart-25-291baa47-f0c2021c.png,35770,f0c2021c112c18d2de6472fa76847741159ed27de9a1ef0eeae3a4e60915cd32,PNG,RGBA,1215,672
OEBPS/images/chart-25-2e529415-7013fe05.png,69359,7013fe05fc3392c3e2fdce03b9d674351eb3c97be39c078c128d9180be6e9b27,PNG,RGBA,1216,672
OEBPS/images/chart-25-313d6547-7a850f6e.png,44164,7a850f6e4e32b9d76daf8941579c2e5f32d50f44fa30bf05fd63bc411fca0808,PNG,RGBA,1216,672
OEBPS/images/chart-25-34db99a3-523e9521.png,107121,523e9521c44905b69e9c464c8714706610fab776efc94822fa9efeb51c763d2e,PNG,RGBA,688,501
OEBPS/images/chart-25-4647671f-371b4565.png,46752,371b45653b316dc1c0c67a39fd3164f2fe5b700eeb78abbef406f7660d588c54,PNG,RGBA,1216,672
OEBPS/images/chart-25-5306540d-f2a7ac5c.png,17592,f2a7ac5c662768867294e7f76e944408f5bffadc1cff60af3ba51db7de009689,PNG,RGB,709,354
OEBPS/images/chart-25-606921b2-a857d17e.png,57635,a857d17ea36f7d80a59f5153c3edf18a5f80d5b93978a39d4ab4af5e8409859d,PNG,RGBA,1216,672
OEBPS/images/chart-25-9b313d2f-9d426a2a.png,65129,9d426a2ab8082914621e507a39d7e821a88968d3cd7a8f01fea0dee508c0906b,PNG,RGBA,1216,672
OEBPS/images/chart-25-af65b76c-82f6f862.png,62594,82f6f8622a40aa18ef89172ec90ebc854dc6f9a938293040676add22b932beb1,PNG,RGBA,1216,672
OEBPS/images/chart-25-c57c8919-156617c3.png,67841,156617c37e400f4b20da5889110ce6c2e100517e58620634cebebed63ed23917,PNG,RGBA,1216,672
OEBPS/images/chart-25-d2861b17-dabe100e.png,44496,dabe100edf99ab72f4c3a2dc9064a77054210113e3acf4640c3f3d235426df0a,PNG,RGBA,1216,672
OEBPS/images/chart-26-306eb2ae-f7400f91.png,51896,f7400f913028a275a3ba8b255f825968723761460d622878f4b001490bc171e5,PNG,RGBA,1216,672
OEBPS/images/chart-26-306ef76e-5b2367c2.png,53278,5b2367c2deea538dd4c49004877f572f7a559a333fa48befc401f212c5a9f7fe,PNG,RGBA,1216,672
OEBPS/images/chart-26-6f51f4ed-13544e02.png,33614,13544e02984fdb5dd59c47288a375f2102cbf8d3e71885f5351247244ea516b4,PNG,RGBA,1216,672
OEBPS/images/chart-26-7428aef6-15d5f03f.png,31120,15d5f03ff71ce8e856cc548f3d194660bf97d6cd59de36aa47eba27cdde29c7c,PNG,RGBA,1216,672
OEBPS/images/chart-26-8a5db2da-0beb098c.png,41066,0beb098c8cac6a772c536a1eb28dcafd708ed0ae4b12fc3092d69c9479136eaf,PNG,RGBA,1216,672
OEBPS/images/chart-26-9273f86b-c2ab94c7.png,64172,c2ab94c75a4166c6d1859469997183370b9ed347e2119443bbe3ad358a671484,PNG,RGBA,1216,672
OEBPS/images/chart-26-a1ee7604-331d1062.png,54140,331d106205b4b0ef28717183776e79463d140994ee4f417fdb266776ce1eced5,PNG,RGBA,1216,672
OEBPS/images/chart-26-b87b6ee0-86ac6e5a.png,56758,86ac6e5a8ec0439307c9df7287aca5846114b590f0af7a62a62d008ee6b9c99f,PNG,RGBA,1216,672
OEBPS/images/chart-26-d91b352f-0a020321.png,43668,0a020321e9866b170424e16d9964d70b74e0518b814e231ae64fb6b42c3c096f,PNG,RGBA,1208,672
OEBPS/images/chart-26-e4357e35-b0e44e62.png,56093,b0e44e62f751224628835af3f76f5054d6f64199ac5be0b35177d94723346d33,PNG,RGBA,1216,672
OEBPS/images/chart-27-0d59126a-415a3323.png,66001,415a3323aa0e6e7d607a4903b9f4ca15808cefd6707c17a9e8fe0fcf277d0b65,PNG,RGBA,1216,672
OEBPS/images/chart-27-2f1de294-b384a8eb.png,59114,b384a8eb4d465be9a71d3466442fa3a83e05087bd7b76beb2c90c499557febac,PNG,RGBA,1216,672
OEBPS/images/chart-27-305efaa4-41609e59.png,68054,41609e59b8fd360a4b909d4cf073c76a7a98f9fcececa76b23627de4c328dff8,PNG,RGBA,1216,672
OEBPS/images/chart-27-4610d139-dac29a21.png,62453,dac29a2121de41bb52b7e46c2fbd6b407e134260e88f437a07cd7fc560081d53,PNG,RGBA,1216,672
OEBPS/images/chart-27-4b592478-702cb1c4.png,63277,702cb1c4008b040e0c38d62ec83356aea7330e4f79361efd7e5b5da462de2605,PNG,RGBA,1216,672
OEBPS/images/chart-27-a5bf66a1-b6cdd277.png,131250,b6cdd27776044dad593e90b9b808310eccf992385c5c03c147b96f09e7522ed8,PNG,RGBA,1200,865
OEBPS/images/chart-27-b1acf30f-0a761f0f.png,90971,0a761f0f89e705aa8b0cd7ef8cd92d1fca92794f33673d335f2c70af170160de,PNG,RGBA,743,672
OEBPS/images/chart-27-d6b56ade-abca95a4.png,36317,abca95a4bd6fb67421c39742a1ed451d1c09f4eea37d048db64cd3b522c4aed0,PNG,RGBA,1216,672
OEBPS/images/chart-27-f13f2a1c-cb01bd07.png,24052,cb01bd07f77f02405cf1f8609186bc31e0b1099474cc60bd06380f54ae7b82fb,PNG,RGBA,1200,535
OEBPS/images/chart-28-0d3e06c1-1fcc238d.png,70689,1fcc238d89538c0c1a0d0a0a38b47e17720e5f1d3e9f5d33998cc6a0ae81c935,PNG,RGBA,1216,672
OEBPS/images/chart-28-176b9c75-1570202b.png,67094,1570202b5450883b20534f9396ce2ed15e1dcdab85af7749f726a8ab2d384425,PNG,RGBA,1216,672
OEBPS/images/chart-28-249a3c14-cc4fc51c.png,56746,cc4fc51c11b0da0a0126d0dc2f7ea4acf04e99590d089d78ca4920c2b04df7a6,PNG,RGBA,1216,672
OEBPS/images/chart-28-770b0e05-d8ec478f.png,44787,d8ec478f09a4f416a19731446d6c312b4a090eb40d9a282d119d2442dcb1198e,PNG,RGBA,1216,672
OEBPS/images/chart-28-8286952c-563abb55.png,86827,563abb55867650c07ed9b9c5bf2635162ba970544e4046d08753f74217a6f6a0,PNG,RGBA,1216,672
OEBPS/images/chart-28-b2b578e6-21457bf0.png,31786,21457bf0a64944f454a325df4caae1959a035bda9afc5f76d4cc1908e9aa8175,PNG,RGBA,1216,672
OEBPS/images/chart-28-e60563b6-2dee3392.png,81152,2dee3392a2c17ce5228335db14b3463a25b8dc9ec9b9ee88a29a563fd97b0b50,PNG,RGBA,1216,672
OEBPS/images/chart-28-fd8bae96-07730d58.png,27080,07730d581c1203fbb1dfca3d386e867a7746e71ede43cd6117574f42b38a29d9,PNG,RGBA,1200,535
OEBPS/images/chart-29-0599d985-c49580d1.png,104580,c49580d1cf7786ef51599b475be8d950906a1183c2e3c4d4d216e1f9ac412f1e,PNG,RGBA,1208,672
OEBPS/images/chart-29-0f6594b4-14c8e610.png,77115,14c8e61010dc074541f89814033b79a5a8b8c2de92a4de5dec3b850e10b88a99,PNG,RGBA,1216,672
OEBPS/images/chart-29-1ca1fb7d-4880c4f0.png,79800,4880c4f0dc059029197ac589bbff37c8b773fa997afe52e1a5ee87bbddfaf58a,PNG,RGBA,1211,672
OEBPS/images/chart-29-1e3f6fc0-c1ee96ca.png,65297,c1ee96caca5ecff92fa0eccfae96620474c49fd2548fb385c64a061656cca73f,PNG,RGBA,1216,672
OEBPS/images/chart-29-602152ec-8748994f.png,33613,8748994fdee1d834576a77a0385c936bd3b6c34fa834ff0a2e1482e419ba47ac,PNG,RGBA,1216,672
OEBPS/images/chart-29-7331871d-178f5921.png,59362,178f592161f74774f556610726209d6b98a9d5bcb154a47c410069b8e2a186bd,PNG,RGBA,1216,672
OEBPS/images/chart-29-7fa67211-b894543c.png,26225,b894543cb63781cabc96d3dfdb91cdfbe998d5dcdd49ae6a573571e33837074b,PNG,RGBA,1200,535
OEBPS/images/chart-29-b74a9af2-e3a49f93.png,48632,e3a49f93ba3eeb21f894225c10a4944fe1e50286585df97ef9e20a0b8b1eef60,PNG,RGBA,1216,672
OEBPS/images/chart-30-0246ade8-6dcd9742.png,57188,6dcd97427246cf7187c3aa50bd47b730cd928e2e27c2096b3f74596f61eded67,PNG,RGBA,1209,672
OEBPS/images/chart-30-32552ae3-7395f20d.png,24869,7395f20d569b787d6aa3c09a560831bcfc054ea03aee47e01dd0e26ebfb3d192,PNG,RGBA,1200,535
OEBPS/images/chart-30-52448f35-2e7366bf.png,35530,2e7366bff65e71ea11470198b8ddd540badc724e6bf23ccd154beecad4c907e3,PNG,RGBA,1216,672
OEBPS/images/chart-30-58103ba2-92859e09.png,72852,92859e0983a4a2f2f87814a32dae282e51b030306a7ab5ee742299fbec24286e,PNG,RGBA,1216,672
OEBPS/images/chart-30-59d8a103-9102fb28.png,62258,9102fb28090ba7e6647b33baacf4053ba1a0a1db324580c5a58d96a35b2955db,PNG,RGBA,1216,672
OEBPS/images/chart-30-c952e8ec-7652db84.png,64960,7652db843a26e51fbe0647b2dc2a9599978900cf3d729863963e55c4b90ce3cb,PNG,RGBA,1216,672
OEBPS/images/chart-30-f1e501af-a759004a.png,75534,a759004a61dfc42cfaa3780a5c69c1aec76667cd6e8b4ad72a8a17b4da36af0a,PNG,RGBA,1216,672
OEBPS/images/chart-31-01f8df33-7100e45b.png,29465,7100e45bf2c07ac1a30a2f054c0a162123a237d21c19e49ba0de9a70f82dbcde,PNG,RGBA,1216,672
OEBPS/images/chart-31-5aa14d55-4fc6de12.png,60132,4fc6de12a94bf627de80448afa8c060b21f4ae2e97ae3a8b8749764879a7694e,PNG,RGBA,1216,672
OEBPS/images/chart-31-60dda67e-9f77db21.png,72514,9f77db21b56ce44cce20e0bf4382d46f3eee23a92a341f425abac543ff7c1d93,PNG,RGBA,1216,672
OEBPS/images/chart-31-6b8fc713-fadc210c.png,82821,fadc210c36ba43b92e63c8ac77f81d36a39f0813a790090346152e48201ae502,PNG,RGBA,1216,672
OEBPS/images/chart-31-a8856ae2-53adf062.png,63315,53adf06223a362e6e7b0cef0abd985d9e628ac5aab5e7b7b8a20f93b4e3cb0d6,PNG,RGBA,1216,672
OEBPS/images/chart-31-c2e2ea82-38388823.png,29708,3838882305e0f97f756f5beb43916fcab43643cd05bf53805daed36330b81c14,PNG,RGBA,1200,535
OEBPS/images/chart-31-d4bb162c-1538a170.png,70337,1538a17009e2a367110b50be52da596ac8c03853dd28d14f172de7e147587e34,PNG,RGBA,1216,672
OEBPS/images/chart-32-2abe9fae-fdf25dea.png,51592,fdf25dea72e83a44943babf8fe9adccb41ac71e8bdea716075f28faf1c6eef89,PNG,RGBA,1216,672
OEBPS/images/chart-32-2afb7231-bf74bd34.png,49326,bf74bd34ff133695c55d4f5b32d1f8d1106e0290f26cda71073c4b6b9b2cd594,PNG,RGBA,1216,672
OEBPS/images/chart-32-39061ed3-00679e7e.png,29023,00679e7e513d727a44f03a4611cd0faebafeeaf87963fb219fd853858dd9aea0,PNG,RGBA,1216,672
OEBPS/images/chart-32-79dedf0b-bf5b7884.png,61424,bf5b7884eb66ae2344acc888bc26c217b5977d4139d62381727bac55e149db5d,PNG,RGBA,1216,672
OEBPS/images/chart-32-7bc90e8a-124fb25d.png,128058,124fb25db6962f84b9e1f42e522d2c696f689b7dd2cdcb5d9c031ebd54b5b903,PNG,RGBA,1216,672
OEBPS/images/chart-32-96d41e81-f8d80efd.png,83641,f8d80efd17e0b21758e004f35538f1bc9da7be54545e4238efd90e14e58f738c,PNG,RGBA,1216,672
OEBPS/images/chart-33-0cce1010-1e874f7a.png,65154,1e874f7a5247f65dc936b47aedf243be0b6e3c531efffbf880b1b0449a5aac51,PNG,RGB,1216,545
OEBPS/images/chart-33-181a998c-8cff27b6.png,71623,8cff27b630b9ff8897dff1dcb3ee1fa85a150441b1ac61475492a3d6d98efa58,PNG,RGBA,1216,672
OEBPS/images/chart-33-1b83f77f-53114ff6.png,48456,53114ff6f09529150a3f5b5b428f65d5be011a275ff6920ffab6c3174a162277,PNG,RGBA,1216,672
OEBPS/images/chart-33-bc24dca4-29ac2dfa.png,65826,29ac2dfa38f40778f55f87d656045c1e1ce6ef18cc17e314983ba9ec5be7c38d,PNG,RGBA,1216,672
OEBPS/images/chart-33-bf4da8d5-86934e92.png,62104,86934e92219d0b49e76c24811a0e1af5e72112616b8aeb6bd482a56d3c3145f2,PNG,RGBA,1216,672
OEBPS/images/chart-33-d7c2e95b-bb207919.png,27207,bb207919e3317b5684783dbcd30ca9bcd2d5f197157c33bd07f770a22b4ddcd5,PNG,RGBA,1216,672
OEBPS/images/chart-34-3a95dc4c-fd0819b3.png,79032,fd0819b35f1c24dbc3380c10613babd5fd7f63da454c607d8591112f0692714d,PNG,RGBA,1208,672
OEBPS/images/chart-34-4477e89b-4e85413d.png,73922,4e85413da5083a27d512f44c4963793aee2d8892d68a1caffc69adf0da5b7a54,PNG,RGBA,1216,672
OEBPS/images/chart-34-5090fcd6-dbcb2be9.png,59338,dbcb2be9ac440847c769d54039995a0e2efc4edaacda0a0d77a24bc2c554fbf8,PNG,RGBA,1216,672
OEBPS/images/chart-34-95473c1e-d5ded8a0.png,88801,d5ded8a0e326a0f934a2371a22fb9cf418377cdede1e18bc835f576603c288d2,PNG,RGBA,1216,672
OEBPS/images/chart-34-c30dbc44-78c72eba.png,50812,78c72eba820be55983dbda3bed3ad2fa4ddb43d99f0424b1286e505913f445f9,PNG,RGBA,1200,535
OEBPS/images/chart-34-d007f5f4-52a3efa3.png,32626,52a3efa30e743b9509cf69bfa363dbd0c968302e42016d021cce3176ff56e1be,PNG,RGBA,1216,672
OEBPS/images/chart-35-038b8a9d-e9603910.png,55438,e9603910e8b3367eb7db19fb827b5fe37a8e38494b3074fd226a9aa3f072225d,PNG,RGBA,1208,672
OEBPS/images/chart-35-1b413274-530f85c2.png,78053,530f85c208711a17162ab9391753e94a3b3bee945b225e59182150f0ac222fa8,PNG,RGBA,1216,672
OEBPS/images/chart-35-5a0cad5d-7174e335.png,100711,7174e3359cc34d233799a25bbad64d77688a3c017bb82715f2a80d091b3c95d1,PNG,RGBA,1216,672
OEBPS/images/chart-35-61449f8b-8cc4312e.png,22702,8cc4312ecf0e4d3dbe8b44246863eb26e17847f48cb513cab3493d1d5c905671,PNG,RGBA,1200,535
OEBPS/images/chart-35-6b168537-ddf97369.png,51420,ddf97369320e7ec5966f0d2bd3217d23d967d39cad9355d53c79621aa2270678,PNG,RGBA,1216,672
OEBPS/images/chart-35-dc212902-9124890f.png,60779,9124890f27471396d8ffde9a460838c79a5b3189e08e4cb74139956442be62dd,PNG,RGBA,1216,672
OEBPS/images/chart-36-512d04ad-9257fca3.png,77578,9257fca32474f039df2d1683b13bb0648ddc4740762a3073bb90ecb8c9f97029,PNG,RGBA,1208,672
OEBPS/images/chart-36-595860b5-ec55d8fd.png,90836,ec55d8fd0a099a0096531fd269041fbcde8a6c1fc0cc240b1b7096825890cfbd,PNG,RGBA,1216,672
OEBPS/images/chart-36-8d480fa9-add9748e.png,89235,add9748e83b25cb13ece455b51b9f6beb386bd30c2b50ca648cbd9219b1b4ede,PNG,RGBA,1216,672
OEBPS/images/chart-36-99670b66-17ff4965.png,57594,17ff49650a541687bb8fb37e6420aaaf541b9a27438d51ca9c9c810d89e78fb7,PNG,RGBA,1216,672
OEBPS/images/chart-36-bd63329f-23f08d69.png,88886,23f08d69073575412e1581cd44efc3182abde91f1bdbcc1dad202846185df17b,PNG,RGBA,1200,535
OEBPS/images/chart-37-68dbad7b-18cdd56f.png,57979,18cdd56f8483073e361b14d4041e6422169fe48a2395ce98db13a259f910c585,PNG,RGBA,1216,672
OEBPS/images/chart-37-80abc435-43b2550d.png,67451,43b2550d268aac437557b5c2bc56346c3aa1b61a0f2a685c800a87b963bce22e,PNG,RGBA,1216,672
OEBPS/images/chart-37-ac0965d5-f9489422.png,52662,f9489422f7955a815bdcfe2a89f6486c7ec9549bb6f67dac4a8d1bb65f11aab1,PNG,RGBA,1216,672
OEBPS/images/chart-37-ec6bad66-8143116c.png,80212,8143116cd4accfcbcd4d7856601853fef9b26e877f5d1646a31b37a7550a3866,PNG,RGBA,1200,535
OEBPS/images/chart-38-4f6d568e-2b11c080.png,75682,2b11c0801d2b462e634cdb0384dfc3bedf23ce499a003d427753aa83edeb0231,PNG,RGBA,1216,672
OEBPS/images/chart-38-ab3b87ab-5050507f.png,50187,5050507f3543f1ad9ceadede3fd9fdc814cfff7614c780692aedda8ad374b126,PNG,RGBA,1216,672
OEBPS/images/chart-38-f4addbfd-972e4333.png,67914,972e4333ef21935d2b6d9867f94e14133364a0b1a8a663ec331d669ec0538624,PNG,RGBA,1216,672
OEBPS/images/chart-39-a1fa0613-2e4ea4c8.png,69484,2e4ea4c8c9ad49d91f277f0964014065de158aa9d848bee39da0ce5ed9913018,PNG,RGBA,1216,672
OEBPS/images/chart-39-bac44fd0-15842ce2.png,45850,15842ce2ab9530d75ab5b402098e1160911b932a74c4b50e1d80274f64bfc8ed,PNG,RGBA,1216,672
OEBPS/images/chart-40-a24333d6-01405271.png,47963,01405271f3d3f3b5eb7505fa027b2bcab901868c53f116f2239075988789fed5,PNG,RGBA,1216,672
OEBPS/images/chart-41-1d230035-f6bc5521.png,72801,f6bc5521f45898997c059c39e67b3d59b40c5aa8f2ce620b28cb446f0db2611e,PNG,RGBA,1216,672
OEBPS/images/chart-42-2f75443f-a227649b.png,78576,a227649b08945210ff36949aa0a023c34456be16e195396c9d73c0ea9f439d30,PNG,RGBA,1216,672
OEBPS/images/chart-43-73582655-19555ef7.png,65802,19555ef7208bd6675f67858581cd85f077c8cefd578f3a1ede1f9884557de570,PNG,RGBA,1216,672
OEBPS/images/chart-44-1105aae0-dcae3acb.png,55099,dcae3acbed638cdc446c3c453cc295a6f1abec2a75ed4c6f9ef9918945db6ceb,PNG,RGBA,1216,672
OEBPS/images/chart-45-03e697a0-b8d81825.png,84123,b8d8182517b59fd65361eaaf90933821da93417d3a00742cf4aa6676426c8884,PNG,RGBA,1216,672
OEBPS/images/co3w75-003_25d510247c-c727e8ec-0637a88c.jpg,13463,0637a88c86b1694b7b426f7de0fc1b0c173d267247ec609aa616d05e62943017,JPEG,RGB,383,221
OEBPS/images/cover.jpg,292696,d2040c1047ef8bc665d4000d35ca52382bca93415ee6e7a6a6e158374e2cbc8a,JPEG,RGB,1600,2400
OEBPS/images/cw8zob-015_3cadbebe77-d1997d15-4bb591f8.jpg,21520,4bb591f83c5334321214180736cf37a048f24fb7853bd348664a4673001dd541,JPEG,RGB,564,301
OEBPS/images/d4g0su-007_9ca1c2065f-cf9bbad7-4995c258.jpg,15325,4995c25835a007333c818574f9f6e2e0fbff1aebb37d43218d56ca03c0c0783e,JPEG,RGB,386,226
OEBPS/images/da5k2z-012_2b0f4a9600-223cd4ab-c49b3322.jpg,17162,c49b332233ce3c0a1aa829f52bca3023f0a43035d33d540f7d647479c2033876,JPEG,RGB,440,279
OEBPS/images/dhlttj-010_22d3f1d595-efd18e46-626f1b88.jpg,25669,626f1b88ab332690a9994596b7498550122598c3196435f3d5c21b52e03893ce,JPEG,RGB,634,371
OEBPS/images/dnb55a-002_5111b4263d-052d341e-ed8e4eaa.jpg,24201,ed8e4eaa526777cf309a9c380274618ddc4dbe612cc52d922d7ff1b089957681,JPEG,RGB,561,410
OEBPS/images/dwl4yj-002_ae634db3c8-09984bac-6b1b0753.jpg,21037,6b1b07535675f0e4b0e660e48238e868b2dd20224ab6d574876941fb1ee293a4,JPEG,RGB,508,293
OEBPS/images/e26sfq-006_8ba1809d35-0cdded74-bad07fc6.jpg,15466,bad07fc6ee809052c753ea3d81db216961e4aaa9685ecc3ea779f86f980784a3,JPEG,RGB,419,250
OEBPS/images/e9h8fj-013_49ddc847b2-e8465821-7e0df6e0.jpg,23088,7e0df6e0d3ad951548365fd491c3f81ccce83899faa8435c6cf4187f903f52d8,JPEG,RGB,784,338
OEBPS/images/ehz1vu-005_e7a7213194-734657ab-012ac7fa.jpg,16283,012ac7fa959facf8457da8a23a3317fafb83300eb479778bda564f26c5bd52c4,JPEG,RGB,407,221
OEBPS/images/el0taw-013_855c749809-368f586b-2d19d268.jpg,21813,2d19d268acca51d6528aea8db314d058b618d29bdea0ff049647039a38f87398,JPEG,RGB,562,308
OEBPS/images/eow7ln-001_ef968b0e0d-056808c1-4cd92bf2.jpg,18137,4cd92bf2c8276ad59c730789a1bdc71d8486e3ac694d6cec8ba6cb3e6de1d2bd,JPEG,RGB,612,289
OEBPS/images/euia46-006_923469a83e-b4e3a8b7-dfbefda2.jpg,700,dfbefda2bcbdab11aa6e50c703c8234d3c4757b17b9692ae33cba7190d4ec511,JPEG,RGB,21,19
OEBPS/images/f2adao-021_c8655122cf-5bd66166-707239b7.jpg,28080,707239b7d197ce3b61cad069353b6ed02f48eb2e2247a7ec40698eb3e7305e92,JPEG,RGB,557,365
OEBPS/images/f5heio-006_675d935bcc-6632a806-bfcd1469.jpg,26998,bfcd1469403619c2548ccbcbe2121b1aacf7fa63716a1bb625c1a7b72ab0e02b,JPEG,RGB,655,370
OEBPS/images/fm6nru-001_701c80ce87-4f768723-ce504254.jpg,23616,ce504254b464f47eed048be7377d4a8ae3038f19655315d35922eaacebd0bf79,JPEG,RGB,614,355
OEBPS/images/formula-01-bf42b8b9-1b10084b.png,11425,1b10084b10f73ef619cc915e055f92e2a1f3dbf40d3032eb18e03ca342fe38aa,PNG,RGB,1431,99
OEBPS/images/formula-02-74137521-2955a232.png,12350,2955a232651801362ee07f348a4d408be1b1935f2a9cd6c27e7be60749a346ce,PNG,RGB,1431,99
OEBPS/images/formula-03-c999029e-5762c1c8.png,18637,5762c1c8f47d659ffc79460d8bdea6d754510c78df167866cf27b5a8ca108a88,PNG,RGB,1431,99
OEBPS/images/formula-04-699112e6-e8a5a3b3.png,20710,e8a5a3b3adeac161d8f0e00eb3b1d9ded6e5f77e68d44ef411d43bef7e011d55,PNG,RGB,1431,99
OEBPS/images/fv3vhk-009_673eb9e7d9-51373983-a2bf2bad.jpg,27804,a2bf2bad606163244c34e6e9395b15636df913e955a9846e5a5f9ccd5a9a0aba,JPEG,RGB,519,284
OEBPS/images/gbnole-005_f4e9ddc53c-9e24dd42-03a6022a.jpg,20566,03a6022a066f3dadad7e3c3584a58a209a1a27ed48a2686f5832d791cf71f4f8,JPEG,RGB,621,381
OEBPS/images/gi3tia-013_7c79c3bd2c-e9bf60ec-49828f90.jpg,17608,49828f9086745c3da0bda49f4fb88f2b54dd7a6f5a0b41f0ae63a2d81bab4e28,JPEG,RGB,512,249
OEBPS/images/gntx7f-016_b626ba95a6-dc1564f0-e02e2d84.jpg,13214,e02e2d84652cec8ad1b3b552db92f016839e6dee5ca32787b2a15b9bcad8b7b8,JPEG,RGB,441,275
OEBPS/images/goz6xf-002_12ed1ab3c1-01f85a55-4862cdbb.jpg,9450,4862cdbb5c57221bef6d6d2ae4e62967cd8c361754bef561006d88d391681325,JPEG,RGB,433,257
OEBPS/images/grmvf7-003_1f0819b076-afc7a6d8-c7f36205.jpg,19779,c7f36205b750f8528395412712d4708bb7e9815c2da6429e47d722b534bdc6a7,JPEG,RGB,457,272
OEBPS/images/h0fntu-005_0586d98173-05e5dedc-bb2e1be1.jpg,9943,bb2e1be1e01df1af6406bc02567af441c300088de94e608e721609e8f96a765c,JPEG,L,528,118
OEBPS/images/h3t16o-003_396e95d2c7-69f352eb-4058265e.jpg,49224,4058265e01dae17259e20a3cf9db2d37cb90d4432a0450f20dc1616eb89952f4,JPEG,RGB,550,315
OEBPS/images/h7nsab-002_39285df71f-68bd249f-efb1a46d.jpg,27499,efb1a46debb1ab00a0bde90bb5fd6afbb03b7e4919786caa3b69df2857dafe7f,JPEG,RGB,582,366
OEBPS/images/hv2j2l-002_9e49652ffa-40c04c6f-49623359.jpg,28276,496233590355479942b619a79705c808f6b5631ed99f043fb3717540f9672f2b,JPEG,RGB,555,324
OEBPS/images/ifahrm-001_f458957b3f-05a9cc8f-115cfcb0.jpg,14700,115cfcb0bb726f651a97d1cb456d129d3e57c8dd443edbc139e255522a151a79,JPEG,RGB,442,254
OEBPS/images/image1-07f6a71d-736f244c.png,35142,736f244c15b5c8d022727518428c940e94ab8a388c58cb1dfa8182a24f52bbab,PNG,P,1364,356
OEBPS/images/image1-1184b809-01f649b5.png,35480,01f649b52834b234e57674cf0bcaae558e12425f608440e5eebfb6c89670d7e5,PNG,P,1789,559
OEBPS/images/image1-35dfc064-81af4455.png,116867,81af44559d9dab9b02f111b923a3b704c1b9c5db1155ec74ab8dfbe5ff96d599,PNG,RGB,666,499
OEBPS/images/image1-79e8f2a4-243c391c.png,95734,243c391cebdb7d2faada601da5a89d7c5ab426040aaaa8ed5ccc575b740e5c2b,PNG,RGBA,1165,541
OEBPS/images/image10-c60dded9-8b08b5b0.png,113027,8b08b5b0e20a42d37173961d424722839732d78f1eb8534771af8ce006d442b8,PNG,RGB,1039,589
OEBPS/images/image11-a68502c9-e8fe193d.png,101073,e8fe193d52089f8f34b78b04f34a6b742a76ab81567f7427067daaaf9a382f91,PNG,RGB,1039,589
OEBPS/images/image12-b3ea10c2-ae327f24.png,131146,ae327f24f8ffca8650c8870c3f86ffe4ef4b40655487c54f3a77d773b924c985,PNG,RGB,1039,589
OEBPS/images/image13-94135961-9e480c9d.png,223736,9e480c9dde1ad60ab1ce52caeb34c5ac53c27f9165c8989cf4f3c2f7f6843c84,PNG,RGB,1039,589
OEBPS/images/image14-de72233f-7331afa3.png,124924,7331afa318ecb4f1f27c02559dd2eee7e3f3391ab5b3dbe8b66d654cd7b4da09,PNG,RGB,1022,684
OEBPS/images/image15-ee681df4-03b34c3b.jpeg,28158,03b34c3bdc103109d534e53540e2beb62a92a8a2f1446306d8ac659d3161565f,JPEG,RGB,690,269
OEBPS/images/image16-4217670a-1ece8c17.png,28358,1ece8c17842ef2ef73b056f35decd9a5f8ef41277bdea176dd18d1a4b5281fc1,PNG,RGB,661,271
OEBPS/images/image17-f8ccfc77-d6bbf4eb.png,27689,d6bbf4eb7333c1c47e80c8e5b3fefb8fd01e963971176e65212c810883507dd5,PNG,RGB,689,265
OEBPS/images/image18-097148ff-23f27982.png,28064,23f27982368777e6e82d24d1af28ef6be4ee77c5d8df9a4deb52c2ed52ee345a,PNG,RGB,668,275
OEBPS/images/image19-c5fb2d60-8fcdbb4b.png,22865,8fcdbb4b0b38e8ac887aec5c067a41fc14e34cf20ff31146658ab737a6fe74d2,PNG,RGB,661,268
OEBPS/images/image2-01724f0d-eee37469.png,29656,eee37469319903231cf626ea8fb5d160461271d2c4fc5e4ce551b621cb941c6e,PNG,P,1918,244
OEBPS/images/image2-86c2f2ec-9d4a7ad9.png,163962,9d4a7ad94b80ae0115ed8c2167e4b182964e895820a468a1fce89f3670dc863f,PNG,RGB,663,498
OEBPS/images/image2-e8880e8b-eab9cd86.png,165884,eab9cd8673c1505947862e45699aaf2f748287179c0efe9130acc10f755315ef,PNG,RGB,1365,534
OEBPS/images/image3-09630bf0-246a722e.png,187898,246a722ecc58f2c781466ac236f069648f948afebe8a16d596f749a175046d37,PNG,RGB,1372,533
OEBPS/images/image3-2302083a-be77fa09.png,15255,be77fa09f658c4b7145a34e03046b9b5e23feca41bcf576b5b02af4e8448a426,PNG,P,1154,223
OEBPS/images/image3-d7a83f5a-974a3c95.png,29919,974a3c95d4badbb7e56ec1155d974db3eb8e4458b78a8fb3534e5d80d2a356fa,PNG,RGB,658,495
OEBPS/images/image4-2f0d22cf-60d37309.png,137476,60d37309c9be4bb91467f46dfbf99658344565d466b76fcf651c9ed76aa36e24,PNG,RGB,1314,524
OEBPS/images/image4-e4091822-91365d6b.png,10191,91365d6b63c78259a145e95d7b768a8620282e0dca7dd5c4e444979c7ec7b603,PNG,P,513,211
OEBPS/images/image5-bb5db21f-bbbb3cb2.png,23157,bbbb3cb2ccdfcf42686bab48477814ae258fe45ccacd52f6528c96c5f93deb4c,PNG,RGB,665,269
OEBPS/images/image6-2b5f757e-51e0d146.png,40241,51e0d14673a272dee8e51e2e17081e190a1aaf5f83d275f464f5fd3aa2c80278,PNG,RGB,661,270
OEBPS/images/image7-efc2309b-9e71a866.png,24720,9e71a866b618d6a6115a241cc8d11e27781c54d86abdf1fa0e1ec0ea7fab7dcd,PNG,RGB,661,269
OEBPS/images/image8-a1cb5936-df032b81.png,33882,df032b81f9394a3c6030ad7ec24a3c46913aacdabdd7d67e2f62c1bbd45df6cd,PNG,RGB,682,296
OEBPS/images/image9-166dc8d0-53251ce7.png,26940,53251ce775ea8678cddffcfc2b19bd83b66708d3fb466625d4b296b9444b9c01,PNG,RGB,687,267
OEBPS/images/iyj2hj-002_5b7d954f50-e67ace4a-e6e40fd9.jpg,26810,e6e40fd95fe3b6e38c66278c3718e04957e6e963ce7586522f8292e4945a6165,JPEG,RGB,541,350
OEBPS/images/j6xame-004_be33d828a7-8ad07b55-eb5e5466.jpg,25568,eb5e5466f262b3dbd2cd3dbe530643be3b76f2dc7e6321582a17d355ebfefce8,JPEG,RGB,588,339
OEBPS/images/j8b1ud-001_c0dc5ac709-1c9bf94b-a4ab8e06.jpg,24094,a4ab8e0627694c2cddb799210c494f37e19c5417ce522424e6b344eff137d2c5,JPEG,RGB,588,417
OEBPS/images/jixu7g-021_dc422b8741-e66229d0-5873714e.jpg,19382,5873714e718a53453715cb3ba6e4af670ae497d893b6f2de98d96f87ef479f2a,JPEG,RGB,462,263
OEBPS/images/jjtyda-005_0f88b62582-15a82bfd-df3cee74.jpg,29426,df3cee74849d64aee83d4cd98f00b865cd79e8435381a580db32fe6ab95763f8,JPEG,RGB,469,288
OEBPS/images/js5lj8-013_5cafda6ea4-c4b60c3e-e5011f01.jpg,19682,e5011f0196d3b0d177da5a5a13e25000c7e3965250b15244f1aa416e4c0fad84,JPEG,RGB,443,287
OEBPS/images/k5m6rz-002_694620a4d6-3d9505e3-d1fac8f3.jpg,61506,d1fac8f3a45f41fd37b3c1838bbdc06bf190256da99927d390abc570058b2ccb,JPEG,RGB,584,704
OEBPS/images/k91zzj-004_4e6e39aecd-69cb68eb-4e7c0e0d.jpg,16880,4e7c0e0de9068d9e6e17d9016c9cb37046f822301e5bba2053f8ff761f4d9332,JPEG,RGB,369,277
OEBPS/images/kb3fnu-005_2ee1ec0205-65ce65b6-dad72ee2.jpg,26526,dad72ee296e475cf721e50a00502dcef40a2128c6265498c0a5f1254d2234667,JPEG,RGB,560,413
OEBPS/images/kb4jzp-012_a2fa157a6d-fc0ba1c6-acca4c50.jpg,25508,acca4c504ac2a12d0c2faadbb885644425c5eb8f4b99a1beac6bb2c219b737d2,JPEG,RGB,524,332
OEBPS/images/kclslz-005_4232b84d5f-d3d397fa-b325e2ec.jpg,23689,b325e2ec04801cf8a3ccfde1046ceb944875ebac5b77195ad6dd3d46d8afca08,JPEG,RGB,518,368
OEBPS/images/kd0cn3-008_eeb06836f5-f4f778a5-e072c291.jpg,15305,e072c291d03b1960a23f67e543287079a2a7f43c83a4fd70a5e5ff25e8bd90f2,JPEG,RGB,526,250
OEBPS/images/kojfrf-009_049e60e144-b5077571-97122206.jpg,19526,97122206ff677cc2c522f8a9bce2aa353c72181a69c6b75a127df8f901ae0b57,JPEG,RGB,755,351
OEBPS/images/kqd0p1-001_b662ffd0dc-abb5c9e7-829d0213.jpg,14444,829d02131e6246abc28550a34cff0a26333076e95452951a39dfa6294c7e3ead,JPEG,RGB,444,242
OEBPS/images/kt8a9o-002_aef49d3ddf-62c133dd-b1df301a.jpg,20462,b1df301aebde853ac2e3213579e7e7a66ef36775ce430c0dc965e8527656583d,JPEG,RGB,364,274
OEBPS/images/l4puei-009_b76f7b0c61-ec413d84-b3115b56.jpg,35658,b3115b56fb604d0c19083a30c5ff1e6b9964171d909f8946d4963fac9663a2fa,JPEG,RGB,615,312
OEBPS/images/l7mdkz-001_5945d182f3-b6a60622-1605020e.jpg,29732,1605020e0b6b0d92a34531c8f156782f77370788255c923cb3282210bacac1ba,JPEG,RGB,591,337
OEBPS/images/l7uyb3-001_5fc0cfbe46-15cfa62c-eafaea77.jpg,25273,eafaea77b648b2835a852127c8ebf52e45f67dad5b16d26817f7013c3ac531a3,JPEG,RGB,557,325
OEBPS/images/lbihh3-003_0c7d074e75-b48bbc6c-b6a5010b.jpg,13403,b6a5010b0a7f57031ceeb0f75e683953057866696ec788d45692aee407bc914b,JPEG,RGB,414,234
OEBPS/images/lf6okb-006_3a0dd4ed15-a4fe6500-734e4b97.jpg,27232,734e4b97d3b0152da9d4a64677ff306a615c57b7ec5a137280f719f019ed8379,JPEG,RGB,551,324
OEBPS/images/lmsay-011_3bad7218e7-c7f434a7-ade03c67.jpg,8376,ade03c67540dd5ce939239ee695d32a6c13271d91c387db8402723bbe5b2bcc9,JPEG,RGB,408,248
OEBPS/images/m29qtb-004_8aa23f4479-c8e42876-45feec21.jpg,32662,45feec21234adc426ecab1410bf3e5dda84af8bd7e945bd81964126b50f5dab9,JPEG,RGB,561,355
OEBPS/images/mmh6gx-005_d8be2fe517-604fb45f-7f40079c.jpg,19012,7f40079cc11f336e683e1d0d35f7051f064e7936868f6d99bc1e870644e1db05,JPEG,RGB,521,235
OEBPS/images/n1vpxm-003_7379dc3ab2-d91fcd82-55c4ef55.jpg,22857,55c4ef55c4a89b474f687110799e63d42cbc6867636121178be4c93cd085a42a,JPEG,RGB,579,379
OEBPS/images/npzq05-007_211a3e4d7b-923a17a9-017b7d6d.jpg,26912,017b7d6d7df0406760331f520f42c22a19018bd12308705dc2723104b7b552a9,JPEG,RGB,567,342
OEBPS/images/nuql48-001_d53b622af5-77e07f98-afba3972.jpg,28260,afba397283b269d69548839906563d0168822536b38630aea0804736bd9b839f,JPEG,RGB,559,432
OEBPS/images/o3zwh-007_d776bfd8ca-5f8cdc06-c6070406.jpg,53592,c607040639178e125dcab59e932cbda7ab7b6b2508d9f286d8361161a23be2b9,JPEG,RGB,559,679
OEBPS/images/o623jk-007_bfcb2244b7-ef2de403-0edb54d4.jpg,16328,0edb54d408a055e59e7a211b9d78e1432f9730fc7db2ed76b5f8f9d5290dd376,JPEG,RGB,603,292
OEBPS/images/obv3co-020_5eabe2454a-ce17da63-eb31afa2.jpg,24755,eb31afa2d387e575cd5172bc051ec976ee9e6e8faf541dfce9409b87456cd232,JPEG,RGB,559,377
OEBPS/images/omncgz-004_8dcd6fd217-da70a777-dfbefda2.jpg,700,dfbefda2bcbdab11aa6e50c703c8234d3c4757b17b9692ae33cba7190d4ec511,JPEG,RGB,21,19
OEBPS/images/p8gzpg-001_08a951c72c-84bf32c1-f2b77a4e.jpg,40722,f2b77a4e91d52d1eb70c8a8d7d844ae28b4de93578b97940602fdcf5edbfed89,JPEG,RGB,550,313
OEBPS/images/pa889l-003_00957dbcba-6892954e-60ba7925.jpg,16270,60ba792553749dc74f0614811ec97654b57659a818dbfa2a6926b2e189da457b,JPEG,RGB,619,285
OEBPS/images/qo1xfz-004_70375ff774-ed8496be-e9d0d6b1.jpg,7798,e9d0d6b12b7beb478d12c02ab4a1e73eb1f88362a5a5e71604eaf6918eadd5bc,JPEG,RGB,418,253
OEBPS/images/qvgei2-002_7e79484a53-60426ae0-dff2058f.jpg,27679,dff2058fdf34c4440e4be03209f052235583c21e01fd0290cdc42f16eb6486aa,JPEG,RGB,615,350
OEBPS/images/rmlrsb-003_ea77c18c07-eb2e032e-09f021a2.jpg,26873,09f021a2012e1125725c242ddde2d1847e04fbd7808097b95757cb76df760328,JPEG,RGB,598,360
OEBPS/images/s6iyay-006_8e7a931817-a0d34cad-23b49b2e.jpg,31186,23b49b2e08c3661013b090203375616d243eb7db54040abb0045ea35c6a07ef6,JPEG,RGB,610,357
OEBPS/images/skz5h0-004_628e63c62d-4292b89c-89d4e740.jpg,32219,89d4e7405a151e1b26515c6bceca01df700cc29f952c285419efdaa0b7da8d21,JPEG,RGB,617,374
OEBPS/images/t944g8-010_ca70e64402-4a3c767f-744ee114.jpg,16162,744ee11495f5e381bcdb15f779b51ba077a3689cdc9055d632b1480727aed836,JPEG,RGB,534,247
OEBPS/images/tl55gs-003_e0b753fd88-3b6f5fae-d6f8ae5f.jpg,41463,d6f8ae5faf38cca9c671d45e0386641b09dd2f4966d67a1c06d0a4292a764923,JPEG,RGB,643,383
OEBPS/images/u6wrjo-018_5f601a67bf-f2b163a0-a449daee.jpg,24321,a449daeeee92dd2767870b3a7fea27234a69ccf3fea9eea8871bedf1a40594d2,JPEG,RGB,513,250
OEBPS/images/urjacm-006_6966a81c03-982829dd-f94f90a4.jpg,18717,f94f90a4df74689b6aa9f4ac50b261006c1473a775d00f1e049a7ee032fac0fc,JPEG,RGB,605,297
OEBPS/images/v0b6ar-005_13b5bd98c0-1a85e6ff-8731c295.jpg,14630,8731c295a3a29b8d059eda3f88f9224a01ff79d67c119e053ccf44603ca39ea4,JPEG,RGB,606,291
OEBPS/images/v5y9r2-005_7711d58208-aba9fb8b-e69d3501.jpg,18846,e69d3501e23f36b1d58c9757ed0d186fb9b2569611f9eec51872380e38a57440,JPEG,RGB,773,365
OEBPS/images/vem0gn-013_5e31b442d4-e8348d44-ac147355.jpg,16643,ac147355b80f42df4c956f34f0ac738a582bc28647339ce22fc9ecc92f07c578,JPEG,RGB,408,241
OEBPS/images/whi7dy-010_d29164abe7-81fa85cd-aa831aff.jpg,28186,aa831affe70a65bf68a29920fa281c15d33389f842baa17f019f9573f3c15a7d,JPEG,RGB,547,355
OEBPS/images/wsmfw7-008_f7aa440810-70b381d0-c247c8af.jpg,9776,c247c8af0b6411fe3a31425e4d1c2b98cbb1bf8d469ab24de1cca70c3bd8908f,JPEG,RGB,354,166
OEBPS/images/x2lz2v-001_484b9da975-fdd66e1d-4c7a10f5.jpg,24656,4c7a10f5010e9b921cf5234a7e3fbd365af3b4e3c748b450fcd7e43d27d13c48,JPEG,RGB,638,376
OEBPS/images/xcp6ht-017_61c034830e-6a450fb6-0024ad02.jpg,29496,0024ad02b3ac064711da84f5bb53eac55a4bd02db97565c1d031416c8b05502c,JPEG,RGB,549,360
OEBPS/images/xk5w7a-007_f1065958cf-8a896e11-5505e715.jpg,29254,5505e7159f6aae3045767b45d9270622b4353efe8e67a351e4a49b654703f467,JPEG,RGB,442,285
OEBPS/images/xs50kx-002_2c5509ee13-13a0f8d2-c9490425.jpg,29531,c9490425b80c0c36e4d7c1506a42ac6776af9d1b6584121e1867576cf5924ff6,JPEG,RGB,510,664
OEBPS/images/xzqynr-007_ac31f74324-2f4166a6-1d9790e0.jpg,23469,1d9790e07475c737822a9432bd5b0913ce9ae9b4a0691cafae26350408dfabce,JPEG,RGB,428,255
OEBPS/images/y07oz2-004_53af56cb6b-e33f4d0b-9c530517.jpg,21490,9c5305172014465f244cc01aa37d3e5d68f30cf588b801074da75fee3b180256,JPEG,RGB,517,251
OEBPS/images/y7aez6-019_15f5be658e-e1734623-a76e85fc.jpg,17055,a76e85fc25f3204226476e91257ef0502f9fd2b9a2f515af7f9e78ef7e988410,JPEG,RGB,465,274
OEBPS/images/y8tkl7-019_d3b1648e82-ea9ac4af-4c539988.jpg,24888,4c539988cbb68a9efbe9d034203c6298e7a5bc729bcdc1c51d131a2f7fee30ec,JPEG,RGB,503,311
OEBPS/images/ya3en6-006_9080588986-31bceadb-c87f7bc4.jpg,11355,c87f7bc4a0857d07779b95226d4dc0d21d4882b912f2a78b9955221af57ebb9b,JPEG,RGB,357,177
OEBPS/images/ykg4yu-003_18150ec20b-84979417-82c21aa2.jpg,15232,82c21aa202e1c30e8ad5ab2b0deb3bd3ae29b0b4f71b6a89c273beffd9bcbb80,JPEG,RGB,431,210
OEBPS/images/yzj6un-016_a2a6550a4c-a4682825-d4ac4b4b.jpg,19499,d4ac4b4b0af79399af81edbd96a048d90834227b9c9e197440ff4e4f3f7a4699,JPEG,RGB,566,347
OEBPS/images/z20smg-004_4cd77c9c08-90febc4d-b7a95c7c.jpg,29642,b7a95c7c16bdc5480e7fa66f0c62e7612d6526718f2d7463a0b6d514c1540e11,JPEG,RGB,552,329
OEBPS/images/z5t93h-007_b56ca3674e-72103e88-086693c3.jpg,22134,086693c398e55eb570d3aa98789aedca69a5f0dfe6ab99c14fcb18119cf4710d,JPEG,RGB,552,364
OEBPS/images/z8pbll-001_b643bbd29c-01928a18-6f0b0b95.jpg,5668,6f0b0b958a09a1d94d7ea7d595df5757c13dfe43cbe423d65b8ed3f8249beb7d,JPEG,L,287,199
OEBPS/images/z92cw-006_dc255fd0e1-44980025-4e00e239.jpg,11796,4e00e239cf073f86fc6bf8720febbb7fbfd35c50e13edc901db707ddfaa401c2,JPEG,RGB,575,322
OEBPS/images/zn5ki2-008_f4352f2686-0bf455de-31ce365e.jpg,20100,31ce365e526a548fa54ac3d06ebd4aa0b593dd825544d7347a819e06c5cfbd98,JPEG,RGB,784,356
OEBPS/images/zx8k1i-012_c4ba8f6e37-6d148296-b0930759.jpg,23048,b09307596bb1161eea185151b2572ad52b6a896f691ce30e9adf40a6db45d059,JPEG,RGB,769,361
